{
  "0": {
    "precision": 0.8603603603603603,
    "recall": 0.8856259659969088,
    "f1-score": 0.8728103579588729,
    "support": 647.0
  },
  "1": {
    "precision": 0.6364942528735632,
    "recall": 0.729818780889621,
    "f1-score": 0.6799693016116654,
    "support": 607.0
  },
  "2": {
    "precision": 0.8711656441717791,
    "recall": 0.6604651162790698,
    "f1-score": 0.7513227513227513,
    "support": 215.0
  },
  "3": {
    "precision": 0.7855072463768116,
    "recall": 0.6758104738154613,
    "f1-score": 0.7265415549597856,
    "support": 401.0
  },
  "accuracy": 0.7641711229946524,
  "macro avg": {
    "precision": 0.7883818759456285,
    "recall": 0.7379300842452653,
    "f1-score": 0.7576609914632688,
    "support": 1870.0
  },
  "weighted avg": {
    "precision": 0.772884590343016,
    "recall": 0.7641711229946524,
    "f1-score": 0.7648808677812499,
    "support": 1870.0
  }
}