{
  "0": {
    "precision": 0.8970358814352574,
    "recall": 0.8887171561051005,
    "f1-score": 0.8928571428571429,
    "support": 647.0
  },
  "1": {
    "precision": 0.6671619613670133,
    "recall": 0.7397034596375618,
    "f1-score": 0.7015625,
    "support": 607.0
  },
  "2": {
    "precision": 0.815668202764977,
    "recall": 0.8232558139534883,
    "f1-score": 0.8194444444444444,
    "support": 215.0
  },
  "3": {
    "precision": 0.8023598820058997,
    "recall": 0.6783042394014963,
    "f1-score": 0.7351351351351352,
    "support": 401.0
  },
  "accuracy": 0.7877005347593583,
  "macro avg": {
    "precision": 0.7955564818932868,
    "recall": 0.7824951672744117,
    "f1-score": 0.7872498056091807,
    "support": 1870.0
  },
  "weighted avg": {
    "precision": 0.792761765838088,
    "recall": 0.7877005347593583,
    "f1-score": 0.7885009377932172,
    "support": 1870.0
  }
}