{
  "0": {
    "precision": 0.9131875414181577,
    "recall": 0.9036065573770492,
    "f1-score": 0.9083717864205669,
    "support": 1525.0
  },
  "1": {
    "precision": 0.72002772002772,
    "recall": 0.7847432024169184,
    "f1-score": 0.7509938561619082,
    "support": 1324.0
  },
  "2": {
    "precision": 0.8357843137254902,
    "recall": 0.8276699029126213,
    "f1-score": 0.8317073170731707,
    "support": 412.0
  },
  "3": {
    "precision": 0.78099173553719,
    "recall": 0.6483704974271012,
    "f1-score": 0.7085285848172446,
    "support": 583.0
  },
  "accuracy": 0.8158168574401665,
  "macro avg": {
    "precision": 0.8124978276771395,
    "recall": 0.7910975400334226,
    "f1-score": 0.7999003861182226,
    "support": 3844.0
  },
  "weighted avg": {
    "precision": 0.818311399857564,
    "recall": 0.8158168574401665,
    "f1-score": 0.8156395471988374,
    "support": 3844.0
  }
}