{
  "0": {
    "precision": 0.9217350306459218,
    "recall": 0.8931018730013704,
    "f1-score": 0.9071925754060325,
    "support": 2189.0
  },
  "1": {
    "precision": 0.7216642754662841,
    "recall": 0.8205546492659054,
    "f1-score": 0.76793893129771,
    "support": 1839.0
  },
  "2": {
    "precision": 0.8214971209213052,
    "recall": 0.8278529980657641,
    "f1-score": 0.8246628131021194,
    "support": 517.0
  },
  "3": {
    "precision": 0.835,
    "recall": 0.6357868020304569,
    "f1-score": 0.7219020172910663,
    "support": 788.0
  },
  "accuracy": 0.8237389836864804,
  "macro avg": {
    "precision": 0.8249741067583778,
    "recall": 0.7943240805908742,
    "f1-score": 0.8054240842742321,
    "support": 5333.0
  },
  "weighted avg": {
    "precision": 0.830210499940509,
    "recall": 0.8237389836864804,
    "f1-score": 0.8237940570447121,
    "support": 5333.0
  }
}