{
  "0": {
    "precision": 0.9124087591240876,
    "recall": 0.9016393442622951,
    "f1-score": 0.9069920844327177,
    "support": 1525.0
  },
  "1": {
    "precision": 0.7273376159885796,
    "recall": 0.7696374622356495,
    "f1-score": 0.7478899082568807,
    "support": 1324.0
  },
  "2": {
    "precision": 0.8200934579439252,
    "recall": 0.8519417475728155,
    "f1-score": 0.8357142857142857,
    "support": 412.0
  },
  "3": {
    "precision": 0.7716535433070866,
    "recall": 0.6723842195540308,
    "f1-score": 0.7186067827681026,
    "support": 583.0
  },
  "accuracy": 0.8160770031217481,
  "macro avg": {
    "precision": 0.8078733440909197,
    "recall": 0.7989006934061977,
    "f1-score": 0.8023007652929968,
    "support": 3844.0
  },
  "weighted avg": {
    "precision": 0.8174221856540171,
    "recall": 0.8160770031217481,
    "f1-score": 0.8159810633090776,
    "support": 3844.0
  }
}