{
  "0": {
    "precision": 0.9337910740559098,
    "recall": 0.8698035632708999,
    "f1-score": 0.9006622516556292,
    "support": 2189.0
  },
  "1": {
    "precision": 0.6677768526228143,
    "recall": 0.8722131593257205,
    "f1-score": 0.7564253713746758,
    "support": 1839.0
  },
  "2": {
    "precision": 0.8369098712446352,
    "recall": 0.7543520309477756,
    "f1-score": 0.7934893184130214,
    "support": 517.0
  },
  "3": {
    "precision": 0.8873239436619719,
    "recall": 0.4796954314720812,
    "f1-score": 0.6227347611202636,
    "support": 788.0
  },
  "accuracy": 0.8018001125070316,
  "macro avg": {
    "precision": 0.8314504353963328,
    "recall": 0.7440160462541193,
    "f1-score": 0.7683279256408975,
    "support": 5333.0
  },
  "weighted avg": {
    "precision": 0.8258023559199048,
    "recall": 0.8018001125070316,
    "f1-score": 0.7994683848142697,
    "support": 5333.0
  }
}