{
  "0": {
    "precision": 0.9101717305151915,
    "recall": 0.9036065573770492,
    "f1-score": 0.9068772622573215,
    "support": 1525.0
  },
  "1": {
    "precision": 0.7191011235955056,
    "recall": 0.7734138972809668,
    "f1-score": 0.745269286754003,
    "support": 1324.0
  },
  "2": {
    "precision": 0.8210023866348448,
    "recall": 0.8349514563106796,
    "f1-score": 0.8279181708784596,
    "support": 412.0
  },
  "3": {
    "precision": 0.7782340862422998,
    "recall": 0.6500857632933105,
    "f1-score": 0.708411214953271,
    "support": 583.0
  },
  "accuracy": 0.812955254942768,
  "macro avg": {
    "precision": 0.8071273317469605,
    "recall": 0.7905144185655015,
    "f1-score": 0.7971189837107638,
    "support": 3844.0
  },
  "weighted avg": {
    "precision": 0.8147932446016996,
    "recall": 0.812955254942768,
    "f1-score": 0.8126509847357953,
    "support": 3844.0
  }
}