{
  "0": {
    "precision": 0.908311345646438,
    "recall": 0.9029508196721312,
    "f1-score": 0.9056231502795133,
    "support": 1525.0
  },
  "1": {
    "precision": 0.717605633802817,
    "recall": 0.7696374622356495,
    "f1-score": 0.7427113702623906,
    "support": 1324.0
  },
  "2": {
    "precision": 0.8321167883211679,
    "recall": 0.8300970873786407,
    "f1-score": 0.8311057108140948,
    "support": 412.0
  },
  "3": {
    "precision": 0.7645875251509054,
    "recall": 0.6518010291595198,
    "f1-score": 0.7037037037037037,
    "support": 583.0
  },
  "accuracy": 0.8111342351716961,
  "macro avg": {
    "precision": 0.8056553232303321,
    "recall": 0.7886215996114854,
    "f1-score": 0.7957859837649256,
    "support": 3844.0
  },
  "weighted avg": {
    "precision": 0.8126616298691589,
    "recall": 0.8111342351716961,
    "f1-score": 0.8109000963887433,
    "support": 3844.0
  }
}