{
  "0": {
    "precision": 0.8895800933125972,
    "recall": 0.884080370942813,
    "f1-score": 0.8868217054263566,
    "support": 647.0
  },
  "1": {
    "precision": 0.6596701649175413,
    "recall": 0.7248764415156508,
    "f1-score": 0.6907378335949764,
    "support": 607.0
  },
  "2": {
    "precision": 0.817351598173516,
    "recall": 0.8325581395348837,
    "f1-score": 0.8248847926267281,
    "support": 215.0
  },
  "3": {
    "precision": 0.7917888563049853,
    "recall": 0.6733167082294265,
    "f1-score": 0.7277628032345014,
    "support": 401.0
  },
  "accuracy": 0.781283422459893,
  "macro avg": {
    "precision": 0.7895976781771599,
    "recall": 0.7787079150556935,
    "f1-score": 0.7825517837206406,
    "support": 1870.0
  },
  "weighted avg": {
    "precision": 0.7856770243121942,
    "recall": 0.781283422459893,
    "f1-score": 0.7819436486175321,
    "support": 1870.0
  }
}