{
  "0": {
    "precision": 0.9065174456879526,
    "recall": 0.9029508196721312,
    "f1-score": 0.90473061760841,
    "support": 1525.0
  },
  "1": {
    "precision": 0.7254480286738352,
    "recall": 0.7643504531722054,
    "f1-score": 0.7443913203383596,
    "support": 1324.0
  },
  "2": {
    "precision": 0.8125,
    "recall": 0.8519417475728155,
    "f1-score": 0.8317535545023697,
    "support": 412.0
  },
  "3": {
    "precision": 0.7730923694779116,
    "recall": 0.660377358490566,
    "f1-score": 0.7123034227567068,
    "support": 583.0
  },
  "accuracy": 0.812955254942768,
  "macro avg": {
    "precision": 0.8043894609599248,
    "recall": 0.7949050947269295,
    "f1-score": 0.7982947288014616,
    "support": 3844.0
  },
  "weighted avg": {
    "precision": 0.8138384875244298,
    "recall": 0.812955254942768,
    "f1-score": 0.8124983506511315,
    "support": 3844.0
  }
}