{
  "0": {
    "precision": 0.9122923588039867,
    "recall": 0.900327868852459,
    "f1-score": 0.9062706270627062,
    "support": 1525.0
  },
  "1": {
    "precision": 0.7193732193732194,
    "recall": 0.7628398791540786,
    "f1-score": 0.7404692082111437,
    "support": 1324.0
  },
  "2": {
    "precision": 0.8270142180094787,
    "recall": 0.8470873786407767,
    "f1-score": 0.8369304556354916,
    "support": 412.0
  },
  "3": {
    "precision": 0.7504873294346979,
    "recall": 0.660377358490566,
    "f1-score": 0.7025547445255474,
    "support": 583.0
  },
  "accuracy": 0.8108740894901144,
  "macro avg": {
    "precision": 0.8022917814053456,
    "recall": 0.7926581212844701,
    "f1-score": 0.7965562588587223,
    "support": 3844.0
  },
  "weighted avg": {
    "precision": 0.8121644017967108,
    "recall": 0.8108740894901144,
    "f1-score": 0.8108347298965656,
    "support": 3844.0
  }
}