{
  "0": {
    "precision": 0.8907692307692308,
    "recall": 0.8948995363214838,
    "f1-score": 0.8928296067848882,
    "support": 647.0
  },
  "1": {
    "precision": 0.674565560821485,
    "recall": 0.7034596375617792,
    "f1-score": 0.6887096774193548,
    "support": 607.0
  },
  "2": {
    "precision": 0.8008849557522124,
    "recall": 0.8418604651162791,
    "f1-score": 0.8208616780045351,
    "support": 215.0
  },
  "3": {
    "precision": 0.7839335180055401,
    "recall": 0.7057356608478803,
    "f1-score": 0.7427821522309711,
    "support": 401.0
  },
  "accuracy": 0.786096256684492,
  "macro avg": {
    "precision": 0.787538316337117,
    "recall": 0.7864888249618556,
    "f1-score": 0.7862957786099373,
    "support": 1870.0
  },
  "weighted avg": {
    "precision": 0.7873457721568348,
    "recall": 0.786096256684492,
    "f1-score": 0.7861221570047945,
    "support": 1870.0
  }
}