{
  "0": {
    "precision": 0.8765060240963856,
    "recall": 0.8995363214837713,
    "f1-score": 0.8878718535469108,
    "support": 647.0
  },
  "1": {
    "precision": 0.6693037974683544,
    "recall": 0.6968698517298187,
    "f1-score": 0.6828087167070218,
    "support": 607.0
  },
  "2": {
    "precision": 0.8110599078341014,
    "recall": 0.8186046511627907,
    "f1-score": 0.8148148148148148,
    "support": 215.0
  },
  "3": {
    "precision": 0.7787114845938375,
    "recall": 0.6932668329177057,
    "f1-score": 0.7335092348284961,
    "support": 401.0
  },
  "accuracy": 0.7802139037433156,
  "macro avg": {
    "precision": 0.7838953034981697,
    "recall": 0.7770694143235217,
    "f1-score": 0.7797511549743108,
    "support": 1870.0
  },
  "weighted avg": {
    "precision": 0.7807529348449804,
    "recall": 0.7802139037433156,
    "f1-score": 0.7798076837633292,
    "support": 1870.0
  }
}