{
  "0": {
    "precision": 0.9125057260650481,
    "recall": 0.9100045682960256,
    "f1-score": 0.9112534309240622,
    "support": 2189.0
  },
  "1": {
    "precision": 0.7410852713178294,
    "recall": 0.7797716150081566,
    "f1-score": 0.7599364069952306,
    "support": 1839.0
  },
  "2": {
    "precision": 0.8273244781783681,
    "recall": 0.8433268858800773,
    "f1-score": 0.8352490421455939,
    "support": 517.0
  },
  "3": {
    "precision": 0.7877906976744186,
    "recall": 0.6878172588832487,
    "f1-score": 0.7344173441734417,
    "support": 788.0
  },
  "accuracy": 0.8258016126007875,
  "macro avg": {
    "precision": 0.817176543308916,
    "recall": 0.8052300820168772,
    "f1-score": 0.8102140560595821,
    "support": 5333.0
  },
  "weighted avg": {
    "precision": 0.8267085455270086,
    "recall": 0.8258016126007875,
    "f1-score": 0.8255768675707754,
    "support": 5333.0
  }
}