{
  "0": {
    "precision": 0.9141689373297003,
    "recall": 0.88,
    "f1-score": 0.8967591045773471,
    "support": 1525.0
  },
  "1": {
    "precision": 0.7373899119295436,
    "recall": 0.695619335347432,
    "f1-score": 0.7158958414302371,
    "support": 1324.0
  },
  "2": {
    "precision": 0.7550607287449392,
    "recall": 0.9053398058252428,
    "f1-score": 0.8233995584988962,
    "support": 412.0
  },
  "3": {
    "precision": 0.7014218009478673,
    "recall": 0.7615780445969125,
    "f1-score": 0.7302631578947368,
    "support": 583.0
  },
  "accuracy": 0.8012486992715921,
  "macro avg": {
    "precision": 0.7770103447380127,
    "recall": 0.8106342964423968,
    "f1-score": 0.7915794156003043,
    "support": 3844.0
  },
  "weighted avg": {
    "precision": 0.803960926903754,
    "recall": 0.8012486992715921,
    "f1-score": 0.8013495753611513,
    "support": 3844.0
  }
}