{
  "0": {
    "precision": 0.9161319890009166,
    "recall": 0.9132023755139334,
    "f1-score": 0.9146648364218715,
    "support": 2189.0
  },
  "1": {
    "precision": 0.7425944841675178,
    "recall": 0.790647090810223,
    "f1-score": 0.7658677903608112,
    "support": 1839.0
  },
  "2": {
    "precision": 0.843687374749499,
    "recall": 0.8143133462282398,
    "f1-score": 0.8287401574803149,
    "support": 517.0
  },
  "3": {
    "precision": 0.7867435158501441,
    "recall": 0.6928934010152284,
    "f1-score": 0.7368421052631579,
    "support": 788.0
  },
  "accuracy": 0.828801800112507,
  "macro avg": {
    "precision": 0.8222893409420193,
    "recall": 0.8027640533919062,
    "f1-score": 0.8115287223815388,
    "support": 5333.0
  },
  "weighted avg": {
    "precision": 0.8301489674746815,
    "recall": 0.828801800112507,
    "f1-score": 0.8287497531906431,
    "support": 5333.0
  }
}