{
  "0": {
    "precision": 0.898427260812582,
    "recall": 0.899016393442623,
    "f1-score": 0.8987217305801377,
    "support": 1525.0
  },
  "1": {
    "precision": 0.7092198581560284,
    "recall": 0.7552870090634441,
    "f1-score": 0.731528895391368,
    "support": 1324.0
  },
  "2": {
    "precision": 0.8067632850241546,
    "recall": 0.8106796116504854,
    "f1-score": 0.8087167070217918,
    "support": 412.0
  },
  "3": {
    "precision": 0.757085020242915,
    "recall": 0.6415094339622641,
    "f1-score": 0.6945218198700093,
    "support": 583.0
  },
  "accuracy": 0.8009885535900104,
  "macro avg": {
    "precision": 0.7928738560589199,
    "recall": 0.7766231120297041,
    "f1-score": 0.7833722882158267,
    "support": 3844.0
  },
  "weighted avg": {
    "precision": 0.8019968015528982,
    "recall": 0.8009885535900104,
    "f1-score": 0.8005183144927355,
    "support": 3844.0
  }
}