{
  "0": {
    "precision": 0.9122340425531915,
    "recall": 0.899672131147541,
    "f1-score": 0.9059095411026742,
    "support": 1525.0
  },
  "1": {
    "precision": 0.7254623044096729,
    "recall": 0.770392749244713,
    "f1-score": 0.7472527472527473,
    "support": 1324.0
  },
  "2": {
    "precision": 0.8240963855421687,
    "recall": 0.8300970873786407,
    "f1-score": 0.8270858524788391,
    "support": 412.0
  },
  "3": {
    "precision": 0.7687861271676301,
    "recall": 0.6843910806174958,
    "f1-score": 0.7241379310344828,
    "support": 583.0
  },
  "accuracy": 0.8150364203954215,
  "macro avg": {
    "precision": 0.8076447149181658,
    "recall": 0.7961382620970976,
    "f1-score": 0.8010965179671857,
    "support": 3844.0
  },
  "weighted avg": {
    "precision": 0.8167011001337475,
    "recall": 0.8150364203954215,
    "f1-score": 0.8152462207488556,
    "support": 3844.0
  }
}