{
  "0": {
    "precision": 0.9062706270627062,
    "recall": 0.900327868852459,
    "f1-score": 0.9032894736842105,
    "support": 1525.0
  },
  "1": {
    "precision": 0.7263610315186246,
    "recall": 0.7658610271903323,
    "f1-score": 0.7455882352941177,
    "support": 1324.0
  },
  "2": {
    "precision": 0.8439024390243902,
    "recall": 0.8398058252427184,
    "f1-score": 0.8418491484184915,
    "support": 412.0
  },
  "3": {
    "precision": 0.7609942638623327,
    "recall": 0.6826758147512865,
    "f1-score": 0.7197106690777577,
    "support": 583.0
  },
  "accuracy": 0.8145161290322581,
  "macro avg": {
    "precision": 0.8093820903670134,
    "recall": 0.7971676340091991,
    "f1-score": 0.8026093816186444,
    "support": 3844.0
  },
  "weighted avg": {
    "precision": 0.8155858930049622,
    "recall": 0.8145161290322581,
    "f1-score": 0.8145443392608179,
    "support": 3844.0
  }
}