{
  "0": {
    "precision": 0.9067460317460317,
    "recall": 0.899016393442623,
    "f1-score": 0.9028646690813302,
    "support": 1525.0
  },
  "1": {
    "precision": 0.7158043940467753,
    "recall": 0.7628398791540786,
    "f1-score": 0.7385740402193784,
    "support": 1324.0
  },
  "2": {
    "precision": 0.8236714975845411,
    "recall": 0.8276699029126213,
    "f1-score": 0.8256658595641646,
    "support": 412.0
  },
  "3": {
    "precision": 0.7672583826429981,
    "recall": 0.6672384219554031,
    "f1-score": 0.7137614678899082,
    "support": 583.0
  },
  "accuracy": 0.8093132154006244,
  "macro avg": {
    "precision": 0.8033700765050866,
    "recall": 0.7891911493661814,
    "f1-score": 0.7952165091886954,
    "support": 3844.0
  },
  "weighted avg": {
    "precision": 0.8109201379334879,
    "recall": 0.8093132154006244,
    "f1-score": 0.8093230799999318,
    "support": 3844.0
  }
}