{
  "0": {
    "precision": 0.901628664495114,
    "recall": 0.9075409836065573,
    "f1-score": 0.9045751633986928,
    "support": 1525.0
  },
  "1": {
    "precision": 0.7235252309879175,
    "recall": 0.7688821752265861,
    "f1-score": 0.7455144635664591,
    "support": 1324.0
  },
  "2": {
    "precision": 0.8415841584158416,
    "recall": 0.8252427184466019,
    "f1-score": 0.8333333333333334,
    "support": 412.0
  },
  "3": {
    "precision": 0.7771084337349398,
    "recall": 0.6638078902229846,
    "f1-score": 0.7160037002775208,
    "support": 583.0
  },
  "accuracy": 0.8139958376690947,
  "macro avg": {
    "precision": 0.8109616219084532,
    "recall": 0.7913684418756824,
    "f1-score": 0.7998566651440016,
    "support": 3844.0
  },
  "weighted avg": {
    "precision": 0.8149630617372134,
    "recall": 0.8139958376690947,
    "f1-score": 0.8135540490478997,
    "support": 3844.0
  }
}