{
  "0": {
    "precision": 0.9093315684976837,
    "recall": 0.9009836065573771,
    "f1-score": 0.9051383399209486,
    "support": 1525.0
  },
  "1": {
    "precision": 0.7175141242937854,
    "recall": 0.7673716012084593,
    "f1-score": 0.7416058394160584,
    "support": 1324.0
  },
  "2": {
    "precision": 0.8216867469879519,
    "recall": 0.8276699029126213,
    "f1-score": 0.8246674727932285,
    "support": 412.0
  },
  "3": {
    "precision": 0.7609561752988048,
    "recall": 0.6552315608919382,
    "f1-score": 0.7041474654377881,
    "support": 583.0
  },
  "accuracy": 0.8098335067637877,
  "macro avg": {
    "precision": 0.8023721537695565,
    "recall": 0.7878141678925991,
    "f1-score": 0.7938897793920059,
    "support": 3844.0
  },
  "weighted avg": {
    "precision": 0.811366215526061,
    "recall": 0.8098335067637877,
    "f1-score": 0.8097042328062822,
    "support": 3844.0
  }
}