{
  "0": {
    "precision": 0.9091507570770243,
    "recall": 0.9055737704918033,
    "f1-score": 0.9073587385019711,
    "support": 1525.0
  },
  "1": {
    "precision": 0.7157394843962008,
    "recall": 0.7968277945619335,
    "f1-score": 0.7541100786275912,
    "support": 1324.0
  },
  "2": {
    "precision": 0.8426395939086294,
    "recall": 0.8058252427184466,
    "f1-score": 0.8238213399503722,
    "support": 412.0
  },
  "3": {
    "precision": 0.8008752735229759,
    "recall": 0.62778730703259,
    "f1-score": 0.7038461538461539,
    "support": 583.0
  },
  "accuracy": 0.8152965660770031,
  "macro avg": {
    "precision": 0.8171012772262076,
    "recall": 0.7840035287011934,
    "f1-score": 0.7972840777315222,
    "support": 3844.0
  },
  "weighted avg": {
    "precision": 0.818983293193882,
    "recall": 0.8152965660770031,
    "f1-score": 0.8147555983533553,
    "support": 3844.0
  }
}