{
  "0": {
    "precision": 0.8844984802431611,
    "recall": 0.8995363214837713,
    "f1-score": 0.8919540229885058,
    "support": 647.0
  },
  "1": {
    "precision": 0.6692789968652038,
    "recall": 0.7034596375617792,
    "f1-score": 0.6859437751004016,
    "support": 607.0
  },
  "2": {
    "precision": 0.8008849557522124,
    "recall": 0.8418604651162791,
    "f1-score": 0.8208616780045351,
    "support": 215.0
  },
  "3": {
    "precision": 0.7729885057471264,
    "recall": 0.6708229426433915,
    "f1-score": 0.7182910547396528,
    "support": 401.0
  },
  "accuracy": 0.7802139037433156,
  "macro avg": {
    "precision": 0.7819127346519259,
    "recall": 0.7789198417013053,
    "f1-score": 0.7792626327082739,
    "support": 1870.0
  },
  "weighted avg": {
    "precision": 0.7811131144950948,
    "recall": 0.7802139037433156,
    "f1-score": 0.7796695711663544,
    "support": 1870.0
  }
}