{
  "0": {
    "precision": 0.8180535966149506,
    "recall": 0.8964451313755796,
    "f1-score": 0.855457227138643,
    "support": 647.0
  },
  "1": {
    "precision": 0.5834411384217335,
    "recall": 0.742998352553542,
    "f1-score": 0.6536231884057971,
    "support": 607.0
  },
  "2": {
    "precision": 0.9753086419753086,
    "recall": 0.3674418604651163,
    "f1-score": 0.5337837837837838,
    "support": 215.0
  },
  "3": {
    "precision": 0.7915309446254072,
    "recall": 0.6059850374064838,
    "f1-score": 0.6864406779661016,
    "support": 401.0
  },
  "accuracy": 0.7235294117647059,
  "macro avg": {
    "precision": 0.7920835804093499,
    "recall": 0.6532175954501804,
    "f1-score": 0.6823262193235814,
    "support": 1870.0
  },
  "weighted avg": {
    "precision": 0.7542912913643556,
    "recall": 0.7235294117647059,
    "f1-score": 0.7167146132079899,
    "support": 1870.0
  }
}