{
  "0": {
    "precision": 0.9099933818663137,
    "recall": 0.9016393442622951,
    "f1-score": 0.9057971014492754,
    "support": 1525.0
  },
  "1": {
    "precision": 0.7209302325581395,
    "recall": 0.7726586102719033,
    "f1-score": 0.7458986511119212,
    "support": 1324.0
  },
  "2": {
    "precision": 0.8236714975845411,
    "recall": 0.8276699029126213,
    "f1-score": 0.8256658595641646,
    "support": 412.0
  },
  "3": {
    "precision": 0.774,
    "recall": 0.6638078902229846,
    "f1-score": 0.7146814404432132,
    "support": 583.0
  },
  "accuracy": 0.8132154006243496,
  "macro avg": {
    "precision": 0.8071487780022486,
    "recall": 0.7914439369174511,
    "f1-score": 0.7980107631421436,
    "support": 3844.0
  },
  "weighted avg": {
    "precision": 0.8149964079755297,
    "recall": 0.8132154006243496,
    "f1-score": 0.8131488053332877,
    "support": 3844.0
  }
}