{
  "0": {
    "precision": 0.9087904824851288,
    "recall": 0.9016393442622951,
    "f1-score": 0.9052007899934167,
    "support": 1525.0
  },
  "1": {
    "precision": 0.725125268432355,
    "recall": 0.7651057401812689,
    "f1-score": 0.7445791988239617,
    "support": 1324.0
  },
  "2": {
    "precision": 0.8107476635514018,
    "recall": 0.8422330097087378,
    "f1-score": 0.8261904761904761,
    "support": 412.0
  },
  "3": {
    "precision": 0.7747035573122529,
    "recall": 0.6723842195540308,
    "f1-score": 0.7199265381083563,
    "support": 583.0
  },
  "accuracy": 0.8134755463059313,
  "macro avg": {
    "precision": 0.8048417429452847,
    "recall": 0.7953405784265832,
    "f1-score": 0.7989742507790527,
    "support": 3844.0
  },
  "weighted avg": {
    "precision": 0.8146856275989803,
    "recall": 0.8134755463059313,
    "f1-score": 0.8133094984106487,
    "support": 3844.0
  }
}