{
  "0": {
    "precision": 0.8870229007633588,
    "recall": 0.8979907264296755,
    "f1-score": 0.8924731182795699,
    "support": 647.0
  },
  "1": {
    "precision": 0.6723338485316847,
    "recall": 0.7166392092257001,
    "f1-score": 0.69377990430622,
    "support": 607.0
  },
  "2": {
    "precision": 0.8190045248868778,
    "recall": 0.8418604651162791,
    "f1-score": 0.8302752293577982,
    "support": 215.0
  },
  "3": {
    "precision": 0.792507204610951,
    "recall": 0.685785536159601,
    "f1-score": 0.7352941176470589,
    "support": 401.0
  },
  "accuracy": 0.7871657754010695,
  "macro avg": {
    "precision": 0.7927171196982181,
    "recall": 0.785568984232814,
    "f1-score": 0.7879555923976618,
    "support": 1870.0
  },
  "weighted avg": {
    "precision": 0.7892469651081796,
    "recall": 0.7871657754010695,
    "f1-score": 0.7871211898016868,
    "support": 1870.0
  }
}