{
  "0": {
    "precision": 0.9129840546697039,
    "recall": 0.9154865235267245,
    "f1-score": 0.9142335766423357,
    "support": 2189.0
  },
  "1": {
    "precision": 0.747000521648409,
    "recall": 0.7786840674279499,
    "f1-score": 0.7625133120340788,
    "support": 1839.0
  },
  "2": {
    "precision": 0.8304093567251462,
    "recall": 0.8239845261121856,
    "f1-score": 0.8271844660194175,
    "support": 517.0
  },
  "3": {
    "precision": 0.7796610169491526,
    "recall": 0.700507614213198,
    "f1-score": 0.7379679144385026,
    "support": 788.0
  },
  "accuracy": 0.8276767297956122,
  "macro avg": {
    "precision": 0.817513737498103,
    "recall": 0.8046656828200146,
    "f1-score": 0.8104748172835836,
    "support": 5333.0
  },
  "weighted avg": {
    "precision": 0.828042485236497,
    "recall": 0.8276767297956122,
    "f1-score": 0.8274315330227494,
    "support": 5333.0
  }
}