{
  "0": {
    "precision": 0.8347578347578347,
    "recall": 0.9057187017001546,
    "f1-score": 0.8687916975537435,
    "support": 647.0
  },
  "1": {
    "precision": 0.5967957276368492,
    "recall": 0.7364085667215815,
    "f1-score": 0.6592920353982301,
    "support": 607.0
  },
  "2": {
    "precision": 0.9545454545454546,
    "recall": 0.39069767441860465,
    "f1-score": 0.5544554455445545,
    "support": 215.0
  },
  "3": {
    "precision": 0.7794561933534743,
    "recall": 0.6433915211970075,
    "f1-score": 0.7049180327868853,
    "support": 401.0
  },
  "accuracy": 0.7352941176470589,
  "macro avg": {
    "precision": 0.7913888025734032,
    "recall": 0.6690541160093371,
    "f1-score": 0.6968643028208534,
    "support": 1870.0
  },
  "weighted avg": {
    "precision": 0.7594291615111778,
    "recall": 0.7352941176470589,
    "f1-score": 0.7295072437131647,
    "support": 1870.0
  }
}