{
  "0": {
    "precision": 0.9096901779828609,
    "recall": 0.9049180327868852,
    "f1-score": 0.9072978303747534,
    "support": 1525.0
  },
  "1": {
    "precision": 0.7211072664359861,
    "recall": 0.7870090634441088,
    "f1-score": 0.7526182737450343,
    "support": 1324.0
  },
  "2": {
    "precision": 0.8382352941176471,
    "recall": 0.8300970873786407,
    "f1-score": 0.8341463414634146,
    "support": 412.0
  },
  "3": {
    "precision": 0.7932489451476793,
    "recall": 0.6449399656946827,
    "f1-score": 0.7114474929044465,
    "support": 583.0
  },
  "accuracy": 0.8168574401664932,
  "macro avg": {
    "precision": 0.8155704209210434,
    "recall": 0.7917410373260794,
    "f1-score": 0.8013774846219122,
    "support": 3844.0
  },
  "weighted avg": {
    "precision": 0.8194174345428399,
    "recall": 0.8168574401664932,
    "f1-score": 0.8164770985447823,
    "support": 3844.0
  }
}