{
  "0": {
    "precision": 0.9178587909552377,
    "recall": 0.9086340794883508,
    "f1-score": 0.9132231404958677,
    "support": 2189.0
  },
  "1": {
    "precision": 0.7393316195372751,
    "recall": 0.7819467101685699,
    "f1-score": 0.7600422832980972,
    "support": 1839.0
  },
  "2": {
    "precision": 0.8228571428571428,
    "recall": 0.8355899419729207,
    "f1-score": 0.8291746641074856,
    "support": 517.0
  },
  "3": {
    "precision": 0.7859195402298851,
    "recall": 0.6941624365482234,
    "f1-score": 0.7371967654986523,
    "support": 788.0
  },
  "accuracy": 0.8261766360397524,
  "macro avg": {
    "precision": 0.8164917733948852,
    "recall": 0.8050832920445162,
    "f1-score": 0.8099092133500257,
    "support": 5333.0
  },
  "weighted avg": {
    "precision": 0.8275915023979667,
    "recall": 0.8261766360397524,
    "f1-score": 0.8262436838715852,
    "support": 5333.0
  }
}