{
  "0": {
    "precision": 0.8839009287925697,
    "recall": 0.8825347758887172,
    "f1-score": 0.8832173240525909,
    "support": 647.0
  },
  "1": {
    "precision": 0.6614420062695925,
    "recall": 0.6952224052718287,
    "f1-score": 0.6779116465863454,
    "support": 607.0
  },
  "2": {
    "precision": 0.8076923076923077,
    "recall": 0.7813953488372093,
    "f1-score": 0.7943262411347518,
    "support": 215.0
  },
  "3": {
    "precision": 0.7592592592592593,
    "recall": 0.71571072319202,
    "f1-score": 0.7368421052631579,
    "support": 401.0
  },
  "accuracy": 0.774331550802139,
  "macro avg": {
    "precision": 0.7780736255034324,
    "recall": 0.7687158132974438,
    "f1-score": 0.7730743292592116,
    "support": 1870.0
  },
  "weighted avg": {
    "precision": 0.7762010737172429,
    "recall": 0.774331550802139,
    "f1-score": 0.7749667402109283,
    "support": 1870.0
  }
}