{
  "0": {
    "precision": 0.9062706270627062,
    "recall": 0.900327868852459,
    "f1-score": 0.9032894736842105,
    "support": 1525.0
  },
  "1": {
    "precision": 0.7208480565371025,
    "recall": 0.770392749244713,
    "f1-score": 0.7447973713033954,
    "support": 1324.0
  },
  "2": {
    "precision": 0.8341584158415841,
    "recall": 0.8179611650485437,
    "f1-score": 0.8259803921568627,
    "support": 412.0
  },
  "3": {
    "precision": 0.7725490196078432,
    "recall": 0.6758147512864494,
    "f1-score": 0.7209515096065874,
    "support": 583.0
  },
  "accuracy": 0.8126951092611863,
  "macro avg": {
    "precision": 0.808456529762309,
    "recall": 0.7911241336080412,
    "f1-score": 0.798754686687764,
    "support": 3844.0
  },
  "weighted avg": {
    "precision": 0.8143951297824807,
    "recall": 0.8126951092611863,
    "f1-score": 0.8127593180653966,
    "support": 3844.0
  }
}