{
  "0": {
    "precision": 0.908311345646438,
    "recall": 0.9029508196721312,
    "f1-score": 0.9056231502795133,
    "support": 1525.0
  },
  "1": {
    "precision": 0.7256699576868829,
    "recall": 0.777190332326284,
    "f1-score": 0.75054704595186,
    "support": 1324.0
  },
  "2": {
    "precision": 0.8354114713216958,
    "recall": 0.8131067961165048,
    "f1-score": 0.8241082410824109,
    "support": 412.0
  },
  "3": {
    "precision": 0.7799607072691552,
    "recall": 0.6809605488850772,
    "f1-score": 0.7271062271062271,
    "support": 583.0
  },
  "accuracy": 0.8163371488033299,
  "macro avg": {
    "precision": 0.812338370481043,
    "recall": 0.7935521242499993,
    "f1-score": 0.8018461661050028,
    "support": 3844.0
  },
  "weighted avg": {
    "precision": 0.8181239450079885,
    "recall": 0.8163371488033299,
    "f1-score": 0.8163983139296056,
    "support": 3844.0
  }
}