{
  "0": {
    "precision": 0.8663739021329987,
    "recall": 0.9055737704918033,
    "f1-score": 0.8855402372555307,
    "support": 1525.0
  },
  "1": {
    "precision": 0.7549738219895288,
    "recall": 0.5445619335347432,
    "f1-score": 0.6327336551118912,
    "support": 1324.0
  },
  "2": {
    "precision": 0.6815742397137746,
    "recall": 0.9247572815533981,
    "f1-score": 0.7847579814624099,
    "support": 412.0
  },
  "3": {
    "precision": 0.6345108695652174,
    "recall": 0.8010291595197255,
    "f1-score": 0.7081122062168309,
    "support": 583.0
  },
  "accuracy": 0.7674297606659729,
  "macro avg": {
    "precision": 0.7343582083503798,
    "recall": 0.7939805362749176,
    "f1-score": 0.7527860200116657,
    "support": 3844.0
  },
  "weighted avg": {
    "precision": 0.7730317286122675,
    "recall": 0.7674297606659729,
    "f1-score": 0.7607538828745457,
    "support": 3844.0
  }
}