{
  "0": {
    "precision": 0.9128989361702128,
    "recall": 0.900327868852459,
    "f1-score": 0.9065698250247607,
    "support": 1525.0
  },
  "1": {
    "precision": 0.7206192821956369,
    "recall": 0.7734138972809668,
    "f1-score": 0.7460837887067395,
    "support": 1324.0
  },
  "2": {
    "precision": 0.819047619047619,
    "recall": 0.8349514563106796,
    "f1-score": 0.8269230769230769,
    "support": 412.0
  },
  "3": {
    "precision": 0.7675350701402806,
    "recall": 0.6569468267581475,
    "f1-score": 0.7079482439926063,
    "support": 583.0
  },
  "accuracy": 0.8126951092611863,
  "macro avg": {
    "precision": 0.8050252268884373,
    "recall": 0.7914100123005632,
    "f1-score": 0.7968812336617958,
    "support": 3844.0
  },
  "weighted avg": {
    "precision": 0.8145659136904266,
    "recall": 0.8126951092611863,
    "f1-score": 0.8126326881765037,
    "support": 3844.0
  }
}