{
  "0": {
    "precision": 0.9073461283917935,
    "recall": 0.899016393442623,
    "f1-score": 0.9031620553359684,
    "support": 1525.0
  },
  "1": {
    "precision": 0.7092391304347826,
    "recall": 0.7885196374622356,
    "f1-score": 0.7467811158798283,
    "support": 1324.0
  },
  "2": {
    "precision": 0.823960880195599,
    "recall": 0.8179611650485437,
    "f1-score": 0.8209500609013398,
    "support": 412.0
  },
  "3": {
    "precision": 0.8097345132743363,
    "recall": 0.62778730703259,
    "f1-score": 0.7072463768115942,
    "support": 583.0
  },
  "accuracy": 0.8111342351716961,
  "macro avg": {
    "precision": 0.8125701630741278,
    "recall": 0.783321125746498,
    "f1-score": 0.7945349022321826,
    "support": 3844.0
  },
  "weighted avg": {
    "precision": 0.815370072417446,
    "recall": 0.8111342351716961,
    "f1-score": 0.8107742961979073,
    "support": 3844.0
  }
}