{
  "0": {
    "precision": 0.9119412941961308,
    "recall": 0.8963934426229508,
    "f1-score": 0.9041005291005291,
    "support": 1525.0
  },
  "1": {
    "precision": 0.7193732193732194,
    "recall": 0.7628398791540786,
    "f1-score": 0.7404692082111437,
    "support": 1324.0
  },
  "2": {
    "precision": 0.8250591016548463,
    "recall": 0.8470873786407767,
    "f1-score": 0.8359281437125748,
    "support": 412.0
  },
  "3": {
    "precision": 0.7548262548262549,
    "recall": 0.6706689536878216,
    "f1-score": 0.7102633969118983,
    "support": 583.0
  },
  "accuracy": 0.8108740894901144,
  "macro avg": {
    "precision": 0.8027999675126128,
    "recall": 0.7942474135264069,
    "f1-score": 0.7976903194840365,
    "support": 3844.0
  },
  "weighted avg": {
    "precision": 0.8124736401000898,
    "recall": 0.8108740894901144,
    "f1-score": 0.8110355083660454,
    "support": 3844.0
  }
}