{
  "0": {
    "precision": 0.9013157894736842,
    "recall": 0.898360655737705,
    "f1-score": 0.8998357963875205,
    "support": 1525.0
  },
  "1": {
    "precision": 0.7115117891816921,
    "recall": 0.7749244712990937,
    "f1-score": 0.7418655097613883,
    "support": 1324.0
  },
  "2": {
    "precision": 0.8248175182481752,
    "recall": 0.8228155339805825,
    "f1-score": 0.8238153098420413,
    "support": 412.0
  },
  "3": {
    "precision": 0.7940552016985138,
    "recall": 0.6415094339622641,
    "f1-score": 0.7096774193548387,
    "support": 583.0
  },
  "accuracy": 0.808792924037461,
  "macro avg": {
    "precision": 0.8079250746505164,
    "recall": 0.7844025237449114,
    "f1-score": 0.7937985088364472,
    "support": 3844.0
  },
  "weighted avg": {
    "precision": 0.8114742944673283,
    "recall": 0.808792924037461,
    "f1-score": 0.8084374005082827,
    "support": 3844.0
  }
}