{
  "0": {
    "precision": 0.9106324472960586,
    "recall": 0.9077204202832344,
    "f1-score": 0.9091741020361473,
    "support": 2189.0
  },
  "1": {
    "precision": 0.7362122788761707,
    "recall": 0.7694399129961936,
    "f1-score": 0.7524594522733316,
    "support": 1839.0
  },
  "2": {
    "precision": 0.8204633204633205,
    "recall": 0.8220502901353965,
    "f1-score": 0.821256038647343,
    "support": 517.0
  },
  "3": {
    "precision": 0.7763713080168776,
    "recall": 0.700507614213198,
    "f1-score": 0.7364909939959974,
    "support": 788.0
  },
  "accuracy": 0.8211138196137259,
  "macro avg": {
    "precision": 0.8109198386631068,
    "recall": 0.7999295594070056,
    "f1-score": 0.8048451467382048,
    "support": 5333.0
  },
  "weighted avg": {
    "precision": 0.8219067945586324,
    "recall": 0.8211138196137259,
    "f1-score": 0.8210949404345219,
    "support": 5333.0
  }
}