{
  "0": {
    "precision": 0.9036939313984169,
    "recall": 0.898360655737705,
    "f1-score": 0.9010194015126604,
    "support": 1525.0
  },
  "1": {
    "precision": 0.7058823529411765,
    "recall": 0.7794561933534743,
    "f1-score": 0.7408470926058865,
    "support": 1324.0
  },
  "2": {
    "precision": 0.8325,
    "recall": 0.808252427184466,
    "f1-score": 0.8201970443349754,
    "support": 412.0
  },
  "3": {
    "precision": 0.7918454935622318,
    "recall": 0.6329331046312179,
    "f1-score": 0.7035271687321258,
    "support": 583.0
  },
  "accuracy": 0.8074921956295525,
  "macro avg": {
    "precision": 0.8084804444754563,
    "recall": 0.7797505952267157,
    "f1-score": 0.791397676796412,
    "support": 3844.0
  },
  "weighted avg": {
    "precision": 0.8109670664473164,
    "recall": 0.8074921956295525,
    "f1-score": 0.8072356034219147,
    "support": 3844.0
  }
}