{
  "0": {
    "precision": 0.9072847682119205,
    "recall": 0.898360655737705,
    "f1-score": 0.9028006589785832,
    "support": 1525.0
  },
  "1": {
    "precision": 0.7101845522898155,
    "recall": 0.7847432024169184,
    "f1-score": 0.7456045927520631,
    "support": 1324.0
  },
  "2": {
    "precision": 0.8304668304668305,
    "recall": 0.8203883495145631,
    "f1-score": 0.8253968253968254,
    "support": 412.0
  },
  "3": {
    "precision": 0.8017241379310345,
    "recall": 0.6380789022298456,
    "f1-score": 0.7106017191977078,
    "support": 583.0
  },
  "accuracy": 0.8113943808532779,
  "macro avg": {
    "precision": 0.8124150722249002,
    "recall": 0.785392777474758,
    "f1-score": 0.7961009490812948,
    "support": 3844.0
  },
  "weighted avg": {
    "precision": 0.8151537786995374,
    "recall": 0.8113943808532779,
    "f1-score": 0.8112111810878841,
    "support": 3844.0
  }
}