{
  "0": {
    "precision": 0.8911042944785276,
    "recall": 0.8979907264296755,
    "f1-score": 0.8945342571208622,
    "support": 647.0
  },
  "1": {
    "precision": 0.6750788643533123,
    "recall": 0.7051070840197694,
    "f1-score": 0.6897663174858985,
    "support": 607.0
  },
  "2": {
    "precision": 0.8169642857142857,
    "recall": 0.8511627906976744,
    "f1-score": 0.8337129840546698,
    "support": 215.0
  },
  "3": {
    "precision": 0.7777777777777778,
    "recall": 0.6982543640897756,
    "f1-score": 0.735873850197109,
    "support": 401.0
  },
  "accuracy": 0.7871657754010695,
  "macro avg": {
    "precision": 0.7902313055809758,
    "recall": 0.7881287413092237,
    "f1-score": 0.7884718522146348,
    "support": 1870.0
  },
  "weighted avg": {
    "precision": 0.7881569836938653,
    "recall": 0.7871657754010695,
    "f1-score": 0.7870510826587876,
    "support": 1870.0
  }
}