{
  "0": {
    "precision": 0.9068241469816273,
    "recall": 0.9062295081967213,
    "f1-score": 0.9065267300754346,
    "support": 1525.0
  },
  "1": {
    "precision": 0.7247191011235955,
    "recall": 0.7794561933534743,
    "f1-score": 0.7510917030567685,
    "support": 1324.0
  },
  "2": {
    "precision": 0.8349514563106796,
    "recall": 0.8349514563106796,
    "f1-score": 0.8349514563106796,
    "support": 412.0
  },
  "3": {
    "precision": 0.7871900826446281,
    "recall": 0.6535162950257289,
    "f1-score": 0.7141518275538894,
    "support": 583.0
  },
  "accuracy": 0.8165972944849116,
  "macro avg": {
    "precision": 0.8134211967651326,
    "recall": 0.793538363221651,
    "f1-score": 0.801680429249193,
    "support": 3844.0
  },
  "weighted avg": {
    "precision": 0.8182535723768054,
    "recall": 0.8165972944849116,
    "f1-score": 0.8161418297804673,
    "support": 3844.0
  }
}