{
  "0": {
    "precision": 0.9161704076958315,
    "recall": 0.9136592051164916,
    "f1-score": 0.9149130832570905,
    "support": 2189.0
  },
  "1": {
    "precision": 0.7435367114788004,
    "recall": 0.7819467101685699,
    "f1-score": 0.762258150013252,
    "support": 1839.0
  },
  "2": {
    "precision": 0.8226415094339623,
    "recall": 0.8433268858800773,
    "f1-score": 0.8328557784145176,
    "support": 517.0
  },
  "3": {
    "precision": 0.7871720116618076,
    "recall": 0.6852791878172588,
    "f1-score": 0.7327001356852103,
    "support": 788.0
  },
  "accuracy": 0.8276767297956122,
  "macro avg": {
    "precision": 0.8173801600676005,
    "recall": 0.8060529972455994,
    "f1-score": 0.8106817868425176,
    "support": 5333.0
  },
  "weighted avg": {
    "precision": 0.8285127021231112,
    "recall": 0.8276767297956122,
    "f1-score": 0.8273938911465203,
    "support": 5333.0
  }
}