{
  "0": {
    "precision": 0.9044502617801047,
    "recall": 0.9062295081967213,
    "f1-score": 0.9053390108090403,
    "support": 1525.0
  },
  "1": {
    "precision": 0.7244825124910778,
    "recall": 0.7666163141993958,
    "f1-score": 0.744954128440367,
    "support": 1324.0
  },
  "2": {
    "precision": 0.8218527315914489,
    "recall": 0.8398058252427184,
    "f1-score": 0.8307322929171669,
    "support": 412.0
  },
  "3": {
    "precision": 0.7753036437246964,
    "recall": 0.6569468267581475,
    "f1-score": 0.7112349117920148,
    "support": 583.0
  },
  "accuracy": 0.8132154006243496,
  "macro avg": {
    "precision": 0.806522287396832,
    "recall": 0.7923996185992457,
    "f1-score": 0.7980650859896473,
    "support": 3844.0
  },
  "weighted avg": {
    "precision": 0.8140236330541158,
    "recall": 0.8132154006243496,
    "f1-score": 0.8126620488541754,
    "support": 3844.0
  }
}