{
  "0": {
    "precision": 0.8931888544891641,
    "recall": 0.8918083462132921,
    "f1-score": 0.8924980665119876,
    "support": 647.0
  },
  "1": {
    "precision": 0.667175572519084,
    "recall": 0.7199341021416804,
    "f1-score": 0.6925515055467512,
    "support": 607.0
  },
  "2": {
    "precision": 0.801762114537445,
    "recall": 0.8465116279069768,
    "f1-score": 0.8235294117647058,
    "support": 215.0
  },
  "3": {
    "precision": 0.7953216374269005,
    "recall": 0.6783042394014963,
    "f1-score": 0.7321668909825033,
    "support": 401.0
  },
  "accuracy": 0.7850267379679144,
  "macro avg": {
    "precision": 0.7893620447431484,
    "recall": 0.7841395789158614,
    "f1-score": 0.7851864687014869,
    "support": 1870.0
  },
  "weighted avg": {
    "precision": 0.7883270548702197,
    "recall": 0.7850267379679144,
    "f1-score": 0.7852848982425291,
    "support": 1870.0
  }
}