{
  "0": {
    "precision": 0.9107468123861566,
    "recall": 0.9136592051164916,
    "f1-score": 0.9122006841505131,
    "support": 2189.0
  },
  "1": {
    "precision": 0.7455867082035307,
    "recall": 0.7808591625883632,
    "f1-score": 0.7628154050464807,
    "support": 1839.0
  },
  "2": {
    "precision": 0.844311377245509,
    "recall": 0.8181818181818182,
    "f1-score": 0.831041257367387,
    "support": 517.0
  },
  "3": {
    "precision": 0.7816901408450704,
    "recall": 0.7043147208121827,
    "f1-score": 0.7409879839786382,
    "support": 788.0
  },
  "accuracy": 0.8276767297956122,
  "macro avg": {
    "precision": 0.8205837596700667,
    "recall": 0.8042537266747138,
    "f1-score": 0.8117613326357548,
    "support": 5333.0
  },
  "weighted avg": {
    "precision": 0.8282841818341334,
    "recall": 0.8276767297956122,
    "f1-score": 0.8275214117607458,
    "support": 5333.0
  }
}