{
  "0": {
    "precision": 0.9045424621461488,
    "recall": 0.9009836065573771,
    "f1-score": 0.9027595269382391,
    "support": 1525.0
  },
  "1": {
    "precision": 0.720682302771855,
    "recall": 0.7658610271903323,
    "f1-score": 0.7425851336506774,
    "support": 1324.0
  },
  "2": {
    "precision": 0.8403990024937655,
    "recall": 0.8179611650485437,
    "f1-score": 0.8290282902829028,
    "support": 412.0
  },
  "3": {
    "precision": 0.758220502901354,
    "recall": 0.6723842195540308,
    "f1-score": 0.7127272727272728,
    "support": 583.0
  },
  "accuracy": 0.8108740894901144,
  "macro avg": {
    "precision": 0.8059610675782809,
    "recall": 0.789297504587571,
    "f1-score": 0.796775055899773,
    "support": 3844.0
  },
  "weighted avg": {
    "precision": 0.8121481700993064,
    "recall": 0.8108740894901144,
    "f1-score": 0.8108664545085503,
    "support": 3844.0
  }
}