{
  "0": {
    "precision": 0.8935185185185185,
    "recall": 0.8859016393442622,
    "f1-score": 0.889693776753375,
    "support": 1525.0
  },
  "1": {
    "precision": 0.74,
    "recall": 0.6148036253776435,
    "f1-score": 0.6716171617161716,
    "support": 1324.0
  },
  "2": {
    "precision": 0.7005545286506469,
    "recall": 0.9199029126213593,
    "f1-score": 0.7953830010493179,
    "support": 412.0
  },
  "3": {
    "precision": 0.662807525325615,
    "recall": 0.7855917667238422,
    "f1-score": 0.7189952904238619,
    "support": 583.0
  },
  "accuracy": 0.7809573361082206,
  "macro avg": {
    "precision": 0.7492201431236951,
    "recall": 0.8015499860167768,
    "f1-score": 0.7689223074856816,
    "support": 3844.0
  },
  "weighted avg": {
    "precision": 0.7849690410534965,
    "recall": 0.7809573361082206,
    "f1-score": 0.7785838143627832,
    "support": 3844.0
  }
}