{
  "0": {
    "precision": 0.8883792048929664,
    "recall": 0.8979907264296755,
    "f1-score": 0.8931591083781706,
    "support": 647.0
  },
  "1": {
    "precision": 0.6609375,
    "recall": 0.6968698517298187,
    "f1-score": 0.6784282277465918,
    "support": 607.0
  },
  "2": {
    "precision": 0.8035714285714286,
    "recall": 0.8372093023255814,
    "f1-score": 0.8200455580865603,
    "support": 215.0
  },
  "3": {
    "precision": 0.7698863636363636,
    "recall": 0.6758104738154613,
    "f1-score": 0.7197875166002656,
    "support": 401.0
  },
  "accuracy": 0.7780748663101604,
  "macro avg": {
    "precision": 0.7806936242751897,
    "recall": 0.7769700885751343,
    "f1-score": 0.777855102702897,
    "support": 1870.0
  },
  "weighted avg": {
    "precision": 0.7793918165918653,
    "recall": 0.7780748663101604,
    "f1-score": 0.7778740462610558,
    "support": 1870.0
  }
}