{
  "0": {
    "precision": 0.8935185185185185,
    "recall": 0.8948995363214838,
    "f1-score": 0.8942084942084942,
    "support": 647.0
  },
  "1": {
    "precision": 0.6697530864197531,
    "recall": 0.71499176276771,
    "f1-score": 0.6916334661354582,
    "support": 607.0
  },
  "2": {
    "precision": 0.8088888888888889,
    "recall": 0.8465116279069768,
    "f1-score": 0.8272727272727273,
    "support": 215.0
  },
  "3": {
    "precision": 0.7851002865329513,
    "recall": 0.683291770573566,
    "f1-score": 0.7306666666666667,
    "support": 401.0
  },
  "accuracy": 0.7855614973262032,
  "macro avg": {
    "precision": 0.7893151950900279,
    "recall": 0.7849236743924342,
    "f1-score": 0.7859453385708366,
    "support": 1870.0
  },
  "weighted avg": {
    "precision": 0.7879053106679659,
    "recall": 0.7855614973262032,
    "f1-score": 0.7856873686599403,
    "support": 1870.0
  }
}