{
  "0": {
    "precision": 0.9125500667556742,
    "recall": 0.8963934426229508,
    "f1-score": 0.9043996030433344,
    "support": 1525.0
  },
  "1": {
    "precision": 0.7209805335255948,
    "recall": 0.7552870090634441,
    "f1-score": 0.7377351530800442,
    "support": 1324.0
  },
  "2": {
    "precision": 0.8158508158508159,
    "recall": 0.8495145631067961,
    "f1-score": 0.8323424494649228,
    "support": 412.0
  },
  "3": {
    "precision": 0.7452830188679245,
    "recall": 0.6775300171526587,
    "f1-score": 0.7097933513027853,
    "support": 583.0
  },
  "accuracy": 0.809573361082206,
  "macro avg": {
    "precision": 0.7986661087500024,
    "recall": 0.7946812579864625,
    "f1-score": 0.7960676392227717,
    "support": 3844.0
  },
  "weighted avg": {
    "precision": 0.8108344470137426,
    "recall": 0.809573361082206,
    "f1-score": 0.8097568549188698,
    "support": 3844.0
  }
}