{
  "0": {
    "precision": 0.9067629678266579,
    "recall": 0.9055737704918033,
    "f1-score": 0.9061679790026247,
    "support": 1525.0
  },
  "1": {
    "precision": 0.7271407837445574,
    "recall": 0.756797583081571,
    "f1-score": 0.7416728349370837,
    "support": 1324.0
  },
  "2": {
    "precision": 0.8169014084507042,
    "recall": 0.8446601941747572,
    "f1-score": 0.8305489260143198,
    "support": 412.0
  },
  "3": {
    "precision": 0.7620889748549323,
    "recall": 0.6758147512864494,
    "f1-score": 0.7163636363636363,
    "support": 583.0
  },
  "accuracy": 0.812955254942768,
  "macro avg": {
    "precision": 0.8032235337192128,
    "recall": 0.7957115747586453,
    "f1-score": 0.7986883440794161,
    "support": 3844.0
  },
  "weighted avg": {
    "precision": 0.8133218460550372,
    "recall": 0.812955254942768,
    "f1-score": 0.8126189279275757,
    "support": 3844.0
  }
}