{
  "0": {
    "precision": 0.9156061620897522,
    "recall": 0.8963934426229508,
    "f1-score": 0.9058979456593771,
    "support": 1525.0
  },
  "1": {
    "precision": 0.714185393258427,
    "recall": 0.7681268882175226,
    "f1-score": 0.740174672489083,
    "support": 1324.0
  },
  "2": {
    "precision": 0.8201438848920863,
    "recall": 0.8300970873786407,
    "f1-score": 0.8250904704463209,
    "support": 412.0
  },
  "3": {
    "precision": 0.7549019607843137,
    "recall": 0.660377358490566,
    "f1-score": 0.7044830741079597,
    "support": 583.0
  },
  "accuracy": 0.8093132154006244,
  "macro avg": {
    "precision": 0.8012093502561448,
    "recall": 0.7887486941774201,
    "f1-score": 0.7939115406756851,
    "support": 3844.0
  },
  "weighted avg": {
    "precision": 0.8116253854250323,
    "recall": 0.8093132154006244,
    "f1-score": 0.8096088812525808,
    "support": 3844.0
  }
}