{
  "0": {
    "precision": 0.8726235741444867,
    "recall": 0.9029508196721312,
    "f1-score": 0.8875281985175636,
    "support": 1525.0
  },
  "1": {
    "precision": 0.6942148760330579,
    "recall": 0.7613293051359517,
    "f1-score": 0.7262247838616714,
    "support": 1324.0
  },
  "2": {
    "precision": 0.8140096618357487,
    "recall": 0.8179611650485437,
    "f1-score": 0.8159806295399515,
    "support": 412.0
  },
  "3": {
    "precision": 0.8075,
    "recall": 0.5540308747855918,
    "f1-score": 0.6571719226856562,
    "support": 583.0
  },
  "accuracy": 0.7921436004162331,
  "macro avg": {
    "precision": 0.7970870280033233,
    "recall": 0.7590680411605546,
    "f1-score": 0.7717263836512107,
    "support": 3844.0
  },
  "weighted avg": {
    "precision": 0.7950145491973047,
    "recall": 0.7921436004162331,
    "f1-score": 0.789364559539109,
    "support": 3844.0
  }
}