{
  "0": {
    "precision": 0.9129433440810686,
    "recall": 0.9054362722704431,
    "f1-score": 0.9091743119266055,
    "support": 2189.0
  },
  "1": {
    "precision": 0.7328973843058351,
    "recall": 0.7922784121805329,
    "f1-score": 0.761431931016462,
    "support": 1839.0
  },
  "2": {
    "precision": 0.8464646464646465,
    "recall": 0.8104448742746615,
    "f1-score": 0.8280632411067194,
    "support": 517.0
  },
  "3": {
    "precision": 0.7908689248895434,
    "recall": 0.6814720812182741,
    "f1-score": 0.7321063394683026,
    "support": 788.0
  },
  "accuracy": 0.8241140071254454,
  "macro avg": {
    "precision": 0.8207935749352734,
    "recall": 0.7974079099859779,
    "f1-score": 0.8076939558795224,
    "support": 5333.0
  },
  "weighted avg": {
    "precision": 0.826375061872693,
    "recall": 0.8241140071254454,
    "f1-score": 0.8242010840239657,
    "support": 5333.0
  }
}