{
  "0": {
    "precision": 0.9026143790849673,
    "recall": 0.9055737704918033,
    "f1-score": 0.9040916530278232,
    "support": 1525.0
  },
  "1": {
    "precision": 0.7260963335729691,
    "recall": 0.7628398791540786,
    "f1-score": 0.7440147329650092,
    "support": 1324.0
  },
  "2": {
    "precision": 0.8113207547169812,
    "recall": 0.8349514563106796,
    "f1-score": 0.8229665071770335,
    "support": 412.0
  },
  "3": {
    "precision": 0.7835671342685371,
    "recall": 0.6706689536878216,
    "f1-score": 0.722735674676525,
    "support": 583.0
  },
  "accuracy": 0.8132154006243496,
  "macro avg": {
    "precision": 0.8058996504108638,
    "recall": 0.7935085149110958,
    "f1-score": 0.7984521419615977,
    "support": 3844.0
  },
  "weighted avg": {
    "precision": 0.8139756149784442,
    "recall": 0.8132154006243496,
    "f1-score": 0.8127555610318561,
    "support": 3844.0
  }
}