{
  "0": {
    "precision": 0.8913467794404685,
    "recall": 0.898360655737705,
    "f1-score": 0.8948399738732854,
    "support": 1525.0
  },
  "1": {
    "precision": 0.6920462270564242,
    "recall": 0.7688821752265861,
    "f1-score": 0.728443649373882,
    "support": 1324.0
  },
  "2": {
    "precision": 0.8373983739837398,
    "recall": 0.75,
    "f1-score": 0.7912932138284251,
    "support": 412.0
  },
  "3": {
    "precision": 0.7665952890792291,
    "recall": 0.614065180102916,
    "f1-score": 0.6819047619047619,
    "support": 583.0
  },
  "accuracy": 0.7947450572320499,
  "macro avg": {
    "precision": 0.7968466673899653,
    "recall": 0.7578270027668017,
    "f1-score": 0.7741203997450886,
    "support": 3844.0
  },
  "weighted avg": {
    "precision": 0.7979984981487803,
    "recall": 0.7947450572320499,
    "f1-score": 0.7941346597855274,
    "support": 3844.0
  }
}