{
  "0": {
    "precision": 0.8964451313755796,
    "recall": 0.8964451313755796,
    "f1-score": 0.8964451313755796,
    "support": 647.0
  },
  "1": {
    "precision": 0.6754658385093167,
    "recall": 0.7166392092257001,
    "f1-score": 0.6954436450839329,
    "support": 607.0
  },
  "2": {
    "precision": 0.8125,
    "recall": 0.8465116279069768,
    "f1-score": 0.8291571753986332,
    "support": 215.0
  },
  "3": {
    "precision": 0.7830985915492957,
    "recall": 0.6932668329177057,
    "f1-score": 0.7354497354497355,
    "support": 401.0
  },
  "accuracy": 0.7887700534759359,
  "macro avg": {
    "precision": 0.791877390358548,
    "recall": 0.7882157003564906,
    "f1-score": 0.7891239218269702,
    "support": 1870.0
  },
  "weighted avg": {
    "precision": 0.7907581813831138,
    "recall": 0.7887700534759359,
    "f1-score": 0.7889403364663088,
    "support": 1870.0
  }
}