{
  "0": {
    "precision": 0.9121171770972037,
    "recall": 0.898360655737705,
    "f1-score": 0.905186653452263,
    "support": 1525.0
  },
  "1": {
    "precision": 0.7219477769936485,
    "recall": 0.7726586102719033,
    "f1-score": 0.7464429040496169,
    "support": 1324.0
  },
  "2": {
    "precision": 0.8188235294117647,
    "recall": 0.8446601941747572,
    "f1-score": 0.8315412186379928,
    "support": 412.0
  },
  "3": {
    "precision": 0.776,
    "recall": 0.6655231560891939,
    "f1-score": 0.716528162511542,
    "support": 583.0
  },
  "accuracy": 0.8139958376690947,
  "macro avg": {
    "precision": 0.8072221208756543,
    "recall": 0.7953006540683899,
    "f1-score": 0.7999247346628537,
    "support": 3844.0
  },
  "weighted avg": {
    "precision": 0.8159731649142751,
    "recall": 0.8139958376690947,
    "f1-score": 0.8140038897761384,
    "support": 3844.0
  }
}