{
  "0": {
    "precision": 0.9149816176470589,
    "recall": 0.9095477386934674,
    "f1-score": 0.9122565864833906,
    "support": 2189.0
  },
  "1": {
    "precision": 0.7427685950413223,
    "recall": 0.7819467101685699,
    "f1-score": 0.7618543046357615,
    "support": 1839.0
  },
  "2": {
    "precision": 0.8241965973534972,
    "recall": 0.8433268858800773,
    "f1-score": 0.8336520076481836,
    "support": 517.0
  },
  "3": {
    "precision": 0.7890173410404624,
    "recall": 0.6928934010152284,
    "f1-score": 0.7378378378378379,
    "support": 788.0
  },
  "accuracy": 0.8271141946371648,
  "macro avg": {
    "precision": 0.8177410377705852,
    "recall": 0.8069286839393358,
    "f1-score": 0.8114001841512934,
    "support": 5333.0
  },
  "weighted avg": {
    "precision": 0.8281832951213287,
    "recall": 0.8271141946371648,
    "f1-score": 0.8270005696995376,
    "support": 5333.0
  }
}