{
  "0": {
    "precision": 0.9134615384615384,
    "recall": 0.9113750571037004,
    "f1-score": 0.9124171049622685,
    "support": 2189.0
  },
  "1": {
    "precision": 0.7435098650051921,
    "recall": 0.7786840674279499,
    "f1-score": 0.7606905710491367,
    "support": 1839.0
  },
  "2": {
    "precision": 0.8197026022304833,
    "recall": 0.8529980657640233,
    "f1-score": 0.8360189573459715,
    "support": 517.0
  },
  "3": {
    "precision": 0.7897810218978102,
    "recall": 0.6865482233502538,
    "f1-score": 0.7345553292600135,
    "support": 788.0
  },
  "accuracy": 0.8267391711981998,
  "macro avg": {
    "precision": 0.816613756898756,
    "recall": 0.8074013534114819,
    "f1-score": 0.8109204906543475,
    "support": 5333.0
  },
  "weighted avg": {
    "precision": 0.8274921507679524,
    "recall": 0.8267391711981998,
    "f1-score": 0.8264096012238001,
    "support": 5333.0
  }
}