{
  "0": {
    "precision": 0.9080512351326624,
    "recall": 0.9068067610781179,
    "f1-score": 0.9074285714285715,
    "support": 2189.0
  },
  "1": {
    "precision": 0.7369238736406007,
    "recall": 0.7737901033170201,
    "f1-score": 0.7549071618037135,
    "support": 1839.0
  },
  "2": {
    "precision": 0.8183520599250936,
    "recall": 0.8452611218568665,
    "f1-score": 0.8315889628924833,
    "support": 517.0
  },
  "3": {
    "precision": 0.7903225806451613,
    "recall": 0.684010152284264,
    "f1-score": 0.7333333333333333,
    "support": 788.0
  },
  "accuracy": 0.8220513782111382,
  "macro avg": {
    "precision": 0.8134124373358795,
    "recall": 0.8024670346340672,
    "f1-score": 0.8068145073645254,
    "support": 5333.0
  },
  "weighted avg": {
    "precision": 0.8229494404388006,
    "recall": 0.8220513782111382,
    "f1-score": 0.8217576549589823,
    "support": 5333.0
  }
}