{
  "0": {
    "precision": 0.9044502617801047,
    "recall": 0.9062295081967213,
    "f1-score": 0.9053390108090403,
    "support": 1525.0
  },
  "1": {
    "precision": 0.7249097472924187,
    "recall": 0.7583081570996979,
    "f1-score": 0.7412329272794389,
    "support": 1324.0
  },
  "2": {
    "precision": 0.8154205607476636,
    "recall": 0.8470873786407767,
    "f1-score": 0.830952380952381,
    "support": 412.0
  },
  "3": {
    "precision": 0.7654075546719682,
    "recall": 0.660377358490566,
    "f1-score": 0.7090239410681399,
    "support": 583.0
  },
  "accuracy": 0.8116545265348595,
  "macro avg": {
    "precision": 0.8025470311230387,
    "recall": 0.7930006006069404,
    "f1-score": 0.7966370650272501,
    "support": 3844.0
  },
  "weighted avg": {
    "precision": 0.8119804968864769,
    "recall": 0.8116545265348595,
    "f1-score": 0.8110686071271775,
    "support": 3844.0
  }
}