{
  "0": {
    "precision": 0.9162833486660533,
    "recall": 0.9100045682960256,
    "f1-score": 0.9131331652532662,
    "support": 2189.0
  },
  "1": {
    "precision": 0.7483099323972959,
    "recall": 0.7824904839586732,
    "f1-score": 0.7650186071238703,
    "support": 1839.0
  },
  "2": {
    "precision": 0.8355899419729207,
    "recall": 0.8355899419729207,
    "f1-score": 0.8355899419729207,
    "support": 517.0
  },
  "3": {
    "precision": 0.780250347705146,
    "recall": 0.7119289340101523,
    "f1-score": 0.7445255474452555,
    "support": 788.0
  },
  "accuracy": 0.8295518469904369,
  "macro avg": {
    "precision": 0.8201083926853541,
    "recall": 0.810003482059443,
    "f1-score": 0.8145668154488281,
    "support": 5333.0
  },
  "weighted avg": {
    "precision": 0.8304375567035952,
    "recall": 0.8295518469904369,
    "f1-score": 0.8296275733409072,
    "support": 5333.0
  }
}