{
  "0": {
    "precision": 0.9056356487549148,
    "recall": 0.9062295081967213,
    "f1-score": 0.90593248115372,
    "support": 1525.0
  },
  "1": {
    "precision": 0.7221828490432317,
    "recall": 0.7696374622356495,
    "f1-score": 0.7451553930530165,
    "support": 1324.0
  },
  "2": {
    "precision": 0.8240963855421687,
    "recall": 0.8300970873786407,
    "f1-score": 0.8270858524788391,
    "support": 412.0
  },
  "3": {
    "precision": 0.7804878048780488,
    "recall": 0.6586620926243568,
    "f1-score": 0.7144186046511628,
    "support": 583.0
  },
  "accuracy": 0.8134755463059313,
  "macro avg": {
    "precision": 0.8081006720545909,
    "recall": 0.7911565376088421,
    "f1-score": 0.7981480828341846,
    "support": 3844.0
  },
  "weighted avg": {
    "precision": 0.8147285529583143,
    "recall": 0.8134755463059313,
    "f1-score": 0.81305884284457,
    "support": 3844.0
  }
}