{
  "0": {
    "precision": 0.9145129224652088,
    "recall": 0.9049180327868852,
    "f1-score": 0.9096901779828609,
    "support": 1525.0
  },
  "1": {
    "precision": 0.7216850828729282,
    "recall": 0.7892749244712991,
    "f1-score": 0.753968253968254,
    "support": 1324.0
  },
  "2": {
    "precision": 0.837378640776699,
    "recall": 0.837378640776699,
    "f1-score": 0.837378640776699,
    "support": 412.0
  },
  "3": {
    "precision": 0.7873684210526316,
    "recall": 0.6415094339622641,
    "f1-score": 0.7069943289224953,
    "support": 583.0
  },
  "accuracy": 0.81789802289282,
  "macro avg": {
    "precision": 0.8152362667918669,
    "recall": 0.7932702579992869,
    "f1-score": 0.8020078504125773,
    "support": 3844.0
  },
  "weighted avg": {
    "precision": 0.8205460577411251,
    "recall": 0.81789802289282,
    "f1-score": 0.8175622225389296,
    "support": 3844.0
  }
}