{
  "0": {
    "precision": 0.9056105610561056,
    "recall": 0.899672131147541,
    "f1-score": 0.9026315789473685,
    "support": 1525.0
  },
  "1": {
    "precision": 0.7194860813704497,
    "recall": 0.7613293051359517,
    "f1-score": 0.7398165137614678,
    "support": 1324.0
  },
  "2": {
    "precision": 0.8104265402843602,
    "recall": 0.8300970873786407,
    "f1-score": 0.8201438848920863,
    "support": 412.0
  },
  "3": {
    "precision": 0.7687747035573123,
    "recall": 0.6672384219554031,
    "f1-score": 0.7144168962350781,
    "support": 583.0
  },
  "accuracy": 0.8093132154006244,
  "macro avg": {
    "precision": 0.801074471567057,
    "recall": 0.7895842364043841,
    "f1-score": 0.7942522184590002,
    "support": 3844.0
  },
  "weighted avg": {
    "precision": 0.8105481436306208,
    "recall": 0.8093132154006244,
    "f1-score": 0.8091661168562723,
    "support": 3844.0
  }
}