{
  "0": {
    "precision": 0.9044502617801047,
    "recall": 0.9062295081967213,
    "f1-score": 0.9053390108090403,
    "support": 1525.0
  },
  "1": {
    "precision": 0.7232524964336662,
    "recall": 0.7658610271903323,
    "f1-score": 0.743947175348496,
    "support": 1324.0
  },
  "2": {
    "precision": 0.8171021377672208,
    "recall": 0.8349514563106796,
    "f1-score": 0.8259303721488596,
    "support": 412.0
  },
  "3": {
    "precision": 0.7768762677484787,
    "recall": 0.6569468267581475,
    "f1-score": 0.7118959107806692,
    "support": 583.0
  },
  "accuracy": 0.8124349635796045,
  "macro avg": {
    "precision": 0.8054202909323676,
    "recall": 0.7909972046139702,
    "f1-score": 0.7967781172717663,
    "support": 3844.0
  },
  "weighted avg": {
    "precision": 0.8133293182492956,
    "recall": 0.8124349635796045,
    "f1-score": 0.8119008014973089,
    "support": 3844.0
  }
}