{
  "0": {
    "precision": 0.906578947368421,
    "recall": 0.9036065573770492,
    "f1-score": 0.9050903119868637,
    "support": 1525.0
  },
  "1": {
    "precision": 0.710261569416499,
    "recall": 0.7998489425981873,
    "f1-score": 0.7523978685612789,
    "support": 1324.0
  },
  "2": {
    "precision": 0.8814016172506739,
    "recall": 0.7936893203883495,
    "f1-score": 0.8352490421455939,
    "support": 412.0
  },
  "3": {
    "precision": 0.7835497835497836,
    "recall": 0.6209262435677531,
    "f1-score": 0.692822966507177,
    "support": 583.0
  },
  "accuracy": 0.8132154006243496,
  "macro avg": {
    "precision": 0.8204479793963444,
    "recall": 0.7795177659828347,
    "f1-score": 0.7963900473002283,
    "support": 3844.0
  },
  "weighted avg": {
    "precision": 0.8176030704373278,
    "recall": 0.8132154006243496,
    "f1-score": 0.8128189122249659,
    "support": 3844.0
  }
}