{
  "0": {
    "precision": 0.890937019969278,
    "recall": 0.8964451313755796,
    "f1-score": 0.8936825885978429,
    "support": 647.0
  },
  "1": {
    "precision": 0.6728971962616822,
    "recall": 0.7116968698517299,
    "f1-score": 0.6917534027221778,
    "support": 607.0
  },
  "2": {
    "precision": 0.8070175438596491,
    "recall": 0.8558139534883721,
    "f1-score": 0.8306997742663657,
    "support": 215.0
  },
  "3": {
    "precision": 0.7908309455587392,
    "recall": 0.6882793017456359,
    "f1-score": 0.736,
    "support": 401.0
  },
  "accuracy": 0.7871657754010695,
  "macro avg": {
    "precision": 0.7904206764123372,
    "recall": 0.7880588141153293,
    "f1-score": 0.7880339413965967,
    "support": 1870.0
  },
  "weighted avg": {
    "precision": 0.7890464337699695,
    "recall": 0.7871657754010695,
    "f1-score": 0.7870820330173449,
    "support": 1870.0
  }
}