{
  "0": {
    "precision": 0.8894080996884736,
    "recall": 0.8825347758887172,
    "f1-score": 0.8859581070597362,
    "support": 647.0
  },
  "1": {
    "precision": 0.665079365079365,
    "recall": 0.6902800658978583,
    "f1-score": 0.677445432497979,
    "support": 607.0
  },
  "2": {
    "precision": 0.7962085308056872,
    "recall": 0.7813953488372093,
    "f1-score": 0.7887323943661971,
    "support": 215.0
  },
  "3": {
    "precision": 0.751937984496124,
    "recall": 0.7256857855361596,
    "f1-score": 0.7385786802030457,
    "support": 401.0
  },
  "accuracy": 0.7748663101604278,
  "macro avg": {
    "precision": 0.7756584950174125,
    "recall": 0.7699739940399861,
    "f1-score": 0.7726786535317395,
    "support": 1870.0
  },
  "weighted avg": {
    "precision": 0.7763968882394576,
    "recall": 0.7748663101604278,
    "f1-score": 0.7754929349433562,
    "support": 1870.0
  }
}