{
  "0": {
    "precision": 0.8987589810581319,
    "recall": 0.9022950819672131,
    "f1-score": 0.900523560209424,
    "support": 1525.0
  },
  "1": {
    "precision": 0.7213114754098361,
    "recall": 0.7643504531722054,
    "f1-score": 0.7422075540887422,
    "support": 1324.0
  },
  "2": {
    "precision": 0.8417085427135679,
    "recall": 0.8131067961165048,
    "f1-score": 0.8271604938271605,
    "support": 412.0
  },
  "3": {
    "precision": 0.76953125,
    "recall": 0.6758147512864494,
    "f1-score": 0.719634703196347,
    "support": 583.0
  },
  "accuracy": 0.8108740894901144,
  "macro avg": {
    "precision": 0.807827562295384,
    "recall": 0.7888917706355932,
    "f1-score": 0.7973815778304184,
    "support": 3844.0
  },
  "weighted avg": {
    "precision": 0.8119262429511613,
    "recall": 0.8108740894901144,
    "f1-score": 0.8106967706433732,
    "support": 3844.0
  }
}