{
  "0": {
    "precision": 0.9126406353408338,
    "recall": 0.9042622950819672,
    "f1-score": 0.9084321475625824,
    "support": 1525.0
  },
  "1": {
    "precision": 0.729616724738676,
    "recall": 0.790785498489426,
    "f1-score": 0.7589706415367887,
    "support": 1324.0
  },
  "2": {
    "precision": 0.8427518427518428,
    "recall": 0.8325242718446602,
    "f1-score": 0.8376068376068376,
    "support": 412.0
  },
  "3": {
    "precision": 0.7861507128309573,
    "recall": 0.6620926243567753,
    "f1-score": 0.7188081936685289,
    "support": 583.0
  },
  "accuracy": 0.8207596253902185,
  "macro avg": {
    "precision": 0.8177899789155774,
    "recall": 0.7974161724432072,
    "f1-score": 0.8059544550936845,
    "support": 3844.0
  },
  "weighted avg": {
    "precision": 0.8229264144752825,
    "recall": 0.8207596253902185,
    "f1-score": 0.8206023278955296,
    "support": 3844.0
  }
}