{
  "0": {
    "precision": 0.9070533948582729,
    "recall": 0.9022950819672131,
    "f1-score": 0.9046679815910585,
    "support": 1525.0
  },
  "1": {
    "precision": 0.7180028129395218,
    "recall": 0.7711480362537765,
    "f1-score": 0.7436270939548434,
    "support": 1324.0
  },
  "2": {
    "precision": 0.8218527315914489,
    "recall": 0.8398058252427184,
    "f1-score": 0.8307322929171669,
    "support": 412.0
  },
  "3": {
    "precision": 0.7789256198347108,
    "recall": 0.6466552315608919,
    "f1-score": 0.7066541705716963,
    "support": 583.0
  },
  "accuracy": 0.8116545265348595,
  "macro avg": {
    "precision": 0.8064586398059886,
    "recall": 0.7899760437561499,
    "f1-score": 0.7964203847586913,
    "support": 3844.0
  },
  "weighted avg": {
    "precision": 0.8133738588111619,
    "recall": 0.8116545265348595,
    "f1-score": 0.8112440245701739,
    "support": 3844.0
  }
}