{
  "0": {
    "precision": 0.8822393822393823,
    "recall": 0.899016393442623,
    "f1-score": 0.8905488795063332,
    "support": 1525.0
  },
  "1": {
    "precision": 0.6681388012618297,
    "recall": 0.7998489425981873,
    "f1-score": 0.7280852526641458,
    "support": 1324.0
  },
  "2": {
    "precision": 0.8865248226950354,
    "recall": 0.6067961165048543,
    "f1-score": 0.7204610951008645,
    "support": 412.0
  },
  "3": {
    "precision": 0.7825059101654847,
    "recall": 0.5677530017152659,
    "f1-score": 0.658051689860835,
    "support": 583.0
  },
  "accuracy": 0.7832986472424558,
  "macro avg": {
    "precision": 0.804852229090433,
    "recall": 0.7183536135652326,
    "f1-score": 0.7492867292830446,
    "support": 3844.0
  },
  "weighted avg": {
    "precision": 0.7938293453076359,
    "recall": 0.7832986472424558,
    "f1-score": 0.7810993814112669,
    "support": 3844.0
  }
}