{
  "0": {
    "precision": 0.8982712765957447,
    "recall": 0.8859016393442622,
    "f1-score": 0.8920435787388578,
    "support": 1525.0
  },
  "1": {
    "precision": 0.7363796133567663,
    "recall": 0.6329305135951662,
    "f1-score": 0.6807473598700243,
    "support": 1324.0
  },
  "2": {
    "precision": 0.707089552238806,
    "recall": 0.9199029126213593,
    "f1-score": 0.79957805907173,
    "support": 412.0
  },
  "3": {
    "precision": 0.6681681681681682,
    "recall": 0.7632933104631218,
    "f1-score": 0.7125700560448359,
    "support": 583.0
  },
  "accuracy": 0.7838189386056191,
  "macro avg": {
    "precision": 0.7524771525898712,
    "recall": 0.8005070940059774,
    "f1-score": 0.771234763431362,
    "support": 3844.0
  },
  "weighted avg": {
    "precision": 0.7871210308161548,
    "recall": 0.7838189386056191,
    "f1-score": 0.78213591702819,
    "support": 3844.0
  }
}