{
  "0": {
    "precision": 0.9074074074074074,
    "recall": 0.899672131147541,
    "f1-score": 0.903523213697728,
    "support": 1525.0
  },
  "1": {
    "precision": 0.7212765957446808,
    "recall": 0.7681268882175226,
    "f1-score": 0.7439648866130212,
    "support": 1324.0
  },
  "2": {
    "precision": 0.8218527315914489,
    "recall": 0.8398058252427184,
    "f1-score": 0.8307322929171669,
    "support": 412.0
  },
  "3": {
    "precision": 0.7724550898203593,
    "recall": 0.6638078902229846,
    "f1-score": 0.7140221402214022,
    "support": 583.0
  },
  "accuracy": 0.8121748178980229,
  "macro avg": {
    "precision": 0.8057479561409742,
    "recall": 0.7928531837076916,
    "f1-score": 0.7980606333623295,
    "support": 3844.0
  },
  "weighted avg": {
    "precision": 0.8136605493868886,
    "recall": 0.8121748178980229,
    "f1-score": 0.8120236792912657,
    "support": 3844.0
  }
}