{
  "0": {
    "precision": 0.9135407136322049,
    "recall": 0.9122887163088168,
    "f1-score": 0.9129142857142857,
    "support": 2189.0
  },
  "1": {
    "precision": 0.7429451000513083,
    "recall": 0.7873844480696031,
    "f1-score": 0.764519535374868,
    "support": 1839.0
  },
  "2": {
    "precision": 0.8484848484848485,
    "recall": 0.8123791102514507,
    "f1-score": 0.8300395256916996,
    "support": 517.0
  },
  "3": {
    "precision": 0.786628733997155,
    "recall": 0.7017766497461929,
    "f1-score": 0.7417840375586855,
    "support": 788.0
  },
  "accuracy": 0.8284267766735421,
  "macro avg": {
    "precision": 0.8228998490413791,
    "recall": 0.8034572310940159,
    "f1-score": 0.8123143460848847,
    "support": 5333.0
  },
  "weighted avg": {
    "precision": 0.82965437280924,
    "recall": 0.8284267766735421,
    "f1-score": 0.8284224739099582,
    "support": 5333.0
  }
}