{
  "0": {
    "precision": 0.9062706270627062,
    "recall": 0.900327868852459,
    "f1-score": 0.9032894736842105,
    "support": 1525.0
  },
  "1": {
    "precision": 0.7178947368421053,
    "recall": 0.7726586102719033,
    "f1-score": 0.7442706438704983,
    "support": 1324.0
  },
  "2": {
    "precision": 0.8374384236453202,
    "recall": 0.8252427184466019,
    "f1-score": 0.8312958435207825,
    "support": 412.0
  },
  "3": {
    "precision": 0.7690763052208835,
    "recall": 0.6569468267581475,
    "f1-score": 0.7086031452358927,
    "support": 583.0
  },
  "accuracy": 0.8113943808532779,
  "macro avg": {
    "precision": 0.8076700231927538,
    "recall": 0.788794006082278,
    "f1-score": 0.796864776577846,
    "support": 3844.0
  },
  "weighted avg": {
    "precision": 0.8132027716792979,
    "recall": 0.8113943808532779,
    "f1-score": 0.8112747921581812,
    "support": 3844.0
  }
}