{
  "0": {
    "precision": 0.9195189639222942,
    "recall": 0.9081772498857926,
    "f1-score": 0.9138129165709032,
    "support": 2189.0
  },
  "1": {
    "precision": 0.7347956131605184,
    "recall": 0.8015225666122893,
    "f1-score": 0.7667100130039012,
    "support": 1839.0
  },
  "2": {
    "precision": 0.8198874296435272,
    "recall": 0.8452611218568665,
    "f1-score": 0.8323809523809523,
    "support": 517.0
  },
  "3": {
    "precision": 0.8117088607594937,
    "recall": 0.6510152284263959,
    "f1-score": 0.7225352112676057,
    "support": 788.0
  },
  "accuracy": 0.8273017063566472,
  "macro avg": {
    "precision": 0.8214777168714583,
    "recall": 0.801494041695336,
    "f1-score": 0.8088597733058407,
    "support": 5333.0
  },
  "weighted avg": {
    "precision": 0.8302314884740821,
    "recall": 0.8273017063566472,
    "f1-score": 0.826929474432347,
    "support": 5333.0
  }
}