{
  "0": {
    "precision": 0.9104613978985838,
    "recall": 0.9104613978985838,
    "f1-score": 0.9104613978985838,
    "support": 2189.0
  },
  "1": {
    "precision": 0.7402799377916018,
    "recall": 0.7765089722675367,
    "f1-score": 0.7579617834394905,
    "support": 1839.0
  },
  "2": {
    "precision": 0.8216318785578748,
    "recall": 0.8375241779497099,
    "f1-score": 0.8295019157088123,
    "support": 517.0
  },
  "3": {
    "precision": 0.7892441860465116,
    "recall": 0.6890862944162437,
    "f1-score": 0.7357723577235772,
    "support": 788.0
  },
  "accuracy": 0.8244890305644103,
  "macro avg": {
    "precision": 0.815404350073643,
    "recall": 0.8033952106330184,
    "f1-score": 0.8084243636926159,
    "support": 5333.0
  },
  "weighted avg": {
    "precision": 0.8252546231797916,
    "recall": 0.8244890305644103,
    "f1-score": 0.8242139186298252,
    "support": 5333.0
  }
}