{
  "0": {
    "precision": 0.9183768656716418,
    "recall": 0.8994974874371859,
    "f1-score": 0.908839141472421,
    "support": 2189.0
  },
  "1": {
    "precision": 0.7209077740222115,
    "recall": 0.8118542686242524,
    "f1-score": 0.7636828644501279,
    "support": 1839.0
  },
  "2": {
    "precision": 0.8404040404040404,
    "recall": 0.804642166344294,
    "f1-score": 0.8221343873517787,
    "support": 517.0
  },
  "3": {
    "precision": 0.8138041733547352,
    "recall": 0.6434010152284264,
    "f1-score": 0.7186392629340893,
    "support": 788.0
  },
  "accuracy": 0.8222388899306207,
  "macro avg": {
    "precision": 0.8233732133631573,
    "recall": 0.7898487344085396,
    "f1-score": 0.8033239140521042,
    "support": 5333.0
  },
  "weighted avg": {
    "precision": 0.8272722544298691,
    "recall": 0.8222388899306207,
    "f1-score": 0.8222750582898644,
    "support": 5333.0
  }
}