{
  "0": {
    "precision": 0.9187180678123549,
    "recall": 0.9036089538602101,
    "f1-score": 0.9111008751727314,
    "support": 2189.0
  },
  "1": {
    "precision": 0.7318407960199005,
    "recall": 0.7998912452419793,
    "f1-score": 0.7643543777604572,
    "support": 1839.0
  },
  "2": {
    "precision": 0.8144712430426716,
    "recall": 0.8491295938104448,
    "f1-score": 0.8314393939393939,
    "support": 517.0
  },
  "3": {
    "precision": 0.8145800316957211,
    "recall": 0.6522842639593909,
    "f1-score": 0.7244538407329105,
    "support": 788.0
  },
  "accuracy": 0.8254265891618227,
  "macro avg": {
    "precision": 0.8199025346426619,
    "recall": 0.8012285142180062,
    "f1-score": 0.8078371219013732,
    "support": 5333.0
  },
  "weighted avg": {
    "precision": 0.8287830061787232,
    "recall": 0.8254265891618227,
    "f1-score": 0.8251961953157303,
    "support": 5333.0
  }
}