{
  "0": {
    "precision": 0.901909150757077,
    "recall": 0.898360655737705,
    "f1-score": 0.900131406044678,
    "support": 1525.0
  },
  "1": {
    "precision": 0.7182203389830508,
    "recall": 0.7681268882175226,
    "f1-score": 0.7423357664233576,
    "support": 1324.0
  },
  "2": {
    "precision": 0.8126463700234192,
    "recall": 0.8422330097087378,
    "f1-score": 0.8271752085816448,
    "support": 412.0
  },
  "3": {
    "precision": 0.7925311203319502,
    "recall": 0.6552315608919382,
    "f1-score": 0.7173708920187793,
    "support": 583.0
  },
  "accuracy": 0.8106139438085328,
  "macro avg": {
    "precision": 0.8063267450238742,
    "recall": 0.790988028638976,
    "f1-score": 0.7967533182671149,
    "support": 3844.0
  },
  "weighted avg": {
    "precision": 0.81248468556745,
    "recall": 0.8106139438085328,
    "f1-score": 0.8102435912968902,
    "support": 3844.0
  }
}