{
  "0": {
    "precision": 0.8996399639963997,
    "recall": 0.9132023755139334,
    "f1-score": 0.9063704375425073,
    "support": 2189.0
  },
  "1": {
    "precision": 0.7061032863849765,
    "recall": 0.8178357803153888,
    "f1-score": 0.7578735197782817,
    "support": 1839.0
  },
  "2": {
    "precision": 0.8717948717948718,
    "recall": 0.723404255319149,
    "f1-score": 0.7906976744186046,
    "support": 517.0
  },
  "3": {
    "precision": 0.8514492753623188,
    "recall": 0.5964467005076142,
    "f1-score": 0.7014925373134329,
    "support": 788.0
  },
  "accuracy": 0.8151134445902869,
  "macro avg": {
    "precision": 0.8322468493846417,
    "recall": 0.7627222779140213,
    "f1-score": 0.7891085422632066,
    "support": 5333.0
  },
  "weighted avg": {
    "precision": 0.82308190559789,
    "recall": 0.8151134445902869,
    "f1-score": 0.8136773125314479,
    "support": 5333.0
  }
}