{
  "0": {
    "precision": 0.8892355694227769,
    "recall": 0.8809891808346213,
    "f1-score": 0.8850931677018633,
    "support": 647.0
  },
  "1": {
    "precision": 0.6630602782071098,
    "recall": 0.7067545304777595,
    "f1-score": 0.6842105263157895,
    "support": 607.0
  },
  "2": {
    "precision": 0.7980769230769231,
    "recall": 0.772093023255814,
    "f1-score": 0.7848699763593381,
    "support": 215.0
  },
  "3": {
    "precision": 0.7593582887700535,
    "recall": 0.7082294264339152,
    "f1-score": 0.7329032258064516,
    "support": 401.0
  },
  "accuracy": 0.7748663101604278,
  "macro avg": {
    "precision": 0.7774327648692158,
    "recall": 0.7670165402505275,
    "f1-score": 0.7717692240458606,
    "support": 1870.0
  },
  "weighted avg": {
    "precision": 0.777487815265552,
    "recall": 0.7748663101604278,
    "f1-score": 0.7757285066537083,
    "support": 1870.0
  }
}