{
  "0": {
    "precision": 0.9152542372881356,
    "recall": 0.912745545911375,
    "f1-score": 0.9139981701738334,
    "support": 2189.0
  },
  "1": {
    "precision": 0.7425897035881436,
    "recall": 0.7765089722675367,
    "f1-score": 0.759170653907496,
    "support": 1839.0
  },
  "2": {
    "precision": 0.8257575757575758,
    "recall": 0.8433268858800773,
    "f1-score": 0.8344497607655502,
    "support": 517.0
  },
  "3": {
    "precision": 0.7796852646638054,
    "recall": 0.6916243654822335,
    "f1-score": 0.7330195023537324,
    "support": 788.0
  },
  "accuracy": 0.826364147759235,
  "macro avg": {
    "precision": 0.8158216953244151,
    "recall": 0.8060514423853057,
    "f1-score": 0.810159521800153,
    "support": 5333.0
  },
  "weighted avg": {
    "precision": 0.8270059339103826,
    "recall": 0.826364147759235,
    "f1-score": 0.8261553949403595,
    "support": 5333.0
  }
}