{
  "0": {
    "precision": 0.9029508196721312,
    "recall": 0.9029508196721312,
    "f1-score": 0.9029508196721312,
    "support": 1525.0
  },
  "1": {
    "precision": 0.7235714285714285,
    "recall": 0.7651057401812689,
    "f1-score": 0.7437591776798825,
    "support": 1324.0
  },
  "2": {
    "precision": 0.8117647058823529,
    "recall": 0.837378640776699,
    "f1-score": 0.8243727598566308,
    "support": 412.0
  },
  "3": {
    "precision": 0.7834008097165992,
    "recall": 0.6638078902229846,
    "f1-score": 0.7186629526462396,
    "support": 583.0
  },
  "accuracy": 0.8121748178980229,
  "macro avg": {
    "precision": 0.805421940960628,
    "recall": 0.7923107727132709,
    "f1-score": 0.7974364274637211,
    "support": 3844.0
  },
  "weighted avg": {
    "precision": 0.8132617852021015,
    "recall": 0.8121748178980229,
    "f1-score": 0.8117479785904927,
    "support": 3844.0
  }
}