{
  "0": {
    "precision": 0.9093821510297483,
    "recall": 0.9077204202832344,
    "f1-score": 0.9085505258344765,
    "support": 2189.0
  },
  "1": {
    "precision": 0.7219488188976378,
    "recall": 0.797716150081566,
    "f1-score": 0.757943683802635,
    "support": 1839.0
  },
  "2": {
    "precision": 0.8329979879275654,
    "recall": 0.8007736943907157,
    "f1-score": 0.8165680473372781,
    "support": 517.0
  },
  "3": {
    "precision": 0.8174474959612278,
    "recall": 0.6421319796954315,
    "f1-score": 0.7192608386638237,
    "support": 788.0
  },
  "accuracy": 0.8201762610163135,
  "macro avg": {
    "precision": 0.8204441134540448,
    "recall": 0.7870855611127369,
    "f1-score": 0.8005807739095534,
    "support": 5333.0
  },
  "weighted avg": {
    "precision": 0.8237596086879568,
    "recall": 0.8201762610163135,
    "f1-score": 0.8197297500290982,
    "support": 5333.0
  }
}