{
  "0": {
    "precision": 0.8793363499245852,
    "recall": 0.9010819165378671,
    "f1-score": 0.8900763358778626,
    "support": 647.0
  },
  "1": {
    "precision": 0.6651017214397497,
    "recall": 0.700164744645799,
    "f1-score": 0.6821829855537721,
    "support": 607.0
  },
  "2": {
    "precision": 0.8026905829596412,
    "recall": 0.8325581395348837,
    "f1-score": 0.817351598173516,
    "support": 215.0
  },
  "3": {
    "precision": 0.7913043478260869,
    "recall": 0.6807980049875312,
    "f1-score": 0.7319034852546917,
    "support": 401.0
  },
  "accuracy": 0.7807486631016043,
  "macro avg": {
    "precision": 0.7846082505375157,
    "recall": 0.7786507014265203,
    "f1-score": 0.7803786012149605,
    "support": 1870.0
  },
  "weighted avg": {
    "precision": 0.7821063540800633,
    "recall": 0.7807486631016043,
    "f1-score": 0.7803146271329167,
    "support": 1870.0
  }
}