{
  "0": {
    "precision": 0.9094650205761317,
    "recall": 0.9086340794883508,
    "f1-score": 0.9090493601462523,
    "support": 2189.0
  },
  "1": {
    "precision": 0.7349949135300101,
    "recall": 0.7857531266992931,
    "f1-score": 0.759526938239159,
    "support": 1839.0
  },
  "2": {
    "precision": 0.8240917782026769,
    "recall": 0.8336557059961315,
    "f1-score": 0.8288461538461539,
    "support": 517.0
  },
  "3": {
    "precision": 0.8051750380517504,
    "recall": 0.6713197969543148,
    "f1-score": 0.7321799307958478,
    "support": 788.0
  },
  "accuracy": 0.8239264954059629,
  "macro avg": {
    "precision": 0.8184316875901423,
    "recall": 0.7998406772845226,
    "f1-score": 0.8074005957568533,
    "support": 5333.0
  },
  "weighted avg": {
    "precision": 0.8256155926004882,
    "recall": 0.8239264954059629,
    "f1-score": 0.823579661689021,
    "support": 5333.0
  }
}