{
  "0": {
    "precision": 0.9122923588039867,
    "recall": 0.900327868852459,
    "f1-score": 0.9062706270627062,
    "support": 1525.0
  },
  "1": {
    "precision": 0.724841660802252,
    "recall": 0.7779456193353474,
    "f1-score": 0.7504553734061931,
    "support": 1324.0
  },
  "2": {
    "precision": 0.8169014084507042,
    "recall": 0.8446601941747572,
    "f1-score": 0.8305489260143198,
    "support": 412.0
  },
  "3": {
    "precision": 0.7865853658536586,
    "recall": 0.6638078902229846,
    "f1-score": 0.72,
    "support": 583.0
  },
  "accuracy": 0.8163371488033299,
  "macro avg": {
    "precision": 0.8101551984776504,
    "recall": 0.7966853931463871,
    "f1-score": 0.8018187316208047,
    "support": 3844.0
  },
  "weighted avg": {
    "precision": 0.8184388279533389,
    "recall": 0.8163371488033299,
    "f1-score": 0.8162361545729259,
    "support": 3844.0
  }
}