{
  "0": {
    "precision": 0.9079552925706772,
    "recall": 0.9055737704918033,
    "f1-score": 0.9067629678266579,
    "support": 1525.0
  },
  "1": {
    "precision": 0.728898426323319,
    "recall": 0.7696374622356495,
    "f1-score": 0.748714180749449,
    "support": 1324.0
  },
  "2": {
    "precision": 0.8207547169811321,
    "recall": 0.8446601941747572,
    "f1-score": 0.8325358851674641,
    "support": 412.0
  },
  "3": {
    "precision": 0.780439121756487,
    "recall": 0.6706689536878216,
    "f1-score": 0.7214022140221402,
    "support": 583.0
  },
  "accuracy": 0.8165972944849116,
  "macro avg": {
    "precision": 0.8095118894079039,
    "recall": 0.797635095147508,
    "f1-score": 0.8023538119414279,
    "support": 3844.0
  },
  "weighted avg": {
    "precision": 0.8175963290849677,
    "recall": 0.8165972944849116,
    "f1-score": 0.8162573820790392,
    "support": 3844.0
  }
}