{
  "0": {
    "precision": 0.9121983914209115,
    "recall": 0.8924590163934426,
    "f1-score": 0.9022207490884985,
    "support": 1525.0
  },
  "1": {
    "precision": 0.7068723702664796,
    "recall": 0.7613293051359517,
    "f1-score": 0.7330909090909091,
    "support": 1324.0
  },
  "2": {
    "precision": 0.8276699029126213,
    "recall": 0.8276699029126213,
    "f1-score": 0.8276699029126213,
    "support": 412.0
  },
  "3": {
    "precision": 0.7412451361867705,
    "recall": 0.6535162950257289,
    "f1-score": 0.6946216955332726,
    "support": 583.0
  },
  "accuracy": 0.8041103017689907,
  "macro avg": {
    "precision": 0.7969964501966957,
    "recall": 0.7837436298669361,
    "f1-score": 0.7894008141563253,
    "support": 3844.0
  },
  "weighted avg": {
    "precision": 0.8064899790703945,
    "recall": 0.8041103017689907,
    "f1-score": 0.8044910131353334,
    "support": 3844.0
  }
}