{
  "0": {
    "precision": 0.8813559322033898,
    "recall": 0.884080370942813,
    "f1-score": 0.8827160493827161,
    "support": 647.0
  },
  "1": {
    "precision": 0.6618819776714514,
    "recall": 0.6836902800658978,
    "f1-score": 0.6726094003241491,
    "support": 607.0
  },
  "2": {
    "precision": 0.8018867924528302,
    "recall": 0.7906976744186046,
    "f1-score": 0.7962529274004684,
    "support": 215.0
  },
  "3": {
    "precision": 0.7513089005235603,
    "recall": 0.71571072319202,
    "f1-score": 0.7330779054916986,
    "support": 401.0
  },
  "accuracy": 0.772192513368984,
  "macro avg": {
    "precision": 0.7741084007128078,
    "recall": 0.7685447621548339,
    "f1-score": 0.7711640706497581,
    "support": 1870.0
  },
  "weighted avg": {
    "precision": 0.7730910043152248,
    "recall": 0.772192513368984,
    "f1-score": 0.7724865291126457,
    "support": 1870.0
  }
}