{
  "0": {
    "precision": 0.9114927344782034,
    "recall": 0.9049180327868852,
    "f1-score": 0.9081934846989141,
    "support": 1525.0
  },
  "1": {
    "precision": 0.7303609341825902,
    "recall": 0.7794561933534743,
    "f1-score": 0.7541103397880892,
    "support": 1324.0
  },
  "2": {
    "precision": 0.8333333333333334,
    "recall": 0.837378640776699,
    "f1-score": 0.8353510895883777,
    "support": 412.0
  },
  "3": {
    "precision": 0.7793240556660039,
    "recall": 0.6723842195540308,
    "f1-score": 0.7219152854511971,
    "support": 583.0
  },
  "accuracy": 0.8191987513007284,
  "macro avg": {
    "precision": 0.8136277644150327,
    "recall": 0.7985342716177724,
    "f1-score": 0.8048925498816445,
    "support": 3844.0
  },
  "weighted avg": {
    "precision": 0.8206825064317439,
    "recall": 0.8191987513007284,
    "f1-score": 0.8190630630524801,
    "support": 3844.0
  }
}