{
  "0": {
    "precision": 0.8945736434108527,
    "recall": 0.8918083462132921,
    "f1-score": 0.8931888544891641,
    "support": 647.0
  },
  "1": {
    "precision": 0.6697388632872504,
    "recall": 0.7182866556836903,
    "f1-score": 0.6931637519872814,
    "support": 607.0
  },
  "2": {
    "precision": 0.8071748878923767,
    "recall": 0.8372093023255814,
    "f1-score": 0.821917808219178,
    "support": 215.0
  },
  "3": {
    "precision": 0.7834757834757835,
    "recall": 0.685785536159601,
    "f1-score": 0.7313829787234043,
    "support": 401.0
  },
  "accuracy": 0.7850267379679144,
  "macro avg": {
    "precision": 0.7887407945165659,
    "recall": 0.7832724600955412,
    "f1-score": 0.784913348354757,
    "support": 1870.0
  },
  "weighted avg": {
    "precision": 0.7877203354934934,
    "recall": 0.7850267379679144,
    "f1-score": 0.785369245746512,
    "support": 1870.0
  }
}