{
  "0": {
    "precision": 0.8972850678733032,
    "recall": 0.9058931018730013,
    "f1-score": 0.9015685383041601,
    "support": 2189.0
  },
  "1": {
    "precision": 0.7055214723926381,
    "recall": 0.8129418162044589,
    "f1-score": 0.7554320363820111,
    "support": 1839.0
  },
  "2": {
    "precision": 0.8919667590027701,
    "recall": 0.6228239845261122,
    "f1-score": 0.7334851936218679,
    "support": 517.0
  },
  "3": {
    "precision": 0.8087091757387247,
    "recall": 0.6598984771573604,
    "f1-score": 0.726764500349406,
    "support": 788.0
  },
  "accuracy": 0.8100506281642602,
  "macro avg": {
    "precision": 0.8258706187518591,
    "recall": 0.7503893449402332,
    "f1-score": 0.7793125671643613,
    "support": 5333.0
  },
  "weighted avg": {
    "precision": 0.8175549683463846,
    "recall": 0.8100506281642602,
    "f1-score": 0.8090521876302573,
    "support": 5333.0
  }
}