{
  "0": {
    "precision": 0.9111842105263158,
    "recall": 0.9081967213114754,
    "f1-score": 0.909688013136289,
    "support": 1525.0
  },
  "1": {
    "precision": 0.7293016558675306,
    "recall": 0.7651057401812689,
    "f1-score": 0.746774788057501,
    "support": 1324.0
  },
  "2": {
    "precision": 0.84,
    "recall": 0.8155339805825242,
    "f1-score": 0.8275862068965517,
    "support": 412.0
  },
  "3": {
    "precision": 0.7514018691588785,
    "recall": 0.6895368782161235,
    "f1-score": 0.7191413237924866,
    "support": 583.0
  },
  "accuracy": 0.8158168574401665,
  "macro avg": {
    "precision": 0.8079719338881812,
    "recall": 0.794593330072848,
    "f1-score": 0.800797582970707,
    "support": 3844.0
  },
  "weighted avg": {
    "precision": 0.8166749748025152,
    "recall": 0.8158168574401665,
    "f1-score": 0.8158764173864128,
    "support": 3844.0
  }
}