{
  "0": {
    "precision": 0.9026315789473685,
    "recall": 0.899672131147541,
    "f1-score": 0.9011494252873563,
    "support": 1525.0
  },
  "1": {
    "precision": 0.7085048010973937,
    "recall": 0.7802114803625377,
    "f1-score": 0.7426312005751258,
    "support": 1324.0
  },
  "2": {
    "precision": 0.8246913580246914,
    "recall": 0.8106796116504854,
    "f1-score": 0.817625458996328,
    "support": 412.0
  },
  "3": {
    "precision": 0.8004338394793926,
    "recall": 0.6329331046312179,
    "f1-score": 0.7068965517241379,
    "support": 583.0
  },
  "accuracy": 0.8085327783558793,
  "macro avg": {
    "precision": 0.8090653943872115,
    "recall": 0.7808740819479455,
    "f1-score": 0.792075659145737,
    "support": 3844.0
  },
  "weighted avg": {
    "precision": 0.8119144855541999,
    "recall": 0.8085327783558793,
    "f1-score": 0.8081370868590907,
    "support": 3844.0
  }
}