{
  "0": {
    "precision": 0.9101198402130493,
    "recall": 0.8963934426229508,
    "f1-score": 0.903204492897258,
    "support": 1525.0
  },
  "1": {
    "precision": 0.7192362093352193,
    "recall": 0.7681268882175226,
    "f1-score": 0.7428780131482834,
    "support": 1324.0
  },
  "2": {
    "precision": 0.8164705882352942,
    "recall": 0.8422330097087378,
    "f1-score": 0.8291517323775388,
    "support": 412.0
  },
  "3": {
    "precision": 0.7693836978131213,
    "recall": 0.6638078902229846,
    "f1-score": 0.712707182320442,
    "support": 583.0
  },
  "accuracy": 0.8111342351716961,
  "macro avg": {
    "precision": 0.803802583899171,
    "recall": 0.7926403076930489,
    "f1-score": 0.7969853551858804,
    "support": 3844.0
  },
  "weighted avg": {
    "precision": 0.8129911747301565,
    "recall": 0.8111342351716961,
    "f1-score": 0.8111540432125416,
    "support": 3844.0
  }
}