{
  "0": {
    "precision": 0.9135063206919495,
    "recall": 0.900327868852459,
    "f1-score": 0.9068692206076618,
    "support": 1525.0
  },
  "1": {
    "precision": 0.7196132596685083,
    "recall": 0.7870090634441088,
    "f1-score": 0.7518037518037518,
    "support": 1324.0
  },
  "2": {
    "precision": 0.8317307692307693,
    "recall": 0.8398058252427184,
    "f1-score": 0.8357487922705314,
    "support": 412.0
  },
  "3": {
    "precision": 0.7882599580712788,
    "recall": 0.6449399656946827,
    "f1-score": 0.7094339622641509,
    "support": 583.0
  },
  "accuracy": 0.8160770031217481,
  "macro avg": {
    "precision": 0.8132775769156264,
    "recall": 0.7930206808084922,
    "f1-score": 0.800963931736524,
    "support": 3844.0
  },
  "weighted avg": {
    "precision": 0.818962988380583,
    "recall": 0.8160770031217481,
    "f1-score": 0.8158928801327552,
    "support": 3844.0
  }
}