{
  "0": {
    "precision": 0.903353057199211,
    "recall": 0.9009836065573771,
    "f1-score": 0.902166776099803,
    "support": 1525.0
  },
  "1": {
    "precision": 0.7170077628793226,
    "recall": 0.7673716012084593,
    "f1-score": 0.7413352790952207,
    "support": 1324.0
  },
  "2": {
    "precision": 0.8055555555555556,
    "recall": 0.8446601941747572,
    "f1-score": 0.8246445497630331,
    "support": 412.0
  },
  "3": {
    "precision": 0.7911392405063291,
    "recall": 0.6432246998284734,
    "f1-score": 0.7095553453169348,
    "support": 583.0
  },
  "accuracy": 0.8098335067637877,
  "macro avg": {
    "precision": 0.8042639040351045,
    "recall": 0.7890600254422667,
    "f1-score": 0.794425487568748,
    "support": 3844.0
  },
  "weighted avg": {
    "precision": 0.8116687711719819,
    "recall": 0.8098335067637877,
    "f1-score": 0.8092498865495356,
    "support": 3844.0
  }
}