{
  "0": {
    "precision": 0.8535539215686274,
    "recall": 0.9134426229508197,
    "f1-score": 0.8824833702882483,
    "support": 1525.0
  },
  "1": {
    "precision": 0.6266666666666667,
    "recall": 0.8164652567975831,
    "f1-score": 0.7090849458838964,
    "support": 1324.0
  },
  "2": {
    "precision": 0.9385964912280702,
    "recall": 0.5194174757281553,
    "f1-score": 0.66875,
    "support": 412.0
  },
  "3": {
    "precision": 0.8957528957528957,
    "recall": 0.3979416809605489,
    "f1-score": 0.5510688836104513,
    "support": 583.0
  },
  "accuracy": 0.7596253902185224,
  "macro avg": {
    "precision": 0.8286424938040651,
    "recall": 0.6618167591092767,
    "f1-score": 0.7028467999456489,
    "support": 3844.0
  },
  "weighted avg": {
    "precision": 0.7909214593310943,
    "recall": 0.7596253902185224,
    "f1-score": 0.7495873483831297,
    "support": 3844.0
  }
}