{
  "0": {
    "precision": 0.9107142857142857,
    "recall": 0.9029508196721312,
    "f1-score": 0.9068159367797168,
    "support": 1525.0
  },
  "1": {
    "precision": 0.7240398293029872,
    "recall": 0.7688821752265861,
    "f1-score": 0.7457875457875458,
    "support": 1324.0
  },
  "2": {
    "precision": 0.8203309692671394,
    "recall": 0.8422330097087378,
    "f1-score": 0.8311377245508982,
    "support": 412.0
  },
  "3": {
    "precision": 0.7713717693836978,
    "recall": 0.6655231560891939,
    "f1-score": 0.714548802946593,
    "support": 583.0
  },
  "accuracy": 0.8142559833506764,
  "macro avg": {
    "precision": 0.8066142134170275,
    "recall": 0.7948972901741623,
    "f1-score": 0.7995725025161885,
    "support": 3844.0
  },
  "weighted avg": {
    "precision": 0.8155968055671692,
    "recall": 0.8142559833506764,
    "f1-score": 0.8140810897098367,
    "support": 3844.0
  }
}