{
  "0": {
    "precision": 0.9103493737640079,
    "recall": 0.9055737704918033,
    "f1-score": 0.9079552925706772,
    "support": 1525.0
  },
  "1": {
    "precision": 0.7249303621169917,
    "recall": 0.7862537764350453,
    "f1-score": 0.7543478260869565,
    "support": 1324.0
  },
  "2": {
    "precision": 0.8431372549019608,
    "recall": 0.8349514563106796,
    "f1-score": 0.8390243902439024,
    "support": 412.0
  },
  "3": {
    "precision": 0.7867494824016563,
    "recall": 0.6518010291595198,
    "f1-score": 0.7129455909943715,
    "support": 583.0
  },
  "accuracy": 0.8184183142559833,
  "macro avg": {
    "precision": 0.8162916182961542,
    "recall": 0.794645008099262,
    "f1-score": 0.8035682749739769,
    "support": 3844.0
  },
  "weighted avg": {
    "precision": 0.8205354036661765,
    "recall": 0.8184183142559833,
    "f1-score": 0.8180836813838759,
    "support": 3844.0
  }
}