{
  "0": {
    "precision": 0.9139588100686499,
    "recall": 0.9122887163088168,
    "f1-score": 0.9131229995427527,
    "support": 2189.0
  },
  "1": {
    "precision": 0.743656136716727,
    "recall": 0.7808591625883632,
    "f1-score": 0.7618037135278515,
    "support": 1839.0
  },
  "2": {
    "precision": 0.8210922787193974,
    "recall": 0.8433268858800773,
    "f1-score": 0.8320610687022901,
    "support": 517.0
  },
  "3": {
    "precision": 0.7915451895043731,
    "recall": 0.6890862944162437,
    "f1-score": 0.7367706919945726,
    "support": 788.0
  },
  "accuracy": 0.8273017063566472,
  "macro avg": {
    "precision": 0.8175631037522869,
    "recall": 0.8063902647983754,
    "f1-score": 0.8109396184418667,
    "support": 5333.0
  },
  "weighted avg": {
    "precision": 0.8281420941477048,
    "recall": 0.8273017063566472,
    "f1-score": 0.8270268428628562,
    "support": 5333.0
  }
}