{
  "0": {
    "precision": 0.8940809968847352,
    "recall": 0.8871715610510046,
    "f1-score": 0.8906128782001551,
    "support": 647.0
  },
  "1": {
    "precision": 0.6651234567901234,
    "recall": 0.7100494233937397,
    "f1-score": 0.6868525896414343,
    "support": 607.0
  },
  "2": {
    "precision": 0.813953488372093,
    "recall": 0.813953488372093,
    "f1-score": 0.813953488372093,
    "support": 215.0
  },
  "3": {
    "precision": 0.7698630136986301,
    "recall": 0.7007481296758105,
    "f1-score": 0.7336814621409922,
    "support": 401.0
  },
  "accuracy": 0.781283422459893,
  "macro avg": {
    "precision": 0.7857552389363954,
    "recall": 0.7779806506231619,
    "f1-score": 0.7812751045886686,
    "support": 1870.0
  },
  "weighted avg": {
    "precision": 0.7839119848926093,
    "recall": 0.781283422459893,
    "f1-score": 0.7820065884633095,
    "support": 1870.0
  }
}