{
  "0": {
    "precision": 0.9014550264550265,
    "recall": 0.8937704918032787,
    "f1-score": 0.8975963121501481,
    "support": 1525.0
  },
  "1": {
    "precision": 0.6981519507186859,
    "recall": 0.770392749244713,
    "f1-score": 0.7324955116696589,
    "support": 1324.0
  },
  "2": {
    "precision": 0.8134328358208955,
    "recall": 0.7936893203883495,
    "f1-score": 0.8034398034398035,
    "support": 412.0
  },
  "3": {
    "precision": 0.7654584221748401,
    "recall": 0.6157804459691252,
    "f1-score": 0.6825095057034221,
    "support": 583.0
  },
  "accuracy": 0.7983870967741935,
  "macro avg": {
    "precision": 0.794624558792362,
    "recall": 0.7684082518513665,
    "f1-score": 0.7790102832407582,
    "support": 3844.0
  },
  "weighted avg": {
    "precision": 0.8013706260618098,
    "recall": 0.7983870967741935,
    "f1-score": 0.7980173450369142,
    "support": 3844.0
  }
}