{
  "0": {
    "precision": 0.8921417565485362,
    "recall": 0.8948995363214838,
    "f1-score": 0.8935185185185185,
    "support": 647.0
  },
  "1": {
    "precision": 0.6600609756097561,
    "recall": 0.71334431630972,
    "f1-score": 0.6856690419635788,
    "support": 607.0
  },
  "2": {
    "precision": 0.8026905829596412,
    "recall": 0.8325581395348837,
    "f1-score": 0.817351598173516,
    "support": 215.0
  },
  "3": {
    "precision": 0.7807017543859649,
    "recall": 0.6658354114713217,
    "f1-score": 0.7187079407806191,
    "support": 401.0
  },
  "accuracy": 0.7796791443850267,
  "macro avg": {
    "precision": 0.7838987673759746,
    "recall": 0.7766593509093523,
    "f1-score": 0.7788117748590581,
    "support": 1870.0
  },
  "weighted avg": {
    "precision": 0.7826270628487271,
    "recall": 0.7796791443850267,
    "f1-score": 0.7798075228950311,
    "support": 1870.0
  }
}