{
  "0": {
    "precision": 0.9111994698475812,
    "recall": 0.9016393442622951,
    "f1-score": 0.9063941990771259,
    "support": 1525.0
  },
  "1": {
    "precision": 0.7213930348258707,
    "recall": 0.7666163141993958,
    "f1-score": 0.7433174661296228,
    "support": 1324.0
  },
  "2": {
    "precision": 0.8233890214797136,
    "recall": 0.837378640776699,
    "f1-score": 0.8303249097472925,
    "support": 412.0
  },
  "3": {
    "precision": 0.762278978388998,
    "recall": 0.6655231560891939,
    "f1-score": 0.7106227106227107,
    "support": 583.0
  },
  "accuracy": 0.8124349635796045,
  "macro avg": {
    "precision": 0.8045651261355409,
    "recall": 0.7927893638318959,
    "f1-score": 0.7976648213941879,
    "support": 3844.0
  },
  "weighted avg": {
    "precision": 0.81382635038435,
    "recall": 0.8124349635796045,
    "f1-score": 0.8123804323249643,
    "support": 3844.0
  }
}