{
  "0": {
    "precision": 0.9415631848064281,
    "recall": 0.8452459016393442,
    "f1-score": 0.8908085694540429,
    "support": 1525.0
  },
  "1": {
    "precision": 0.6943174395819726,
    "recall": 0.802870090634441,
    "f1-score": 0.7446584938704028,
    "support": 1324.0
  },
  "2": {
    "precision": 0.7955056179775281,
    "recall": 0.8592233009708737,
    "f1-score": 0.8261376896149358,
    "support": 412.0
  },
  "3": {
    "precision": 0.7675350701402806,
    "recall": 0.6569468267581475,
    "f1-score": 0.7079482439926063,
    "support": 583.0
  },
  "accuracy": 0.8035900104058272,
  "macro avg": {
    "precision": 0.7997303281265524,
    "recall": 0.7910715300007016,
    "f1-score": 0.7923882492329969,
    "support": 3844.0
  },
  "weighted avg": {
    "precision": 0.8143552048217637,
    "recall": 0.8035900104058272,
    "f1-score": 0.8058047525158355,
    "support": 3844.0
  }
}