{
  "0": {
    "precision": 0.9135063206919495,
    "recall": 0.900327868852459,
    "f1-score": 0.9068692206076618,
    "support": 1525.0
  },
  "1": {
    "precision": 0.7223776223776224,
    "recall": 0.7802114803625377,
    "f1-score": 0.7501815541031227,
    "support": 1324.0
  },
  "2": {
    "precision": 0.8365384615384616,
    "recall": 0.8446601941747572,
    "f1-score": 0.8405797101449275,
    "support": 412.0
  },
  "3": {
    "precision": 0.7757575757575758,
    "recall": 0.6586620926243568,
    "f1-score": 0.712430426716141,
    "support": 583.0
  },
  "accuracy": 0.8163371488033299,
  "macro avg": {
    "precision": 0.8120449950914024,
    "recall": 0.7959654090035276,
    "f1-score": 0.8025152278929633,
    "support": 3844.0
  },
  "weighted avg": {
    "precision": 0.8185342413901426,
    "recall": 0.8163371488033299,
    "f1-score": 0.8163063783596356,
    "support": 3844.0
  }
}