{
  "0": {
    "precision": 0.906871609403255,
    "recall": 0.916400182731841,
    "f1-score": 0.9116109975005681,
    "support": 2189.0
  },
  "1": {
    "precision": 0.7488126649076517,
    "recall": 0.7716150081566069,
    "f1-score": 0.7600428494911623,
    "support": 1839.0
  },
  "2": {
    "precision": 0.837890625,
    "recall": 0.8297872340425532,
    "f1-score": 0.8338192419825073,
    "support": 517.0
  },
  "3": {
    "precision": 0.7801120448179272,
    "recall": 0.7068527918781726,
    "f1-score": 0.7416777629826897,
    "support": 788.0
  },
  "accuracy": 0.8271141946371648,
  "macro avg": {
    "precision": 0.8184217360322085,
    "recall": 0.8061638042022934,
    "f1-score": 0.8117877129892318,
    "support": 5333.0
  },
  "weighted avg": {
    "precision": 0.8269503446822469,
    "recall": 0.8271141946371648,
    "f1-score": 0.8266945244849628,
    "support": 5333.0
  }
}