{
  "0": {
    "precision": 0.9025674786043449,
    "recall": 0.899016393442623,
    "f1-score": 0.9007884362680684,
    "support": 1525.0
  },
  "1": {
    "precision": 0.7170731707317073,
    "recall": 0.777190332326284,
    "f1-score": 0.7459224356650961,
    "support": 1324.0
  },
  "2": {
    "precision": 0.8119047619047619,
    "recall": 0.8276699029126213,
    "f1-score": 0.8197115384615384,
    "support": 412.0
  },
  "3": {
    "precision": 0.8042553191489362,
    "recall": 0.6483704974271012,
    "f1-score": 0.717948717948718,
    "support": 583.0
  },
  "accuracy": 0.8113943808532779,
  "macro avg": {
    "precision": 0.8089501825974376,
    "recall": 0.7880617815271573,
    "f1-score": 0.7960927820858552,
    "support": 3844.0
  },
  "weighted avg": {
    "precision": 0.814049400595473,
    "recall": 0.8113943808532779,
    "f1-score": 0.8110272961861726,
    "support": 3844.0
  }
}