{
  "0": {
    "precision": 0.8649155722326454,
    "recall": 0.9068852459016393,
    "f1-score": 0.885403329065301,
    "support": 1525.0
  },
  "1": {
    "precision": 0.7624602332979852,
    "recall": 0.5430513595166163,
    "f1-score": 0.6343184825760918,
    "support": 1324.0
  },
  "2": {
    "precision": 0.6909413854351687,
    "recall": 0.9441747572815534,
    "f1-score": 0.7979487179487179,
    "support": 412.0
  },
  "3": {
    "precision": 0.6292286874154263,
    "recall": 0.7975986277873071,
    "f1-score": 0.7034795763993948,
    "support": 583.0
  },
  "accuracy": 0.768990634755463,
  "macro avg": {
    "precision": 0.7368864695953063,
    "recall": 0.797927497621779,
    "f1-score": 0.7552875264973764,
    "support": 3844.0
  },
  "weighted avg": {
    "precision": 0.7752345921185744,
    "recall": 0.768990634755463,
    "f1-score": 0.7619566109758189,
    "support": 3844.0
  }
}