{
  "0": {
    "precision": 0.9073461283917935,
    "recall": 0.899016393442623,
    "f1-score": 0.9031620553359684,
    "support": 1525.0
  },
  "1": {
    "precision": 0.7154696132596685,
    "recall": 0.7824773413897281,
    "f1-score": 0.7474747474747475,
    "support": 1324.0
  },
  "2": {
    "precision": 0.8216867469879519,
    "recall": 0.8276699029126213,
    "f1-score": 0.8246674727932285,
    "support": 412.0
  },
  "3": {
    "precision": 0.7978723404255319,
    "recall": 0.6432246998284734,
    "f1-score": 0.7122507122507122,
    "support": 583.0
  },
  "accuracy": 0.8124349635796045,
  "macro avg": {
    "precision": 0.8105937072662366,
    "recall": 0.7880970843933615,
    "f1-score": 0.7968887469636642,
    "support": 3844.0
  },
  "weighted avg": {
    "precision": 0.8154732382883474,
    "recall": 0.8124349635796045,
    "f1-score": 0.8121706202073082,
    "support": 3844.0
  }
}