{
  "0": {
    "precision": 0.9089709762532981,
    "recall": 0.9036065573770492,
    "f1-score": 0.906280828674778,
    "support": 1525.0
  },
  "1": {
    "precision": 0.7313961729270021,
    "recall": 0.7794561933534743,
    "f1-score": 0.7546617915904936,
    "support": 1324.0
  },
  "2": {
    "precision": 0.8337349397590361,
    "recall": 0.8398058252427184,
    "f1-score": 0.8367593712212817,
    "support": 412.0
  },
  "3": {
    "precision": 0.7808764940239044,
    "recall": 0.6723842195540308,
    "f1-score": 0.7225806451612903,
    "support": 583.0
  },
  "accuracy": 0.8189386056191468,
  "macro avg": {
    "precision": 0.8137446457408102,
    "recall": 0.7988131988818181,
    "f1-score": 0.805070659161961,
    "support": 3844.0
  },
  "weighted avg": {
    "precision": 0.8203171339589723,
    "recall": 0.8189386056191468,
    "f1-score": 0.8187460595387749,
    "support": 3844.0
  }
}