{
  "0": {
    "precision": 0.9090909090909091,
    "recall": 0.9049180327868852,
    "f1-score": 0.9069996713769306,
    "support": 1525.0
  },
  "1": {
    "precision": 0.71900826446281,
    "recall": 0.7885196374622356,
    "f1-score": 0.7521613832853026,
    "support": 1324.0
  },
  "2": {
    "precision": 0.845,
    "recall": 0.8203883495145631,
    "f1-score": 0.8325123152709359,
    "support": 412.0
  },
  "3": {
    "precision": 0.7890295358649789,
    "recall": 0.6415094339622641,
    "f1-score": 0.7076631977294229,
    "support": 583.0
  },
  "accuracy": 0.8158168574401665,
  "macro avg": {
    "precision": 0.8155321773546745,
    "recall": 0.788833863431487,
    "f1-score": 0.799834141915648,
    "support": 3844.0
  },
  "weighted avg": {
    "precision": 0.8185418308849322,
    "recall": 0.8158168574401665,
    "f1-score": 0.8154523643307593,
    "support": 3844.0
  }
}