{
  "0": {
    "precision": 0.8810975609756098,
    "recall": 0.893353941267388,
    "f1-score": 0.8871834228702993,
    "support": 647.0
  },
  "1": {
    "precision": 0.6677215189873418,
    "recall": 0.6952224052718287,
    "f1-score": 0.6811945117029863,
    "support": 607.0
  },
  "2": {
    "precision": 0.8133333333333334,
    "recall": 0.8511627906976744,
    "f1-score": 0.8318181818181818,
    "support": 215.0
  },
  "3": {
    "precision": 0.7787114845938375,
    "recall": 0.6932668329177057,
    "f1-score": 0.7335092348284961,
    "support": 401.0
  },
  "accuracy": 0.781283422459893,
  "macro avg": {
    "precision": 0.7852159744725306,
    "recall": 0.7832514925386492,
    "f1-score": 0.7834263378049908,
    "support": 1870.0
  },
  "weighted avg": {
    "precision": 0.782089334740819,
    "recall": 0.781283422459893,
    "f1-score": 0.7810004574641349,
    "support": 1870.0
  }
}