{
  "0": {
    "precision": 0.9152542372881356,
    "recall": 0.912745545911375,
    "f1-score": 0.9139981701738334,
    "support": 2189.0
  },
  "1": {
    "precision": 0.7420696827873114,
    "recall": 0.7759651984774334,
    "f1-score": 0.7586390217969166,
    "support": 1839.0
  },
  "2": {
    "precision": 0.8173258003766478,
    "recall": 0.839458413926499,
    "f1-score": 0.8282442748091603,
    "support": 517.0
  },
  "3": {
    "precision": 0.7830459770114943,
    "recall": 0.6916243654822335,
    "f1-score": 0.7345013477088949,
    "support": 788.0
  },
  "accuracy": 0.8258016126007875,
  "macro avg": {
    "precision": 0.8144239243658973,
    "recall": 0.8049483809493851,
    "f1-score": 0.8088457036222013,
    "support": 5333.0
  },
  "weighted avg": {
    "precision": 0.8265057830019461,
    "recall": 0.8258016126007875,
    "f1-score": 0.8255894445276571,
    "support": 5333.0
  }
}