{
  "0": {
    "precision": 0.9181232750689973,
    "recall": 0.9118318867062586,
    "f1-score": 0.9149667659867063,
    "support": 2189.0
  },
  "1": {
    "precision": 0.7437759336099585,
    "recall": 0.7797716150081566,
    "f1-score": 0.7613485532253783,
    "support": 1839.0
  },
  "2": {
    "precision": 0.8217636022514071,
    "recall": 0.8471953578336557,
    "f1-score": 0.8342857142857143,
    "support": 517.0
  },
  "3": {
    "precision": 0.7822349570200573,
    "recall": 0.6928934010152284,
    "f1-score": 0.7348586810228802,
    "support": 788.0
  },
  "accuracy": 0.8276767297956122,
  "macro avg": {
    "precision": 0.8164744419876051,
    "recall": 0.8079230651408248,
    "f1-score": 0.8113649286301697,
    "support": 5333.0
  },
  "weighted avg": {
    "precision": 0.8285821712976806,
    "recall": 0.8276767297956122,
    "f1-score": 0.8275598340630255,
    "support": 5333.0
  }
}