{
  "0": {
    "precision": 0.9190321079571894,
    "recall": 0.9022384650525354,
    "f1-score": 0.9105578607653296,
    "support": 2189.0
  },
  "1": {
    "precision": 0.7320455671124318,
    "recall": 0.8036976617727025,
    "f1-score": 0.7662001036806636,
    "support": 1839.0
  },
  "2": {
    "precision": 0.8205607476635514,
    "recall": 0.8491295938104448,
    "f1-score": 0.8346007604562737,
    "support": 517.0
  },
  "3": {
    "precision": 0.8174603174603174,
    "recall": 0.6535532994923858,
    "f1-score": 0.7263751763046544,
    "support": 788.0
  },
  "accuracy": 0.826364147759235,
  "macro avg": {
    "precision": 0.8222746850483724,
    "recall": 0.8021547550320172,
    "f1-score": 0.8094334753017303,
    "support": 5333.0
  },
  "weighted avg": {
    "precision": 0.8299984472039819,
    "recall": 0.826364147759235,
    "f1-score": 0.8262001462531422,
    "support": 5333.0
  }
}