{
  "0": {
    "precision": 0.9120370370370371,
    "recall": 0.9042622950819672,
    "f1-score": 0.9081330260125123,
    "support": 1525.0
  },
  "1": {
    "precision": 0.7282992237120678,
    "recall": 0.7794561933534743,
    "f1-score": 0.7530098504195549,
    "support": 1324.0
  },
  "2": {
    "precision": 0.8276699029126213,
    "recall": 0.8276699029126213,
    "f1-score": 0.8276699029126213,
    "support": 412.0
  },
  "3": {
    "precision": 0.7793240556660039,
    "recall": 0.6723842195540308,
    "f1-score": 0.7219152854511971,
    "support": 583.0
  },
  "accuracy": 0.81789802289282,
  "macro avg": {
    "precision": 0.8118325548319325,
    "recall": 0.7959431527255234,
    "f1-score": 0.8026820161989714,
    "support": 3844.0
  },
  "weighted avg": {
    "precision": 0.8195813158505566,
    "recall": 0.81789802289282,
    "f1-score": 0.8178367632785171,
    "support": 3844.0
  }
}