{
  "0": {
    "precision": 0.9012426422498365,
    "recall": 0.9036065573770492,
    "f1-score": 0.9024230517354289,
    "support": 1525.0
  },
  "1": {
    "precision": 0.7221428571428572,
    "recall": 0.763595166163142,
    "f1-score": 0.7422907488986784,
    "support": 1324.0
  },
  "2": {
    "precision": 0.8164705882352942,
    "recall": 0.8422330097087378,
    "f1-score": 0.8291517323775388,
    "support": 412.0
  },
  "3": {
    "precision": 0.7816326530612245,
    "recall": 0.6569468267581475,
    "f1-score": 0.7138863000931966,
    "support": 583.0
  },
  "accuracy": 0.8113943808532779,
  "macro avg": {
    "precision": 0.805372185172303,
    "recall": 0.7915953900017692,
    "f1-score": 0.7969379582762107,
    "support": 3844.0
  },
  "weighted avg": {
    "precision": 0.812328275592034,
    "recall": 0.8113943808532779,
    "f1-score": 0.8108205858824815,
    "support": 3844.0
  }
}