{
  "0": {
    "precision": 0.8858447488584474,
    "recall": 0.8995363214837713,
    "f1-score": 0.8926380368098159,
    "support": 647.0
  },
  "1": {
    "precision": 0.6763285024154589,
    "recall": 0.6919275123558485,
    "f1-score": 0.6840390879478827,
    "support": 607.0
  },
  "2": {
    "precision": 0.7927927927927928,
    "recall": 0.8186046511627907,
    "f1-score": 0.8054919908466819,
    "support": 215.0
  },
  "3": {
    "precision": 0.7702702702702703,
    "recall": 0.7107231920199502,
    "f1-score": 0.7392996108949417,
    "support": 401.0
  },
  "accuracy": 0.7823529411764706,
  "macro avg": {
    "precision": 0.7813090785842424,
    "recall": 0.7801979192555901,
    "f1-score": 0.7803671816248305,
    "support": 1870.0
  },
  "weighted avg": {
    "precision": 0.7823538942815123,
    "recall": 0.7823529411764706,
    "f1-score": 0.7820259134765902,
    "support": 1870.0
  }
}