uuid,year,high_ndmi_days
00139a5b-5011-4d2b-99c3-d3f9d4189af6,2021,5
00139a5b-5011-4d2b-99c3-d3f9d4189af6,2023,15
0017f0f5-6601-4539-81a7-77237e2b0adb,2023,5
0018753d-72ea-4b63-8e55-35e4194d4ea9,2023,10
0025297b-799d-4b0f-aef6-7286238d83df,2022,0
00262a01-2f75-4176-ad41-4c52d94f6fa0,2024,0
00838fb7-4fdb-4c7c-99e8-efd20e7d8fad,2024,0
00a28b9e-644e-4aee-8830-5c15b3faf39d,2023,5
00a28b9e-644e-4aee-8830-5c15b3faf39d,2024,340
00fcf14d-aa88-4880-a6db-ac46f670ecfe,2023,0
00fcf14d-aa88-4880-a6db-ac46f670ecfe,2024,5
0104680d-cc1a-478c-94f7-8981a552610d,2024,0
011956ab-608c-45d7-bf16-59c5a021ee56,2020,20
0182b086-1ca9-49f5-89bf-010f598244b8,2024,0
0199e53c-0499-46df-b354-467203dc4352,2023,10
0199e53c-0499-46df-b354-467203dc4352,2024,0
01ee8427-1a0d-4742-b97e-4e5a5accdbf4,2023,0
01ee8427-1a0d-4742-b97e-4e5a5accdbf4,2024,0
0220362b-fbc2-41d5-b92a-fcd9e246873f,2024,0
024ebb4b-426a-44bc-8018-724ef64de7dc,2023,5
024ebb4b-426a-44bc-8018-724ef64de7dc,2024,235
026f2768-561e-4c2e-b931-a585476e3435,2020,95
0274b03b-a031-43b1-be31-cb7048941662,2024,10
02957855-b50c-4448-8e81-1882d4ce193d,2024,0
02abb331-1f44-4ee8-a272-c2fbdd99bace,2021,0
02abb331-1f44-4ee8-a272-c2fbdd99bace,2023,10
02abb331-1f44-4ee8-a272-c2fbdd99bace,2024,355
02d86977-d817-41db-a7da-4f4a77817b03,2023,10
02d95836-3a23-4fbf-a2ac-97e4f6394a84,2020,75
02d95836-3a23-4fbf-a2ac-97e4f6394a84,2021,5
02d95836-3a23-4fbf-a2ac-97e4f6394a84,2022,0
02d95836-3a23-4fbf-a2ac-97e4f6394a84,2023,5
02d95836-3a23-4fbf-a2ac-97e4f6394a84,2024,30
02da3f52-28d4-49fc-bf08-a3c31d65db8c,2023,25
02eadc06-b49a-4c87-bc02-4f56a942abdc,2020,0
02eadc06-b49a-4c87-bc02-4f56a942abdc,2021,15
02eadc06-b49a-4c87-bc02-4f56a942abdc,2022,10
02eadc06-b49a-4c87-bc02-4f56a942abdc,2023,0
02eadc06-b49a-4c87-bc02-4f56a942abdc,2024,330
0315067e-840b-4f46-be0a-2342468c172d,2020,5
0315067e-840b-4f46-be0a-2342468c172d,2021,360
0315067e-840b-4f46-be0a-2342468c172d,2022,0
0315067e-840b-4f46-be0a-2342468c172d,2023,230
0315067e-840b-4f46-be0a-2342468c172d,2024,355
032d27a4-829b-4ba8-b41b-d0750444627f,2023,30
0345bb51-e445-4015-bda3-d61a867e79e5,2020,355
0345bb51-e445-4015-bda3-d61a867e79e5,2021,30
0345bb51-e445-4015-bda3-d61a867e79e5,2022,25
0345bb51-e445-4015-bda3-d61a867e79e5,2023,30
0345bb51-e445-4015-bda3-d61a867e79e5,2024,0
036e6cde-9d97-4cc2-ba0b-9cd81e7ab16f,2021,0
036e6cde-9d97-4cc2-ba0b-9cd81e7ab16f,2023,0
03838242-39f7-4af5-89d6-a0ebb8b8cdf6,2023,10
03838242-39f7-4af5-89d6-a0ebb8b8cdf6,2024,0
03d1ff4d-686b-4c35-920a-67e552ad6333,2021,0
03d1ff4d-686b-4c35-920a-67e552ad6333,2022,0
03d1ff4d-686b-4c35-920a-67e552ad6333,2023,15
03d1ff4d-686b-4c35-920a-67e552ad6333,2024,5
03db69ff-dcbc-4a24-ab43-7a2e650bd29b,2021,0
04288e5a-ef0a-4cd2-930e-0e825af4d811,2020,5
04288e5a-ef0a-4cd2-930e-0e825af4d811,2022,5
042f620d-0715-45ef-a5dc-c2dac618e85f,2023,50
045d97de-a63a-4e59-a727-323b258080b4,2024,0
04731950-524c-4d8a-ba4a-138494320e46,2021,335
04731950-524c-4d8a-ba4a-138494320e46,2022,0
04731950-524c-4d8a-ba4a-138494320e46,2024,5
048ddcbe-c145-4e4f-af39-ca1df6d84d92,2022,5
048ddcbe-c145-4e4f-af39-ca1df6d84d92,2024,5
049a3db9-d91f-472e-95ed-24789fc70479,2024,10
04ad12ff-f7c6-40c6-be26-222558f4475a,2021,10
04ad12ff-f7c6-40c6-be26-222558f4475a,2024,15
04c98185-8a87-4372-a61a-52f5c0dd8c82,2023,0
04fa23fe-1150-4676-bef9-9cd0d39cf549,2021,0
04fa23fe-1150-4676-bef9-9cd0d39cf549,2022,0
04feba95-a6fc-497d-8800-87facc6643e7,2022,0
04feba95-a6fc-497d-8800-87facc6643e7,2024,5
050804fe-359f-4439-8f43-baf484c50d95,2024,0
050cfa5a-7ad6-4c3f-8ff7-1be94a5d12e9,2021,0
050cfa5a-7ad6-4c3f-8ff7-1be94a5d12e9,2022,0
054095ac-1c01-4a3b-825a-4390c5114865,2020,350
054095ac-1c01-4a3b-825a-4390c5114865,2021,75
054095ac-1c01-4a3b-825a-4390c5114865,2024,0
0596bbb8-e0c0-4b5b-98ac-fd2062930116,2023,0
05a128e5-326b-45b3-8f4a-c2db3ffe91d7,2023,0
05a128e5-326b-45b3-8f4a-c2db3ffe91d7,2024,20
05a2fb37-5cf6-4bb7-981a-c55b82bceb03,2021,0
05a2fb37-5cf6-4bb7-981a-c55b82bceb03,2022,5
05a2fb37-5cf6-4bb7-981a-c55b82bceb03,2023,50
05c6e71a-7d5d-4c50-af82-a6c58278c26f,2022,10
05c6e71a-7d5d-4c50-af82-a6c58278c26f,2023,0
05c6e71a-7d5d-4c50-af82-a6c58278c26f,2024,5
06103372-c434-4c46-ab63-16424f4dd935,2022,5
06103372-c434-4c46-ab63-16424f4dd935,2023,10
06103372-c434-4c46-ab63-16424f4dd935,2024,0
06395af8-48c0-48c7-8998-bd2c3a5d112a,2021,70
06395af8-48c0-48c7-8998-bd2c3a5d112a,2022,0
06395af8-48c0-48c7-8998-bd2c3a5d112a,2024,0
06617eab-4c50-43a5-869b-0026153c234e,2020,135
06617eab-4c50-43a5-869b-0026153c234e,2021,110
06617eab-4c50-43a5-869b-0026153c234e,2022,0
06617eab-4c50-43a5-869b-0026153c234e,2023,360
06617eab-4c50-43a5-869b-0026153c234e,2024,350
067b643d-23e1-471d-b420-205f188837d2,2021,5
067b643d-23e1-471d-b420-205f188837d2,2022,10
068fc412-0cc9-4d5d-b45f-35681844d95c,2020,40
068fc412-0cc9-4d5d-b45f-35681844d95c,2021,0
068fc412-0cc9-4d5d-b45f-35681844d95c,2022,5
068fc412-0cc9-4d5d-b45f-35681844d95c,2024,355
06a83fc1-f725-4d99-9b74-91e199faf7b8,2020,35
06a83fc1-f725-4d99-9b74-91e199faf7b8,2023,20
06a83fc1-f725-4d99-9b74-91e199faf7b8,2024,10
06e2bfe0-ac87-47b8-ab1e-671cbb28e06f,2022,5
074b57e3-8b47-4b28-b298-2a69eeca07e9,2022,5
074b57e3-8b47-4b28-b298-2a69eeca07e9,2023,5
076b6901-ff81-4f80-94c5-a1d4a63fb4ce,2023,5
07a6596b-e1c6-4809-97c8-aee078b1430d,2024,10
07cc4644-898c-40cd-a07e-422d0ad39fca,2024,0
07e095e5-0e65-4744-8206-bd1f47824132,2021,5
07e095e5-0e65-4744-8206-bd1f47824132,2022,0
07e095e5-0e65-4744-8206-bd1f47824132,2024,5
08027cd8-81b1-4fb7-b0d9-87cd5fbb3fcc,2023,10
0806f536-9f96-4cd4-ab3a-81f41a7785cf,2023,10
0806f536-9f96-4cd4-ab3a-81f41a7785cf,2024,0
084e6f9e-4c3b-4e65-93dc-4152c598e5e3,2023,5
085a1df0-5c41-41a7-a2cf-f982b41b8622,2024,10
086c1a0c-18e8-41ce-b2aa-d4cb29bb6e4c,2023,5
086fa57e-1c06-473d-95fc-fc048e74a4e7,2024,0
08873d8e-9fe3-42d0-b0ee-d4641a20b053,2023,20
088bf9ea-e018-4619-824d-1ee2df1dc926,2021,0
088e38d2-ff4d-41a9-bf31-013beb063f9f,2021,0
088e38d2-ff4d-41a9-bf31-013beb063f9f,2022,0
088e38d2-ff4d-41a9-bf31-013beb063f9f,2023,0
088e38d2-ff4d-41a9-bf31-013beb063f9f,2024,5
08a1499e-9f1c-400b-bfe2-68baaf1f011a,2023,10
08cca9d3-6d15-4d54-85e3-b0ebb32aaada,2023,5
08cca9d3-6d15-4d54-85e3-b0ebb32aaada,2024,15
08dfc3a0-2ee7-4a11-bda0-bf1fe82ea420,2020,25
08f0df53-4734-410c-97ed-be57266eda44,2023,0
08f228c5-ba97-4612-82d8-a322cbfac3f6,2021,0
093080d7-1426-4395-afc0-11b7a33623fd,2021,90
093080d7-1426-4395-afc0-11b7a33623fd,2024,0
0954c5b5-54b7-4a88-be07-870a8c091474,2021,5
0954c5b5-54b7-4a88-be07-870a8c091474,2022,5
098d45ef-8579-41d6-bc03-6f3dc8363378,2023,15
09a0bfdd-8340-4528-847a-fb87c8fc592f,2024,0
0a117658-cd49-4976-a261-de3d023d21b5,2024,0
0a25ab76-1012-4947-9425-4b9c85950a26,2023,15
0a307536-92a4-45eb-b311-9d0dff7b5d67,2023,10
0a3933f3-9672-4009-956d-0896b60fe2f6,2023,5
0a3c4b74-c54a-44d2-90e9-bfc4956e866c,2021,0
0a3c4b74-c54a-44d2-90e9-bfc4956e866c,2022,0
0a3c4b74-c54a-44d2-90e9-bfc4956e866c,2024,0
0ac2388a-acf3-4ac6-b9dd-9c009232190e,2024,0
0aead76f-9636-478e-b88d-06bf827ced8b,2023,5
0aec5839-530b-47be-a774-08c1f271d3d2,2020,0
0b032f60-1867-4854-a0e7-a769dbf7abdd,2021,5
0b032f60-1867-4854-a0e7-a769dbf7abdd,2022,5
0b032f60-1867-4854-a0e7-a769dbf7abdd,2023,0
0b198274-b6ed-4841-a15b-9aac3248f13a,2021,20
0b2e83a4-c8c0-4f41-9d77-8827c306da6c,2023,0
0b536912-3a54-4338-b4c0-328a311f4da6,2021,15
0b536912-3a54-4338-b4c0-328a311f4da6,2023,5
0b6fe96a-28ec-43d5-ba8e-edc6ffaede22,2024,5
0b749133-7328-492c-a47a-1ddbd92daa36,2024,0
0be40db2-d96d-46f5-a23f-73f52680f567,2021,0
0be40db2-d96d-46f5-a23f-73f52680f567,2022,0
0bed6f91-c4cf-4456-84fc-6d6b10705c2e,2021,0
0bed6f91-c4cf-4456-84fc-6d6b10705c2e,2022,0
0bed6f91-c4cf-4456-84fc-6d6b10705c2e,2023,5
0bed6f91-c4cf-4456-84fc-6d6b10705c2e,2024,10
0c147842-6fff-4716-9911-23c125373d69,2021,360
0c147842-6fff-4716-9911-23c125373d69,2022,0
0c147842-6fff-4716-9911-23c125373d69,2023,0
0c147842-6fff-4716-9911-23c125373d69,2024,355
0c324e48-973c-4b18-8b79-25384f458111,2023,15
0c513f9e-0766-4213-9ba1-7a0b2ef526aa,2024,0
0c55cd58-d339-48d8-a626-1a4ffa44762c,2023,225
0c55cd58-d339-48d8-a626-1a4ffa44762c,2024,15
0c670a9a-c8f6-4a2b-97d2-0ffdd72a2a9c,2022,10
0c857fb8-0a59-4fff-a9d8-8a2bed053360,2020,20
0c857fb8-0a59-4fff-a9d8-8a2bed053360,2021,0
0c857fb8-0a59-4fff-a9d8-8a2bed053360,2023,10
0c857fb8-0a59-4fff-a9d8-8a2bed053360,2024,5
0c9ab8e4-2b12-4e9c-a9dc-4055e3480c11,2020,0
0c9ab8e4-2b12-4e9c-a9dc-4055e3480c11,2021,15
0c9ab8e4-2b12-4e9c-a9dc-4055e3480c11,2023,5
0c9ab8e4-2b12-4e9c-a9dc-4055e3480c11,2024,0
0ca214c9-b59d-44c3-922e-1ef2e2497310,2020,10
0ca214c9-b59d-44c3-922e-1ef2e2497310,2021,310
0ca214c9-b59d-44c3-922e-1ef2e2497310,2022,0
0ca214c9-b59d-44c3-922e-1ef2e2497310,2023,0
0ca214c9-b59d-44c3-922e-1ef2e2497310,2024,30
0ca8b56c-324a-4b3f-a9fd-11676e21cfde,2023,0
0ceb3ad4-b9a4-4839-a001-91f78ffbbe62,2023,10
0d23d9b3-611f-44f3-a1f3-f73c3cb42361,2023,0
0d23d9b3-611f-44f3-a1f3-f73c3cb42361,2024,0
0d48a753-9e8f-4bdd-9f1d-341b15609282,2020,350
0d48a753-9e8f-4bdd-9f1d-341b15609282,2021,360
0d4e3d42-c9e5-4d9e-a1ca-cf2cfa099adb,2024,0
0d62bed4-280b-4e88-a85c-9d2aac2a59f0,2023,20
0d65ee2d-8b90-47be-8ede-06847c4f5311,2021,0
0d65ee2d-8b90-47be-8ede-06847c4f5311,2022,0
0d65ee2d-8b90-47be-8ede-06847c4f5311,2023,20
0d81eabb-e07f-4dbb-99fb-036ede6dabe4,2023,0
0d901893-dcf9-40cb-b4ee-ed7776c90224,2020,25
0da0ee21-9590-4171-861c-b3d8c95e3f82,2020,0
0da0ee21-9590-4171-861c-b3d8c95e3f82,2021,0
0da0ee21-9590-4171-861c-b3d8c95e3f82,2024,290
0dd6449a-2273-43fd-82bf-3f9c2f5f7dad,2024,5
0de63c1a-235c-404d-b428-8c12a16dd65a,2023,0
0df3c182-5181-4dff-8848-44ac242a227f,2023,5
0df3c182-5181-4dff-8848-44ac242a227f,2024,5
0df92b00-b9db-4808-876a-697ef1d5da54,2020,0
0df92b00-b9db-4808-876a-697ef1d5da54,2021,25
0df92b00-b9db-4808-876a-697ef1d5da54,2023,15
0df92b00-b9db-4808-876a-697ef1d5da54,2024,5
0e013f4e-b13f-4264-85b8-b77982d08d03,2022,5
0e0880a9-0cd2-4f57-86e6-372e7bee3406,2023,10
0e1427a9-fb1f-4e63-8aa5-46da8c949b25,2024,0
0e643054-ccc7-497e-9f3d-c0c4ffc99272,2023,10
0e6d9fce-8818-4033-8cb4-919f5c345e01,2024,15
0e8b3a30-15fd-4155-b0ff-74a8afb6fd77,2023,15
0e95a2fb-b316-4034-90ac-92f599d7b768,2024,0
0ea95326-dd3a-46b8-a048-a3ceaea74d98,2022,0
0ea95326-dd3a-46b8-a048-a3ceaea74d98,2023,20
0ecd5b4c-32aa-4f3c-9b5c-1717bc1c2dda,2023,20
0edcf615-2653-4f58-b668-f749710722c6,2020,80
0edcf615-2653-4f58-b668-f749710722c6,2023,10
0edcf615-2653-4f58-b668-f749710722c6,2024,355
0f33e789-898a-499b-a418-35c8410b9c69,2022,5
0f519952-db6b-424d-8d80-31df2545e784,2021,0
0f519952-db6b-424d-8d80-31df2545e784,2022,5
0f519952-db6b-424d-8d80-31df2545e784,2024,0
0f61d15e-1cf9-4707-8e29-baf177c65cf7,2023,5
0fa8e8b6-4478-49f3-91de-8515e4c847f8,2024,5
0fdaddc4-985a-4823-9ede-9bc8f64054ba,2023,0
0fdcb065-b3cd-4454-8a16-dd1cbe9d337a,2021,5
0fdcb065-b3cd-4454-8a16-dd1cbe9d337a,2022,0
1028fa39-c35b-452a-a513-64b255fec505,2022,0
103d6efc-45c4-4723-96c1-ae35915a1b3a,2023,5
103d6efc-45c4-4723-96c1-ae35915a1b3a,2024,0
106b0b86-8979-4960-8768-b4038cff7f0b,2021,0
106b0b86-8979-4960-8768-b4038cff7f0b,2022,10
106b0b86-8979-4960-8768-b4038cff7f0b,2023,15
106b0b86-8979-4960-8768-b4038cff7f0b,2024,0
107c6b02-9a41-42fe-a41b-7f39f5357008,2024,10
10e80f29-00e4-4776-9de4-259ba02eb967,2023,10
10f04723-a6ec-47a2-9ae5-7465af97942e,2021,50
10f04723-a6ec-47a2-9ae5-7465af97942e,2022,5
10f04723-a6ec-47a2-9ae5-7465af97942e,2023,15
10f04723-a6ec-47a2-9ae5-7465af97942e,2024,355
110a5d2f-069c-4e05-8ca1-945466a37213,2020,0
1132a994-ab1b-41ec-9ee8-0c0316febd79,2023,0
113fcc64-d248-4832-a46e-4fdc1ffeeb1d,2021,0
113fcc64-d248-4832-a46e-4fdc1ffeeb1d,2022,5
113fcc64-d248-4832-a46e-4fdc1ffeeb1d,2024,0
11406de1-0753-4b5a-9639-6a7270aadb23,2020,0
11406de1-0753-4b5a-9639-6a7270aadb23,2021,20
11406de1-0753-4b5a-9639-6a7270aadb23,2024,0
115ca684-7349-455d-a26c-59b9b4e71beb,2023,0
115ca684-7349-455d-a26c-59b9b4e71beb,2024,0
11b0c429-72ba-4b28-9547-9ddd7fc6a117,2024,0
11b913a7-337e-48a7-b8aa-cebff5f3bf51,2024,20
11c349ca-b567-4006-9c47-deafa62b7d35,2021,20
11c349ca-b567-4006-9c47-deafa62b7d35,2023,235
11c349ca-b567-4006-9c47-deafa62b7d35,2024,0
11e44172-2138-429d-a840-3af59a9f7dbf,2022,0
123d610a-c0e0-49dd-9d7b-9ce99304f31c,2021,5
123d610a-c0e0-49dd-9d7b-9ce99304f31c,2022,5
123d610a-c0e0-49dd-9d7b-9ce99304f31c,2023,0
123d610a-c0e0-49dd-9d7b-9ce99304f31c,2024,0
12486cbc-0ac9-4fa8-a0be-75367167e118,2021,5
12486cbc-0ac9-4fa8-a0be-75367167e118,2022,5
12a6b454-fae7-4740-903d-ed3569b98f8e,2023,0
12a6b454-fae7-4740-903d-ed3569b98f8e,2024,0
12b18ca6-e6a9-4977-bc10-c27c3459378b,2024,5
12c19bbe-1c36-41d6-ba05-e34eb1cabbed,2022,20
12c19bbe-1c36-41d6-ba05-e34eb1cabbed,2023,0
12ca4627-c33d-40da-a5af-1b3f8dd7429e,2023,10
12ca4627-c33d-40da-a5af-1b3f8dd7429e,2024,355
12f905b7-37f5-4ca3-8000-00a700d4f6bb,2023,5
12f905b7-37f5-4ca3-8000-00a700d4f6bb,2024,5
12febf49-17eb-4102-b4d2-d50502bbe2e9,2023,10
130185a0-d58a-4df2-b9e6-ad7315e503a0,2021,0
130185a0-d58a-4df2-b9e6-ad7315e503a0,2022,0
1302e519-7e20-42d0-a7fa-1e9a4d8735d1,2024,0
13092d14-eb29-4dd4-8b2b-e1fd8cc5fb2b,2024,0
130bf653-e510-409f-ac6c-ba9af88757f2,2020,10
130bf653-e510-409f-ac6c-ba9af88757f2,2023,15
130bf653-e510-409f-ac6c-ba9af88757f2,2024,25
137d38cb-4106-44ff-8769-9535dfedd552,2023,10
138c44af-375a-4085-9e2c-075f258514df,2020,0
138c44af-375a-4085-9e2c-075f258514df,2021,0
138c44af-375a-4085-9e2c-075f258514df,2023,10
138c44af-375a-4085-9e2c-075f258514df,2024,355
139f474c-85d2-4304-b82b-336779dda82c,2022,0
13c7e3f5-0f93-4fdb-ab11-8975cc2a1419,2024,0
13ddd6ce-6130-4008-850f-68c5f12055b5,2021,360
13ddd6ce-6130-4008-850f-68c5f12055b5,2022,0
13ddd6ce-6130-4008-850f-68c5f12055b5,2023,20
14586130-734f-4c47-8b2a-8ee2727f5777,2021,360
14586130-734f-4c47-8b2a-8ee2727f5777,2022,5
14864f90-e874-4ff0-844b-b0e471aa92a3,2020,0
14864f90-e874-4ff0-844b-b0e471aa92a3,2021,0
14864f90-e874-4ff0-844b-b0e471aa92a3,2024,5
1488fb6e-fde7-49d8-8955-357b894d72da,2021,0
1488fb6e-fde7-49d8-8955-357b894d72da,2022,0
1488fb6e-fde7-49d8-8955-357b894d72da,2024,10
148f35d5-86f7-4f65-a20b-9621716d3fab,2021,0
148f35d5-86f7-4f65-a20b-9621716d3fab,2022,25
148f35d5-86f7-4f65-a20b-9621716d3fab,2023,10
148f35d5-86f7-4f65-a20b-9621716d3fab,2024,350
149da71e-f959-4eda-9562-a962e21f35dc,2023,0
14e7e497-f08d-4640-8b7e-27a7f94e047a,2021,0
14e7e497-f08d-4640-8b7e-27a7f94e047a,2022,10
14ed0eb9-ed90-4f21-ba99-21fecab6414d,2021,0
14ed0eb9-ed90-4f21-ba99-21fecab6414d,2022,10
14ed0eb9-ed90-4f21-ba99-21fecab6414d,2023,5
14ed0eb9-ed90-4f21-ba99-21fecab6414d,2024,360
14fcbce0-51ee-44ca-9d3e-38ce0c407a55,2024,0
150a404a-618d-4273-9f42-4d769e706f71,2023,20
150ca9d5-052e-4902-9def-defb24fc48d5,2021,0
150ca9d5-052e-4902-9def-defb24fc48d5,2022,0
150ca9d5-052e-4902-9def-defb24fc48d5,2024,0
1516d8d6-fd2c-4cad-ac1a-59795de88faa,2021,0
1516d8d6-fd2c-4cad-ac1a-59795de88faa,2022,5
1516d8d6-fd2c-4cad-ac1a-59795de88faa,2023,5
151efa35-255a-40c0-a86d-742649fa6eb5,2020,5
151efa35-255a-40c0-a86d-742649fa6eb5,2021,0
151efa35-255a-40c0-a86d-742649fa6eb5,2022,0
151efa35-255a-40c0-a86d-742649fa6eb5,2023,30
151efa35-255a-40c0-a86d-742649fa6eb5,2024,15
153ea394-3c05-4485-822b-226ab66abfcb,2023,10
153ea394-3c05-4485-822b-226ab66abfcb,2024,5
156b108b-420e-439e-bdc8-6f7136b48171,2023,15
15862433-8811-4d5a-8d8c-81f79fd1c05d,2024,10
15add76e-5779-4ed6-a898-c5d52227d58c,2020,0
15add76e-5779-4ed6-a898-c5d52227d58c,2021,360
15add76e-5779-4ed6-a898-c5d52227d58c,2024,0
15b114d1-71f3-48a9-a23c-7b2d33ea75b3,2021,0
15b114d1-71f3-48a9-a23c-7b2d33ea75b3,2022,15
15b114d1-71f3-48a9-a23c-7b2d33ea75b3,2024,0
15c55710-bb57-4ea7-a3e7-94f4a9c64e00,2023,15
15c55710-bb57-4ea7-a3e7-94f4a9c64e00,2024,5
15f1cea6-5a7c-4fa9-8763-b3a7b28536aa,2021,10
1610b329-b0cb-4fe7-9c87-17545e641596,2022,0
1610b329-b0cb-4fe7-9c87-17545e641596,2023,0
163d617c-6a45-4ed5-b7e5-0a99bf590490,2023,0
167a5016-e99b-47c0-8de2-604205108000,2023,10
167c8c0a-a6bd-46d2-a3d1-705844426862,2023,5
16c309d5-5b21-42a5-8baf-2a9cc148f1b6,2021,5
16c309d5-5b21-42a5-8baf-2a9cc148f1b6,2022,10
16e68000-ef15-4131-8936-04e7bcfc518a,2021,5
16e68000-ef15-4131-8936-04e7bcfc518a,2022,0
16e68000-ef15-4131-8936-04e7bcfc518a,2023,20
16e68000-ef15-4131-8936-04e7bcfc518a,2024,5
1715a9f4-5a74-439d-ae86-97ebba0eb137,2022,5
173a0e03-cf45-4881-8a3d-bc0ca75afa51,2021,330
173a0e03-cf45-4881-8a3d-bc0ca75afa51,2022,10
173a0e03-cf45-4881-8a3d-bc0ca75afa51,2024,290
174831d9-6cb4-4a28-8cb2-ac94bee44f39,2023,20
174831d9-6cb4-4a28-8cb2-ac94bee44f39,2024,350
1772a1b0-45ee-44f1-b7a6-2d121672af35,2024,0
1792be95-1c9d-4a3f-891d-f884f9c2c3b8,2020,250
1792be95-1c9d-4a3f-891d-f884f9c2c3b8,2021,15
1792be95-1c9d-4a3f-891d-f884f9c2c3b8,2022,315
1792be95-1c9d-4a3f-891d-f884f9c2c3b8,2023,0
1792be95-1c9d-4a3f-891d-f884f9c2c3b8,2024,5
17bfe16a-1ca0-4fb6-81f2-be85b37eede1,2023,5
17bfe16a-1ca0-4fb6-81f2-be85b37eede1,2024,0
17ccd2eb-ccc8-428f-9f69-cd7337e92c9c,2024,0
17d5220d-9ffb-421e-9068-fbd3d92a7327,2022,0
17d5220d-9ffb-421e-9068-fbd3d92a7327,2023,0
17d5220d-9ffb-421e-9068-fbd3d92a7327,2024,0
17d7c313-7972-4448-ba3f-fb9cba959274,2022,0
182800a1-2707-40f2-af68-5ef53f478397,2021,0
182800a1-2707-40f2-af68-5ef53f478397,2022,0
182800a1-2707-40f2-af68-5ef53f478397,2023,10
182800a1-2707-40f2-af68-5ef53f478397,2024,0
184fd729-19d4-48cd-bd10-a872d321bf0b,2023,10
184fd729-19d4-48cd-bd10-a872d321bf0b,2024,0
18511dca-01c9-4e8a-a4a6-b4a139189856,2020,35
18511dca-01c9-4e8a-a4a6-b4a139189856,2021,5
18511dca-01c9-4e8a-a4a6-b4a139189856,2022,0
18511dca-01c9-4e8a-a4a6-b4a139189856,2023,215
18511dca-01c9-4e8a-a4a6-b4a139189856,2024,20
1856160b-a137-4719-aae8-74e90c96e239,2024,0
18ba890e-5ab0-4d18-a687-23642e1576da,2024,0
18bf9baa-36e6-4928-b246-76fe6b174989,2020,350
18bf9baa-36e6-4928-b246-76fe6b174989,2021,25
18bf9baa-36e6-4928-b246-76fe6b174989,2023,0
18bf9baa-36e6-4928-b246-76fe6b174989,2024,260
18f658ac-b426-44c8-be58-27b2dfa8fa74,2022,0
18f658ac-b426-44c8-be58-27b2dfa8fa74,2024,0
19644b9e-1b16-4333-be6f-8a201894f63e,2023,10
19644b9e-1b16-4333-be6f-8a201894f63e,2024,10
1970b721-ac27-43e0-b2c5-d6f583255aaa,2024,0
19b68b20-bb0f-4bbc-83e8-b533c0cd9290,2024,0
19ea051f-f79f-4046-b2de-90b37864cc20,2020,45
19ea051f-f79f-4046-b2de-90b37864cc20,2023,15
19ea051f-f79f-4046-b2de-90b37864cc20,2024,0
19f00622-23f6-449d-8577-90ae121d779d,2023,5
1a0dd229-e28c-4886-8c09-df56e5f4db21,2024,10
1a4fd855-91e2-4e74-a62b-d2dcd00245f9,2023,10
1a52d376-f056-4346-abeb-10472b87b684,2020,220
1a52d376-f056-4346-abeb-10472b87b684,2021,5
1a52d376-f056-4346-abeb-10472b87b684,2022,360
1a52d376-f056-4346-abeb-10472b87b684,2023,5
1a52d376-f056-4346-abeb-10472b87b684,2024,10
1a55c90b-c3bc-46b5-894f-7717c2cd1680,2024,20
1a5b500c-44ba-40b8-bdfc-8749b29a91dd,2021,0
1a5b500c-44ba-40b8-bdfc-8749b29a91dd,2023,0
1a5b500c-44ba-40b8-bdfc-8749b29a91dd,2024,20
1a7231df-418a-4586-9ee9-a365a8a3afb9,2023,15
1ac4ca83-de0b-49ac-b776-dcce1331330f,2021,5
1ac4ca83-de0b-49ac-b776-dcce1331330f,2022,5
1b0a3648-72c2-48c3-8812-4c2d65f6a1c1,2020,5
1b0a3648-72c2-48c3-8812-4c2d65f6a1c1,2021,0
1b0a3648-72c2-48c3-8812-4c2d65f6a1c1,2024,0
1b1554a6-fc1e-42ae-af6d-cf0b7d3d2c46,2023,10
1b1554a6-fc1e-42ae-af6d-cf0b7d3d2c46,2024,20
1b1b63d0-0705-4b97-a450-37cfbdc4c6c9,2020,50
1b3383ab-4015-40a3-b48f-cbe43ea96c5c,2024,0
1b4172a3-212e-4c75-977c-0d9f937e3328,2020,15
1b4172a3-212e-4c75-977c-0d9f937e3328,2021,15
1b4172a3-212e-4c75-977c-0d9f937e3328,2022,5
1b6bfb03-4f47-40f8-8e70-69f798dd5ca2,2023,10
1b8c68b7-e71e-4516-81a4-b282efe6acca,2021,5
1b8c68b7-e71e-4516-81a4-b282efe6acca,2022,10
1ba66951-1ca6-4772-afd2-dff0e525d4eb,2020,75
1ba66951-1ca6-4772-afd2-dff0e525d4eb,2022,0
1be09eef-efe8-423d-88b5-5c519283ea86,2023,5
1be09eef-efe8-423d-88b5-5c519283ea86,2024,355
1be2366b-9090-4e3a-816f-87cafc8c506c,2024,0
1be2aecb-9c30-46b1-a1cc-8813b56c4494,2021,10
1be2aecb-9c30-46b1-a1cc-8813b56c4494,2022,10
1c19453b-82b9-4043-838a-27b97fbf4246,2020,80
1c19453b-82b9-4043-838a-27b97fbf4246,2021,355
1c19453b-82b9-4043-838a-27b97fbf4246,2022,10
1c19453b-82b9-4043-838a-27b97fbf4246,2023,15
1c19453b-82b9-4043-838a-27b97fbf4246,2024,10
1c28a8a1-a518-4ab7-b5c8-848c01b5c8be,2022,5
1c28a8a1-a518-4ab7-b5c8-848c01b5c8be,2023,5
1c28a8a1-a518-4ab7-b5c8-848c01b5c8be,2024,0
1c3258b2-9c91-4c21-a8dd-b0df038b1e1d,2021,0
1c3258b2-9c91-4c21-a8dd-b0df038b1e1d,2022,0
1c32a657-3eb0-40aa-bdc5-0dfa9b76c811,2023,20
1c32a657-3eb0-40aa-bdc5-0dfa9b76c811,2024,355
1c435463-7707-4e17-adc6-8027308a8386,2021,0
1c435463-7707-4e17-adc6-8027308a8386,2022,5
1c435463-7707-4e17-adc6-8027308a8386,2023,15
1c4f29ad-e638-4ae1-b420-099036d90fb1,2022,0
1c875973-9d59-4814-8de7-ad2a790e8110,2021,0
1c875973-9d59-4814-8de7-ad2a790e8110,2022,0
1c875973-9d59-4814-8de7-ad2a790e8110,2023,0
1c875973-9d59-4814-8de7-ad2a790e8110,2024,10
1c99d2ac-1519-4d4e-89bc-00bd34b436b0,2024,5
1cac2cb4-4f0c-48ba-a513-8bc9c071409b,2023,0
1cac2cb4-4f0c-48ba-a513-8bc9c071409b,2024,360
1cae0350-d9a4-476c-ac63-7a62f0503c28,2020,5
1cae0350-d9a4-476c-ac63-7a62f0503c28,2023,0
1ceb48ee-420d-4de9-a6df-28345c035455,2024,0
1cfb6093-58c6-45ec-abaa-f5236245910e,2022,5
1cfb6093-58c6-45ec-abaa-f5236245910e,2024,20
1d039c0e-cbb0-43e5-b954-95089fadf215,2021,5
1d039c0e-cbb0-43e5-b954-95089fadf215,2023,25
1d039c0e-cbb0-43e5-b954-95089fadf215,2024,10
1d0ee8e2-d02a-4b85-aace-bd0cdb2417f3,2021,0
1d0ee8e2-d02a-4b85-aace-bd0cdb2417f3,2022,5
1d0ee8e2-d02a-4b85-aace-bd0cdb2417f3,2023,0
1d155b74-3273-4151-8c92-f8b69be5ecaa,2022,0
1d155b74-3273-4151-8c92-f8b69be5ecaa,2024,0
1d317553-94a8-4cc4-9910-c034985f31fe,2024,0
1d3c54e0-4992-4b83-95f7-2aa2f21b1638,2021,0
1d3c54e0-4992-4b83-95f7-2aa2f21b1638,2022,5
1d3c54e0-4992-4b83-95f7-2aa2f21b1638,2024,0
1d723640-f4a7-4f54-8dc2-790aa82561ea,2021,5
1d723640-f4a7-4f54-8dc2-790aa82561ea,2022,0
1d723640-f4a7-4f54-8dc2-790aa82561ea,2023,10
1da13d1c-af9f-4569-b443-6d3354f3ba77,2024,0
1da8a896-7361-4e8f-8059-70a27b4f3f86,2020,40
1da8a896-7361-4e8f-8059-70a27b4f3f86,2023,5
1de949f5-35cb-4fa1-b344-94200896987e,2022,5
1dfc9d67-65e0-4845-b02b-1d65d58e6251,2023,10
1dfc9d67-65e0-4845-b02b-1d65d58e6251,2024,0
1e0a80a1-951a-49a9-ab64-a4d0d7982e52,2022,5
1e28f197-9a99-4824-8919-0cf3e1151640,2023,10
1e416804-a8f1-48ed-92b2-7b229be1ebe0,2022,15
1e4666c2-2903-4ee8-9158-922b5f7340ab,2022,5
1e5a9f21-8420-46ee-8b4d-1f376aaf823d,2023,15
1e5a9f21-8420-46ee-8b4d-1f376aaf823d,2024,15
1e6af4bb-5574-40c8-9d2a-ff1f0783beae,2021,5
1e6af4bb-5574-40c8-9d2a-ff1f0783beae,2022,0
1e6af4bb-5574-40c8-9d2a-ff1f0783beae,2024,5
1e6e939b-19c5-4726-89a3-e804a7f6e425,2020,15
1e6e939b-19c5-4726-89a3-e804a7f6e425,2021,25
1e6e939b-19c5-4726-89a3-e804a7f6e425,2022,10
1e6e939b-19c5-4726-89a3-e804a7f6e425,2024,0
1e704533-f746-4fa1-b472-d00a8465cc55,2021,0
1e704533-f746-4fa1-b472-d00a8465cc55,2022,10
1e78b27a-1c49-4d18-a3df-272463fb32ea,2021,0
1e78b27a-1c49-4d18-a3df-272463fb32ea,2023,5
1e78b27a-1c49-4d18-a3df-272463fb32ea,2024,5
1ef2162b-51b0-44e7-90be-2f38ec756990,2021,5
1ef2162b-51b0-44e7-90be-2f38ec756990,2022,0
1ef2162b-51b0-44e7-90be-2f38ec756990,2024,195
1f079c7a-d989-4e26-9a17-22f15c870132,2022,5
1f079c7a-d989-4e26-9a17-22f15c870132,2024,5
1f1e1d43-86a6-45e5-a80c-e1058f9613c3,2024,5
1f4fbe35-815d-4cf7-a581-3a9eef0e247c,2024,0
1f6267c2-bf51-4eca-8263-b2e92be522b2,2023,10
1f8d3a45-a5cd-4b10-aea5-9d17279f0864,2023,0
1f8e8725-4fb0-4cec-82a0-a0c3f30eefce,2021,0
1f8e8725-4fb0-4cec-82a0-a0c3f30eefce,2022,5
1f97184c-f47a-4185-9417-c1a52403f371,2020,10
1f97184c-f47a-4185-9417-c1a52403f371,2023,10
1fa193d1-b2a0-4130-9657-80fb64c66396,2020,0
1fc940bb-0c62-4ea4-8088-471fc11d7f86,2023,20
1fcd2f53-745e-46e1-a910-5c51d2b6016d,2023,0
1fd3d6e2-b099-458b-9930-ebf26df4f375,2024,0
1fe62180-c717-46ff-a977-34f6e818d3aa,2023,0
1ff0a8da-4495-4029-b713-b4245a48285f,2023,0
1ff0a8da-4495-4029-b713-b4245a48285f,2024,0
20543117-066a-473b-91d2-b27ec811d5f6,2023,10
20666385-768b-4d83-a43c-f515ce09e595,2024,5
20a1d312-48ad-4c09-adfe-3e46741309ac,2020,0
20a1d312-48ad-4c09-adfe-3e46741309ac,2022,300
20a1d312-48ad-4c09-adfe-3e46741309ac,2023,0
20ba53d8-e815-402b-a0a5-61a9644037d0,2023,10
20ba53d8-e815-402b-a0a5-61a9644037d0,2024,5
20e13508-27f6-4c8d-b0ba-752ab47ba590,2021,0
20e13508-27f6-4c8d-b0ba-752ab47ba590,2024,10
21331dbe-7a24-466f-b186-ad833458ed5c,2021,20
21331dbe-7a24-466f-b186-ad833458ed5c,2023,10
21331dbe-7a24-466f-b186-ad833458ed5c,2024,0
21604686-0624-43c9-86f4-f12a0dbaf844,2021,0
21604686-0624-43c9-86f4-f12a0dbaf844,2022,5
21604686-0624-43c9-86f4-f12a0dbaf844,2023,10
21604686-0624-43c9-86f4-f12a0dbaf844,2024,0
2194871b-0122-46ff-a0ee-6ba64a4db1c6,2023,5
2194871b-0122-46ff-a0ee-6ba64a4db1c6,2024,0
21966fdb-fbf1-41f2-b02e-5d7999b85b96,2020,10
21966fdb-fbf1-41f2-b02e-5d7999b85b96,2021,5
21966fdb-fbf1-41f2-b02e-5d7999b85b96,2022,0
21966fdb-fbf1-41f2-b02e-5d7999b85b96,2024,5
21a6c809-f297-4e8a-bd4e-8873237a1d1b,2021,5
21a6c809-f297-4e8a-bd4e-8873237a1d1b,2022,15
21d65e0c-5b23-4071-8437-9cc9f9ec3484,2021,0
21d65e0c-5b23-4071-8437-9cc9f9ec3484,2022,5
22326f40-8718-4088-8783-e9135ed2939b,2023,15
225e6b93-e5fa-43ee-84e2-1e72fe710358,2023,10
225e6b93-e5fa-43ee-84e2-1e72fe710358,2024,0
226430ba-5819-49e1-a417-d1cdad015bc5,2023,30
226430ba-5819-49e1-a417-d1cdad015bc5,2024,10
2270da96-ee75-487d-9e1d-e2534c3a21e6,2023,0
229d5260-95b2-4d5c-8b11-21dc54450fe3,2023,0
229d5260-95b2-4d5c-8b11-21dc54450fe3,2024,355
22f02d24-57f5-4259-b627-8a68bc670d9f,2023,0
22f02d24-57f5-4259-b627-8a68bc670d9f,2024,335
22fa0610-2bd1-4fd8-9791-61a95854de5f,2023,220
22fa0610-2bd1-4fd8-9791-61a95854de5f,2024,25
23079f64-ecd0-474d-a1b4-56b770ef87f9,2022,0
230edf30-2987-498d-95ba-772d82bbed47,2024,0
234061e2-9558-4482-8018-4238e96b34ee,2023,20
2395a4b9-bafd-4ab7-aa32-138d176c935e,2020,30
2395a4b9-bafd-4ab7-aa32-138d176c935e,2021,45
2395a4b9-bafd-4ab7-aa32-138d176c935e,2022,20
2395a4b9-bafd-4ab7-aa32-138d176c935e,2023,20
2395a4b9-bafd-4ab7-aa32-138d176c935e,2024,330
23d753c7-304e-4ba6-98eb-3e3c352ef8a0,2024,0
23e0d737-d564-4eed-86b2-454397a3bed7,2020,5
23e0d737-d564-4eed-86b2-454397a3bed7,2021,10
2449e8cc-1483-4d5f-8d78-679b1b1f5449,2023,10
2449e8cc-1483-4d5f-8d78-679b1b1f5449,2024,0
249984a5-febc-4fa4-aa21-4b94b7fadb87,2023,5
249fd886-ebde-43f4-a3b1-015505c555d1,2020,10
249fd886-ebde-43f4-a3b1-015505c555d1,2021,10
249fd886-ebde-43f4-a3b1-015505c555d1,2023,0
249fd886-ebde-43f4-a3b1-015505c555d1,2024,220
24c8fffd-35ea-486f-aa0d-0736bc02c313,2021,0
24c8fffd-35ea-486f-aa0d-0736bc02c313,2022,0
24c8fffd-35ea-486f-aa0d-0736bc02c313,2023,10
24c8fffd-35ea-486f-aa0d-0736bc02c313,2024,360
24ca60fd-4af6-40d3-b3ab-8019183e3d49,2021,5
24ca60fd-4af6-40d3-b3ab-8019183e3d49,2023,10
251235f3-dff4-4edc-ab05-b75883c25114,2024,355
2533a50c-d9e7-4d99-bc85-f15b83c4d92d,2023,5
253488d7-88da-4948-a662-40a0b638045d,2023,0
253488d7-88da-4948-a662-40a0b638045d,2024,0
2535cf5c-b92c-4c7b-8bcf-a96fe640e3ad,2020,5
25426153-5bbf-4c13-9455-b06d2cd1c71e,2023,5
25426153-5bbf-4c13-9455-b06d2cd1c71e,2024,5
25818d15-6d70-4b13-a354-814d18945f3e,2023,0
25818d15-6d70-4b13-a354-814d18945f3e,2024,0
2674c33c-d888-45b5-8243-b46f016aaa15,2024,10
267c1a80-4534-4286-9832-8c114e63ff5d,2023,5
2692db87-dadc-436e-8894-6841330cf7ab,2024,255
269c39fb-44d5-49f9-be60-422bf80b0dbd,2024,10
26e916ce-e49c-48ac-a2f1-8893b1b5f339,2023,10
26e916ce-e49c-48ac-a2f1-8893b1b5f339,2024,0
26f810a1-e24e-4225-af5c-91919744559c,2024,0
276637f7-bbb5-4fb6-8b79-6f59b6932af5,2024,5
276681ab-55a9-475d-bbaa-c5b4c9b92e15,2023,0
276681ab-55a9-475d-bbaa-c5b4c9b92e15,2024,0
27695d81-51a5-49b5-864f-1c76e5ed30d7,2021,0
27695d81-51a5-49b5-864f-1c76e5ed30d7,2022,5
27695d81-51a5-49b5-864f-1c76e5ed30d7,2023,15
27695d81-51a5-49b5-864f-1c76e5ed30d7,2024,340
276aa93c-2252-4694-935f-75e7963a073f,2021,20
276aa93c-2252-4694-935f-75e7963a073f,2024,10
2784ebd9-f887-402e-8d1e-d346ce96db55,2020,0
2784ebd9-f887-402e-8d1e-d346ce96db55,2022,10
27bf1331-8824-4649-97f6-386866310b58,2024,10
27cec6d7-fe64-40ff-b59c-6d6a37a6e3d4,2020,40
27cec6d7-fe64-40ff-b59c-6d6a37a6e3d4,2021,0
27cec6d7-fe64-40ff-b59c-6d6a37a6e3d4,2022,5
27cec6d7-fe64-40ff-b59c-6d6a37a6e3d4,2023,10
27cec6d7-fe64-40ff-b59c-6d6a37a6e3d4,2024,0
27d4474a-25a9-4e5f-b590-75f804b2d0dd,2023,5
27d4474a-25a9-4e5f-b590-75f804b2d0dd,2024,5
27df99fe-d557-4578-8afe-71d16d3f26d3,2023,5
27df99fe-d557-4578-8afe-71d16d3f26d3,2024,355
28247f57-15cf-408e-9e35-17fe5e8edc22,2022,15
28247f57-15cf-408e-9e35-17fe5e8edc22,2023,10
28247f57-15cf-408e-9e35-17fe5e8edc22,2024,35
282c8c94-6202-4ac5-92ac-203835d248cf,2024,10
288d892e-5f66-4dc9-b5bd-4a1e19125c24,2024,25
28a9c6e5-1bec-4a5a-9775-3bceae5bc1d6,2021,0
28a9c6e5-1bec-4a5a-9775-3bceae5bc1d6,2022,0
28a9c6e5-1bec-4a5a-9775-3bceae5bc1d6,2023,0
28a9c6e5-1bec-4a5a-9775-3bceae5bc1d6,2024,5
28f4ed80-4775-4fa0-923b-9080be4e856c,2023,0
28f4ed80-4775-4fa0-923b-9080be4e856c,2024,0
28fdd4e4-90ae-4c53-bd71-dff990133df2,2024,0
290e053c-7e7e-4f9b-950b-219448cc59b5,2020,0
290e053c-7e7e-4f9b-950b-219448cc59b5,2024,0
29280e67-e9cb-4a52-a499-04c283af016b,2021,5
29391ce1-c9d3-4e01-92a2-960bde563728,2021,20
29391ce1-c9d3-4e01-92a2-960bde563728,2022,35
29391ce1-c9d3-4e01-92a2-960bde563728,2023,5
29391ce1-c9d3-4e01-92a2-960bde563728,2024,15
2939fc11-3d52-40cd-a867-4e5e2748afe9,2023,0
29794127-a287-4fe5-b898-429ecdc134a1,2024,0
297d7f93-6200-4255-8d58-2ff7e7b4a199,2023,10
297d7f93-6200-4255-8d58-2ff7e7b4a199,2024,0
29a43cc5-64bd-4adb-b3f2-9ec233b247ab,2024,10
29b008ad-c0da-47b6-9c3e-9b0223b6d2d1,2020,205
29b008ad-c0da-47b6-9c3e-9b0223b6d2d1,2021,355
29b008ad-c0da-47b6-9c3e-9b0223b6d2d1,2022,45
29b008ad-c0da-47b6-9c3e-9b0223b6d2d1,2023,235
29b008ad-c0da-47b6-9c3e-9b0223b6d2d1,2024,340
29f4cf94-be64-4cb6-96aa-013154d81057,2021,0
29f4cf94-be64-4cb6-96aa-013154d81057,2022,5
2a23016c-b7a6-420d-a0fa-8fe3504b0e9b,2023,15
2a564b23-af76-4866-9685-1579718800f8,2023,10
2a564b23-af76-4866-9685-1579718800f8,2024,355
2ab553cd-0328-4454-b2f1-28e35a30f8c7,2024,20
2ab596d4-257d-41d8-b729-a796a794ede5,2020,5
2ab596d4-257d-41d8-b729-a796a794ede5,2024,5
2ac14aa6-93ae-4703-afaa-e2b5a4d995d1,2024,0
2b088375-54c4-4757-aa3e-75783ef5b8f0,2023,5
2b3316f8-5078-44bb-ac50-504a34ac73da,2022,5
2b3316f8-5078-44bb-ac50-504a34ac73da,2024,0
2bb3c282-520c-40a8-800b-eef6e4c0bb76,2024,30
2bb92bfe-5734-4a43-90c2-48b2ccaa5780,2020,0
2bb92bfe-5734-4a43-90c2-48b2ccaa5780,2022,5
2bfd836a-b0a3-4eab-a2e4-86f3414ca61d,2021,5
2bfd836a-b0a3-4eab-a2e4-86f3414ca61d,2022,10
2bfd836a-b0a3-4eab-a2e4-86f3414ca61d,2024,0
2c03377d-45d1-4100-a0e9-72fce9365c0b,2022,20
2c03377d-45d1-4100-a0e9-72fce9365c0b,2024,10
2c426f0d-0eaf-402e-a059-3a871a87496d,2022,20
2c426f0d-0eaf-402e-a059-3a871a87496d,2024,0
2c74f00f-dae1-40d8-a26f-3898eb29c504,2024,0
2c981fb4-3ac2-477b-b46c-500d3aed9b83,2024,5
2ca4c313-6331-490d-9646-2912db948a2b,2024,0
2cb888e8-933c-42ee-a292-93f0b0cb45c1,2024,0
2cb94068-9f38-49f0-a1ae-154494f1559a,2020,350
2cb94068-9f38-49f0-a1ae-154494f1559a,2021,360
2cb94068-9f38-49f0-a1ae-154494f1559a,2023,5
2cb94068-9f38-49f0-a1ae-154494f1559a,2024,0
2d16b052-264f-4da2-8800-0f699b2d1104,2021,0
2d16b052-264f-4da2-8800-0f699b2d1104,2022,0
2d501795-b9c8-4b6e-9730-e5c32c8570e4,2021,5
2d501795-b9c8-4b6e-9730-e5c32c8570e4,2022,10
2d501795-b9c8-4b6e-9730-e5c32c8570e4,2023,5
2d501795-b9c8-4b6e-9730-e5c32c8570e4,2024,15
2d89b8ed-be71-41c6-b406-f339b5170ef9,2023,5
2d9668ed-ee39-4e0a-94d1-7dc12d205e51,2024,0
2da40cd9-e9bc-4d19-8934-3a50d94fbcd4,2023,15
2ddc1742-f1c4-4328-b5b0-d7b8a4dc11e3,2021,5
2ddc1742-f1c4-4328-b5b0-d7b8a4dc11e3,2022,25
2ddc1742-f1c4-4328-b5b0-d7b8a4dc11e3,2023,15
2ddc1742-f1c4-4328-b5b0-d7b8a4dc11e3,2024,10
2df85e98-b2c5-47d4-88c2-c7b503c37000,2024,0
2e0e39f6-7451-4270-af21-a7082c5b083f,2021,5
2e0e39f6-7451-4270-af21-a7082c5b083f,2022,10
2e0e39f6-7451-4270-af21-a7082c5b083f,2024,245
2e76b6ec-1813-4ec9-b7be-a4dbb7cf56ba,2024,5
2ec6f61c-ab6c-4744-ba59-2e19f97fe5c5,2023,5
2ec6f61c-ab6c-4744-ba59-2e19f97fe5c5,2024,355
2eeaffd0-7c5f-4f85-adf3-7e7385ee5d50,2020,55
2eeaffd0-7c5f-4f85-adf3-7e7385ee5d50,2021,0
2eeaffd0-7c5f-4f85-adf3-7e7385ee5d50,2022,10
2eed96d3-f19b-4dd7-b55b-ab2d637dab82,2021,0
2eed96d3-f19b-4dd7-b55b-ab2d637dab82,2022,0
2efe6e90-ee2f-4483-b5f8-d0db7453b60c,2024,0
2f23a167-3339-4483-9eb5-eaf7c4885ba4,2023,5
2f5805ab-b47e-4c3f-b3bc-3a3de947b6f0,2023,5
2f5805ab-b47e-4c3f-b3bc-3a3de947b6f0,2024,10
2f65f221-d855-4615-b6b0-9a78770386aa,2022,0
2f65f221-d855-4615-b6b0-9a78770386aa,2023,0
2fd171e9-92fa-4f06-b9ca-4b8b3adb2a2c,2023,0
2fd171e9-92fa-4f06-b9ca-4b8b3adb2a2c,2024,0
2fdd9890-43c3-49f1-bca6-f51bc594a68a,2024,0
2ff7e33b-8a87-48e4-9fa1-a9e98ed828ca,2020,5
2ff7e33b-8a87-48e4-9fa1-a9e98ed828ca,2021,0
2ff7e33b-8a87-48e4-9fa1-a9e98ed828ca,2022,95
2ff7e33b-8a87-48e4-9fa1-a9e98ed828ca,2023,5
2ff7e33b-8a87-48e4-9fa1-a9e98ed828ca,2024,15
30032e54-d6e1-4306-a876-feca3af393aa,2024,0
3010a1f6-b212-40d9-a38c-5a6613ec466d,2022,5
3036f7cf-fea9-487f-90c5-58c0b219da0c,2020,40
3036f7cf-fea9-487f-90c5-58c0b219da0c,2023,15
3036f7cf-fea9-487f-90c5-58c0b219da0c,2024,0
303dacbd-67ea-4b06-8984-77a785b0b04e,2023,15
306f2186-4ed3-4b77-a0c9-7d51e89757b1,2023,10
306f2186-4ed3-4b77-a0c9-7d51e89757b1,2024,10
3093b482-84f2-406f-a00d-a09f2d674d0a,2023,0
309b49c6-2ad2-4571-8117-65f1fd37ae73,2024,0
30a22e9b-2720-4f55-98b4-7ad5e2096b67,2023,20
30a22e9b-2720-4f55-98b4-7ad5e2096b67,2024,350
30abc594-2a0d-4177-b093-eb4616597234,2020,45
30abc594-2a0d-4177-b093-eb4616597234,2021,5
30abc594-2a0d-4177-b093-eb4616597234,2022,5
30abc594-2a0d-4177-b093-eb4616597234,2024,0
30e057f6-7ebc-42e9-a2e8-f03a14f79ea1,2024,0
30fb4fe0-3358-4201-a923-1383b62f36d8,2023,5
3105d9df-49be-4efc-8a69-54d2ebd951e1,2021,0
3105d9df-49be-4efc-8a69-54d2ebd951e1,2022,5
3105d9df-49be-4efc-8a69-54d2ebd951e1,2023,20
3105d9df-49be-4efc-8a69-54d2ebd951e1,2024,5
3121a892-6cfa-46f6-b493-6aac5603c6ba,2023,20
3121a892-6cfa-46f6-b493-6aac5603c6ba,2024,15
314e5328-037b-4e67-9254-d6ce6e5c4a74,2022,0
314e5328-037b-4e67-9254-d6ce6e5c4a74,2023,5
314e5328-037b-4e67-9254-d6ce6e5c4a74,2024,0
3174f746-523a-42e4-ad77-ea31163054bc,2021,25
3174f746-523a-42e4-ad77-ea31163054bc,2022,0
31750ee4-b58a-4bec-8c96-090d8bdcf1e2,2024,0
31b1537b-0d1c-4c37-918a-a37d0cb4b3d3,2022,5
31b1537b-0d1c-4c37-918a-a37d0cb4b3d3,2023,10
31d4a14c-ac0b-4372-b1f1-46c5166e9e95,2021,0
31d4a14c-ac0b-4372-b1f1-46c5166e9e95,2024,0
31ea071e-7396-4d73-a0a8-87645c42270e,2021,0
31ea071e-7396-4d73-a0a8-87645c42270e,2022,10
31eb840e-fa84-4d81-b5e0-e962b3a8d477,2023,5
3221bbfb-1f56-4ae2-9626-cebc972bab41,2023,10
3221bbfb-1f56-4ae2-9626-cebc972bab41,2024,350
32277417-4cb4-489f-a589-c0d7071b2fbd,2024,10
326ee916-432f-4bd0-b09b-08e468c583db,2024,0
32b5f10a-046d-4f01-a1cf-f5f55b163ee5,2024,0
32e100f3-e6c1-4eba-8254-3602b2d1a131,2024,15
32fc3776-0aa4-442b-a3f0-55bfd1ddb177,2020,0
32fc3776-0aa4-442b-a3f0-55bfd1ddb177,2023,15
33463093-3194-4da0-a58f-182c32dfaed3,2024,0
336ad52d-4be3-418c-b036-f39138572548,2024,0
337e3cb5-a998-4ee2-9126-53808e57ea88,2021,0
337e3cb5-a998-4ee2-9126-53808e57ea88,2023,0
337e3cb5-a998-4ee2-9126-53808e57ea88,2024,0
33b3535d-c71f-4b04-ab47-9e803888d507,2021,0
33b3535d-c71f-4b04-ab47-9e803888d507,2022,0
33b3535d-c71f-4b04-ab47-9e803888d507,2023,10
33b3535d-c71f-4b04-ab47-9e803888d507,2024,5
33c7df15-c95d-4d81-b3ef-392ed08c3edf,2023,10
33c7df15-c95d-4d81-b3ef-392ed08c3edf,2024,5
33d57165-3b69-489a-aab1-a35430fbd058,2023,15
3400f7db-7bb6-438c-94e2-9683dba78703,2023,10
340fa49f-87e9-478d-81b3-745121a2d9b9,2020,40
340fa49f-87e9-478d-81b3-745121a2d9b9,2021,5
340fa49f-87e9-478d-81b3-745121a2d9b9,2022,0
340fa49f-87e9-478d-81b3-745121a2d9b9,2024,0
3446144e-4990-47c5-ac48-a6e7f94166cf,2021,5
3446144e-4990-47c5-ac48-a6e7f94166cf,2023,0
3446144e-4990-47c5-ac48-a6e7f94166cf,2024,355
3456d6bd-32f1-4aea-bb61-3932c0c8d657,2023,10
345ae061-6877-4114-bba8-c0565f0eb8c0,2021,0
345ae061-6877-4114-bba8-c0565f0eb8c0,2022,0
345ae061-6877-4114-bba8-c0565f0eb8c0,2023,5
345ae061-6877-4114-bba8-c0565f0eb8c0,2024,355
347e6121-dcba-40f3-ab22-c350b027a4ab,2021,330
347e6121-dcba-40f3-ab22-c350b027a4ab,2023,5
34b1987a-6d2d-4b31-89d6-27e967f7e664,2024,0
34d516ae-100e-4756-bb29-d806cc66ab16,2021,155
34d516ae-100e-4756-bb29-d806cc66ab16,2022,170
34f173ef-f716-4c2c-8ec3-0cff77a609a1,2020,5
34f173ef-f716-4c2c-8ec3-0cff77a609a1,2021,20
34f173ef-f716-4c2c-8ec3-0cff77a609a1,2022,10
34f173ef-f716-4c2c-8ec3-0cff77a609a1,2023,215
34f173ef-f716-4c2c-8ec3-0cff77a609a1,2024,140
34f3af1f-12d5-4630-a505-972d371ab817,2024,0
35179bc8-2d24-4bb4-bee5-214a3d8433c3,2021,0
35179bc8-2d24-4bb4-bee5-214a3d8433c3,2022,15
35a11acd-1e1c-410a-88db-0dffaf63da1b,2024,0
35af55ba-4517-4977-9a61-297e9a84fe01,2022,5
35af55ba-4517-4977-9a61-297e9a84fe01,2023,0
35af55ba-4517-4977-9a61-297e9a84fe01,2024,10
35ced531-2837-4b4f-8591-4c0544279633,2023,5
35d222fa-7452-4699-8f21-05312d1e9c61,2023,15
35e3a801-1579-4b72-9ef2-c94b5c5bed4e,2021,0
35e3a801-1579-4b72-9ef2-c94b5c5bed4e,2022,0
35e3a801-1579-4b72-9ef2-c94b5c5bed4e,2024,0
35f2a6c5-7b9d-4e94-8ca9-78eca228dca4,2023,10
35fce5ad-9690-40d6-82a6-da00d034cd7f,2021,0
35fce5ad-9690-40d6-82a6-da00d034cd7f,2024,5
360a6b17-8b0c-46fe-893c-8c27c3d46ebe,2021,0
360a6b17-8b0c-46fe-893c-8c27c3d46ebe,2024,10
360dd850-3361-4138-b5d1-33d2f4186f78,2024,10
362fbf49-ca46-43fb-93ee-fc3eee900ff2,2021,0
362fbf49-ca46-43fb-93ee-fc3eee900ff2,2022,5
36600afe-b47d-45c0-b2e7-dc95b7f4c0e3,2024,5
36bb9796-71b0-4ff9-b586-5db4551e0947,2020,10
36bb9796-71b0-4ff9-b586-5db4551e0947,2023,5
36de3196-4a6e-4a16-92aa-41b831d2c243,2022,0
36de3196-4a6e-4a16-92aa-41b831d2c243,2024,5
36f05beb-e257-4706-b64f-bb409cb82ad9,2021,5
36f05beb-e257-4706-b64f-bb409cb82ad9,2022,15
36f05beb-e257-4706-b64f-bb409cb82ad9,2023,5
36fbe621-f07e-404f-a057-9955b35439ee,2021,0
36fbe621-f07e-404f-a057-9955b35439ee,2022,15
36fbe621-f07e-404f-a057-9955b35439ee,2023,15
36fbe621-f07e-404f-a057-9955b35439ee,2024,15
3734ac19-dc5a-46f6-9d86-5aea7a7cb2e0,2023,0
3734c679-4880-4a81-95f9-4616b2676f59,2024,5
3771c355-0988-4daf-a1fc-0a02dc4323e8,2022,0
3771c355-0988-4daf-a1fc-0a02dc4323e8,2023,10
3771c355-0988-4daf-a1fc-0a02dc4323e8,2024,5
379d0d6f-d238-4b86-a7fe-74228f64b9ae,2023,5
379fbfa4-dd1d-4bd9-b4c8-13deaa14c7bf,2021,0
379fbfa4-dd1d-4bd9-b4c8-13deaa14c7bf,2024,20
37af0643-9249-495f-85ef-57aadb6ccafa,2020,20
37af0643-9249-495f-85ef-57aadb6ccafa,2021,0
37af0643-9249-495f-85ef-57aadb6ccafa,2022,0
37af0643-9249-495f-85ef-57aadb6ccafa,2023,10
37af0643-9249-495f-85ef-57aadb6ccafa,2024,15
37d8d987-50f7-41f9-b5a9-45a324325743,2021,5
37d8d987-50f7-41f9-b5a9-45a324325743,2024,5
37f31d04-6a8d-438c-8e3f-15e1112e7413,2021,5
37f31d04-6a8d-438c-8e3f-15e1112e7413,2022,0
382b8c36-9d9a-4551-8591-54741c9fbd82,2023,0
385565da-c01b-4def-a695-36f43d78f72a,2024,0
386431d7-164e-4954-900b-13354981c9e1,2023,10
387dbcee-ef3c-4acf-b2c7-f3205c18668b,2021,0
387dbcee-ef3c-4acf-b2c7-f3205c18668b,2022,0
387dbcee-ef3c-4acf-b2c7-f3205c18668b,2024,0
38cc38e2-9054-4106-b04c-16dcb0582046,2023,5
38cc38e2-9054-4106-b04c-16dcb0582046,2024,0
38ccc708-18d1-4c0c-b3c6-bbc25a401fd3,2023,5
38d666b6-358c-4225-9c1e-a17638b652d1,2020,210
38d666b6-358c-4225-9c1e-a17638b652d1,2021,0
38d666b6-358c-4225-9c1e-a17638b652d1,2022,80
38d666b6-358c-4225-9c1e-a17638b652d1,2023,10
38dd1847-561a-4932-a578-4a818cc24621,2023,10
39051a1c-a148-41b5-a4bf-c6aed40d1573,2021,0
39051a1c-a148-41b5-a4bf-c6aed40d1573,2022,0
39051a1c-a148-41b5-a4bf-c6aed40d1573,2024,15
390b5967-303a-4294-9160-7768837c934c,2024,260
396b3f98-2412-4b7e-a9a3-97dbe70e5bc1,2021,0
396b3f98-2412-4b7e-a9a3-97dbe70e5bc1,2022,5
398349ba-404d-4768-bfee-5abc02fd1ccd,2021,5
398349ba-404d-4768-bfee-5abc02fd1ccd,2022,5
398349ba-404d-4768-bfee-5abc02fd1ccd,2023,10
39a0cb24-37ba-4445-8de8-6501daebe281,2023,10
39a1c3a2-fd67-4c99-adb9-c333221928bb,2021,5
39a1c3a2-fd67-4c99-adb9-c333221928bb,2022,0
39a1c3a2-fd67-4c99-adb9-c333221928bb,2023,20
39a1c3a2-fd67-4c99-adb9-c333221928bb,2024,360
39ad7da6-9941-4a66-9a1d-e8f25c595f8e,2021,0
39ad7da6-9941-4a66-9a1d-e8f25c595f8e,2022,0
39c454da-0695-4445-9b80-43feee830e63,2024,0
3a3ab29b-f89b-4cbd-9201-989507fb758e,2024,0
3a55d85e-b646-47d3-8da0-cde6a47ad006,2020,5
3a55d85e-b646-47d3-8da0-cde6a47ad006,2021,15
3a55d85e-b646-47d3-8da0-cde6a47ad006,2022,10
3a55d85e-b646-47d3-8da0-cde6a47ad006,2023,5
3a55d85e-b646-47d3-8da0-cde6a47ad006,2024,15
3a713bc8-7333-455f-aa3a-5f24424e3efe,2021,5
3a713bc8-7333-455f-aa3a-5f24424e3efe,2022,0
3a713bc8-7333-455f-aa3a-5f24424e3efe,2023,0
3a713bc8-7333-455f-aa3a-5f24424e3efe,2024,225
3a87d528-f1d0-40dc-ad61-f9c60b08fb4b,2020,30
3a87d528-f1d0-40dc-ad61-f9c60b08fb4b,2023,5
3a98af62-924c-4017-b2c4-d3ed362ff6b1,2023,10
3aa78447-6ccf-47b1-b8a6-043f1e65752e,2021,0
3aa78447-6ccf-47b1-b8a6-043f1e65752e,2022,0
3aa78447-6ccf-47b1-b8a6-043f1e65752e,2024,5
3b27936f-b590-4bf7-b964-966d7855a587,2023,0
3b27936f-b590-4bf7-b964-966d7855a587,2024,0
3b4f1fe0-bd68-4064-be20-30d25ce483db,2024,50
3b7b9058-464b-4446-a5db-4921072ee224,2023,10
3b8f576e-7f05-4f9e-a870-8df393c2196f,2021,5
3b8f576e-7f05-4f9e-a870-8df393c2196f,2022,360
3b8f576e-7f05-4f9e-a870-8df393c2196f,2023,5
3b8f576e-7f05-4f9e-a870-8df393c2196f,2024,25
3bdfd82a-5837-4bc1-842e-953e3ab3f21d,2024,0
3c624e6e-0e54-405c-82c0-c71a4b6ef366,2023,10
3c7197d9-24d7-4e81-9fef-a56c027bb3d7,2024,0
3c8a2fad-d055-41fc-b547-d2c261634ad4,2020,30
3c8a2fad-d055-41fc-b547-d2c261634ad4,2021,0
3c8a2fad-d055-41fc-b547-d2c261634ad4,2022,5
3c8a2fad-d055-41fc-b547-d2c261634ad4,2024,335
3c9b53b9-6c78-4928-bbad-50fa07d3d5b1,2023,5
3cc34098-9bfd-4d68-ae3b-a0e5987e4843,2023,15
3cc42a20-1060-4fd1-a3a7-7d7a57aec707,2023,10
3ccd98ce-c43e-4668-956f-e55eb1c3dd0f,2024,15
3cd6a47c-07ae-4174-86a6-52012b32d7bc,2021,360
3cd6a47c-07ae-4174-86a6-52012b32d7bc,2023,50
3cd6a47c-07ae-4174-86a6-52012b32d7bc,2024,20
3d04408d-f0cf-46ea-83f6-5f032fadb48b,2020,55
3d04408d-f0cf-46ea-83f6-5f032fadb48b,2021,5
3d04408d-f0cf-46ea-83f6-5f032fadb48b,2022,5
3d04408d-f0cf-46ea-83f6-5f032fadb48b,2023,10
3d04408d-f0cf-46ea-83f6-5f032fadb48b,2024,20
3d1fc9a7-8ea6-4465-beb0-0703e0a37bbe,2024,15
3d3d24a8-0386-4e60-96d4-291e90fd8052,2024,10
3d5f7ea1-0fde-402f-8200-38e3a8c8f18d,2023,25
3d5f7ea1-0fde-402f-8200-38e3a8c8f18d,2024,355
3d8ee6a5-e668-4aa8-b421-793115cb5f5d,2022,0
3dbc6db7-ac4f-4372-a9df-453bbd170861,2021,0
3dbc6db7-ac4f-4372-a9df-453bbd170861,2022,0
3dbc6db7-ac4f-4372-a9df-453bbd170861,2023,10
3df1e5c6-0353-4b9d-8be8-5b0ac028fb0e,2023,15
3df1e5c6-0353-4b9d-8be8-5b0ac028fb0e,2024,0
3e203bb0-a0bc-4316-b2f4-e4803b22297f,2023,15
3e203bb0-a0bc-4316-b2f4-e4803b22297f,2024,355
3e4009db-28c8-44b1-8956-1aeb306d34ce,2023,25
3e4009db-28c8-44b1-8956-1aeb306d34ce,2024,0
3e6ecea9-4d0c-4a44-9848-143e14b637f5,2021,0
3e6ecea9-4d0c-4a44-9848-143e14b637f5,2022,0
3e6ecea9-4d0c-4a44-9848-143e14b637f5,2023,20
3e6ecea9-4d0c-4a44-9848-143e14b637f5,2024,20
3ebda469-ce2e-42ae-a086-3461f0a88004,2024,10
3ee30f7b-2935-491a-a236-66d51ddcf8b0,2024,5
3ef50d9e-7c91-4940-913e-712fa51eef24,2020,40
3ef50d9e-7c91-4940-913e-712fa51eef24,2023,5
3f2743e2-ada0-4e84-8e4f-2b91f00a4938,2021,0
3f2743e2-ada0-4e84-8e4f-2b91f00a4938,2022,10
3f7030d8-2619-4b2a-b38a-155144ef3b76,2021,0
3f7030d8-2619-4b2a-b38a-155144ef3b76,2022,5
3f7030d8-2619-4b2a-b38a-155144ef3b76,2023,30
3f782d0c-f80c-4236-a445-4ce0e9c05145,2023,10
3f782d0c-f80c-4236-a445-4ce0e9c05145,2024,0
3f9b0d41-3ba5-476d-b876-48046efb9332,2024,20
3f9c934f-c8e5-42c7-addb-a48272146377,2024,5
3fd9fb3a-81a6-48b0-9947-23cebb888867,2020,0
3fd9fb3a-81a6-48b0-9947-23cebb888867,2023,20
3ff74bce-91bf-4517-8104-12453a2687c0,2020,0
3ff74bce-91bf-4517-8104-12453a2687c0,2021,10
3ff74bce-91bf-4517-8104-12453a2687c0,2022,360
3ff74bce-91bf-4517-8104-12453a2687c0,2024,0
3ffe0856-74bb-450f-8a56-753f8b4ebeee,2023,0
401d8c7b-415c-43f8-aa70-69105f44b4d2,2024,0
40514dc3-cd56-4ad8-80e3-8b3ae3c8f8ef,2023,0
40514dc3-cd56-4ad8-80e3-8b3ae3c8f8ef,2024,355
406177b8-81ca-45a4-9125-0fbe770fe854,2020,35
406fd676-94f9-440d-ae0f-2a22e78ef8fa,2022,0
407af5a9-4168-4c6f-8987-ed2cae51f89d,2023,0
408cc143-fe0a-4860-8c4b-2dbe811f86b0,2024,0
40b61b32-5adb-4b0c-8918-79eb654a8938,2023,0
40ce4a01-bbc2-4b23-ab7d-dd10df4fc0ca,2023,10
40ce4a01-bbc2-4b23-ab7d-dd10df4fc0ca,2024,5
41682aa6-49c3-48fe-a95a-986a82500258,2024,5
41a758a9-6b09-48e8-8595-662396d2d673,2021,0
41a758a9-6b09-48e8-8595-662396d2d673,2022,5
41a758a9-6b09-48e8-8595-662396d2d673,2024,5
41e79c41-01c2-4a06-a657-14ed782f3cd2,2021,0
41e79c41-01c2-4a06-a657-14ed782f3cd2,2022,360
41e79c41-01c2-4a06-a657-14ed782f3cd2,2023,145
41e79c41-01c2-4a06-a657-14ed782f3cd2,2024,0
422ea531-229a-4ed4-9641-018e1219676f,2023,15
426a4e25-781d-449d-a633-5b330609778d,2020,30
426a4e25-781d-449d-a633-5b330609778d,2021,0
426a4e25-781d-449d-a633-5b330609778d,2022,0
426a4e25-781d-449d-a633-5b330609778d,2023,5
426a4e25-781d-449d-a633-5b330609778d,2024,40
426e5623-9ccd-46d6-b78b-3778474ca196,2021,5
426e5623-9ccd-46d6-b78b-3778474ca196,2022,10
426e5623-9ccd-46d6-b78b-3778474ca196,2024,10
42c35edf-45fa-422e-9896-0b2abe484aa1,2021,5
42c35edf-45fa-422e-9896-0b2abe484aa1,2023,0
42c35edf-45fa-422e-9896-0b2abe484aa1,2024,0
42ffe875-ec45-4c5a-9dcd-83bcc1aed86c,2021,10
4305a202-6c26-48b4-885d-d766ef7ba202,2021,0
4305a202-6c26-48b4-885d-d766ef7ba202,2022,5
4305a202-6c26-48b4-885d-d766ef7ba202,2023,15
431226b3-608d-4364-b3f2-81b99d8d64a0,2024,5
4320fd13-e4de-47c2-a28a-9d5d55d12540,2023,0
432d4785-3855-41fb-afc1-840c0aa6ad38,2023,50
438185bf-3c54-4646-828c-f1abaedcac55,2021,0
438185bf-3c54-4646-828c-f1abaedcac55,2022,0
438185bf-3c54-4646-828c-f1abaedcac55,2023,20
438185bf-3c54-4646-828c-f1abaedcac55,2024,355
43b29b59-3d18-4666-bc23-aa0bc7af2af4,2021,20
43b29b59-3d18-4666-bc23-aa0bc7af2af4,2024,0
43c0b3e2-f5f8-42ad-8c40-d526943fad4d,2023,5
43c9e8df-a8cc-4d2f-9a3d-572d54cb2aa1,2024,0
43d24ab4-45c8-483c-b953-f3ea4bbf8d3f,2024,10
43e7344e-60ca-4d59-a053-6aa392d32ec7,2020,35
43e7344e-60ca-4d59-a053-6aa392d32ec7,2021,285
43e7344e-60ca-4d59-a053-6aa392d32ec7,2023,25
43e7344e-60ca-4d59-a053-6aa392d32ec7,2024,0
441059aa-c0e1-4b2d-ac11-59a077ef0b38,2023,10
444e4d53-a264-4477-bdf0-4f2f7f78aeed,2024,10
445bc73a-047d-4ff1-979d-2ec36ad966a4,2023,0
445bc73a-047d-4ff1-979d-2ec36ad966a4,2024,0
44a790c2-2e09-4ead-8b0a-a230b397c424,2024,15
44ded086-d885-4c77-8b9b-fd3887339cbe,2024,10
45057108-64d3-4c66-ad87-ec660de6d519,2023,20
4505c8c4-fd9a-4771-a0b2-19a15ab6f2a3,2024,0
4520a7e9-7d1c-49e3-a5aa-8e6f5556a0d0,2023,0
4520a7e9-7d1c-49e3-a5aa-8e6f5556a0d0,2024,0
452453e0-c0d7-4f5a-857a-8ecc3fa89cc4,2023,0
45b1932a-5e9a-4c32-941d-6068aa0ed1bf,2022,5
45f060b4-1381-4f69-a555-8187e94435a6,2023,0
46012b36-2ed2-4bd9-b59e-64e4b41a1c75,2020,25
46012b36-2ed2-4bd9-b59e-64e4b41a1c75,2021,10
46012b36-2ed2-4bd9-b59e-64e4b41a1c75,2022,0
462b789a-c578-41af-8651-83d60bac1b1a,2021,0
462b789a-c578-41af-8651-83d60bac1b1a,2022,10
465e1e38-ff9e-48b4-b37e-bfeafc32139d,2024,5
468bf2b5-4730-4bb6-8acd-2ceec4f19795,2020,60
468bf2b5-4730-4bb6-8acd-2ceec4f19795,2024,0
469ca90d-c529-4a47-9508-963d69f3339d,2020,30
46d16824-7ccc-41eb-a1f3-a4d2dc73065b,2021,355
46d16824-7ccc-41eb-a1f3-a4d2dc73065b,2022,10
46d244e2-b2a4-4633-81df-6dedb29ae2fa,2023,5
4729725d-cbe1-4ab2-99de-1a1254f11380,2024,0
473e8305-38b6-412b-8e63-70ad8f05a197,2021,0
473e8305-38b6-412b-8e63-70ad8f05a197,2022,0
473e8305-38b6-412b-8e63-70ad8f05a197,2023,0
47735478-c8d6-4cbb-a9e1-aede33eb07fc,2022,0
47735478-c8d6-4cbb-a9e1-aede33eb07fc,2023,10
4779b407-7559-45f0-9992-5a4697c0d539,2021,0
4779b407-7559-45f0-9992-5a4697c0d539,2022,10
4779b407-7559-45f0-9992-5a4697c0d539,2023,20
4779b407-7559-45f0-9992-5a4697c0d539,2024,10
4794055e-aacb-4574-816b-2573d608c55f,2021,0
4794055e-aacb-4574-816b-2573d608c55f,2022,0
47c0ad7b-5f87-4b36-9779-9f8a1ae5a6c4,2023,10
47d33538-d1f7-4cd9-afcc-9280c0bc6984,2024,10
47e64cba-4838-4e9e-9032-a52c6f809be2,2020,35
47e64cba-4838-4e9e-9032-a52c6f809be2,2024,5
47e85ee2-793e-45ec-9702-cb7db3dfb8af,2023,10
47ea5069-5c3f-403a-9ec7-724e993716e3,2020,5
48195e73-3822-45c5-858a-20c52632b978,2021,5
48195e73-3822-45c5-858a-20c52632b978,2022,0
48195e73-3822-45c5-858a-20c52632b978,2024,5
48422c82-0eee-4f6e-aacf-d6768c1a6dbc,2023,0
484dd0cc-e312-42d7-9ca3-61bc9fe47f02,2023,20
486352f2-e521-41dd-91f6-5160b9c184b5,2023,5
486352f2-e521-41dd-91f6-5160b9c184b5,2024,0
487d55b1-18fe-4a8b-bd87-eda862c98ff6,2022,0
49339b77-a624-41b3-bf74-d6b71e5be12a,2023,20
49339b77-a624-41b3-bf74-d6b71e5be12a,2024,5
4936da96-a7fd-49fc-8356-ca34d978cef8,2023,10
4936da96-a7fd-49fc-8356-ca34d978cef8,2024,0
494b2257-2962-450b-9de8-6ba169d0730e,2021,0
494b2257-2962-450b-9de8-6ba169d0730e,2022,0
494b2257-2962-450b-9de8-6ba169d0730e,2023,5
494b2257-2962-450b-9de8-6ba169d0730e,2024,0
4959ea11-3dca-4461-ae61-c65c38acd842,2023,15
4959ea11-3dca-4461-ae61-c65c38acd842,2024,10
497aa3ac-6b87-4949-8cab-ee54db8045f3,2021,5
497aa3ac-6b87-4949-8cab-ee54db8045f3,2022,0
499e2171-eb51-40ed-8f8a-ad8426276b21,2023,25
499e2171-eb51-40ed-8f8a-ad8426276b21,2024,20
499e3a74-b4d8-4976-82a6-b038b167fd24,2023,5
49a178c4-a3ed-4876-8c91-6f977472e9b8,2024,10
49b05558-95a2-49cd-b7b4-d875ab3db267,2021,0
49b05558-95a2-49cd-b7b4-d875ab3db267,2022,0
49b05558-95a2-49cd-b7b4-d875ab3db267,2023,20
49b05558-95a2-49cd-b7b4-d875ab3db267,2024,0
49ef79a5-a9ee-45bc-b3a2-157dc4ab493b,2023,10
49fdcb86-391a-4a37-a402-cf4ec739a952,2023,0
4a070ff2-50e0-43d8-8a4f-cad6d2dbfdea,2024,10
4a3708e2-2074-4c98-87ea-814766039b70,2021,0
4a3708e2-2074-4c98-87ea-814766039b70,2022,5
4a3708e2-2074-4c98-87ea-814766039b70,2024,0
4a5851f2-df3d-483c-9e13-f1a97d407e0d,2022,0
4a587db8-02fa-4cec-8d9e-93d05ef9ff9e,2024,0
4a6b8195-f5b1-451a-9efb-b6e57ee26f67,2023,5
4ab59b3d-a32f-417b-9691-7939ecdbb8a7,2021,0
4ab59b3d-a32f-417b-9691-7939ecdbb8a7,2022,10
4ab59b3d-a32f-417b-9691-7939ecdbb8a7,2023,20
4ab59b3d-a32f-417b-9691-7939ecdbb8a7,2024,360
4acfa5e7-10e7-4b6b-816d-aa5cd19e2777,2024,0
4aec7e31-b05c-4998-b8f6-e472b880454d,2022,5
4aec7e31-b05c-4998-b8f6-e472b880454d,2023,220
4af081d9-80a6-44cc-9f65-ed393626b720,2024,0
4b869e5c-a2c4-4edb-b112-ce168f3ab80e,2023,10
4b8b414c-a398-4c39-bade-f98428794c10,2023,15
4b8cc838-1a9c-4b77-a200-4ea774839a74,2021,5
4b8cc838-1a9c-4b77-a200-4ea774839a74,2022,10
4b8cc838-1a9c-4b77-a200-4ea774839a74,2023,10
4bc2ee9c-c0f7-41f5-983c-1dcc3a15373e,2022,0
4bd2cdb4-32ad-46bd-800c-b3bebed9eef5,2024,0
4bd3b99a-a6f2-4cf2-b412-3444506c3639,2023,0
4bd3b99a-a6f2-4cf2-b412-3444506c3639,2024,0
4bd46eff-ee2c-4fb9-a30d-c1c3fffef91d,2020,25
4bd46eff-ee2c-4fb9-a30d-c1c3fffef91d,2021,0
4bd46eff-ee2c-4fb9-a30d-c1c3fffef91d,2022,5
4bd46eff-ee2c-4fb9-a30d-c1c3fffef91d,2023,10
4bdd77df-2477-4c48-b4b4-0e5748448efc,2023,5
4be110a1-e556-4486-93f8-9cb11da16c88,2021,0
4be110a1-e556-4486-93f8-9cb11da16c88,2022,10
4be110a1-e556-4486-93f8-9cb11da16c88,2024,15
4bfd8218-415e-4ffe-b0b0-7b70f7ae8470,2023,5
4bfd8218-415e-4ffe-b0b0-7b70f7ae8470,2024,20
4c5d9b7f-687b-4154-8dad-e2619ff2d4ac,2024,0
4c65d5ad-2a86-4bbe-a282-b53bc15732eb,2023,10
4c65d5ad-2a86-4bbe-a282-b53bc15732eb,2024,15
4c91c4f0-8da9-44e1-8480-b33afb41cddd,2024,0
4cb59299-942e-4cd5-b3a0-6f25d8532920,2024,5
4cb6c6e9-e655-43ec-a12e-c862542b9161,2020,0
4cb6c6e9-e655-43ec-a12e-c862542b9161,2021,0
4cb6c6e9-e655-43ec-a12e-c862542b9161,2022,0
4cb6c6e9-e655-43ec-a12e-c862542b9161,2023,0
4cb6c6e9-e655-43ec-a12e-c862542b9161,2024,355
4cc9b9b3-ed80-4147-97e6-3d21f3080773,2020,40
4cd9e372-3796-4e73-864e-e4db440ff16a,2024,5
4ce07bb4-1579-4344-ab3f-baf4cbcb87f9,2024,220
4cfa15a5-d9f7-4df5-b71a-9e3caee27c03,2024,0
4d12918b-c3cd-4488-8732-2ac981181e37,2023,10
4d12918b-c3cd-4488-8732-2ac981181e37,2024,0
4d2d571d-92f1-480e-9ab5-1832608b6417,2024,5
4d32b020-9dc2-4dd9-9d17-137ee9d898dd,2024,0
4d9238c8-5463-4e9a-a122-a6364f397dc3,2021,0
4d9238c8-5463-4e9a-a122-a6364f397dc3,2022,10
4decab86-77ac-4920-9dbb-7f9d2b7b7502,2020,5
4e2a2d62-88fc-4ec3-af92-ffa5546e14a3,2024,0
4e44c37e-47d8-48cc-a41b-c077f3a5904f,2021,0
4e44c37e-47d8-48cc-a41b-c077f3a5904f,2022,0
4e581a8a-113d-4add-855a-6f7e80b35d60,2024,0
4ea3fa3a-0052-41c2-8c5a-d57b0989ad34,2020,0
4ea3fa3a-0052-41c2-8c5a-d57b0989ad34,2021,280
4ea3fa3a-0052-41c2-8c5a-d57b0989ad34,2023,0
4ea3fa3a-0052-41c2-8c5a-d57b0989ad34,2024,10
4ebdb418-bd9c-4235-94b0-974bd3d25d19,2021,0
4eec30e2-ddec-4361-92cb-466ef3335ba3,2023,230
4efa53f2-698a-40df-aea0-f49d62ca497d,2021,5
4efa53f2-698a-40df-aea0-f49d62ca497d,2022,0
4f26fe00-6ce4-45c0-8658-3732d837a324,2021,0
4f26fe00-6ce4-45c0-8658-3732d837a324,2023,20
4f51ca43-237c-4ab8-85b6-73c084d081a1,2021,5
4f51ca43-237c-4ab8-85b6-73c084d081a1,2022,0
4f558cea-45bd-4557-a40e-9f0e45ea98d2,2024,0
4f8a2afa-ffc4-43ed-b251-1eef2eb39320,2024,5
4fb14cd9-e3cf-4b69-b82d-36158c3db2f5,2022,15
4fb44dc2-183a-465f-bda4-145b9ae5520e,2022,0
4fb44dc2-183a-465f-bda4-145b9ae5520e,2023,10
4fb44dc2-183a-465f-bda4-145b9ae5520e,2024,0
4fef5213-fcda-4a56-b871-d5aedd04cd32,2023,10
4fef5213-fcda-4a56-b871-d5aedd04cd32,2024,0
502a1f95-4c2f-48b3-96a1-199bfab91fae,2020,55
502a1f95-4c2f-48b3-96a1-199bfab91fae,2023,0
502a1f95-4c2f-48b3-96a1-199bfab91fae,2024,0
504590ff-94ea-4b44-8a84-b176378098d4,2020,40
50b3e8a9-c0b6-4494-bd8c-093810093b0d,2024,5
5122a33f-45d4-4d4e-a05f-274910dfa19c,2024,0
51267fa3-ddca-4f85-8c6a-90e58556bdee,2020,280
51267fa3-ddca-4f85-8c6a-90e58556bdee,2021,355
51267fa3-ddca-4f85-8c6a-90e58556bdee,2022,10
51267fa3-ddca-4f85-8c6a-90e58556bdee,2023,205
516869ea-4476-4dc3-833a-523c4ebbb975,2022,0
51b7c999-7be0-4060-b6a4-4e7aab5e5b73,2022,0
51b7c999-7be0-4060-b6a4-4e7aab5e5b73,2023,10
51b7c999-7be0-4060-b6a4-4e7aab5e5b73,2024,0
51dbc318-38e7-472c-a4b4-e5b79ecd942f,2022,0
51dbc318-38e7-472c-a4b4-e5b79ecd942f,2023,30
51dbc318-38e7-472c-a4b4-e5b79ecd942f,2024,5
51f16182-c427-4dab-89ca-fa6f35b4d161,2022,0
51f16182-c427-4dab-89ca-fa6f35b4d161,2023,0
51f16182-c427-4dab-89ca-fa6f35b4d161,2024,0
51f727d4-3e12-4352-9abd-66a0c39a57f8,2023,0
524b421b-ac70-415c-a029-dc654a30dd82,2023,10
52601621-4d84-4b36-9725-f9c8d9156bd8,2020,25
52601621-4d84-4b36-9725-f9c8d9156bd8,2024,0
527a8b93-ef20-493c-972a-0abfe68be1ea,2021,0
527a8b93-ef20-493c-972a-0abfe68be1ea,2022,15
527a8b93-ef20-493c-972a-0abfe68be1ea,2024,0
527f5ef6-57c6-467f-bfd8-5cbe4c7230e3,2022,0
52d4c6b5-bd13-41b6-80f7-219e8b71839c,2023,5
52d4c6b5-bd13-41b6-80f7-219e8b71839c,2024,0
52f00bd0-12b1-4b07-bcdb-ae3a3173a436,2023,10
52f00bd0-12b1-4b07-bcdb-ae3a3173a436,2024,355
52f3ae84-b31a-4172-8994-f7caa932b8dd,2022,5
52f3ae84-b31a-4172-8994-f7caa932b8dd,2023,5
5319295d-6132-46bb-9327-b86992c5bb0d,2024,0
537029da-2024-44bf-89cc-aca26066342f,2021,5
53962a1a-0363-423b-a14f-b119cde95732,2021,0
53ee6a89-edb6-48fe-9cac-15589a2829fc,2021,290
53ee6a89-edb6-48fe-9cac-15589a2829fc,2022,25
53ee6a89-edb6-48fe-9cac-15589a2829fc,2023,230
542685de-b52c-4604-8ec7-7eda7a6a5d3f,2023,20
547a3a23-5326-4ace-9468-a523ff50237b,2023,30
548baf06-d659-41bb-b66d-a6ad18034795,2024,10
548ef5f3-96fe-4ba0-990b-4963530f00a2,2021,0
548ef5f3-96fe-4ba0-990b-4963530f00a2,2024,10
54bb2686-522f-432e-b0d5-9f346166f73c,2021,0
54bb2686-522f-432e-b0d5-9f346166f73c,2022,10
54bb2686-522f-432e-b0d5-9f346166f73c,2023,0
55006d1a-ef30-487b-a408-1c4b07c6e38a,2022,5
5507835e-5972-4356-b3f5-114f8dd1950f,2024,5
5536336a-7f15-405e-8603-34dc43d4dea7,2024,10
5596a401-1689-445a-9377-0fc3588c5849,2021,5
5596a401-1689-445a-9377-0fc3588c5849,2022,0
5596a401-1689-445a-9377-0fc3588c5849,2024,5
55b65014-e922-4925-b86d-1fa5bb4c4238,2020,160
55b65014-e922-4925-b86d-1fa5bb4c4238,2021,195
55b65014-e922-4925-b86d-1fa5bb4c4238,2022,15
55b65014-e922-4925-b86d-1fa5bb4c4238,2024,0
56019e71-9a76-454a-81b8-8cbc0cf43798,2021,15
56019e71-9a76-454a-81b8-8cbc0cf43798,2022,10
56019e71-9a76-454a-81b8-8cbc0cf43798,2023,35
56019e71-9a76-454a-81b8-8cbc0cf43798,2024,0
560fad14-7890-43c5-af06-cc4ea68a7133,2022,0
560fad14-7890-43c5-af06-cc4ea68a7133,2023,10
5638cb4a-d6de-46ef-b13f-33fdabb64bbb,2024,0
564646a8-4351-46a4-9253-f35d516c890f,2023,15
564646a8-4351-46a4-9253-f35d516c890f,2024,0
566cb88b-bf1e-4b02-afa1-e386a976ac50,2023,10
56bce9ec-9b2c-481e-a26a-b5042c7e3cb2,2023,10
573d7e3b-0181-4905-a6a0-0e2bfb10b052,2024,0
57520b7e-be26-40d2-bc86-a166c3543c16,2021,5
57520b7e-be26-40d2-bc86-a166c3543c16,2022,10
575eca99-acf1-41ea-878f-d581cb930277,2023,15
577327e8-6584-4112-be04-a996f10bb031,2023,10
577327e8-6584-4112-be04-a996f10bb031,2024,0
57a7e7d7-c9f5-4c1c-805f-5320708b1b7c,2020,0
57a7e7d7-c9f5-4c1c-805f-5320708b1b7c,2021,360
57a7e7d7-c9f5-4c1c-805f-5320708b1b7c,2024,0
57c66a23-d52e-44e0-9bb4-d3c6ac92fa37,2021,0
57c66a23-d52e-44e0-9bb4-d3c6ac92fa37,2022,0
57c66a23-d52e-44e0-9bb4-d3c6ac92fa37,2023,10
57fc5c8f-ad65-402f-ac72-56c9ff4d56de,2021,5
57fc5c8f-ad65-402f-ac72-56c9ff4d56de,2022,10
58aa4730-db50-4b68-aa90-640d3c40f00e,2020,40
58aa4730-db50-4b68-aa90-640d3c40f00e,2023,10
58aa4730-db50-4b68-aa90-640d3c40f00e,2024,355
58ca39cb-2efc-4ae8-a231-c4c6fba7d6f3,2023,10
58ca39cb-2efc-4ae8-a231-c4c6fba7d6f3,2024,0
58da7215-bec3-4d8b-a751-8176eb6dbee8,2022,5
58da7215-bec3-4d8b-a751-8176eb6dbee8,2024,0
5905b39c-deae-439d-89b8-f7f18a4612f9,2023,10
590af732-6c02-48bb-8230-ce8073e2fc16,2024,0
591d70e1-342a-4718-8a15-e333b96b7272,2024,0
59200fed-eecd-4832-9e56-f55a31dce205,2020,5
59200fed-eecd-4832-9e56-f55a31dce205,2021,5
595eca63-1f39-4e5f-b31d-66a35bf8db83,2023,0
595eca63-1f39-4e5f-b31d-66a35bf8db83,2024,25
597940a6-f84a-4421-806e-adcd39602cef,2022,100
597940a6-f84a-4421-806e-adcd39602cef,2024,205
59a58c18-e300-4875-af63-79ceb9814cca,2023,0
59afa5ce-e9c4-4bd5-8244-5ce8c26c45c0,2023,15
5a08b481-aed7-4e59-b59d-e7e3f1a0cf1a,2023,20
5a0ed54b-e2b5-4972-84c3-8f877c7ec35f,2023,10
5a0ed54b-e2b5-4972-84c3-8f877c7ec35f,2024,5
5a130c4f-fb4c-4b72-935c-2b2e9c88825d,2024,10
5a2cf60e-08c2-494b-8213-2ebfd3e95267,2023,5
5a5b5742-83e9-40a5-a69e-ba70ac15973d,2023,15
5ab2cea7-a934-407c-9f13-d0b348abcbe2,2021,0
5ab2cea7-a934-407c-9f13-d0b348abcbe2,2022,10
5ab2cea7-a934-407c-9f13-d0b348abcbe2,2024,10
5ad429cd-e435-4c9e-88a9-cbe352730a10,2022,15
5ad429cd-e435-4c9e-88a9-cbe352730a10,2023,20
5ad429cd-e435-4c9e-88a9-cbe352730a10,2024,5
5add66d7-c7db-4fcb-a3d7-7ea9e6cb542a,2023,5
5b7d7f42-095b-4b88-96ab-1ebf8d1966a7,2023,0
5b7d7f42-095b-4b88-96ab-1ebf8d1966a7,2024,355
5bc04994-fa05-4443-9053-d6ca5a2b4ba1,2023,5
5bc04994-fa05-4443-9053-d6ca5a2b4ba1,2024,20
5bd16745-22ea-4490-bb11-5fd732f51169,2023,0
5bd16745-22ea-4490-bb11-5fd732f51169,2024,255
5c051005-4be7-4e96-8ae6-7e902e594714,2022,5
5c24120d-8cd9-4734-82ac-f89ef755c94d,2021,360
5c24120d-8cd9-4734-82ac-f89ef755c94d,2022,0
5c24120d-8cd9-4734-82ac-f89ef755c94d,2024,5
5c37277f-1962-43ba-8174-9d339c208390,2020,30
5c37277f-1962-43ba-8174-9d339c208390,2023,5
5c37277f-1962-43ba-8174-9d339c208390,2024,0
5c74a27e-4691-4a4f-a693-1c16f157e494,2024,0
5cdc88df-672b-4896-8bf4-1b3c1963d84b,2020,0
5cdc88df-672b-4896-8bf4-1b3c1963d84b,2023,5
5cdc88df-672b-4896-8bf4-1b3c1963d84b,2024,5
5cde9a2f-eedb-488a-9b69-4bd11498827c,2024,0
5d1376a6-dd6e-4f63-b2a6-0b60fe753b6a,2023,0
5d1376a6-dd6e-4f63-b2a6-0b60fe753b6a,2024,5
5d267834-6d38-404d-b2a0-b3a93df0d723,2021,0
5d267834-6d38-404d-b2a0-b3a93df0d723,2022,5
5d267834-6d38-404d-b2a0-b3a93df0d723,2023,0
5d267834-6d38-404d-b2a0-b3a93df0d723,2024,0
5d3a024d-c88e-4c72-a3dd-79e5b592f39d,2022,10
5d564778-873c-4e8b-a97d-fbb65531a874,2020,35
5d564778-873c-4e8b-a97d-fbb65531a874,2024,355
5d57244d-aa70-4a70-84c4-e1b71670d78c,2022,5
5d57244d-aa70-4a70-84c4-e1b71670d78c,2023,10
5d8b7f6a-b296-4e4c-8bff-09de7f9f86c9,2023,10
5d8b7f6a-b296-4e4c-8bff-09de7f9f86c9,2024,355
5df2a2ee-7fe9-4ea6-93dc-714d27a43d81,2024,5
5e0c1961-d772-4335-966b-23afc3f3c98c,2023,0
5e355e1b-0c85-4878-9706-ff79b10b8218,2024,5
5e41cb4d-73c7-4236-8d7b-b20cf31a662f,2020,15
5e6533e6-31d5-4c37-9b85-aa045b622030,2023,20
5e706df1-8069-456e-9e6e-fb5dab7e693b,2021,5
5e706df1-8069-456e-9e6e-fb5dab7e693b,2024,0
5e98f9a9-d553-4192-a7f5-2d2081207445,2024,0
5eb1f698-c818-49ad-bd00-e199777b2e5d,2021,0
5eb1f698-c818-49ad-bd00-e199777b2e5d,2022,0
5f1a48df-9140-4533-a767-ae8df68fea70,2022,0
5f292bf7-5a53-4826-b311-49fb2686af15,2024,0
5f358a97-21e0-4a92-9dec-d3ab9c2c95eb,2021,20
5f358a97-21e0-4a92-9dec-d3ab9c2c95eb,2023,120
5f358a97-21e0-4a92-9dec-d3ab9c2c95eb,2024,10
5f9ed44d-e9e3-4ce8-aae6-f05d6ff6aca7,2020,305
5f9ed44d-e9e3-4ce8-aae6-f05d6ff6aca7,2021,5
5f9ed44d-e9e3-4ce8-aae6-f05d6ff6aca7,2024,0
600c52ee-289a-4f4c-a566-6e7f676fc6f8,2024,0
600e6c98-fad2-4411-9535-1ab7d1846373,2020,45
600e6c98-fad2-4411-9535-1ab7d1846373,2023,15
600e6c98-fad2-4411-9535-1ab7d1846373,2024,0
6017dab8-eebe-4e25-a6e8-d5242387f9fe,2021,15
6017dab8-eebe-4e25-a6e8-d5242387f9fe,2022,25
6017dab8-eebe-4e25-a6e8-d5242387f9fe,2023,20
6017dab8-eebe-4e25-a6e8-d5242387f9fe,2024,355
6025a80b-f58e-424b-a5b6-d7c482bc553e,2023,5
6025a80b-f58e-424b-a5b6-d7c482bc553e,2024,355
6027134a-8b1e-40f9-8b7b-d24e92693469,2023,5
602cd5ff-e0c0-4d96-8ae6-3acf9208034e,2023,0
603e1a6f-889b-4138-a6c9-357302523cd6,2020,40
603e1a6f-889b-4138-a6c9-357302523cd6,2022,0
6056f055-7787-47cc-9b95-f6ad1fa3e26e,2023,5
6094d5b0-a095-4c02-9d82-794293913070,2023,20
6094d5b0-a095-4c02-9d82-794293913070,2024,355
60d0cdce-baec-47c1-a612-ccedc18bd707,2023,0
60d8df0a-9c3a-4158-91b3-22d6b45adbea,2023,10
61078d38-9145-4be9-a8df-444e423257e9,2023,0
61395c30-d423-4625-8967-f07f235c6591,2024,0
613d406e-8022-45cf-9c5d-1284c2f857f0,2022,5
613d406e-8022-45cf-9c5d-1284c2f857f0,2024,0
614d6caa-41a6-40ca-a1a3-9d31fba4fabd,2022,0
616fa008-b0e2-4bbe-866f-77f7aa7f456e,2022,0
616fa008-b0e2-4bbe-866f-77f7aa7f456e,2024,0
617db42a-73a9-45f0-b19b-01c1eb51ade5,2024,5
61827980-95cc-4acb-a766-b03b5395b521,2021,5
61827980-95cc-4acb-a766-b03b5395b521,2022,5
61827980-95cc-4acb-a766-b03b5395b521,2024,10
6199b474-ce68-498d-ac2a-b92ce2d3dae2,2023,15
6199b474-ce68-498d-ac2a-b92ce2d3dae2,2024,25
61e3002c-9808-4a5d-a41e-d5189ec5ceaf,2024,0
6207e556-1924-4e98-9518-2fc89f592d8e,2024,5
620bf68f-a2f0-42a1-8925-be8ce9122416,2022,20
622d9c7b-1159-47a0-a99b-f58507848160,2021,0
622d9c7b-1159-47a0-a99b-f58507848160,2022,0
622d9c7b-1159-47a0-a99b-f58507848160,2023,10
622d9c7b-1159-47a0-a99b-f58507848160,2024,5
6248be6b-e64f-4de2-9c22-4b6097f03060,2024,10
62540f63-f714-41b1-8bc2-bfc65a148b8a,2023,315
629ace69-d436-4aa9-84d8-9bb23209eb15,2024,0
62d8708e-334f-483c-b68b-ca35a8393a59,2022,0
62ddb4fc-9c59-463e-ad3c-df21bb3c19fa,2020,85
62ddb4fc-9c59-463e-ad3c-df21bb3c19fa,2021,5
62ddb4fc-9c59-463e-ad3c-df21bb3c19fa,2022,10
62ddb4fc-9c59-463e-ad3c-df21bb3c19fa,2023,20
62ddb4fc-9c59-463e-ad3c-df21bb3c19fa,2024,40
62de869a-2f6e-4afa-b37a-8268449cb456,2023,0
62de869a-2f6e-4afa-b37a-8268449cb456,2024,10
62e42058-647a-406c-aa5e-1b99d980db11,2022,0
63515cd0-62d4-4c3c-a2dd-78b997430534,2024,0
635adb38-6b6d-4f78-9e5b-dee91c8770b9,2024,0
638d6e3a-4374-4736-a531-36df26545659,2024,20
63c5a86f-c75d-4f42-8023-35ecbd250f40,2023,0
63c5a86f-c75d-4f42-8023-35ecbd250f40,2024,10
6417e512-4f5e-4a2a-99b4-7609826ebd09,2021,5
64328537-4838-4cdc-b20d-ea042b632fc2,2023,5
64328537-4838-4cdc-b20d-ea042b632fc2,2024,5
643b3862-bdde-458e-ab14-583003b97b66,2024,0
645a79cf-45dd-4175-86b8-15ce71243dd0,2023,15
645a79cf-45dd-4175-86b8-15ce71243dd0,2024,10
645bfb18-40a4-4b4c-a2ac-235b446910f5,2023,0
645bfb18-40a4-4b4c-a2ac-235b446910f5,2024,0
6463c060-042e-417b-91ab-d900153cbd59,2024,0
646dbf37-5296-4b5f-a3de-e7444a5d4214,2023,10
64cb5289-4baf-471a-a7ac-23e66d705450,2023,10
64cf7e86-5d89-4821-9166-7569c56f12b8,2020,40
64cf7e86-5d89-4821-9166-7569c56f12b8,2023,10
64cf7e86-5d89-4821-9166-7569c56f12b8,2024,15
64d95b12-fcd7-4977-b250-c11db423efe3,2023,0
64d95b12-fcd7-4977-b250-c11db423efe3,2024,0
651063e8-9dee-462a-8ca3-71f29a05394d,2024,0
651a043e-c1b3-400a-bda5-caf378311234,2021,0
651a043e-c1b3-400a-bda5-caf378311234,2022,0
655276fd-cc06-442c-b001-6c2816090fc4,2020,40
655276fd-cc06-442c-b001-6c2816090fc4,2023,10
656ef9b0-5953-4e28-85bd-819f6889e1b4,2021,0
656ef9b0-5953-4e28-85bd-819f6889e1b4,2022,0
65891dfe-30b7-4294-acee-0a9b0d2e7556,2024,0
6589cc62-a710-41b8-be2d-b43a4c462f45,2023,0
658f70f9-1b73-453d-9fcb-5b0b120bf348,2021,0
658f70f9-1b73-453d-9fcb-5b0b120bf348,2022,10
658f70f9-1b73-453d-9fcb-5b0b120bf348,2024,10
659bcc7e-58f8-40e8-8413-1407e337340a,2024,10
65a121b5-d042-48c4-84b8-e11c0fbff505,2024,20
65aea57c-5af2-48ae-a151-08548861c78c,2024,0
65b0e542-654e-44e9-9749-a4572f686a7a,2024,0
65bb9aec-b3aa-4ca0-b97e-c921ecc4f8cf,2023,0
65bb9aec-b3aa-4ca0-b97e-c921ecc4f8cf,2024,20
65d87df2-e0d3-49e8-b291-214754c79a3d,2023,5
65d87df2-e0d3-49e8-b291-214754c79a3d,2024,0
65f842ff-ffa0-4615-bfb4-b0b3a8013eb8,2021,15
65f842ff-ffa0-4615-bfb4-b0b3a8013eb8,2022,10
65f842ff-ffa0-4615-bfb4-b0b3a8013eb8,2023,30
6603e267-0f06-452f-8712-146f383ad52f,2021,0
6603e267-0f06-452f-8712-146f383ad52f,2024,5
6626c941-24de-4436-9d5f-3ec03bc06841,2020,0
6626c941-24de-4436-9d5f-3ec03bc06841,2022,350
6651f5c8-eed3-46de-a063-d112e7610327,2020,10
6651f5c8-eed3-46de-a063-d112e7610327,2022,5
6675f8cc-05af-42eb-ad8c-85eb831c5866,2021,0
6675f8cc-05af-42eb-ad8c-85eb831c5866,2022,5
66d433b0-1c31-4ad6-9845-a3daf1114dce,2023,20
66d433b0-1c31-4ad6-9845-a3daf1114dce,2024,5
66dbc1fd-e872-47cd-af3d-ef15613493b0,2021,0
66dbc1fd-e872-47cd-af3d-ef15613493b0,2022,0
66dbc1fd-e872-47cd-af3d-ef15613493b0,2023,10
66dbc1fd-e872-47cd-af3d-ef15613493b0,2024,355
66e33549-1c03-4f77-9e46-28df50c8df39,2024,0
66e8da6f-c91b-4308-84b4-7f6349227b40,2021,0
66e8da6f-c91b-4308-84b4-7f6349227b40,2022,0
66fe6f41-1ed9-474f-b07e-c61ae85cb142,2023,0
66fe6f41-1ed9-474f-b07e-c61ae85cb142,2024,0
67167052-c022-48e6-a00e-1449584cf895,2023,50
6765cea8-d679-4818-a1cc-9567655e4021,2022,0
67a74916-8a55-4f7a-bbb1-910ec793d1b2,2021,5
67a74916-8a55-4f7a-bbb1-910ec793d1b2,2022,0
67a74916-8a55-4f7a-bbb1-910ec793d1b2,2023,15
67aa347a-0d40-4a09-9ce8-6ced0485d43e,2021,0
67aa347a-0d40-4a09-9ce8-6ced0485d43e,2022,5
67c4856c-3d70-4251-ae19-6f093ade8cbe,2023,0
67ce1ef6-6907-41de-9292-57178064f4f5,2024,0
683c44e9-b919-4ed7-9f46-5d5de1b5bd71,2023,10
6863e73a-4753-46cf-99a5-8a457595f715,2022,5
6863e73a-4753-46cf-99a5-8a457595f715,2023,0
6885ba13-34a5-472a-8aa5-0725d522d5b6,2023,5
6885ba13-34a5-472a-8aa5-0725d522d5b6,2024,0
6898b1d6-bacd-4157-ab38-900264624b9c,2023,0
6898b1d6-bacd-4157-ab38-900264624b9c,2024,0
68b6b53c-7335-4987-8f67-5be0ec0bb4cf,2021,180
68bd750c-44e8-4ac1-97f1-1f46c9f83ece,2020,10
68bd750c-44e8-4ac1-97f1-1f46c9f83ece,2021,0
68bd750c-44e8-4ac1-97f1-1f46c9f83ece,2022,0
68bd750c-44e8-4ac1-97f1-1f46c9f83ece,2023,20
68db2b75-1d8c-4027-a4c4-30c9bc9c5110,2023,10
68db2b75-1d8c-4027-a4c4-30c9bc9c5110,2024,350
69464e87-3541-4ee5-8cce-9fe7392bdd0f,2021,5
69464e87-3541-4ee5-8cce-9fe7392bdd0f,2022,5
6957f441-5514-4af4-ad8b-d69ca1079259,2024,0
6988b730-516a-4503-83cd-2ee9e5260d33,2023,25
6988b730-516a-4503-83cd-2ee9e5260d33,2024,0
69f9a60f-8192-4b02-add0-3b69813d9845,2023,10
69fc8d64-e1e5-4ac0-91d3-7dd1a1284f2c,2024,0
6af38b13-c077-40ed-8faf-b79761b9268a,2021,0
6af38b13-c077-40ed-8faf-b79761b9268a,2023,5
6af74407-0e3f-41c1-b5b7-b992fc6597fc,2022,0
6ba3b180-bdf4-4f4a-8a32-4f5a7fa26abf,2021,0
6ba3b180-bdf4-4f4a-8a32-4f5a7fa26abf,2022,10
6bb285b3-adbf-4ad0-90c1-aa85b92a5846,2023,0
6bb285b3-adbf-4ad0-90c1-aa85b92a5846,2024,5
6c0c8dea-ec4d-4471-9c0f-45cfe344e531,2020,10
6c0c8dea-ec4d-4471-9c0f-45cfe344e531,2021,0
6c0c8dea-ec4d-4471-9c0f-45cfe344e531,2023,10
6c0c8dea-ec4d-4471-9c0f-45cfe344e531,2024,0
6c16068a-8774-4bef-938d-987adb1ad4e4,2020,55
6c16068a-8774-4bef-938d-987adb1ad4e4,2021,355
6c16068a-8774-4bef-938d-987adb1ad4e4,2022,10
6c16068a-8774-4bef-938d-987adb1ad4e4,2023,5
6c16068a-8774-4bef-938d-987adb1ad4e4,2024,5
6c1ecb7a-20ec-4784-84cf-d4b1580e2552,2023,20
6c41f739-4134-47d0-8eb2-461a96810520,2023,0
6c70f67a-0f50-4969-95c5-095d0298a6f2,2024,0
6c72b3b9-7590-4789-a9d7-a5e030b13912,2020,350
6c72b3b9-7590-4789-a9d7-a5e030b13912,2022,10
6c82b287-42da-4df4-8327-0577f3788433,2020,85
6c89038b-fa90-43d1-a9c1-629357580d9b,2021,0
6c89038b-fa90-43d1-a9c1-629357580d9b,2022,15
6c89038b-fa90-43d1-a9c1-629357580d9b,2024,5
6c94835e-7558-4888-8846-2f9b723e5299,2021,0
6cd1eda3-578b-4ebc-9ff5-8d81ae9e4e17,2021,0
6cd1eda3-578b-4ebc-9ff5-8d81ae9e4e17,2022,0
6cfa2412-3d6c-4edc-b974-22211250c086,2022,5
6cfa2412-3d6c-4edc-b974-22211250c086,2023,5
6d16416f-aec2-4a60-90bd-4b957ffcac17,2022,0
6d5e343f-a4dd-45df-9b24-b45ca8b7ab4c,2024,0
6d63e9bc-5829-4cee-89ff-fbaf550edfb9,2021,0
6d63e9bc-5829-4cee-89ff-fbaf550edfb9,2022,0
6d63e9bc-5829-4cee-89ff-fbaf550edfb9,2024,0
6d67b52d-3e0b-4fdf-8249-0bc4e624a07a,2021,10
6d67b52d-3e0b-4fdf-8249-0bc4e624a07a,2022,5
6d67b52d-3e0b-4fdf-8249-0bc4e624a07a,2024,10
6d80b359-b167-4f92-9aef-828fd4b58080,2023,10
6d80b359-b167-4f92-9aef-828fd4b58080,2024,355
6d8dcd72-5a66-4d41-b86f-52b760e7e18d,2021,0
6d8dcd72-5a66-4d41-b86f-52b760e7e18d,2022,0
6d91f281-a989-4fcd-a591-db1a3a692adf,2020,0
6d91f281-a989-4fcd-a591-db1a3a692adf,2024,0
6dd95052-d3f6-4291-8cee-08952fa8966a,2024,0
6ddb74b3-7d8a-4ea5-bc9f-f4444afe9e1d,2020,350
6ddb74b3-7d8a-4ea5-bc9f-f4444afe9e1d,2021,360
6ddb74b3-7d8a-4ea5-bc9f-f4444afe9e1d,2022,5
6ddb74b3-7d8a-4ea5-bc9f-f4444afe9e1d,2023,350
6ddb74b3-7d8a-4ea5-bc9f-f4444afe9e1d,2024,355
6e0681df-afc0-4018-8bae-d6bd189a5a45,2020,5
6e0681df-afc0-4018-8bae-d6bd189a5a45,2023,240
6e15958c-ebf1-4847-a51d-8303663d881b,2021,0
6e15958c-ebf1-4847-a51d-8303663d881b,2022,0
6e15958c-ebf1-4847-a51d-8303663d881b,2024,0
6e252cd7-6784-44c3-8420-56a915bc9ad3,2023,10
6e252cd7-6784-44c3-8420-56a915bc9ad3,2024,20
6e3a6355-83cc-4aa5-8845-56564a9997b6,2021,0
6e3a6355-83cc-4aa5-8845-56564a9997b6,2022,0
6e3a6355-83cc-4aa5-8845-56564a9997b6,2023,0
6e3a6355-83cc-4aa5-8845-56564a9997b6,2024,355
6e88deb0-3714-4285-9d2d-ef7a2486b905,2022,0
6e9348b2-86b0-4d20-a922-a87d690cea97,2020,25
6e9348b2-86b0-4d20-a922-a87d690cea97,2023,5
6e9742e4-1e9e-448a-9c34-97e6c281f98e,2024,0
6e992d7a-b6aa-4fe5-9a7c-a3b806769919,2023,5
6e992d7a-b6aa-4fe5-9a7c-a3b806769919,2024,100
6ee9144d-0d88-4ad4-88bd-bb52835eac8e,2023,335
6ef3d7ff-e9dc-400d-ba01-5816a97b94c1,2021,355
6ef3d7ff-e9dc-400d-ba01-5816a97b94c1,2022,10
6ef3d7ff-e9dc-400d-ba01-5816a97b94c1,2023,10
6ef3d7ff-e9dc-400d-ba01-5816a97b94c1,2024,0
6ef96cd5-5f61-43d7-9eba-6951a9f75a3d,2024,0
6f042c57-eb48-4443-adb7-ba41c55e69eb,2021,5
6f042c57-eb48-4443-adb7-ba41c55e69eb,2022,5
6f042c57-eb48-4443-adb7-ba41c55e69eb,2023,5
6f042c57-eb48-4443-adb7-ba41c55e69eb,2024,0
6f182bd6-863e-421c-bf38-afafe7c943c5,2024,5
6f18d9f8-241c-4b3b-b48c-48377a411496,2023,0
6f311d3f-0f34-49d2-b2b5-c09c3095ede2,2023,20
6f31474d-d901-4985-b852-a1c1eb7e17fc,2023,0
6f31474d-d901-4985-b852-a1c1eb7e17fc,2024,15
6f5d4c12-b465-409d-95f9-fc21e97fc440,2021,0
6f5d4c12-b465-409d-95f9-fc21e97fc440,2022,5
6f5d4c12-b465-409d-95f9-fc21e97fc440,2023,25
6f5d4c12-b465-409d-95f9-fc21e97fc440,2024,360
6f7b4b70-9ad4-48ae-b9a5-a920fe11cdd4,2021,360
6f7b4b70-9ad4-48ae-b9a5-a920fe11cdd4,2023,5
6f80e15b-8548-47c2-b448-13480590115f,2020,5
6f80e15b-8548-47c2-b448-13480590115f,2021,360
6f80e15b-8548-47c2-b448-13480590115f,2024,0
6f88cd2e-9a4c-4026-8ca4-6b802e7a2b83,2021,0
6f88cd2e-9a4c-4026-8ca4-6b802e7a2b83,2022,5
6f88cd2e-9a4c-4026-8ca4-6b802e7a2b83,2024,10
6f909ad8-ee3f-491c-bf91-e926342df09f,2021,0
6f909ad8-ee3f-491c-bf91-e926342df09f,2022,25
6f909ad8-ee3f-491c-bf91-e926342df09f,2024,10
6fb6ec7f-43e7-4dce-99be-50b22315210e,2021,0
6fb6ec7f-43e7-4dce-99be-50b22315210e,2022,0
6fc165b4-b93a-4152-a397-ed12b0e72b8a,2024,0
6fc4a414-0bdf-46f4-a2b6-ba9496d46bd6,2023,20
7075cf0f-390d-49b8-9204-8bd345f93db5,2021,0
7075cf0f-390d-49b8-9204-8bd345f93db5,2024,0
708842c6-fbd1-4bca-9e80-3872618f9871,2021,0
708842c6-fbd1-4bca-9e80-3872618f9871,2022,0
708842c6-fbd1-4bca-9e80-3872618f9871,2023,15
709fa130-4695-4b1d-b020-dbc184ac2ccd,2021,0
709fa130-4695-4b1d-b020-dbc184ac2ccd,2022,0
70f0c2d3-33c0-440b-8ec5-a1a5dbaaf1d1,2024,0
70fd2970-e455-438b-b500-e5de85d5fd91,2021,0
70fd2970-e455-438b-b500-e5de85d5fd91,2022,0
71364e61-7453-45f3-9947-0d4fdf69eb4e,2024,0
71417e82-8354-42d4-b103-89685ca3c1bb,2024,0
71554d3a-9e73-45c8-b99e-0253969bc28d,2020,355
71554d3a-9e73-45c8-b99e-0253969bc28d,2021,5
71554d3a-9e73-45c8-b99e-0253969bc28d,2022,5
71554d3a-9e73-45c8-b99e-0253969bc28d,2023,10
71554d3a-9e73-45c8-b99e-0253969bc28d,2024,10
71814a35-63cf-4aa7-8d63-3dab870c6816,2020,0
71814a35-63cf-4aa7-8d63-3dab870c6816,2021,0
719674cb-3abc-4b3a-9e2f-a6fc8853aecb,2021,0
71b8e1f3-9b9a-4f39-af61-33cf7cc0a59b,2021,0
71b8e1f3-9b9a-4f39-af61-33cf7cc0a59b,2022,10
71c16f84-1896-4d9d-b8d5-8f980696147b,2024,0
71d76187-7505-4f0d-9245-e3c25e9fb2eb,2020,295
71d76187-7505-4f0d-9245-e3c25e9fb2eb,2021,200
71d76187-7505-4f0d-9245-e3c25e9fb2eb,2023,0
71d76187-7505-4f0d-9245-e3c25e9fb2eb,2024,10
71e59c93-c479-43bf-b8fe-3c27b8f0232d,2023,0
71e893fa-4328-42a8-a4a3-8d0510e7afc7,2023,5
71f69c26-169c-468a-bfb7-592dfb275a16,2023,5
71f69c26-169c-468a-bfb7-592dfb275a16,2024,5
723f9915-f0a3-4f69-bab0-c5e6b088b89f,2024,0
72593f5e-7c51-4818-8bd0-85b8be100d10,2021,0
72593f5e-7c51-4818-8bd0-85b8be100d10,2022,0
72593f5e-7c51-4818-8bd0-85b8be100d10,2023,20
72593f5e-7c51-4818-8bd0-85b8be100d10,2024,10
7264b803-b798-42b1-b5e3-e64de76e0ae1,2023,55
7264b803-b798-42b1-b5e3-e64de76e0ae1,2024,120
72b199a4-30c2-412f-b184-404ac09dacc4,2020,0
72b199a4-30c2-412f-b184-404ac09dacc4,2021,0
72b199a4-30c2-412f-b184-404ac09dacc4,2022,5
72b199a4-30c2-412f-b184-404ac09dacc4,2023,5
72cc31c6-9f77-4f13-b1b7-51e06f2cb67c,2024,0
72e3556e-e47d-4532-9b55-a639427761d5,2022,5
72e3556e-e47d-4532-9b55-a639427761d5,2023,10
72f0f6a9-ffde-492b-b3af-c52abffa48d7,2021,5
72f0f6a9-ffde-492b-b3af-c52abffa48d7,2022,0
730146d1-7443-4614-8c4e-cf62c0dabdf1,2023,30
730146d1-7443-4614-8c4e-cf62c0dabdf1,2024,355
73035bf1-1160-4ed4-b621-adf3381cb41b,2024,0
733a090c-1ff1-410a-840f-be14d9465bd5,2021,0
733a090c-1ff1-410a-840f-be14d9465bd5,2022,10
733a090c-1ff1-410a-840f-be14d9465bd5,2023,10
733a090c-1ff1-410a-840f-be14d9465bd5,2024,355
733cbd2d-b653-4deb-9ed9-7e73aac65920,2024,0
73fe91d4-6bed-4c1e-9a23-6632bb873c1f,2021,0
73fe91d4-6bed-4c1e-9a23-6632bb873c1f,2024,0
74125e3e-7ac7-4e15-a240-044d65463c01,2024,0
74aabde5-e246-4218-bc19-a5bb5ab6aa8d,2021,0
74aabde5-e246-4218-bc19-a5bb5ab6aa8d,2022,0
74ef12a2-33df-4f29-8715-853d6623eccb,2024,10
74fc2466-d267-4355-b8dd-b65e91155a78,2023,0
7503d02b-a775-461e-970d-24a7240fa258,2022,10
7537ed74-6b66-4ca3-a1f9-245e96bc7dd2,2024,20
7577517d-520e-4891-8ff7-4640064dccc9,2024,20
75ccecc0-059c-4eef-82fc-2e914a9b57c3,2023,0
75ccecc0-059c-4eef-82fc-2e914a9b57c3,2024,5
75d97b90-856e-4951-bf75-ea59c6ebe734,2023,5
75dd88f6-1056-4f28-9627-0e4ffba419c6,2022,10
75dd88f6-1056-4f28-9627-0e4ffba419c6,2023,5
75e70729-ffb6-42c4-a599-ff3136be85dc,2022,5
75e70729-ffb6-42c4-a599-ff3136be85dc,2024,5
7614f8ee-6ba3-4e2e-9ac7-88cd15e6d14a,2021,0
7614f8ee-6ba3-4e2e-9ac7-88cd15e6d14a,2022,5
7614f8ee-6ba3-4e2e-9ac7-88cd15e6d14a,2023,15
7614f8ee-6ba3-4e2e-9ac7-88cd15e6d14a,2024,5
762cbffa-f18e-4468-b1fe-40ecd0a397f6,2021,0
762cbffa-f18e-4468-b1fe-40ecd0a397f6,2022,0
762cbffa-f18e-4468-b1fe-40ecd0a397f6,2023,15
762cbffa-f18e-4468-b1fe-40ecd0a397f6,2024,5
76407229-d37c-4f54-838a-4e5830cb0786,2021,0
76407229-d37c-4f54-838a-4e5830cb0786,2024,0
766210f2-9583-413a-b058-5b69ccef21a8,2021,0
766210f2-9583-413a-b058-5b69ccef21a8,2022,5
766210f2-9583-413a-b058-5b69ccef21a8,2023,5
766210f2-9583-413a-b058-5b69ccef21a8,2024,330
76646e26-3d2d-470b-99df-cdb08330b57c,2020,5
76646e26-3d2d-470b-99df-cdb08330b57c,2024,20
768366a5-78c8-4689-9195-587412e1ede4,2024,0
76840a8b-f1e6-4b1e-acaa-e8ed5bfc180a,2024,5
7685f228-5440-41dc-b20c-9dfbc8b402e2,2021,5
7685f228-5440-41dc-b20c-9dfbc8b402e2,2022,5
768714d4-9cfc-49d7-887b-14de7c3b63cf,2023,20
76fdbe1f-b00b-4c49-a358-ec058aaef8e0,2024,10
77018f41-cfb2-4253-bdb5-a4db49465b71,2021,5
77018f41-cfb2-4253-bdb5-a4db49465b71,2024,0
7722dd00-edce-45f8-8a80-8e626c84579d,2022,5
7722dd00-edce-45f8-8a80-8e626c84579d,2024,0
77268860-c916-4bff-818c-3455983e1456,2023,0
77268860-c916-4bff-818c-3455983e1456,2024,0
7729eb51-4689-4d2b-a43a-90c82f73c206,2024,0
77314c8e-8e60-442d-83c5-97ca0ca883d2,2020,55
77314c8e-8e60-442d-83c5-97ca0ca883d2,2021,0
77314c8e-8e60-442d-83c5-97ca0ca883d2,2022,0
77314c8e-8e60-442d-83c5-97ca0ca883d2,2024,0
773ec8e4-97e7-4546-b74f-de396f5501a2,2021,5
773ec8e4-97e7-4546-b74f-de396f5501a2,2022,15
775bda94-b709-44fa-ab4e-a03587530458,2024,10
77bd5433-8b41-4be3-a3e4-a9f6964e5876,2021,0
77bd5433-8b41-4be3-a3e4-a9f6964e5876,2022,5
77d1c603-9502-4e2d-b2a4-1bfe26cc8212,2023,20
77d1c603-9502-4e2d-b2a4-1bfe26cc8212,2024,0
77d602e7-88b0-44c3-8bfc-a6a16515effd,2020,10
77d602e7-88b0-44c3-8bfc-a6a16515effd,2022,0
7808b1d9-20b8-4647-9caf-d805c8c258dc,2023,225
7808b1d9-20b8-4647-9caf-d805c8c258dc,2024,5
78547ad5-3366-4b4c-b82c-2fe5271a8b3f,2023,10
78547ad5-3366-4b4c-b82c-2fe5271a8b3f,2024,0
788e1cbe-48e4-484c-85cf-45a214e3f0ec,2020,0
788e1cbe-48e4-484c-85cf-45a214e3f0ec,2023,10
791d07e0-7925-45bc-8d0d-49fd1dc319f4,2023,0
791d07e0-7925-45bc-8d0d-49fd1dc319f4,2024,0
79342ee4-a54e-466b-9120-38b2c9b419b9,2020,0
79342ee4-a54e-466b-9120-38b2c9b419b9,2021,5
79342ee4-a54e-466b-9120-38b2c9b419b9,2022,25
79342ee4-a54e-466b-9120-38b2c9b419b9,2023,20
79342ee4-a54e-466b-9120-38b2c9b419b9,2024,0
794397d1-5247-4f3b-acc9-99b6acf04261,2023,25
794397d1-5247-4f3b-acc9-99b6acf04261,2024,5
794ba9dc-1ac9-4bed-be81-fdfbd3da7a15,2023,10
795b5989-8a1d-471f-b1d9-aad84f190d9f,2023,0
795b5989-8a1d-471f-b1d9-aad84f190d9f,2024,0
7975ad10-dd5f-447f-bd18-107bf457531e,2023,0
79bfca6a-d591-441b-9a24-f66694414ff5,2020,20
79bfca6a-d591-441b-9a24-f66694414ff5,2021,5
79bfca6a-d591-441b-9a24-f66694414ff5,2022,0
79bfca6a-d591-441b-9a24-f66694414ff5,2023,10
79bfca6a-d591-441b-9a24-f66694414ff5,2024,0
7a438a7e-9de3-488f-bd67-27a513ed4ce8,2021,10
7a438a7e-9de3-488f-bd67-27a513ed4ce8,2022,0
7a438a7e-9de3-488f-bd67-27a513ed4ce8,2023,10
7a438a7e-9de3-488f-bd67-27a513ed4ce8,2024,20
7a641e12-ce35-443f-b09d-08347a6fb40a,2020,30
7a641e12-ce35-443f-b09d-08347a6fb40a,2021,0
7a641e12-ce35-443f-b09d-08347a6fb40a,2023,10
7a641e12-ce35-443f-b09d-08347a6fb40a,2024,355
7a6dfaec-3f3d-4213-a1a5-c3b0a29ebae8,2024,0
7a9fab93-2fe5-463a-a37e-313717ce0f21,2024,5
7aa3a7a9-ed2a-4714-9137-185f0b7c99f5,2021,5
7ad16e7e-d88f-4420-a6b7-ce3b7cb8f4b7,2022,5
7ad16e7e-d88f-4420-a6b7-ce3b7cb8f4b7,2024,265
7ad2665a-89c2-4412-961c-a29a33d96967,2023,5
7ae3534e-3dfe-4e66-ab28-2f497a8b252d,2021,0
7ae3534e-3dfe-4e66-ab28-2f497a8b252d,2022,10
7ae3534e-3dfe-4e66-ab28-2f497a8b252d,2023,20
7ae3534e-3dfe-4e66-ab28-2f497a8b252d,2024,5
7af3ed17-939e-4a30-80a9-866f7e1c18d2,2024,5
7afc78fd-6402-4237-8fd4-4927ef9b4145,2021,30
7b13e543-c9f1-45f8-b830-ecaaf34f9607,2023,10
7b13e55a-1c44-4984-9eb1-38cc1e7cd65a,2020,0
7b13e55a-1c44-4984-9eb1-38cc1e7cd65a,2021,10
7b13e55a-1c44-4984-9eb1-38cc1e7cd65a,2022,0
7b13e55a-1c44-4984-9eb1-38cc1e7cd65a,2023,225
7b13e55a-1c44-4984-9eb1-38cc1e7cd65a,2024,30
7b1505f6-015b-4b19-ab4d-ba0ac2dfe612,2021,5
7b1505f6-015b-4b19-ab4d-ba0ac2dfe612,2023,0
7b3999d2-3640-4fd0-b608-fbf445b5fc61,2023,0
7b3a05c1-0c98-4434-9321-c2dcd85c0d68,2024,5
7b40806b-69be-4c2e-8311-38405568f6b2,2022,350
7b40806b-69be-4c2e-8311-38405568f6b2,2023,0
7b40806b-69be-4c2e-8311-38405568f6b2,2024,15
7b6745a3-95ef-415d-b704-219fe2ec9467,2023,0
7bf049c2-4dc8-42b1-bb07-5576b2772e84,2024,0
7c7ecbde-f70d-4ec8-ab47-b22b596fccf6,2024,0
7cd14997-ff9d-488d-b59f-c1088f335f81,2024,0
7cf4d3f5-31ea-4bfb-a26e-2a66dca9eff6,2023,0
7cf4d3f5-31ea-4bfb-a26e-2a66dca9eff6,2024,20
7d0a20bf-88cd-4c0c-b9db-fde0b0d367e7,2023,10
7d172066-9f5b-4d1c-a7fd-361114acf6a8,2023,0
7d19078f-5b6f-47da-8a4e-ec2866de0800,2020,5
7d19078f-5b6f-47da-8a4e-ec2866de0800,2024,40
7d3463e5-93de-455d-bcc0-12a8b10aee19,2024,0
7d4410d8-918a-4425-8d5e-693eced4b530,2024,0
7d4e30c8-4367-412e-a338-8ebfb7b6001b,2022,0
7d4e30c8-4367-412e-a338-8ebfb7b6001b,2023,0
7d9c3e7d-ac8e-4848-96b0-fa514b0a494a,2023,0
7d9c3e7d-ac8e-4848-96b0-fa514b0a494a,2024,0
7db19688-cd07-4be0-9c79-1b50c99b9cb0,2020,0
7db19688-cd07-4be0-9c79-1b50c99b9cb0,2021,5
7db19688-cd07-4be0-9c79-1b50c99b9cb0,2023,220
7de1a4df-95b6-4fd4-bf6a-fe336d592db5,2022,10
7e52400a-089b-4e9e-851c-65199941d859,2023,0
7e52400a-089b-4e9e-851c-65199941d859,2024,10
7f0a1a92-95e4-4691-bbe5-c9b7ac97ce02,2021,0
7f0a1a92-95e4-4691-bbe5-c9b7ac97ce02,2022,0
7f2cae26-9868-4694-98db-a1b2bddcf46d,2020,0
7f2cae26-9868-4694-98db-a1b2bddcf46d,2023,0
7f34beb6-70fa-420c-808b-2848b8dc5e7c,2021,0
7f34beb6-70fa-420c-808b-2848b8dc5e7c,2022,0
7f34beb6-70fa-420c-808b-2848b8dc5e7c,2023,5
7f34beb6-70fa-420c-808b-2848b8dc5e7c,2024,0
7f3ccfbb-6605-46a2-976a-74c215161e15,2020,40
7f3ccfbb-6605-46a2-976a-74c215161e15,2023,0
7f3ccfbb-6605-46a2-976a-74c215161e15,2024,0
7f7aa08d-6b8f-48fd-8e9b-c17aa29dd837,2022,10
7f7aa08d-6b8f-48fd-8e9b-c17aa29dd837,2023,135
7fb785a6-447d-4a06-9e87-cbb0fa46b72e,2024,0
7fc8d75c-12eb-45dc-9a65-a7fb6a933929,2022,0
7fd9530d-3b21-418a-a574-6b56dae45403,2021,5
7fd9530d-3b21-418a-a574-6b56dae45403,2022,0
7fd9530d-3b21-418a-a574-6b56dae45403,2023,20
7fd9530d-3b21-418a-a574-6b56dae45403,2024,5
7fdd7701-7f14-45fc-b17d-787a37e1a8a1,2023,10
7fdd7701-7f14-45fc-b17d-787a37e1a8a1,2024,0
7ff25c7c-92d5-4bc3-a5b1-8875ecbe924e,2022,360
7ff25c7c-92d5-4bc3-a5b1-8875ecbe924e,2023,15
7ff25c7c-92d5-4bc3-a5b1-8875ecbe924e,2024,20
8033791e-ba52-4869-ba95-871b42285fe3,2020,0
8033791e-ba52-4869-ba95-871b42285fe3,2023,25
8033791e-ba52-4869-ba95-871b42285fe3,2024,5
806d21f5-8d71-4559-81ef-664e394ff6b1,2021,5
806d21f5-8d71-4559-81ef-664e394ff6b1,2022,5
807deebe-130b-42b2-b0a6-ae697817ef3a,2022,360
807deebe-130b-42b2-b0a6-ae697817ef3a,2023,0
807deebe-130b-42b2-b0a6-ae697817ef3a,2024,25
80871d50-3116-4e34-bb00-4a778ff0655c,2023,10
80a372a9-560e-4d86-a651-f06cd794ce28,2022,0
80a372a9-560e-4d86-a651-f06cd794ce28,2023,5
80bdb8c0-d0b7-4198-94d1-88a6b6b1de5d,2023,0
80bdb8c0-d0b7-4198-94d1-88a6b6b1de5d,2024,0
80f1c33c-1008-4a6c-be70-f2fd987b8eee,2024,5
80f8177a-f949-494d-92f2-7dec47e22c24,2023,0
80f8177a-f949-494d-92f2-7dec47e22c24,2024,20
811298b7-ddaf-4fc1-98f3-db7add5c27f8,2020,0
811298b7-ddaf-4fc1-98f3-db7add5c27f8,2021,45
813e097d-cfeb-459d-acb1-28ab85d2e939,2021,0
813e097d-cfeb-459d-acb1-28ab85d2e939,2022,0
813e097d-cfeb-459d-acb1-28ab85d2e939,2024,5
814d79b3-a2ea-4a72-a744-b9db5067d860,2023,5
814d79b3-a2ea-4a72-a744-b9db5067d860,2024,10
814e6f76-0daf-4fd4-874d-fc37f87509b2,2023,0
814e6f76-0daf-4fd4-874d-fc37f87509b2,2024,0
8154197b-fc2b-4b71-b5e5-2e3283bf9e57,2021,5
8154197b-fc2b-4b71-b5e5-2e3283bf9e57,2022,5
81850d7c-1d29-4985-9b8a-45702ecb4365,2021,0
818939b6-c05f-41d7-89c2-63ca2713887a,2020,25
818939b6-c05f-41d7-89c2-63ca2713887a,2023,5
818939b6-c05f-41d7-89c2-63ca2713887a,2024,0
81af6442-929b-428e-9151-0896c3d64a3a,2024,0
81bbab37-be96-4969-a0d6-3a003eefc5ea,2023,0
81c643c0-0913-4c63-914b-e13d95647ba3,2023,20
81ca8b7c-d5ff-4d32-8cf5-a5d1847369b0,2020,0
81ca8b7c-d5ff-4d32-8cf5-a5d1847369b0,2021,360
81ca8b7c-d5ff-4d32-8cf5-a5d1847369b0,2023,15
81ca8b7c-d5ff-4d32-8cf5-a5d1847369b0,2024,0
81f6c1b0-4598-4495-9bd1-d63fed283f1f,2020,310
81f6c1b0-4598-4495-9bd1-d63fed283f1f,2021,360
81f6c1b0-4598-4495-9bd1-d63fed283f1f,2022,0
81f6c1b0-4598-4495-9bd1-d63fed283f1f,2023,5
81f6c1b0-4598-4495-9bd1-d63fed283f1f,2024,280
81f7d8a4-aadb-4c2c-91fd-b791cf04ab3b,2023,0
81ff9f8d-7a57-497c-bd0e-6bb9b078b0d6,2024,0
82012636-aa28-404d-a360-9ec9ac6fc83e,2020,355
82012636-aa28-404d-a360-9ec9ac6fc83e,2021,30
82012636-aa28-404d-a360-9ec9ac6fc83e,2022,10
821afe3b-4521-4b39-8e41-f02f75873355,2022,15
823e1434-bac7-4cdf-9f2f-ac393d219288,2022,15
823e1434-bac7-4cdf-9f2f-ac393d219288,2023,25
823f2858-00e4-4711-b7eb-635b5a87eacd,2021,10
823f2858-00e4-4711-b7eb-635b5a87eacd,2023,15
82516dea-2225-43d8-9215-90b490b4a8de,2023,5
8254414c-faef-4df6-926d-30d049852b06,2021,0
8254414c-faef-4df6-926d-30d049852b06,2022,5
826193cc-73c4-44f9-8666-c7ce88b4290d,2021,0
826193cc-73c4-44f9-8666-c7ce88b4290d,2022,0
827fe78f-56dd-4029-b7fd-d21d105d01f8,2021,0
827fe78f-56dd-4029-b7fd-d21d105d01f8,2022,105
8280c48d-f71c-4ce8-b921-17218afdaeac,2024,10
829a1080-e9e2-4df0-bb06-79a7b1da70c0,2023,5
829a1080-e9e2-4df0-bb06-79a7b1da70c0,2024,30
82aa11e7-e067-4a60-9d2e-309b26b00b61,2023,10
82b3561b-7d1a-485e-9304-370425435afb,2021,0
82b3561b-7d1a-485e-9304-370425435afb,2022,0
82ed36de-b908-4aee-ac99-bd922a9f1c14,2020,55
82ed36de-b908-4aee-ac99-bd922a9f1c14,2021,65
82ed36de-b908-4aee-ac99-bd922a9f1c14,2022,50
82ed36de-b908-4aee-ac99-bd922a9f1c14,2023,260
82ed36de-b908-4aee-ac99-bd922a9f1c14,2024,145
8325cc54-bd7d-4ddc-a386-963acbcd5e27,2021,0
8325cc54-bd7d-4ddc-a386-963acbcd5e27,2022,20
8325cc54-bd7d-4ddc-a386-963acbcd5e27,2023,0
8325cc54-bd7d-4ddc-a386-963acbcd5e27,2024,40
8334b66b-f233-452e-8a6e-9f3d4a8b9248,2021,0
8342ac03-e80a-4e42-9778-ed7ac8a14b94,2021,0
8342ac03-e80a-4e42-9778-ed7ac8a14b94,2023,0
8342ac03-e80a-4e42-9778-ed7ac8a14b94,2024,125
83501c1b-4635-4c6f-abad-9cfe9fafad71,2023,20
83501c1b-4635-4c6f-abad-9cfe9fafad71,2024,5
8352d24e-623a-40d4-a40f-3aa8ba7a557c,2023,20
836bb7a1-3fd3-4758-97eb-c3ea549fcdfb,2021,0
836bb7a1-3fd3-4758-97eb-c3ea549fcdfb,2024,0
83945d98-ea62-4ae1-8907-d73a154f6f50,2022,10
83aa094f-fcba-49f5-a005-23d488d38b5d,2022,25
83aa094f-fcba-49f5-a005-23d488d38b5d,2024,0
83c884d1-e46a-41ca-a611-624de5212024,2024,0
83cba024-7e3b-4753-a6d2-a71b0a647e3e,2023,15
83d1b39c-10be-4d78-bf12-2fd35164833e,2023,15
83d1b39c-10be-4d78-bf12-2fd35164833e,2024,0
83df9fda-9612-485f-810e-b7b1dc38de4c,2023,5
83df9fda-9612-485f-810e-b7b1dc38de4c,2024,5
83e4d8e1-e9b2-40af-a6e6-204ff026be78,2024,0
83f3ea79-053f-43f4-99b1-0db3192dc020,2023,10
8404783d-c94b-482b-a539-8c8e605ba9b9,2023,0
840ac691-f329-4c90-8f2b-56fca4f52671,2023,20
840ac691-f329-4c90-8f2b-56fca4f52671,2024,350
842d3a7c-03ca-48af-8603-7ce23bbabff3,2021,0
842d3a7c-03ca-48af-8603-7ce23bbabff3,2022,5
845b3ba1-8bdb-448a-8a5b-d86bcfdc9710,2023,5
846e81cb-422f-4642-b03b-f702b2b862aa,2021,0
846e81cb-422f-4642-b03b-f702b2b862aa,2023,20
846e81cb-422f-4642-b03b-f702b2b862aa,2024,355
8496c346-0b93-4cb2-b018-e349a3f703db,2020,5
8496c346-0b93-4cb2-b018-e349a3f703db,2021,5
8496c346-0b93-4cb2-b018-e349a3f703db,2022,0
8499dae4-72f0-4c85-8a01-6d36a5059c12,2023,10
8499dae4-72f0-4c85-8a01-6d36a5059c12,2024,0
84bd120c-7a32-41d4-b4e3-55bb2990155c,2020,5
84be2acb-8d98-42d0-9cdd-18241d4fa149,2024,5
84c97fb7-01d9-4533-ba8f-8c95d2f6f840,2022,0
84c97fb7-01d9-4533-ba8f-8c95d2f6f840,2024,0
8532ddad-4b52-4ca8-a1ed-969b05e1bf29,2021,50
8532ddad-4b52-4ca8-a1ed-969b05e1bf29,2022,45
8532ddad-4b52-4ca8-a1ed-969b05e1bf29,2023,5
8532ddad-4b52-4ca8-a1ed-969b05e1bf29,2024,305
859b71b2-a2d1-499b-b06e-4e670cb30201,2021,0
859b71b2-a2d1-499b-b06e-4e670cb30201,2022,0
859b71b2-a2d1-499b-b06e-4e670cb30201,2024,5
85d0cf14-c3ca-4422-a30d-1cff5eba8179,2021,5
85d0cf14-c3ca-4422-a30d-1cff5eba8179,2024,0
85d6f5ff-c6e7-4cb6-8736-38a142a08752,2021,0
85e8a9b6-f9a2-4813-883c-04bd464ea8c9,2023,0
86030562-8bdc-4556-a68d-62bbcaa9c2d0,2024,10
860645cd-ff93-4bed-ae04-7da210a682fd,2024,0
860b0e8d-8176-4454-afd8-69afc51bef2d,2020,45
860b0e8d-8176-4454-afd8-69afc51bef2d,2022,0
860b0e8d-8176-4454-afd8-69afc51bef2d,2023,20
867136bf-8e44-4be3-bcff-4bf8d2b94b5a,2024,5
869d7f1a-6dad-43ee-8e0b-e268d459b98f,2024,0
86b1a4c0-bee3-401c-90ff-212dc0b4b121,2022,0
86d5b23f-f054-42e1-ac5f-5debaf0f6c26,2020,0
86d5b23f-f054-42e1-ac5f-5debaf0f6c26,2024,0
86d92805-a7d8-447d-b7ac-3b73d75918f7,2020,25
86e5532e-cc16-4358-9a12-8cf7e21d947f,2020,35
86e5532e-cc16-4358-9a12-8cf7e21d947f,2024,0
86f2a26b-d900-4e6e-8acd-eb082b00e7d7,2020,0
86f2a26b-d900-4e6e-8acd-eb082b00e7d7,2021,20
86f2a26b-d900-4e6e-8acd-eb082b00e7d7,2022,25
86f2a26b-d900-4e6e-8acd-eb082b00e7d7,2023,0
86f2a26b-d900-4e6e-8acd-eb082b00e7d7,2024,25
872bf87d-ec33-4c31-9fd4-140120cd938f,2021,0
87437d56-3b5c-4611-9664-0b235c35e950,2021,0
87437d56-3b5c-4611-9664-0b235c35e950,2023,5
87437d56-3b5c-4611-9664-0b235c35e950,2024,0
878ad7c4-21ee-44d5-925c-16463ecb1808,2023,5
878ad7c4-21ee-44d5-925c-16463ecb1808,2024,10
879cbca8-d41d-45b2-8e71-44aa17ec9cac,2023,5
87c8c50d-2639-4100-bd5a-5f05209fb0e0,2021,0
87c8c50d-2639-4100-bd5a-5f05209fb0e0,2022,5
87c8c50d-2639-4100-bd5a-5f05209fb0e0,2023,0
87f148eb-d5dc-41c9-834d-f5e98f4125e2,2024,0
88527491-ae57-4cd3-8636-f53a737fef9e,2020,5
88527491-ae57-4cd3-8636-f53a737fef9e,2021,45
88527491-ae57-4cd3-8636-f53a737fef9e,2022,0
88527491-ae57-4cd3-8636-f53a737fef9e,2023,5
8853edd5-8726-4b0e-91c1-3967b8b256f4,2021,0
8853edd5-8726-4b0e-91c1-3967b8b256f4,2022,0
8883b3ff-ab4b-4dc2-8791-f1fc9a951a29,2023,5
88cb89a6-ec15-4728-b051-24bf05fbf6a2,2021,0
88cb89a6-ec15-4728-b051-24bf05fbf6a2,2022,5
89324c74-6a68-4a01-acca-e05fbc0bd418,2023,35
8942e3a8-3b95-4e73-a7fc-59f136773890,2024,5
894ec824-1b66-49d7-b2c6-1f86526a64b5,2023,10
894ec824-1b66-49d7-b2c6-1f86526a64b5,2024,0
89ac304c-3bf7-48fa-a420-154813ee48f1,2023,10
89ac304c-3bf7-48fa-a420-154813ee48f1,2024,0
89c029c9-ea4b-437b-b214-98a3eee7b4c7,2021,355
89c029c9-ea4b-437b-b214-98a3eee7b4c7,2022,10
89c029c9-ea4b-437b-b214-98a3eee7b4c7,2024,0
89d6ebbf-1ccb-4d89-afed-39bf4ac4815e,2023,10
89d6ebbf-1ccb-4d89-afed-39bf4ac4815e,2024,15
89e8abe3-708c-45db-bd6e-f222c1f28ee3,2021,0
89e8abe3-708c-45db-bd6e-f222c1f28ee3,2022,0
89e8abe3-708c-45db-bd6e-f222c1f28ee3,2023,20
89e8abe3-708c-45db-bd6e-f222c1f28ee3,2024,5
89f46f3d-5c95-4b46-b9e6-68154300cda5,2020,5
89f46f3d-5c95-4b46-b9e6-68154300cda5,2023,10
89f46f3d-5c95-4b46-b9e6-68154300cda5,2024,10
8a1800a0-b102-4b60-9fef-0059c4ddb65e,2021,5
8a1800a0-b102-4b60-9fef-0059c4ddb65e,2022,0
8a45079d-8dab-42fd-8c6b-bdacb1880f27,2021,0
8a45079d-8dab-42fd-8c6b-bdacb1880f27,2022,0
8a45079d-8dab-42fd-8c6b-bdacb1880f27,2023,320
8a571b3c-a800-4c27-a317-ea7327efba33,2022,0
8a571b3c-a800-4c27-a317-ea7327efba33,2024,0
8a6c6c34-8934-4fc2-8149-2a07e2a361e4,2023,0
8a7057bb-e112-46db-bac7-ae794bd66f6b,2024,0
8a8c6679-65ba-4eec-9a45-5339d6430e02,2024,5
8ac823f0-9176-4fbf-8671-d7e7c5808b50,2024,0
8affbb38-1aaf-425d-9622-2d6e272ca520,2024,25
8baab18c-f18e-4fcb-8324-1682bf5bc32a,2021,10
8baab18c-f18e-4fcb-8324-1682bf5bc32a,2022,350
8baab18c-f18e-4fcb-8324-1682bf5bc32a,2024,0
8bc38b18-76c4-45b9-a3ec-e8807fef8ecb,2024,0
8bc57d2a-7d1d-48f4-8aa4-e8a2c1d7aca2,2024,0
8c0a7d85-2779-4157-919b-ebe7b8b2812b,2020,5
8c0a7d85-2779-4157-919b-ebe7b8b2812b,2024,25
8c1478d7-8053-47b7-b7d8-4036a9ff2bdd,2020,5
8c1478d7-8053-47b7-b7d8-4036a9ff2bdd,2021,40
8c1478d7-8053-47b7-b7d8-4036a9ff2bdd,2023,5
8c1478d7-8053-47b7-b7d8-4036a9ff2bdd,2024,0
8c2b9af5-e335-4a05-a33a-5fa8ee19d880,2023,20
8c2b9af5-e335-4a05-a33a-5fa8ee19d880,2024,20
8c8ab663-6923-4f53-91b2-6e4d9424f9ff,2024,5
8c945c18-8bb0-41e6-af2e-4bc9cc897e9f,2023,0
8ca5b9c5-34ec-49f3-b38c-e4dee0737572,2020,10
8cd5143a-55d6-41f3-8fc0-8a41c332ae6f,2021,0
8cd5143a-55d6-41f3-8fc0-8a41c332ae6f,2024,0
8ce02787-ebd1-4d90-bf6f-5421107b2d07,2023,50
8ce02787-ebd1-4d90-bf6f-5421107b2d07,2024,0
8d017ef4-071c-43ea-ac4c-d5121622f386,2022,5
8d1f4856-f209-4714-ae11-7184900c07d4,2023,20
8d3939ca-6d15-4237-a34a-8ad3395793b8,2023,10
8d6fcdcb-8cf0-4b2a-9eb2-cb531b6b4b3c,2024,5
8dc2d8df-7d68-43b5-a3b2-143dd02c2f3b,2021,0
8dc2d8df-7d68-43b5-a3b2-143dd02c2f3b,2022,0
8e063bc0-cb7f-4664-8255-b241481ed58a,2022,10
8e063bc0-cb7f-4664-8255-b241481ed58a,2023,215
8e063bc0-cb7f-4664-8255-b241481ed58a,2024,10
8e0d2154-69b2-4181-8f05-d579ef6fd9b8,2023,5
8e266791-1fbd-46a8-aa7d-c9f5ad626401,2023,5
8e266791-1fbd-46a8-aa7d-c9f5ad626401,2024,5
8e6fafe3-b4f9-4657-94d0-c1e1c7a87d84,2021,0
8e6fafe3-b4f9-4657-94d0-c1e1c7a87d84,2022,0
8e6fafe3-b4f9-4657-94d0-c1e1c7a87d84,2023,0
8e6fafe3-b4f9-4657-94d0-c1e1c7a87d84,2024,0
8e8feefc-2b41-4998-8307-76abb8b6354a,2021,0
8e8feefc-2b41-4998-8307-76abb8b6354a,2022,0
8e8feefc-2b41-4998-8307-76abb8b6354a,2023,20
8e8feefc-2b41-4998-8307-76abb8b6354a,2024,350
8edbc51f-526b-4f64-ab5e-b356af257a73,2020,35
8edbc51f-526b-4f64-ab5e-b356af257a73,2021,0
8f0aae44-643b-4e30-811a-8645c54c48df,2020,30
8f0aae44-643b-4e30-811a-8645c54c48df,2024,5
8f0fb83e-2feb-454d-93b7-3601d0895e61,2022,0
8f0fb83e-2feb-454d-93b7-3601d0895e61,2023,10
8f0fb83e-2feb-454d-93b7-3601d0895e61,2024,0
8f42ab85-bf97-4feb-9b48-33a16f02393a,2020,85
8f42ab85-bf97-4feb-9b48-33a16f02393a,2021,5
8f42ab85-bf97-4feb-9b48-33a16f02393a,2022,5
8f42ab85-bf97-4feb-9b48-33a16f02393a,2023,45
8f42ab85-bf97-4feb-9b48-33a16f02393a,2024,340
8f64ca2b-f717-4a9e-943f-6e0ddcac9b77,2024,5
8f8075ee-44ee-4ad9-b062-48347ad96475,2024,0
8f976473-dc1a-4148-b254-bdd6a7dd9624,2021,0
8f976473-dc1a-4148-b254-bdd6a7dd9624,2022,10
8f976473-dc1a-4148-b254-bdd6a7dd9624,2024,0
8fcf3433-765d-41e4-bb6f-b299401def4e,2021,0
8fcf3433-765d-41e4-bb6f-b299401def4e,2022,0
8fee5ca1-2596-49ba-a65b-b16ac6394144,2020,0
900a0ee0-169b-43a7-a47d-2ac37ded3963,2023,5
902651ed-3888-4a45-bc09-e8f6b483c197,2021,5
902651ed-3888-4a45-bc09-e8f6b483c197,2022,5
903c83af-847b-4fa4-b676-e83726b0f55b,2024,0
904c618a-8bff-4d4b-ba9c-6ba8adc27ae1,2023,0
90582fb0-9494-43b8-875b-17bdc3e24cee,2021,0
90582fb0-9494-43b8-875b-17bdc3e24cee,2022,10
90582fb0-9494-43b8-875b-17bdc3e24cee,2023,25
90582fb0-9494-43b8-875b-17bdc3e24cee,2024,5
907a17d8-6e97-4b7f-8938-cd65730cfd3e,2021,5
907a17d8-6e97-4b7f-8938-cd65730cfd3e,2022,0
907a17d8-6e97-4b7f-8938-cd65730cfd3e,2023,5
907a17d8-6e97-4b7f-8938-cd65730cfd3e,2024,5
90970b4a-ae1b-4dbc-b8f9-a9796bca1f91,2023,0
90970b4a-ae1b-4dbc-b8f9-a9796bca1f91,2024,0
909cd434-3291-4106-80a4-fadce4134e68,2021,5
909cd434-3291-4106-80a4-fadce4134e68,2022,0
909cd434-3291-4106-80a4-fadce4134e68,2023,25
90ae06f2-5f15-4db7-a616-c90424b5c3ab,2023,10
90bf7e12-b558-41f6-bc86-743c6e59483f,2021,5
90bf7e12-b558-41f6-bc86-743c6e59483f,2022,0
90bf7e12-b558-41f6-bc86-743c6e59483f,2023,15
90bf7e12-b558-41f6-bc86-743c6e59483f,2024,5
90c5e8e2-5cf8-4e7e-8190-cc8737f8149b,2020,5
90c5e8e2-5cf8-4e7e-8190-cc8737f8149b,2023,5
90c5e8e2-5cf8-4e7e-8190-cc8737f8149b,2024,0
90e3644b-f559-4fe2-bd93-c094e54d2bb3,2023,10
90e3644b-f559-4fe2-bd93-c094e54d2bb3,2024,35
90edbcda-5254-4afa-9638-4bf51fd3c0ff,2021,0
90edbcda-5254-4afa-9638-4bf51fd3c0ff,2022,5
90edbcda-5254-4afa-9638-4bf51fd3c0ff,2023,50
90edbcda-5254-4afa-9638-4bf51fd3c0ff,2024,150
912412c5-8c04-438b-95e4-edf3b08fa89b,2023,20
915c88a6-c12a-4f92-b8b0-734e80ba8fc7,2023,15
915fc930-fe09-4c85-be53-c30147b47b37,2021,5
915fc930-fe09-4c85-be53-c30147b47b37,2022,0
915fc930-fe09-4c85-be53-c30147b47b37,2024,5
9197b308-7133-48c8-9c3a-7a1f378293bb,2022,0
9197b308-7133-48c8-9c3a-7a1f378293bb,2023,0
9197b308-7133-48c8-9c3a-7a1f378293bb,2024,25
91c83ff9-4359-45e0-b79e-f97058a6bcdd,2023,5
91d1219b-4dde-46b1-ad42-8c1fd473cbd9,2021,5
91d1219b-4dde-46b1-ad42-8c1fd473cbd9,2022,15
91d1219b-4dde-46b1-ad42-8c1fd473cbd9,2023,10
91d1219b-4dde-46b1-ad42-8c1fd473cbd9,2024,360
92120382-2511-40f8-aad1-d019f402ec17,2024,5
9231c0a1-1dfb-4ccb-b721-fc154e248fe9,2024,0
9246b2a7-c49e-4f7e-bf76-849fad522e8c,2024,215
924afa71-a123-45bc-b9eb-1dc4f5d1a3ea,2021,0
924afa71-a123-45bc-b9eb-1dc4f5d1a3ea,2022,10
924eeee1-01ed-435b-aa5f-085a91fea1b1,2021,0
924f512d-a9f4-41b7-b4fe-0919242def24,2024,0
92a8378f-ed0b-4597-973f-e0c8bf98417b,2022,5
92c3302d-3fa5-43ec-8d7c-74c22ac8a5c8,2021,0
92c3302d-3fa5-43ec-8d7c-74c22ac8a5c8,2022,0
93073ca7-59e0-425b-8a74-9ba3fac40075,2020,5
93073ca7-59e0-425b-8a74-9ba3fac40075,2021,20
93073ca7-59e0-425b-8a74-9ba3fac40075,2022,360
93073ca7-59e0-425b-8a74-9ba3fac40075,2023,0
9311f26d-e4e0-4823-af53-840040722a7d,2024,0
932ade35-f18c-4905-960b-bbc5d1f84b07,2021,5
932ade35-f18c-4905-960b-bbc5d1f84b07,2022,10
932ade35-f18c-4905-960b-bbc5d1f84b07,2023,25
932ade35-f18c-4905-960b-bbc5d1f84b07,2024,360
933af87d-7d54-48a0-87c5-1f7fa9b2b859,2023,15
9371c7de-c449-47cd-84e4-214781a72a4e,2023,15
9371c7de-c449-47cd-84e4-214781a72a4e,2024,0
93810527-1e57-4a8d-8bd3-3d051d01df98,2024,320
93ba0b10-bf98-4dc0-abc8-b8991d4c73d3,2024,0
941a3563-f12b-4498-ae0c-e6ed1d2ccf15,2023,0
941a3563-f12b-4498-ae0c-e6ed1d2ccf15,2024,10
944c2cc1-b674-42ad-8c8b-c8bb580956f8,2023,20
94605e2b-f4fe-47b0-8b41-9b056cf5f012,2023,10
94605e2b-f4fe-47b0-8b41-9b056cf5f012,2024,0
94679b28-9e00-49a8-b165-c2daf79031d5,2024,0
947b7f92-a0f2-4eb4-8062-0598ff14dfd4,2024,5
9496e36a-9522-4349-a662-af967bc445ea,2020,60
9496e36a-9522-4349-a662-af967bc445ea,2021,355
9496e36a-9522-4349-a662-af967bc445ea,2022,10
9496e36a-9522-4349-a662-af967bc445ea,2024,5
94a43458-0f3f-4c24-8d8f-ea3cea4d307f,2021,5
94a43458-0f3f-4c24-8d8f-ea3cea4d307f,2022,25
94b120a0-01dc-4b4b-9ecb-9d8dbf6a8fe4,2024,10
94c791be-2880-4793-9a0d-e40de283b361,2024,0
94cbbc2d-773d-451f-b176-a1b687d50c30,2023,5
94cd77ca-1b45-4477-86e2-d0189fe94e18,2023,0
94e4e631-9dba-4eeb-927a-81602898dd1f,2024,10
94fe0312-5765-49d8-85c3-2d35c2495295,2020,40
94fe0312-5765-49d8-85c3-2d35c2495295,2021,215
94fe0312-5765-49d8-85c3-2d35c2495295,2022,10
94fe0312-5765-49d8-85c3-2d35c2495295,2023,0
953e4c5c-0de4-4f77-8237-d6a982186842,2023,330
953e4c5c-0de4-4f77-8237-d6a982186842,2024,0
9555e909-70a2-4ec1-88d0-cc6390d9e03d,2020,0
9555e909-70a2-4ec1-88d0-cc6390d9e03d,2021,20
95748737-293b-405c-b269-b4734589a230,2023,0
95748737-293b-405c-b269-b4734589a230,2024,0
958e10b9-dd9c-4b07-8e3c-29c6ec22b7b2,2024,0
95c677a3-c716-4ff5-8dd9-a160f69b935a,2024,10
95f7b377-9443-49ce-bd70-0cb14e117ca7,2020,0
95f7b377-9443-49ce-bd70-0cb14e117ca7,2021,5
95f7b377-9443-49ce-bd70-0cb14e117ca7,2022,5
95f7b377-9443-49ce-bd70-0cb14e117ca7,2023,50
95f7b377-9443-49ce-bd70-0cb14e117ca7,2024,355
960335ac-7f58-453c-93b1-d580e65ba2a2,2023,5
960335ac-7f58-453c-93b1-d580e65ba2a2,2024,340
96162613-0e81-4fb7-8d03-cfbfcd6ff08b,2023,5
96162613-0e81-4fb7-8d03-cfbfcd6ff08b,2024,20
961cee65-9d71-4eb2-b71e-18b1a27988ef,2024,10
961e9bb6-7dc4-44af-a86e-7e6676e2214b,2020,290
961e9bb6-7dc4-44af-a86e-7e6676e2214b,2021,355
961e9bb6-7dc4-44af-a86e-7e6676e2214b,2022,10
962b3ed1-b2c1-45cf-b829-cb1a311020ab,2020,25
96360279-1982-43c4-bad6-4adab31e316b,2024,260
96380898-6dde-4d3e-9927-43b2e6130335,2024,0
965c8b7d-496b-4d0b-9d5b-05d2a0c293bf,2024,0
96614a14-865c-4efa-8488-85d23a183b3c,2024,0
96737c4e-08d3-42e0-9996-c886b88755e0,2024,15
967d8047-5857-4763-ab49-e685c02321db,2023,0
967d8047-5857-4763-ab49-e685c02321db,2024,5
9696ae7b-8c5c-4e35-9f03-140f547dd17b,2024,0
96a904f5-9724-4eb0-af8b-7f9ec7542554,2023,10
96a904f5-9724-4eb0-af8b-7f9ec7542554,2024,350
96f2afa1-6929-4b7d-8a5c-7d44f716fedb,2021,0
96f2afa1-6929-4b7d-8a5c-7d44f716fedb,2022,360
96f2afa1-6929-4b7d-8a5c-7d44f716fedb,2024,15
9707d12c-ec14-4acb-8b7d-3840bf5dd562,2024,5
970d1857-4f11-4a3f-8512-acd59ca854e0,2023,10
970d1857-4f11-4a3f-8512-acd59ca854e0,2024,0
971b0b2c-2b35-4605-bcd4-909ecbff5f63,2023,10
971b0b2c-2b35-4605-bcd4-909ecbff5f63,2024,350
9747d310-88be-435c-b0b3-6df09d21c385,2023,0
97751fc6-3f6e-4f6a-ad8b-970b914fab2c,2023,5
97751fc6-3f6e-4f6a-ad8b-970b914fab2c,2024,355
978dc915-c019-40df-86b3-3584d75d4e59,2021,5
978dc915-c019-40df-86b3-3584d75d4e59,2022,0
978dc915-c019-40df-86b3-3584d75d4e59,2023,20
978dc915-c019-40df-86b3-3584d75d4e59,2024,15
97a33d89-0102-4caf-81b2-be4531d98f1f,2021,5
97a33d89-0102-4caf-81b2-be4531d98f1f,2022,0
97c29ad9-dde5-40f1-969b-ab6cf54d7d68,2024,5
97fb5b96-fa23-4061-9b28-e5bed7342eb1,2023,10
980b116b-24b5-4132-92c5-baa832a82dba,2024,15
98358fe0-6fd6-4c9b-aa36-1096c6715997,2022,10
9838eaad-75ed-444a-8bdd-394d3c425c93,2020,35
9838eaad-75ed-444a-8bdd-394d3c425c93,2021,0
9838eaad-75ed-444a-8bdd-394d3c425c93,2024,5
983bfc12-65c5-4e59-8cbd-704973cf80f0,2023,20
983bfc12-65c5-4e59-8cbd-704973cf80f0,2024,355
984f0182-4044-4932-a74f-e05b6d5fcc5d,2022,0
984f0182-4044-4932-a74f-e05b6d5fcc5d,2023,5
984f0182-4044-4932-a74f-e05b6d5fcc5d,2024,0
9879bd20-8938-4362-a8b3-8ded34ca5ae7,2023,0
988e20b6-380e-4d59-b88b-cdd66b5f1583,2021,255
988e20b6-380e-4d59-b88b-cdd66b5f1583,2022,0
988e20b6-380e-4d59-b88b-cdd66b5f1583,2023,5
988e20b6-380e-4d59-b88b-cdd66b5f1583,2024,15
9893e256-7d32-4e72-92d8-906f40102bd2,2021,355
9893e256-7d32-4e72-92d8-906f40102bd2,2022,5
9893e256-7d32-4e72-92d8-906f40102bd2,2023,10
9893e256-7d32-4e72-92d8-906f40102bd2,2024,5
98cb38d4-6484-4a57-aa3c-ff47928b4491,2020,310
98cb38d4-6484-4a57-aa3c-ff47928b4491,2021,25
98cb38d4-6484-4a57-aa3c-ff47928b4491,2022,10
98cb38d4-6484-4a57-aa3c-ff47928b4491,2023,0
98cb38d4-6484-4a57-aa3c-ff47928b4491,2024,0
98f22165-c96a-41fd-85cb-30ca30ff2f41,2022,0
98f552d0-075a-4349-97cc-9b9e281074f3,2022,0
98f552d0-075a-4349-97cc-9b9e281074f3,2024,10
990bd81e-b99b-487f-af09-ea3599a1b351,2024,0
9916fc3a-d812-43cb-908d-11d578e01832,2024,0
991a63c7-867b-461a-b74a-563f49f9acf8,2024,0
994b7894-f39c-42fa-815b-61e3975a2b53,2023,5
9951b156-fb4c-4956-b6c2-bad78f3e47d1,2024,210
99b9542c-efd5-413c-bd1e-5919122ce6e1,2020,5
99b9542c-efd5-413c-bd1e-5919122ce6e1,2021,5
99b9542c-efd5-413c-bd1e-5919122ce6e1,2022,5
99b9542c-efd5-413c-bd1e-5919122ce6e1,2023,0
99b9542c-efd5-413c-bd1e-5919122ce6e1,2024,335
99c4bd66-fc46-4418-b638-8fcb989392f7,2021,0
99c4bd66-fc46-4418-b638-8fcb989392f7,2022,0
99c4bd66-fc46-4418-b638-8fcb989392f7,2023,15
99c4bd66-fc46-4418-b638-8fcb989392f7,2024,0
9a48f571-a9dc-4626-bfc5-387a375f55bc,2022,5
9a48f571-a9dc-4626-bfc5-387a375f55bc,2023,0
9a48f571-a9dc-4626-bfc5-387a375f55bc,2024,0
9a807046-d0a2-4e2d-881b-6454c8964558,2024,10
9a927072-9023-44c3-9453-8eaf4a7c9244,2020,0
9a927072-9023-44c3-9453-8eaf4a7c9244,2022,0
9a927072-9023-44c3-9453-8eaf4a7c9244,2023,0
9a927072-9023-44c3-9453-8eaf4a7c9244,2024,10
9ab05d58-0d25-4430-bd45-926b1ac1806a,2023,0
9ab05d58-0d25-4430-bd45-926b1ac1806a,2024,40
9af5ab35-5deb-49fa-8dc4-759b8d6782f9,2020,50
9af5ab35-5deb-49fa-8dc4-759b8d6782f9,2021,10
9af5ab35-5deb-49fa-8dc4-759b8d6782f9,2022,5
9af8825b-d0e9-4e7d-902b-d61ba8c17b0f,2021,10
9afb057b-584b-4116-b298-ebbb587619ec,2024,5
9b09bb59-6098-4886-86fc-ea32bf5b07ba,2021,15
9b09bb59-6098-4886-86fc-ea32bf5b07ba,2023,0
9b4c2e55-384d-4c06-8186-992d663b0cd3,2024,0
9b720953-aaaf-469c-ba2d-03cebadae49c,2023,25
9b720953-aaaf-469c-ba2d-03cebadae49c,2024,5
9bd99661-2de9-4bd3-bd15-9f8c9c1d9671,2022,15
9beda3b1-609e-44be-9a96-37ee9ed1ef69,2022,5
9beda3b1-609e-44be-9a96-37ee9ed1ef69,2024,0
9c170960-eef5-4833-b1fc-4540d34ea724,2023,10
9c170960-eef5-4833-b1fc-4540d34ea724,2024,0
9c192f44-db44-4413-9355-6bd719dbbad0,2022,0
9c833556-c28e-4d4f-ab47-4a1def7cf9bd,2022,0
9c833556-c28e-4d4f-ab47-4a1def7cf9bd,2024,5
9c884945-da33-4053-a1e9-0122c8aca8cc,2024,240
9cba02b2-d258-48a3-99f4-36e5cd5efe60,2020,0
9cba02b2-d258-48a3-99f4-36e5cd5efe60,2021,345
9cba02b2-d258-48a3-99f4-36e5cd5efe60,2022,20
9cba02b2-d258-48a3-99f4-36e5cd5efe60,2023,45
9d339e61-3293-48c0-b9e5-f9d9d2fe7cbd,2021,0
9d339e61-3293-48c0-b9e5-f9d9d2fe7cbd,2022,0
9d339e61-3293-48c0-b9e5-f9d9d2fe7cbd,2023,15
9d339e61-3293-48c0-b9e5-f9d9d2fe7cbd,2024,240
9d387cb3-a552-4bcf-b0e9-94c646c322bc,2024,10
9d9f5db7-6ec8-40e2-bd39-06f94f835b7b,2021,5
9d9f5db7-6ec8-40e2-bd39-06f94f835b7b,2022,10
9d9f5db7-6ec8-40e2-bd39-06f94f835b7b,2024,0
9da62234-4ce8-459d-89d5-6b5fd0e136c3,2024,255
9dc22448-4180-4c4c-a17a-cf91ade9c23f,2021,0
9dc22448-4180-4c4c-a17a-cf91ade9c23f,2022,0
9dc22448-4180-4c4c-a17a-cf91ade9c23f,2024,10
9dc90df1-a7b1-4d7c-aba7-8b4cf24e7b01,2020,5
9dc90df1-a7b1-4d7c-aba7-8b4cf24e7b01,2021,5
9dc90df1-a7b1-4d7c-aba7-8b4cf24e7b01,2024,245
9dd3fe42-4297-4fea-8919-de63f1c0f875,2023,10
9dda6644-72c8-428a-86a2-cc711eb5f463,2020,30
9dda6644-72c8-428a-86a2-cc711eb5f463,2021,90
9dda6644-72c8-428a-86a2-cc711eb5f463,2022,5
9dda6644-72c8-428a-86a2-cc711eb5f463,2023,20
9de45829-3708-4fe1-abe8-7021acbf693e,2023,15
9de45829-3708-4fe1-abe8-7021acbf693e,2024,5
9e1c8c48-bd62-49e4-ad66-c1d895d25b23,2024,5
9e20cd2e-401a-4ea1-bd60-c20b6220deed,2024,5
9e2815b6-bd9a-40e5-8870-345a5877271d,2020,10
9e2815b6-bd9a-40e5-8870-345a5877271d,2022,15
9e2815b6-bd9a-40e5-8870-345a5877271d,2023,0
9e6e80ae-476e-457a-b867-d80cfdf47069,2020,0
9e6e80ae-476e-457a-b867-d80cfdf47069,2021,30
9e6e80ae-476e-457a-b867-d80cfdf47069,2023,40
9e6e80ae-476e-457a-b867-d80cfdf47069,2024,5
9e84ee42-7928-44bf-9c89-da7c25280819,2023,0
9eba67da-943a-44af-882b-27dc649928c1,2021,0
9eba67da-943a-44af-882b-27dc649928c1,2022,10
9eba67da-943a-44af-882b-27dc649928c1,2023,10
9eba67da-943a-44af-882b-27dc649928c1,2024,360
9ec8acca-e4f0-40fc-8b67-0df0307404ab,2021,0
9eda1029-1a09-46cc-a32b-bae2214c9503,2021,245
9eeaa599-b3c7-419d-a251-778f11f7593b,2021,0
9eeaa599-b3c7-419d-a251-778f11f7593b,2023,5
9f0ed461-895f-4528-b541-0df9b9766277,2024,5
9f0ef0cd-5b1c-4fd0-b083-6b678df03ed2,2021,0
9f0ef0cd-5b1c-4fd0-b083-6b678df03ed2,2022,0
9f0ef0cd-5b1c-4fd0-b083-6b678df03ed2,2023,235
9f0ef0cd-5b1c-4fd0-b083-6b678df03ed2,2024,0
9f69402e-8b64-41a1-ad0e-e22ec2ff8600,2023,15
9f69402e-8b64-41a1-ad0e-e22ec2ff8600,2024,5
9f781ef9-a66a-484e-a75b-a12c734005c4,2023,10
9f781ef9-a66a-484e-a75b-a12c734005c4,2024,355
9f9ca3fc-3747-4a7f-a800-1525905f1085,2020,5
9f9ca3fc-3747-4a7f-a800-1525905f1085,2021,35
9f9ca3fc-3747-4a7f-a800-1525905f1085,2022,170
9f9ca3fc-3747-4a7f-a800-1525905f1085,2023,25
9f9ca3fc-3747-4a7f-a800-1525905f1085,2024,320
9fc6f863-a414-407c-9cfc-bc6f4fb2c595,2023,0
9fc6f863-a414-407c-9cfc-bc6f4fb2c595,2024,0
9fdc0beb-3f35-4c7c-8c37-794a3760c894,2020,0
9fdc0beb-3f35-4c7c-8c37-794a3760c894,2021,205
9fdc0beb-3f35-4c7c-8c37-794a3760c894,2023,0
9fdc0beb-3f35-4c7c-8c37-794a3760c894,2024,20
9fddfba6-9106-47b7-8005-f253446c5f65,2024,0
a00fdff7-7e26-4099-b5b8-960e0bc59862,2024,0
a02505f7-3c94-4fe6-9f88-513b3e4dba20,2022,0
a03edf4f-a951-447e-9139-22aa7a280cf4,2021,5
a03edf4f-a951-447e-9139-22aa7a280cf4,2024,5
a07e9c49-241c-4e29-a92f-6b12bfd15034,2020,0
a07e9c49-241c-4e29-a92f-6b12bfd15034,2023,5
a07e9c49-241c-4e29-a92f-6b12bfd15034,2024,350
a095aa00-263e-4adf-bfb1-eacefbb71164,2024,355
a0a09e1b-49f8-48b5-a5fc-751d47a7e6f7,2024,5
a0bda1f3-0d9e-4a97-878c-36d39b99d4ea,2020,0
a0dfbb8f-9178-4540-9bab-023da1c3e31f,2021,0
a0e6bbb7-4777-4221-afea-0670b2f21cee,2023,5
a131b2fc-fda2-4b11-b671-555a743d76b7,2021,0
a131b2fc-fda2-4b11-b671-555a743d76b7,2022,0
a133afad-5edf-409e-9b36-dccd471c0021,2021,0
a133afad-5edf-409e-9b36-dccd471c0021,2022,10
a133afad-5edf-409e-9b36-dccd471c0021,2023,10
a133afad-5edf-409e-9b36-dccd471c0021,2024,355
a15bfc38-cc31-40be-bd70-ee0b773ddae5,2020,355
a15bfc38-cc31-40be-bd70-ee0b773ddae5,2021,65
a15bfc38-cc31-40be-bd70-ee0b773ddae5,2023,5
a15bfc38-cc31-40be-bd70-ee0b773ddae5,2024,340
a1c4d4a0-1b92-4101-94de-cef377784482,2021,0
a1c4d4a0-1b92-4101-94de-cef377784482,2022,0
a1c4d4a0-1b92-4101-94de-cef377784482,2023,10
a1c4d4a0-1b92-4101-94de-cef377784482,2024,0
a1f2d7f7-b411-4530-a923-acab94916893,2024,5
a2068647-39bf-4922-baf9-29945f49c1ab,2023,10
a21ee0be-c245-41ea-ad8d-7907ba7196de,2024,0
a22c2c45-6729-48cc-836c-320850badf60,2022,25
a22c2c45-6729-48cc-836c-320850badf60,2024,10
a22dd941-232b-41ef-b61d-e9b3f54e1a9b,2023,15
a23e8185-7e54-42c1-9c60-4aeefff3c067,2021,10
a23e8185-7e54-42c1-9c60-4aeefff3c067,2022,5
a23e8185-7e54-42c1-9c60-4aeefff3c067,2023,0
a23e8185-7e54-42c1-9c60-4aeefff3c067,2024,110
a241900f-dac8-4540-8ee7-fcc29752fa72,2023,5
a2696c5b-053c-48f2-95da-3267bc190416,2020,5
a2696c5b-053c-48f2-95da-3267bc190416,2021,0
a2696c5b-053c-48f2-95da-3267bc190416,2022,0
a2b26286-1bd1-4df7-8b2f-6630aac746d4,2023,10
a2b26286-1bd1-4df7-8b2f-6630aac746d4,2024,5
a2c7dc0f-01df-4e7c-a40a-b1113e30abf7,2021,0
a2c7dc0f-01df-4e7c-a40a-b1113e30abf7,2023,25
a31558b1-ee52-494c-b50d-ce8b8c9cb423,2021,0
a31558b1-ee52-494c-b50d-ce8b8c9cb423,2022,0
a31558b1-ee52-494c-b50d-ce8b8c9cb423,2024,0
a337d755-a702-4389-bc33-751dcc081d8e,2023,15
a337d755-a702-4389-bc33-751dcc081d8e,2024,5
a34a803c-44b8-4f6b-8c3c-43f837903323,2023,0
a366805e-565c-4dc4-8847-5f704c431ec6,2020,15
a366805e-565c-4dc4-8847-5f704c431ec6,2021,5
a366805e-565c-4dc4-8847-5f704c431ec6,2022,10
a366805e-565c-4dc4-8847-5f704c431ec6,2023,15
a366805e-565c-4dc4-8847-5f704c431ec6,2024,5
a39c3b53-f31c-4986-8d4e-19110c0bca27,2021,0
a3a27a5b-386b-4650-a595-6b23952471dd,2020,0
a3a27a5b-386b-4650-a595-6b23952471dd,2024,0
a3ba3599-4ef6-4cb5-a067-cdace5ff64aa,2021,340
a3ba3599-4ef6-4cb5-a067-cdace5ff64aa,2022,10
a3ba3599-4ef6-4cb5-a067-cdace5ff64aa,2024,15
a3c21801-a5f2-4e9f-ada3-a51714844056,2020,10
a3c21801-a5f2-4e9f-ada3-a51714844056,2021,10
a3c21801-a5f2-4e9f-ada3-a51714844056,2022,360
a3c21801-a5f2-4e9f-ada3-a51714844056,2023,150
a3c21801-a5f2-4e9f-ada3-a51714844056,2024,70
a3cf9fe2-f61e-4bf7-b9ca-4557a910cbc4,2023,5
a3cf9fe2-f61e-4bf7-b9ca-4557a910cbc4,2024,15
a40556b6-4c70-4302-858b-b060b06d22a6,2021,5
a40556b6-4c70-4302-858b-b060b06d22a6,2023,15
a40556b6-4c70-4302-858b-b060b06d22a6,2024,0
a43da705-3438-47bc-a5c7-159b5df7e8b5,2024,0
a4a85c65-a3e6-4f18-9274-ae3bebcf18a6,2021,0
a4a85c65-a3e6-4f18-9274-ae3bebcf18a6,2022,5
a4a85c65-a3e6-4f18-9274-ae3bebcf18a6,2023,0
a4a85c65-a3e6-4f18-9274-ae3bebcf18a6,2024,5
a4e570f9-d33d-4553-bb41-2f0434550909,2022,0
a4fe8d46-9717-4ac1-938c-15aa64b256bf,2020,15
a511544e-7817-42c3-8ee4-b3f422f4f50a,2020,15
a511544e-7817-42c3-8ee4-b3f422f4f50a,2021,5
a511544e-7817-42c3-8ee4-b3f422f4f50a,2022,10
a5186e3d-4a3c-4575-a3ef-1a943ab8c626,2024,0
a53ef760-84e3-4f2b-b35d-d31f7fa00f13,2022,0
a5bd5986-a628-44a5-914f-454b35f37082,2020,10
a5bd5986-a628-44a5-914f-454b35f37082,2021,0
a5bd5986-a628-44a5-914f-454b35f37082,2022,10
a5bd5986-a628-44a5-914f-454b35f37082,2023,10
a5bd5986-a628-44a5-914f-454b35f37082,2024,25
a5c1b26a-b765-445e-a5b8-f8c95693d313,2024,0
a5e92e93-666e-4c0d-8dcb-736fbad5ba52,2023,0
a5e92e93-666e-4c0d-8dcb-736fbad5ba52,2024,20
a5f44e00-749f-498c-a961-cd8ec83434e8,2020,40
a5f44e00-749f-498c-a961-cd8ec83434e8,2022,5
a6537130-00d1-4b0b-82f4-8300ef5d055d,2020,0
a6537130-00d1-4b0b-82f4-8300ef5d055d,2021,360
a6537130-00d1-4b0b-82f4-8300ef5d055d,2023,10
a678e893-86c9-43df-8232-a75c1303b3fe,2023,10
a678e893-86c9-43df-8232-a75c1303b3fe,2024,320
a68d9ed0-c6d7-46fa-8d1a-bbfaf361a4fa,2023,5
a6a566e0-879b-4364-93f1-5bd649baed23,2020,30
a6a566e0-879b-4364-93f1-5bd649baed23,2022,10
a6a566e0-879b-4364-93f1-5bd649baed23,2023,25
a6a7a917-5f59-495b-9dc9-00b5fe4022f1,2024,15
a6ca04cd-3aea-4636-ad3a-413917f2d242,2021,0
a6ca04cd-3aea-4636-ad3a-413917f2d242,2023,20
a6ca04cd-3aea-4636-ad3a-413917f2d242,2024,0
a6d188f4-ab76-4711-992d-e06230352207,2021,10
a6d188f4-ab76-4711-992d-e06230352207,2022,5
a6d188f4-ab76-4711-992d-e06230352207,2024,10
a744aebc-9bca-4baf-90d5-6c35360a7869,2021,5
a744aebc-9bca-4baf-90d5-6c35360a7869,2023,15
a744aebc-9bca-4baf-90d5-6c35360a7869,2024,115
a74cb481-6e4c-4065-906a-574662b98bd3,2023,240
a74cb481-6e4c-4065-906a-574662b98bd3,2024,5
a7713931-d5df-4fd8-a3f3-b189fdbe4f89,2023,10
a7713931-d5df-4fd8-a3f3-b189fdbe4f89,2024,5
a7732f4a-c1ee-4cb7-9c47-33f5dc3236ad,2024,5
a7a61c42-fbef-42c9-b260-4f7a5f803742,2024,0
a7a87d70-f1a0-4511-b369-4a6788c211a1,2022,15
a7a87d70-f1a0-4511-b369-4a6788c211a1,2023,5
a7accd67-de50-4d96-a8f7-2b39f918e637,2021,0
a7accd67-de50-4d96-a8f7-2b39f918e637,2022,0
a7accd67-de50-4d96-a8f7-2b39f918e637,2023,25
a7b4ffc1-a93e-447e-b3bb-8d2b3fd26523,2024,15
a7c54a31-aa27-408b-a7e2-26972c1a92c7,2023,10
a7c54a31-aa27-408b-a7e2-26972c1a92c7,2024,20
a7e0469e-a373-4789-9108-48063e5c1759,2022,5
a7ff49cb-ed46-44d9-a428-b35e501add5f,2024,0
a80f0f3f-bd06-46b2-a92f-0fd1c0c2d6af,2022,0
a816facf-1f18-44a0-b9e9-3bdaa0724522,2021,0
a816facf-1f18-44a0-b9e9-3bdaa0724522,2022,5
a843c17f-3b51-4f9b-988d-2f0d2358b8bb,2024,5
a87933b8-c4e4-4cef-b18d-a2ff4ee85e4e,2023,350
a88eb7fd-3bea-43e4-8fd2-a9c753049f08,2023,350
a88eb7fd-3bea-43e4-8fd2-a9c753049f08,2024,340
a88f4d44-857e-4796-8021-9fe4ffe1b673,2024,0
a8953915-b487-410c-b19b-ddb5b1357e90,2024,10
a8d8d4f1-1468-4554-9bf5-7b17c12d50e6,2021,5
a8d8d4f1-1468-4554-9bf5-7b17c12d50e6,2022,0
a8d8d4f1-1468-4554-9bf5-7b17c12d50e6,2023,0
a8f5fd7f-47a6-43d3-88c2-574e81274212,2023,0
a91b4d54-3699-43ed-bc76-4cdda586ff18,2020,355
a91b4d54-3699-43ed-bc76-4cdda586ff18,2021,70
a91b4d54-3699-43ed-bc76-4cdda586ff18,2022,10
a91b4d54-3699-43ed-bc76-4cdda586ff18,2023,5
a91b4d54-3699-43ed-bc76-4cdda586ff18,2024,0
a97eaa59-c4fd-426b-9930-cef6d01ef7e5,2023,15
a97eaa59-c4fd-426b-9930-cef6d01ef7e5,2024,5
a9811bcc-4744-4bd3-9a0a-55839d7b5002,2020,15
a9811bcc-4744-4bd3-9a0a-55839d7b5002,2023,15
a9811bcc-4744-4bd3-9a0a-55839d7b5002,2024,0
a983efbf-b353-4d79-8563-d6607fa369b8,2021,0
a983efbf-b353-4d79-8563-d6607fa369b8,2023,10
a9a07c4c-f207-4a4f-a9b6-d5e3a6f34528,2021,5
a9a07c4c-f207-4a4f-a9b6-d5e3a6f34528,2022,5
a9a07c4c-f207-4a4f-a9b6-d5e3a6f34528,2024,5
a9bf1b87-651e-4821-8c56-ab5ef764299d,2023,10
a9bf1b87-651e-4821-8c56-ab5ef764299d,2024,10
a9cae753-798b-46e0-a7c9-15bbc2e6002a,2021,35
a9cae753-798b-46e0-a7c9-15bbc2e6002a,2023,20
a9d49180-7efd-4cdc-a29a-02fad444f2dc,2023,5
a9e5c260-a318-48bb-9176-947792eefdd1,2024,0
a9e6363f-bf8b-4df7-a4be-888b473191ee,2023,10
a9e6363f-bf8b-4df7-a4be-888b473191ee,2024,355
aa30be8a-15ed-4e0d-94fd-d96e30a8e63c,2020,0
aa30be8a-15ed-4e0d-94fd-d96e30a8e63c,2022,0
aa30be8a-15ed-4e0d-94fd-d96e30a8e63c,2023,5
aa30be8a-15ed-4e0d-94fd-d96e30a8e63c,2024,25
aa3131cd-eba9-4b1e-82b1-a86760259dba,2021,10
aa3131cd-eba9-4b1e-82b1-a86760259dba,2022,330
aa3131cd-eba9-4b1e-82b1-a86760259dba,2024,195
aa39b06f-fb73-4059-854d-5c62e027acad,2021,0
aa6977b6-8639-4bba-95a3-38dea2a1ccdd,2024,5
aa83bd1d-afe5-47ac-bc63-1fc12b4a9ea5,2020,30
aa83bd1d-afe5-47ac-bc63-1fc12b4a9ea5,2021,25
aa83bd1d-afe5-47ac-bc63-1fc12b4a9ea5,2022,0
aa83bd1d-afe5-47ac-bc63-1fc12b4a9ea5,2023,5
aa83bd1d-afe5-47ac-bc63-1fc12b4a9ea5,2024,0
aa89bf76-1b3a-4030-bd4a-0cfa30940e64,2023,15
aa89bf76-1b3a-4030-bd4a-0cfa30940e64,2024,0
aa9261ff-b48e-4018-b855-4001e5153488,2023,15
aa9261ff-b48e-4018-b855-4001e5153488,2024,0
aa9dc4df-9d8e-45dd-b6c0-f927312a0bca,2024,0
aaee8bcf-c75e-4209-865f-f579bcbf923f,2020,5
aaee8bcf-c75e-4209-865f-f579bcbf923f,2023,15
aaf2e548-d1e5-484f-87ca-a6a7b6e34c56,2021,0
aaf2e548-d1e5-484f-87ca-a6a7b6e34c56,2022,10
aaf2e548-d1e5-484f-87ca-a6a7b6e34c56,2023,5
ab10acaf-3ce1-4ded-af1f-0ddc93fc54a4,2024,0
ab6a6cc2-9158-4737-9494-7119fb9517d6,2023,40
ab6a6cc2-9158-4737-9494-7119fb9517d6,2024,5
ab87faa5-71fa-40d6-8388-6b2a34a7f93b,2023,5
abe17a5f-209f-4612-a8ba-52437eeecc43,2021,5
abe17a5f-209f-4612-a8ba-52437eeecc43,2022,10
abe17a5f-209f-4612-a8ba-52437eeecc43,2024,0
abf7f45a-43fd-484b-9f99-87551c1afa26,2023,25
abf7f45a-43fd-484b-9f99-87551c1afa26,2024,25
ac0741c8-75b0-406c-8d8b-1f53d8ee9b5a,2020,10
ac0741c8-75b0-406c-8d8b-1f53d8ee9b5a,2021,25
ac0741c8-75b0-406c-8d8b-1f53d8ee9b5a,2022,5
ac0741c8-75b0-406c-8d8b-1f53d8ee9b5a,2023,10
ac0741c8-75b0-406c-8d8b-1f53d8ee9b5a,2024,10
ac15d1fc-222b-4b50-ba5a-802d8bb364e6,2024,10
ac1e065f-79e9-4ccd-99e3-55a4241b4407,2022,0
ac7b0329-ada1-4890-839b-074faa5b0ed5,2021,0
ac7b0329-ada1-4890-839b-074faa5b0ed5,2022,0
ac7b0329-ada1-4890-839b-074faa5b0ed5,2023,15
ac88e55b-8aa3-4cff-8ec5-51a0989ad3e2,2020,55
ac88e55b-8aa3-4cff-8ec5-51a0989ad3e2,2021,115
ac88e55b-8aa3-4cff-8ec5-51a0989ad3e2,2022,10
ac88e55b-8aa3-4cff-8ec5-51a0989ad3e2,2023,0
ac88e55b-8aa3-4cff-8ec5-51a0989ad3e2,2024,5
acc13d98-fd2a-4d0a-9a90-521fb605ebc3,2020,75
ad357818-f158-4c6a-9602-6748c110f21d,2020,80
ad357818-f158-4c6a-9602-6748c110f21d,2023,15
ad357818-f158-4c6a-9602-6748c110f21d,2024,0
ad3b7f0c-6270-4691-9675-7fb19e67f851,2024,10
ad5ccb0f-d7e8-43bd-a157-be75de7529b2,2020,5
ad5ccb0f-d7e8-43bd-a157-be75de7529b2,2024,10
ad78f732-3c0b-4882-8e65-dae9496bd2ae,2023,10
ad78f732-3c0b-4882-8e65-dae9496bd2ae,2024,0
ad7a2f9e-6fc5-4c77-bbc5-131f0d196a6b,2024,0
ada9e862-0f90-4879-91ae-7d9a16eddf12,2020,0
ada9e862-0f90-4879-91ae-7d9a16eddf12,2024,0
ae1c49cb-ffbd-4be8-9eb4-1752c7678b23,2023,20
ae1c49cb-ffbd-4be8-9eb4-1752c7678b23,2024,350
ae39271c-2c4d-45f4-8d72-e6927ef1b42f,2021,5
ae39271c-2c4d-45f4-8d72-e6927ef1b42f,2022,0
ae6c87bc-4629-449c-890f-bf4872e192f4,2023,5
ae709d1a-d115-4d14-8c6c-3d56bbed6837,2023,5
ae709d1a-d115-4d14-8c6c-3d56bbed6837,2024,20
aec34c90-5a24-4d3c-8e30-13909352a3f6,2021,5
aec34c90-5a24-4d3c-8e30-13909352a3f6,2022,0
aec34c90-5a24-4d3c-8e30-13909352a3f6,2024,5
af05a8ce-e53c-41eb-8c73-7b7e35388f38,2020,350
af05a8ce-e53c-41eb-8c73-7b7e35388f38,2021,5
af218362-010c-499d-841a-b14190664c3b,2020,5
af218362-010c-499d-841a-b14190664c3b,2022,15
af218362-010c-499d-841a-b14190664c3b,2023,10
af347fcf-88ec-4fda-b181-43dfbefdf7e4,2023,5
af49533b-cb6a-4d2e-938c-e2348f915b2d,2023,10
af49533b-cb6a-4d2e-938c-e2348f915b2d,2024,5
afd4c07a-a99e-4970-b78f-78f54314d718,2023,0
affc468d-5b3e-4013-93e1-8097d30923d6,2023,5
affc468d-5b3e-4013-93e1-8097d30923d6,2024,0
b064e05d-cf7c-45d9-8098-33706184b8b2,2023,5
b079f153-9140-406c-a67b-d3e68bcd3b69,2023,20
b079f153-9140-406c-a67b-d3e68bcd3b69,2024,5
b0845b7d-9836-4e42-b079-22f6b2696fc5,2020,25
b0845b7d-9836-4e42-b079-22f6b2696fc5,2021,0
b0845b7d-9836-4e42-b079-22f6b2696fc5,2022,0
b0845b7d-9836-4e42-b079-22f6b2696fc5,2023,5
b0845b7d-9836-4e42-b079-22f6b2696fc5,2024,5
b09e0d09-9e6f-4646-a08f-ad9e314fa53a,2021,5
b09e0d09-9e6f-4646-a08f-ad9e314fa53a,2022,5
b0c04c16-17fb-4cbc-8df1-c8a419fe22f7,2023,0
b0c04c16-17fb-4cbc-8df1-c8a419fe22f7,2024,0
b0ca67bd-f41e-4cdc-8cdc-236a00121084,2022,5
b0ca67bd-f41e-4cdc-8cdc-236a00121084,2024,0
b0d71171-4cf5-47b0-875e-08861e62a642,2023,10
b18a2a6b-cec9-4bc4-bd32-ff3e1db1e73c,2021,0
b1d7dbf1-e0ca-4695-b0ca-77ee4b60502b,2021,0
b1d7dbf1-e0ca-4695-b0ca-77ee4b60502b,2022,0
b1d7dbf1-e0ca-4695-b0ca-77ee4b60502b,2023,20
b1dc549b-e215-453e-ba52-f127404f19c7,2020,60
b1f9f38e-2af0-494f-8602-94d695f779f9,2020,30
b1fe14d7-7331-4878-9ecb-29ee69e7891c,2024,0
b20eb355-dcd8-47d9-ac5d-fd68f30f5e62,2024,0
b24b1fcb-6093-4867-abc1-8390f127828b,2020,40
b2736b59-f600-44e1-98ba-9f5dcf558f96,2023,5
b2736b59-f600-44e1-98ba-9f5dcf558f96,2024,5
b2bd903e-9056-4d0a-86bc-96f8ec347546,2023,0
b2d5a0af-0fe4-4474-8b2a-96505a8af48d,2023,15
b2d5a0af-0fe4-4474-8b2a-96505a8af48d,2024,355
b2da6d89-6a61-4af3-aef4-eceda02b83e8,2023,10
b2e2499c-bf76-406e-ac20-d664b7b061d4,2024,10
b34a50f0-9e30-4dc5-aa61-528654d907ca,2023,5
b34a50f0-9e30-4dc5-aa61-528654d907ca,2024,335
b358a26e-5f57-4085-b1e8-ef030a2ae580,2021,25
b358a26e-5f57-4085-b1e8-ef030a2ae580,2022,10
b358a26e-5f57-4085-b1e8-ef030a2ae580,2023,20
b37497ba-83bc-41c5-b44f-8349bfab8f74,2022,5
b3962981-0dde-4fe1-a12c-bc5eaf8924c1,2023,5
b3a40ee5-42fe-4efc-ab1e-1a8d2bf5b937,2024,355
b3f4f02a-13ec-40fe-9e4a-a446d1afd043,2021,0
b3f4f02a-13ec-40fe-9e4a-a446d1afd043,2022,0
b3f4f02a-13ec-40fe-9e4a-a446d1afd043,2023,15
b3f4f02a-13ec-40fe-9e4a-a446d1afd043,2024,0
b3ff5317-725b-4022-a045-7271edeadb39,2024,0
b40d5ca5-4db3-4cad-9fc5-76784bab1d93,2024,5
b419b861-3460-4b86-96c0-c7ccae47d1a7,2023,10
b4205949-ff0c-45d0-b446-1b1a39d333c5,2023,10
b4205949-ff0c-45d0-b446-1b1a39d333c5,2024,15
b426f0d2-4057-4ca7-aa91-8daf4bbab74e,2023,15
b438c584-0208-4b1a-ba11-e4521c903111,2023,15
b441b618-6582-40d9-92bb-642e94bf9fbf,2024,0
b4431ae9-9495-449e-8b32-443935da1506,2024,0
b444df5a-56dd-4568-9873-7b2e35fd1432,2021,0
b444df5a-56dd-4568-9873-7b2e35fd1432,2022,5
b444df5a-56dd-4568-9873-7b2e35fd1432,2023,10
b52cb9a3-f145-4f4c-922a-327e74cb35eb,2020,95
b52e7222-b432-4d8b-9d38-72f5f945a7fd,2023,10
b548e343-60ff-4a38-b6fd-cb369020d0d5,2023,25
b548e343-60ff-4a38-b6fd-cb369020d0d5,2024,5
b5b9739d-22d9-42ac-825c-2523886271da,2023,10
b5e8106d-34af-4146-b0a4-0aa43f88200f,2021,0
b5fe020a-e551-4aa3-892c-07bb6bf195d8,2023,20
b5fe020a-e551-4aa3-892c-07bb6bf195d8,2024,10
b620e018-bdb7-4c92-9384-bb4e39117378,2021,5
b62a1cfc-c6c9-451b-8459-56a1e47a39b5,2023,0
b63cedcb-d07f-486e-8900-34d841d505bb,2021,0
b63cedcb-d07f-486e-8900-34d841d505bb,2024,5
b64544fb-b6c1-40ce-aba8-db2dda150486,2020,50
b64544fb-b6c1-40ce-aba8-db2dda150486,2024,15
b6537eba-267b-4776-a4d3-15aae8ea9409,2022,10
b6537eba-267b-4776-a4d3-15aae8ea9409,2023,5
b6537eba-267b-4776-a4d3-15aae8ea9409,2024,0
b660c704-8116-487b-bc74-f6322d6bc693,2024,5
b661b2ec-8175-48fe-97fe-a1d9fd9c136f,2023,0
b661b2ec-8175-48fe-97fe-a1d9fd9c136f,2024,0
b6675985-1261-46c5-9fcc-a09cca4aa2f2,2021,0
b6675985-1261-46c5-9fcc-a09cca4aa2f2,2024,0
b6893b40-4234-48a9-9e31-b4ad4a732fb3,2021,0
b6893b40-4234-48a9-9e31-b4ad4a732fb3,2022,5
b6893b40-4234-48a9-9e31-b4ad4a732fb3,2024,0
b68d6502-7511-4882-ba6c-a26dbc4a1290,2020,15
b69a70f7-eaea-41b7-8ba3-8ba07776b43d,2024,0
b6a5dec4-0222-4450-a187-38b39b1dab00,2023,15
b6c36188-b9e8-4107-8cc0-71f3a44bbe90,2023,0
b6d2af09-d71a-4572-97d4-be1c5d0f0d03,2021,0
b6d61bed-8161-4c53-bd0c-cd03841096a0,2020,0
b6d61bed-8161-4c53-bd0c-cd03841096a0,2021,5
b6d61bed-8161-4c53-bd0c-cd03841096a0,2022,40
b6d61bed-8161-4c53-bd0c-cd03841096a0,2024,0
b6e4271a-7b56-4b64-ba08-d154c43a5006,2020,0
b6e4271a-7b56-4b64-ba08-d154c43a5006,2024,0
b6e46abd-acbe-42ab-98a0-9ac0025cb816,2021,0
b6e46abd-acbe-42ab-98a0-9ac0025cb816,2022,0
b6e46abd-acbe-42ab-98a0-9ac0025cb816,2023,0
b6f697a9-37a4-44a9-99ab-d08143b89902,2021,0
b6f697a9-37a4-44a9-99ab-d08143b89902,2022,10
b6f697a9-37a4-44a9-99ab-d08143b89902,2024,0
b7382418-5670-4cd5-9d9a-d197ff632f8d,2023,15
b7382418-5670-4cd5-9d9a-d197ff632f8d,2024,5
b763cd32-5022-4241-830f-f715ef4517a2,2021,360
b763cd32-5022-4241-830f-f715ef4517a2,2022,10
b773b488-f53a-454a-ae0e-fdc63f93176d,2024,5
b784c79a-1d76-4315-8262-f99e1f712502,2023,5
b7957cde-440e-42e4-846d-f097542a4e03,2023,15
b7957cde-440e-42e4-846d-f097542a4e03,2024,10
b79cf765-592c-4ad8-a9ba-e2994f5b0ade,2021,5
b79cf765-592c-4ad8-a9ba-e2994f5b0ade,2022,10
b79cf765-592c-4ad8-a9ba-e2994f5b0ade,2024,0
b7ae9aea-59eb-4e0b-986b-4bfa7c7ae062,2020,0
b7ae9aea-59eb-4e0b-986b-4bfa7c7ae062,2021,360
b7c0f8f7-d1f1-4b8f-b0f1-b72821733bf5,2020,290
b7c0f8f7-d1f1-4b8f-b0f1-b72821733bf5,2021,355
b7c0f8f7-d1f1-4b8f-b0f1-b72821733bf5,2022,10
b80d6fb7-332e-470f-af7f-f6dc134db210,2024,0
b80ee81f-e5d3-45a1-a1bc-3b103ca6bef7,2023,0
b80ee81f-e5d3-45a1-a1bc-3b103ca6bef7,2024,20
b87c37ce-d841-4d0a-a4d9-1ac3f74e302e,2021,5
b87fa0d5-550e-4e9c-bd61-ae8dea9d1e77,2020,350
b87fa0d5-550e-4e9c-bd61-ae8dea9d1e77,2022,50
b87fa0d5-550e-4e9c-bd61-ae8dea9d1e77,2023,245
b89a8dd9-c5bd-44b2-a659-6d13eb5e68ae,2024,5
b89b924e-7654-4067-af05-1d1f23e64ae0,2021,0
b8a75784-2b2d-4a2b-bf7d-25676e82ad5a,2021,0
b8a75784-2b2d-4a2b-bf7d-25676e82ad5a,2023,0
b8a75784-2b2d-4a2b-bf7d-25676e82ad5a,2024,0
b8c50f51-7b97-459d-8b94-aa91bf424a11,2023,10
b8c50f51-7b97-459d-8b94-aa91bf424a11,2024,0
b8cb2ead-03cc-4c15-8257-d9fa94231c79,2020,310
b8cb2ead-03cc-4c15-8257-d9fa94231c79,2021,120
b8cb2ead-03cc-4c15-8257-d9fa94231c79,2022,0
b8cb2ead-03cc-4c15-8257-d9fa94231c79,2023,10
b8cb2ead-03cc-4c15-8257-d9fa94231c79,2024,335
b8f7dae8-6806-4f37-8b07-3eb4efa8fa6f,2020,85
b927ced6-fdf0-4d1f-b7c4-3f62155475a3,2024,5
b9328a42-2a4a-4824-932c-5f48d378464f,2021,5
b9328a42-2a4a-4824-932c-5f48d378464f,2022,0
b9328a42-2a4a-4824-932c-5f48d378464f,2023,10
b9328a42-2a4a-4824-932c-5f48d378464f,2024,0
b9cf823a-2976-41b9-a411-45aafbae5e97,2023,0
b9cf823a-2976-41b9-a411-45aafbae5e97,2024,355
b9d9d94f-354f-4df4-ad98-454f33481e6f,2023,5
b9d9d94f-354f-4df4-ad98-454f33481e6f,2024,0
ba09c5eb-1438-4fee-9515-ce243a80f47e,2021,0
ba09c5eb-1438-4fee-9515-ce243a80f47e,2022,0
ba09c5eb-1438-4fee-9515-ce243a80f47e,2023,25
ba09c5eb-1438-4fee-9515-ce243a80f47e,2024,15
ba0f39a3-ab35-4000-b411-72367cbf1be1,2024,5
ba17477c-5452-4bed-a3cd-de98f6767137,2020,5
ba17477c-5452-4bed-a3cd-de98f6767137,2023,10
ba17477c-5452-4bed-a3cd-de98f6767137,2024,355
ba3bc957-fc3b-40c3-a1cd-5dd4d62f557c,2020,20
ba6203b4-9309-4a5c-a4a8-071466352478,2024,0
ba760a8a-d65f-49ca-9dd8-9394fc34104f,2021,0
ba760a8a-d65f-49ca-9dd8-9394fc34104f,2022,0
ba760a8a-d65f-49ca-9dd8-9394fc34104f,2023,10
ba79354c-5de5-4385-9165-e32fad85eedc,2023,0
ba79354c-5de5-4385-9165-e32fad85eedc,2024,350
bb0377c6-d9e8-4c0f-b782-509431fab5d7,2021,0
bb0377c6-d9e8-4c0f-b782-509431fab5d7,2022,0
bb0377c6-d9e8-4c0f-b782-509431fab5d7,2023,5
bb0377c6-d9e8-4c0f-b782-509431fab5d7,2024,0
bb147221-038a-4c1c-bb82-cbd546c2be46,2020,0
bb147221-038a-4c1c-bb82-cbd546c2be46,2021,10
bb147221-038a-4c1c-bb82-cbd546c2be46,2023,0
bb147221-038a-4c1c-bb82-cbd546c2be46,2024,345
bb2d2a11-926a-4787-adf3-0b85e6910acd,2020,5
bb2d2a11-926a-4787-adf3-0b85e6910acd,2021,360
bb2d2a11-926a-4787-adf3-0b85e6910acd,2024,0
bb449386-57b8-4bc6-880f-b58b964e1914,2020,285
bb449386-57b8-4bc6-880f-b58b964e1914,2023,15
bb449386-57b8-4bc6-880f-b58b964e1914,2024,0
bb4c09bb-ab39-4ade-93af-66660f6259b8,2021,360
bb4c09bb-ab39-4ade-93af-66660f6259b8,2022,5
bb523844-cdd5-4304-ba71-c57a4615e50a,2024,5
bb748b66-c32f-4251-8325-a234a1d159b2,2020,5
bb748b66-c32f-4251-8325-a234a1d159b2,2022,5
bb748b66-c32f-4251-8325-a234a1d159b2,2023,210
bb942fda-79cc-4c59-a266-e67be5dc7d91,2021,5
bb942fda-79cc-4c59-a266-e67be5dc7d91,2022,5
bb942fda-79cc-4c59-a266-e67be5dc7d91,2023,60
bb942fda-79cc-4c59-a266-e67be5dc7d91,2024,355
bb97174f-d299-41cd-8a60-e80136abc063,2021,5
bb97174f-d299-41cd-8a60-e80136abc063,2022,10
bb97174f-d299-41cd-8a60-e80136abc063,2023,15
bb97174f-d299-41cd-8a60-e80136abc063,2024,360
bbe79e3c-33d8-4407-a740-2312074367c8,2023,0
bc1bef56-9645-4007-946f-317f15b91e30,2020,350
bc1bef56-9645-4007-946f-317f15b91e30,2021,360
bc1bef56-9645-4007-946f-317f15b91e30,2022,0
bc1bef56-9645-4007-946f-317f15b91e30,2024,0
bc1e4785-8912-4b43-8e39-945a9bff991a,2021,0
bc1e4785-8912-4b43-8e39-945a9bff991a,2022,10
bc1ffdd8-e300-4de3-901f-97f7c290a0ba,2021,0
bc1ffdd8-e300-4de3-901f-97f7c290a0ba,2022,10
bc1ffdd8-e300-4de3-901f-97f7c290a0ba,2023,10
bc1ffdd8-e300-4de3-901f-97f7c290a0ba,2024,0
bc2994ce-5e47-47e0-94bf-e5f5d1dd426e,2022,5
bc375da9-f77d-47f3-9fc2-03d6923fb995,2023,0
bc375da9-f77d-47f3-9fc2-03d6923fb995,2024,0
bc40d8a1-2d96-4c64-9cac-b676eeccfb00,2021,0
bc40d8a1-2d96-4c64-9cac-b676eeccfb00,2022,5
bc46d9d7-dcee-4e93-8561-2ad6eb8dc44b,2023,15
bc46d9d7-dcee-4e93-8561-2ad6eb8dc44b,2024,0
bc84a8ff-90f6-401d-bd59-43d22e474bba,2023,260
bc84a8ff-90f6-401d-bd59-43d22e474bba,2024,340
bc9c45ef-ba56-4387-9420-ad6e50dc0f33,2022,0
bc9c45ef-ba56-4387-9420-ad6e50dc0f33,2024,0
bc9ea9ff-976b-4350-9737-a08acdabeedf,2023,10
bcc06954-c665-478f-973c-7af822a12127,2023,10
bcf5c7c3-2cc9-4e9d-b219-3b56ff603728,2022,0
bd3f8ef8-9e0f-43e5-b521-f98c5419b6f9,2021,5
bd3f8ef8-9e0f-43e5-b521-f98c5419b6f9,2022,10
bd3f8ef8-9e0f-43e5-b521-f98c5419b6f9,2023,215
bd642659-3849-42dd-807d-f7bb21bc2f1a,2024,10
bd933ce6-ce1c-49f6-b0e6-70d3387f60d9,2023,0
bdc0f404-217c-41e8-b6fd-be18a3e552d7,2024,0
bdd235c2-7db6-43f5-8ed1-86ccd80dfb3a,2020,0
bdd235c2-7db6-43f5-8ed1-86ccd80dfb3a,2021,360
bdd235c2-7db6-43f5-8ed1-86ccd80dfb3a,2024,0
bdd2824f-5732-4df5-aadc-9d554958b364,2021,5
bdd2824f-5732-4df5-aadc-9d554958b364,2022,25
bdd653d3-c141-4e18-9b89-7dfb78b52005,2023,10
bde5189b-9f1b-4c82-8822-323ddcce6f44,2020,265
bdeb87d9-bca3-4ea4-a274-b97127c4fa36,2023,0
bdeb87d9-bca3-4ea4-a274-b97127c4fa36,2024,355
bdf9c6a8-6351-460b-90ed-59ffffee0e6c,2023,10
bdf9c6a8-6351-460b-90ed-59ffffee0e6c,2024,355
be1cacd0-4349-4d33-8169-e69f28f48b88,2020,20
be1cacd0-4349-4d33-8169-e69f28f48b88,2023,10
be276265-eb13-46d3-b386-0977a1affc6a,2024,10
be6306fa-4896-4b0f-adef-86f27e300b3c,2021,0
be6306fa-4896-4b0f-adef-86f27e300b3c,2022,15
beba74e5-2554-49be-9e02-c8dde50f166e,2023,5
beba74e5-2554-49be-9e02-c8dde50f166e,2024,360
bf185baa-14f3-4883-9bd7-b21a3414e001,2024,15
bf36078c-f22c-4d2a-bfa1-2f0024b1d878,2020,0
bf36078c-f22c-4d2a-bfa1-2f0024b1d878,2021,360
bf36078c-f22c-4d2a-bfa1-2f0024b1d878,2023,0
bf4e7934-b185-49c3-abd4-322fb8e1fb13,2022,0
bf4e7934-b185-49c3-abd4-322fb8e1fb13,2023,0
bf4e7934-b185-49c3-abd4-322fb8e1fb13,2024,355
bf8253d7-8733-446a-aa46-77a552d933cf,2024,0
bf940689-a0ff-4090-9c16-09b0237671df,2022,10
bf940689-a0ff-4090-9c16-09b0237671df,2023,10
bf940689-a0ff-4090-9c16-09b0237671df,2024,5
bf962040-8fe8-4f64-a729-4c440e0861a8,2020,80
bfcac222-2f82-428f-9e3f-2a1356cb9e02,2024,0
bfcb2b76-cde0-4eb6-8610-8b36051e3602,2020,55
bfcb2b76-cde0-4eb6-8610-8b36051e3602,2022,275
bfcb2b76-cde0-4eb6-8610-8b36051e3602,2023,0
bfcb2b76-cde0-4eb6-8610-8b36051e3602,2024,0
c00283f2-6291-4020-a6aa-e55db935df2e,2021,0
c00283f2-6291-4020-a6aa-e55db935df2e,2022,10
c00283f2-6291-4020-a6aa-e55db935df2e,2024,10
c02c5dfe-b4f8-49f0-840a-3250c92f1bda,2023,20
c050da12-bb77-44e0-8237-42137842ad15,2023,0
c050da12-bb77-44e0-8237-42137842ad15,2024,35
c055603d-527e-42b5-a882-c59b59996aca,2024,0
c0b7939d-850f-4f19-920a-8e44fda10152,2021,0
c0b7939d-850f-4f19-920a-8e44fda10152,2023,0
c0b9ca2d-b403-4138-b91e-53f953ae799a,2023,15
c0b9ca2d-b403-4138-b91e-53f953ae799a,2024,355
c10deedd-87fa-4d73-9d5d-79696e7fee5f,2024,10
c14adae3-674f-4fd3-b78e-f177696674c0,2021,340
c14adae3-674f-4fd3-b78e-f177696674c0,2022,105
c14adae3-674f-4fd3-b78e-f177696674c0,2023,0
c14adae3-674f-4fd3-b78e-f177696674c0,2024,315
c15017b7-d7a2-4d3e-bdc0-42fc5b20d2ba,2020,10
c15017b7-d7a2-4d3e-bdc0-42fc5b20d2ba,2023,0
c1594efd-d360-4cd5-a60f-0a98b97ab391,2020,5
c1594efd-d360-4cd5-a60f-0a98b97ab391,2021,0
c1594efd-d360-4cd5-a60f-0a98b97ab391,2022,5
c1594efd-d360-4cd5-a60f-0a98b97ab391,2024,355
c15b6ff1-b29d-4e95-97bc-5a7e6935d968,2023,10
c15b6ff1-b29d-4e95-97bc-5a7e6935d968,2024,5
c1739293-d148-45f9-817b-6b100abd7408,2020,0
c1739293-d148-45f9-817b-6b100abd7408,2021,360
c1739293-d148-45f9-817b-6b100abd7408,2024,0
c1b42c99-b7c0-4fc9-bb5d-76611432616b,2023,25
c1b42c99-b7c0-4fc9-bb5d-76611432616b,2024,0
c1c50eb1-0b87-4050-a6d1-f10bd4c9608f,2021,0
c1c50eb1-0b87-4050-a6d1-f10bd4c9608f,2022,5
c1c50eb1-0b87-4050-a6d1-f10bd4c9608f,2023,15
c1c832ae-876c-4c0e-8760-640e9d7e60c2,2023,5
c1c88c9d-d96c-49f2-afbc-e7f585c61439,2023,10
c20c6743-66af-4ebb-a052-5cf450bb5896,2021,0
c20c6743-66af-4ebb-a052-5cf450bb5896,2022,10
c20c6743-66af-4ebb-a052-5cf450bb5896,2023,20
c20c6743-66af-4ebb-a052-5cf450bb5896,2024,5
c20cf0fa-8b22-4140-ae54-ceef854cb180,2021,20
c20cf0fa-8b22-4140-ae54-ceef854cb180,2022,0
c20cf0fa-8b22-4140-ae54-ceef854cb180,2023,5
c20cf0fa-8b22-4140-ae54-ceef854cb180,2024,0
c22f7f1b-f372-4866-a428-6860bccc5879,2020,0
c22f7f1b-f372-4866-a428-6860bccc5879,2021,190
c22f7f1b-f372-4866-a428-6860bccc5879,2022,5
c22f7f1b-f372-4866-a428-6860bccc5879,2023,0
c22f7f1b-f372-4866-a428-6860bccc5879,2024,20
c2c4cbf4-51b5-4be4-871e-bb9f521cb627,2020,0
c37c4465-3a21-40e4-83b0-71dd15cdbf64,2023,10
c37c4465-3a21-40e4-83b0-71dd15cdbf64,2024,350
c38088a0-b910-46a9-ada0-233f73dd370f,2024,0
c3c5d2f5-d59d-4e38-8f2b-92a6659c939a,2021,0
c3c5d2f5-d59d-4e38-8f2b-92a6659c939a,2022,25
c3c5d2f5-d59d-4e38-8f2b-92a6659c939a,2024,350
c3d1e886-192f-4469-abad-dac0f2c0a82e,2020,75
c3d1e886-192f-4469-abad-dac0f2c0a82e,2022,25
c3d1e886-192f-4469-abad-dac0f2c0a82e,2023,350
c3d54193-2106-4b81-ae2e-9ccc0d57db99,2023,20
c3d54193-2106-4b81-ae2e-9ccc0d57db99,2024,355
c3e1f204-8f43-400e-b596-a63e80a2b930,2023,25
c3e1f204-8f43-400e-b596-a63e80a2b930,2024,10
c3e8c6d3-0958-4489-8ecb-b148713b5d84,2024,0
c41f4025-948e-4c15-8140-8681edf4b29f,2024,0
c46fe588-2abf-415d-8802-b889ad1ac9fd,2023,0
c46fe588-2abf-415d-8802-b889ad1ac9fd,2024,0
c47db7c9-cba3-4231-b686-2566968709cd,2023,0
c49a5426-6239-4d77-a38b-be165587a992,2021,5
c49a5426-6239-4d77-a38b-be165587a992,2022,0
c49a5426-6239-4d77-a38b-be165587a992,2023,20
c49a5426-6239-4d77-a38b-be165587a992,2024,0
c4bef947-e6a4-400b-9ab7-fc4efbe86443,2020,275
c4bef947-e6a4-400b-9ab7-fc4efbe86443,2021,20
c4bef947-e6a4-400b-9ab7-fc4efbe86443,2023,0
c4bef947-e6a4-400b-9ab7-fc4efbe86443,2024,20
c4c6f829-b09e-441d-ba55-9b867f352167,2021,0
c4c6f829-b09e-441d-ba55-9b867f352167,2022,0
c4c6f829-b09e-441d-ba55-9b867f352167,2023,20
c4da2018-ec47-4d56-ad54-ca6c08e0c1b0,2023,20
c4de903f-807f-4cda-9c7f-2c9684e89292,2021,5
c4de903f-807f-4cda-9c7f-2c9684e89292,2022,100
c4de903f-807f-4cda-9c7f-2c9684e89292,2024,295
c4e2736b-8fde-44b3-8a94-818e765b9543,2021,5
c4e2736b-8fde-44b3-8a94-818e765b9543,2022,5
c4e2736b-8fde-44b3-8a94-818e765b9543,2023,50
c4e2736b-8fde-44b3-8a94-818e765b9543,2024,355
c576d1a7-d97d-4003-996c-43eae6111bcb,2021,5
c576d1a7-d97d-4003-996c-43eae6111bcb,2024,0
c57d27ac-5929-45ca-99f9-67570889afde,2020,25
c57d27ac-5929-45ca-99f9-67570889afde,2021,305
c57d27ac-5929-45ca-99f9-67570889afde,2022,100
c5a84094-4b14-4a48-8c95-9f06b9c8ffce,2023,0
c5cb6816-e990-4c73-904a-5cca40101375,2023,10
c5cb6816-e990-4c73-904a-5cca40101375,2024,0
c5ceb38b-3e1b-4380-865d-3698f5baa843,2023,0
c5e3b512-7ad7-41cd-83c2-75b13914e7cb,2024,0
c61cee62-9161-4790-a174-5645d6e1c545,2021,0
c61cee62-9161-4790-a174-5645d6e1c545,2022,0
c61cee62-9161-4790-a174-5645d6e1c545,2024,0
c634cc63-7cf3-4496-a318-60fb64cae8f9,2023,20
c63a68cb-2544-42e1-af4e-c7bdd9578797,2021,0
c6764fe8-a664-4457-b7cf-e92947cf0afe,2024,0
c6a5f5dd-3118-4e06-b67b-4dd5189051d1,2020,45
c6a5f5dd-3118-4e06-b67b-4dd5189051d1,2021,20
c6a5f5dd-3118-4e06-b67b-4dd5189051d1,2023,0
c6ed4fab-c749-475c-b873-f4cd18ce0cce,2024,5
c6f2ef24-946c-42f4-91a7-b390710fd25a,2024,0
c75e627a-1862-4bab-81f3-d98377cbf250,2020,5
c75e627a-1862-4bab-81f3-d98377cbf250,2021,360
c75e627a-1862-4bab-81f3-d98377cbf250,2022,0
c75e627a-1862-4bab-81f3-d98377cbf250,2023,20
c75e627a-1862-4bab-81f3-d98377cbf250,2024,355
c7a8f3f2-7fdf-45a7-a90e-4fb61d8573ba,2020,10
c7a8f3f2-7fdf-45a7-a90e-4fb61d8573ba,2021,5
c7a8f3f2-7fdf-45a7-a90e-4fb61d8573ba,2022,10
c7a8f3f2-7fdf-45a7-a90e-4fb61d8573ba,2023,15
c7a8f3f2-7fdf-45a7-a90e-4fb61d8573ba,2024,0
c7f97b4b-2d22-43bd-8174-9aa0528ec5af,2022,10
c82ba1d1-c9fd-4504-9ec4-27958439f26d,2021,5
c82ba1d1-c9fd-4504-9ec4-27958439f26d,2022,0
c82ba1d1-c9fd-4504-9ec4-27958439f26d,2023,110
c82ba1d1-c9fd-4504-9ec4-27958439f26d,2024,5
c84262a7-2b72-4352-9a0b-14db50a5a31d,2020,40
c84262a7-2b72-4352-9a0b-14db50a5a31d,2021,0
c84262a7-2b72-4352-9a0b-14db50a5a31d,2023,5
c84262a7-2b72-4352-9a0b-14db50a5a31d,2024,350
c8551d85-0b85-43e4-9c3e-8108d0ffea89,2020,5
c8551d85-0b85-43e4-9c3e-8108d0ffea89,2021,360
c8551d85-0b85-43e4-9c3e-8108d0ffea89,2022,0
c85be51c-b720-439f-ab72-fa16f9a9ce48,2023,15
c89653dc-606b-4e8f-bb7e-0c7ef491e7f5,2020,0
c89653dc-606b-4e8f-bb7e-0c7ef491e7f5,2021,5
c89653dc-606b-4e8f-bb7e-0c7ef491e7f5,2023,30
c89653dc-606b-4e8f-bb7e-0c7ef491e7f5,2024,15
c8b77c60-e644-46c9-b251-19750d9e7296,2021,0
c8b77c60-e644-46c9-b251-19750d9e7296,2022,0
c8c3a844-7dc0-40ac-8f10-92bfadf8a3bc,2021,0
c8c3a844-7dc0-40ac-8f10-92bfadf8a3bc,2022,5
c8e815f1-f124-4720-b24f-3423fa89a248,2023,15
c90214a2-8b6e-4907-a604-cc237c366e47,2023,15
c90214a2-8b6e-4907-a604-cc237c366e47,2024,0
c923a1ab-0117-4293-bf55-7430f1318c22,2024,0
c92a73f3-c1ac-4cf7-a191-b4f526b13454,2021,5
c92a73f3-c1ac-4cf7-a191-b4f526b13454,2022,5
c92a73f3-c1ac-4cf7-a191-b4f526b13454,2023,0
c92a73f3-c1ac-4cf7-a191-b4f526b13454,2024,355
c9323703-8acf-4c82-9a5b-c43a1bfb2466,2024,0
c94b8775-5456-4d6f-9ec4-266cd3c829ab,2020,250
c94b8775-5456-4d6f-9ec4-266cd3c829ab,2021,125
c94b8775-5456-4d6f-9ec4-266cd3c829ab,2022,15
c94b8775-5456-4d6f-9ec4-266cd3c829ab,2023,0
c94b8775-5456-4d6f-9ec4-266cd3c829ab,2024,0
c95769fe-addc-46f3-84d3-b4ce1b679aa1,2020,0
c95769fe-addc-46f3-84d3-b4ce1b679aa1,2023,120
c9a0f189-f076-40da-b919-efa67b1cfda0,2023,10
c9b2e721-0844-4130-9345-1d0760f6b472,2024,5
c9bd1e47-dfbc-4f13-8285-2599812df14f,2021,0
c9bd1e47-dfbc-4f13-8285-2599812df14f,2022,15
c9bd1e47-dfbc-4f13-8285-2599812df14f,2024,5
c9c0b0e5-09e5-413e-b5f9-40b4c79968d2,2023,20
c9c4208c-fcc5-4b87-aef8-79e1b2434e5b,2020,65
c9c4208c-fcc5-4b87-aef8-79e1b2434e5b,2021,0
c9c4208c-fcc5-4b87-aef8-79e1b2434e5b,2022,5
c9c4208c-fcc5-4b87-aef8-79e1b2434e5b,2023,20
c9c4208c-fcc5-4b87-aef8-79e1b2434e5b,2024,20
c9d15378-745c-4bf8-960d-3a86f40d0c90,2024,5
c9f0f51d-e4c3-458c-9745-4642431128ed,2023,5
c9f0f51d-e4c3-458c-9745-4642431128ed,2024,335
ca2867d6-0357-463a-ab87-f5dc3520d37a,2023,0
ca2867d6-0357-463a-ab87-f5dc3520d37a,2024,360
ca3ae165-604c-428a-b6e4-824dbbd6b523,2021,5
ca3ae165-604c-428a-b6e4-824dbbd6b523,2022,5
ca3ae165-604c-428a-b6e4-824dbbd6b523,2023,10
ca438bc7-9887-449d-be99-6be41e6c8acd,2023,5
ca45288c-5328-4e2a-82ae-2fffe1f2c812,2023,0
ca89d4e0-9601-47ed-a781-2a0ecaec7c87,2021,0
ca89d4e0-9601-47ed-a781-2a0ecaec7c87,2023,20
ca89d4e0-9601-47ed-a781-2a0ecaec7c87,2024,0
cac8e424-aafd-40cf-94ea-38cc233008e2,2021,0
cac8e424-aafd-40cf-94ea-38cc233008e2,2022,10
cac8e424-aafd-40cf-94ea-38cc233008e2,2023,10
cac8e424-aafd-40cf-94ea-38cc233008e2,2024,15
cae78f73-1f6c-49d7-8f2d-f26bf66d5b4e,2020,155
cae78f73-1f6c-49d7-8f2d-f26bf66d5b4e,2021,360
cae78f73-1f6c-49d7-8f2d-f26bf66d5b4e,2022,60
cae78f73-1f6c-49d7-8f2d-f26bf66d5b4e,2023,330
cae78f73-1f6c-49d7-8f2d-f26bf66d5b4e,2024,360
caf3a7e3-77ad-46ef-9082-0dc91af1ecfc,2021,0
caf3a7e3-77ad-46ef-9082-0dc91af1ecfc,2022,10
cb1f0edc-b268-45f1-99ac-3acd0e9e8963,2024,5
cb4cbb7c-4ac6-477b-92bb-12f1636f0c14,2024,335
cb4f47bd-00de-4966-ac53-d402479c43e2,2021,0
cb4f47bd-00de-4966-ac53-d402479c43e2,2022,0
cb4f47bd-00de-4966-ac53-d402479c43e2,2023,10
cb6c75b0-ed16-483c-b4cf-065e56fc7043,2023,5
cb737338-350e-45cb-b0a2-5795f36720c4,2023,0
cb88cbc9-d589-4841-9a71-f7420ac83187,2024,0
cb950314-7a50-497a-bb92-3e0232dd3c82,2024,0
cbace3e5-da68-4ffc-a504-ff3715dcdddc,2021,25
cbace3e5-da68-4ffc-a504-ff3715dcdddc,2023,15
cbace3e5-da68-4ffc-a504-ff3715dcdddc,2024,0
cbdc802a-06e3-4aca-b72f-da66b89edf2f,2021,0
cbdc802a-06e3-4aca-b72f-da66b89edf2f,2022,0
cbdc802a-06e3-4aca-b72f-da66b89edf2f,2023,20
cbdc802a-06e3-4aca-b72f-da66b89edf2f,2024,5
cc09cc7a-da2b-4f1c-a3c6-918d243cb909,2021,0
cc09cc7a-da2b-4f1c-a3c6-918d243cb909,2022,10
cc09cc7a-da2b-4f1c-a3c6-918d243cb909,2024,0
cc30cd87-b164-492e-b211-f1c22b7a92c7,2024,0
cc504b26-d0b7-47d7-9662-51969e73b81f,2021,0
cc504b26-d0b7-47d7-9662-51969e73b81f,2022,0
cc504b26-d0b7-47d7-9662-51969e73b81f,2023,0
cc5843c6-e277-4c3b-bd04-ef411437e59b,2023,15
cc5b5560-ac59-4bbd-b627-1eccb54dc32a,2021,5
cc5b5560-ac59-4bbd-b627-1eccb54dc32a,2023,15
cc9ba30e-d3bb-488b-a962-e4419757e0c5,2023,10
cd194342-a8ac-42a1-81e2-66ac15398fa6,2023,0
cd194342-a8ac-42a1-81e2-66ac15398fa6,2024,0
cd36968e-6b5a-458d-8f55-3fecd6837476,2024,0
cd4a7079-1b48-482e-9edb-05a8c89adf99,2021,5
cd69a655-4901-4d37-be0a-167b6baec9f9,2023,10
cd69a655-4901-4d37-be0a-167b6baec9f9,2024,0
cd6bd37c-3fb1-4d61-afdc-c0ca6dd5bf7f,2024,0
cd8877f7-f9ae-41c1-8a50-b4e0028c7a8a,2020,50
cd989c13-e188-4673-af82-d2a32a1fb204,2020,20
cd989c13-e188-4673-af82-d2a32a1fb204,2024,335
cda00ccf-bca1-41c6-849b-1b60fc0feb05,2024,10
cdef102d-fb4e-4f21-9815-5d12f0c93ef8,2020,30
cdf83332-6402-461b-b237-166c60861c20,2024,5
ce00ea0f-1b2a-42aa-8b0e-56407d7513b6,2020,80
ce00ea0f-1b2a-42aa-8b0e-56407d7513b6,2021,0
ce00ea0f-1b2a-42aa-8b0e-56407d7513b6,2022,95
ce00ea0f-1b2a-42aa-8b0e-56407d7513b6,2024,265
ce0195cf-c051-4ac3-a6f3-d617cd4d89d0,2023,0
ce4d832e-3b5d-43cb-99ed-a626587f8450,2022,0
ce96f9a4-3487-4bfc-9962-ec22ac82cd62,2021,10
ce96f9a4-3487-4bfc-9962-ec22ac82cd62,2024,10
ce9f070b-3e53-4c3c-99cf-8c652425f874,2020,10
ce9f070b-3e53-4c3c-99cf-8c652425f874,2023,20
cec157de-1ced-42ce-bc87-4e0baaeb7e5c,2024,10
cec3110e-09e4-4ab7-8349-16eb99759e88,2023,20
cec3110e-09e4-4ab7-8349-16eb99759e88,2024,255
cf2f7bbe-e9bf-4c93-b46a-36d196376e17,2024,5
cf4271ec-feab-4f29-bd9d-eb389d4a4a07,2024,0
cf463e14-d12e-4082-9b47-a9f63aa921f0,2024,0
cf54c52a-2066-45ea-8561-328d07f7f886,2024,5
cf70230e-b14c-48ea-93d8-f0bd387201e4,2022,5
cf9d31ab-7d80-4922-9d24-4e542c53d251,2024,0
cf9ef103-5248-4b68-ac4b-227d385399b1,2024,0
cfb32646-2954-40c3-9359-fb134e8c76cd,2024,5
cfbe5e77-0d9d-4b49-8a87-39b77f5ac92d,2020,5
cfbe5e77-0d9d-4b49-8a87-39b77f5ac92d,2021,360
cfbe5e77-0d9d-4b49-8a87-39b77f5ac92d,2022,40
cfbe5e77-0d9d-4b49-8a87-39b77f5ac92d,2023,50
cfbe5e77-0d9d-4b49-8a87-39b77f5ac92d,2024,355
cfd102a9-1424-4885-bb4a-d9d2cfa7b4a7,2022,0
cff2edba-d6f7-4caa-8945-2f27bec53e13,2024,0
cff92aa4-ae15-441e-bb0b-ef56358a0802,2024,5
d0271620-6ae5-460c-97da-b95220c4fd1e,2021,15
d0271620-6ae5-460c-97da-b95220c4fd1e,2023,15
d0300dec-9a76-4889-9911-3cdf30181e32,2020,0
d0300dec-9a76-4889-9911-3cdf30181e32,2021,0
d0300dec-9a76-4889-9911-3cdf30181e32,2022,10
d0300dec-9a76-4889-9911-3cdf30181e32,2023,5
d0300dec-9a76-4889-9911-3cdf30181e32,2024,355
d043c92a-cab4-498c-b7a5-491ab95a056c,2022,10
d04e0c95-1966-4ddf-a1d7-71d101d23892,2020,0
d04e0c95-1966-4ddf-a1d7-71d101d23892,2021,0
d04e0c95-1966-4ddf-a1d7-71d101d23892,2023,0
d06ec726-35fc-4e36-99f1-7d88fa69a1b1,2021,5
d06ec726-35fc-4e36-99f1-7d88fa69a1b1,2022,5
d06ec726-35fc-4e36-99f1-7d88fa69a1b1,2023,35
d06ec726-35fc-4e36-99f1-7d88fa69a1b1,2024,40
d0783726-1c79-428e-9cc9-f6ffc56c9b43,2023,15
d07f4816-0511-4f47-9021-a04f1756de9a,2023,10
d07f4816-0511-4f47-9021-a04f1756de9a,2024,0
d09937c2-5289-40f6-80b6-453fe093888f,2024,5
d09a620c-7c2d-4a90-a7b2-e9f8e8826f07,2024,0
d0b87480-14f9-4fcf-9985-17e914ede251,2023,10
d0e8ff51-5a69-407d-a7aa-8ac7ba6c345b,2023,15
d0e8ff51-5a69-407d-a7aa-8ac7ba6c345b,2024,15
d1020526-f203-4df1-89ff-7767b0ee8788,2021,0
d1020526-f203-4df1-89ff-7767b0ee8788,2022,5
d1020526-f203-4df1-89ff-7767b0ee8788,2023,10
d1020526-f203-4df1-89ff-7767b0ee8788,2024,5
d10711e1-e575-439c-8fdf-d2ccf9af9417,2021,0
d10711e1-e575-439c-8fdf-d2ccf9af9417,2022,5
d10711e1-e575-439c-8fdf-d2ccf9af9417,2023,20
d10711e1-e575-439c-8fdf-d2ccf9af9417,2024,355
d113eb33-6788-440a-82e8-d4a1eff871c3,2024,0
d12e17a4-a388-4da7-9131-767c10cfb85e,2023,20
d1538eb1-70e0-432e-af55-54d589ee3d2e,2021,0
d1538eb1-70e0-432e-af55-54d589ee3d2e,2022,5
d1538eb1-70e0-432e-af55-54d589ee3d2e,2023,20
d178f1e8-0be4-4896-92e1-c614569dbda1,2022,0
d1cff1a5-1bfb-4802-b874-ab790773b450,2023,230
d1cff1a5-1bfb-4802-b874-ab790773b450,2024,10
d1d1dd52-b78e-4ca8-8af0-82020840564e,2024,0
d1d2a21b-d147-4e7d-88d8-e3b66c3129fd,2021,0
d1d2a21b-d147-4e7d-88d8-e3b66c3129fd,2022,25
d1d2a21b-d147-4e7d-88d8-e3b66c3129fd,2023,5
d1d2a21b-d147-4e7d-88d8-e3b66c3129fd,2024,355
d1df9e23-5633-4f89-8bba-8ffd800fa66e,2021,10
d1df9e23-5633-4f89-8bba-8ffd800fa66e,2022,0
d1ee7dac-6f12-4583-8935-c0d195b59ebe,2022,0
d22b4c25-9da6-4297-a200-04e406265d49,2023,0
d25d2c52-25d1-465a-9668-fc9f0f4dd0d0,2020,5
d25d2c52-25d1-465a-9668-fc9f0f4dd0d0,2021,60
d25d2c52-25d1-465a-9668-fc9f0f4dd0d0,2024,0
d2604e7d-fb03-4af5-951e-c5506f76cfb8,2023,15
d26d5d58-412a-41de-b752-a5c7620e3dd7,2021,5
d26d5d58-412a-41de-b752-a5c7620e3dd7,2022,355
d2a93140-f432-480e-ba66-4282200ab210,2024,0
d2ee896a-f467-4604-afe0-71b4602bc68c,2021,0
d2ee896a-f467-4604-afe0-71b4602bc68c,2022,5
d2ee896a-f467-4604-afe0-71b4602bc68c,2024,340
d322b441-8cee-489e-bfd9-78d76319d308,2021,280
d322b441-8cee-489e-bfd9-78d76319d308,2024,0
d34e6856-6145-49d2-b4b0-8e59896114f1,2020,40
d34e6856-6145-49d2-b4b0-8e59896114f1,2022,5
d34e6856-6145-49d2-b4b0-8e59896114f1,2023,5
d3500d7f-8d7e-45da-9902-dd9ae7a1c0df,2024,0
d41ae695-ce04-4fed-93d6-abd4968d58d8,2023,10
d41ae695-ce04-4fed-93d6-abd4968d58d8,2024,0
d430637e-c6db-4cd5-863b-ef402271ecbb,2023,10
d430637e-c6db-4cd5-863b-ef402271ecbb,2024,0
d433ac31-0f01-444a-a03b-5f4d83371aa6,2022,0
d433ac31-0f01-444a-a03b-5f4d83371aa6,2023,15
d46697d9-5fe1-4676-a12b-e41b4fbc6217,2021,0
d46697d9-5fe1-4676-a12b-e41b4fbc6217,2024,0
d4732833-eacd-4042-96e7-72849df014dc,2024,0
d4ae6cb5-a35c-4b71-96c0-a9c38202ef68,2024,20
d4aff595-6e23-4612-8d8f-e6eb31d33749,2020,50
d4aff595-6e23-4612-8d8f-e6eb31d33749,2023,5
d4aff595-6e23-4612-8d8f-e6eb31d33749,2024,355
d4b0e4a0-6b02-4423-8cd8-a6d27be199cc,2021,5
d4b0e4a0-6b02-4423-8cd8-a6d27be199cc,2022,0
d4b0e4a0-6b02-4423-8cd8-a6d27be199cc,2024,5
d4d1ca94-2911-4266-9aec-1ee342dee00f,2024,10
d4de3d26-8b08-498a-b564-432985295141,2023,5
d4de3d26-8b08-498a-b564-432985295141,2024,355
d4f6a2cd-64da-4c65-8221-4d7b11a127d9,2024,0
d4f74be9-42d3-459a-a202-8802080569c4,2021,315
d4f74be9-42d3-459a-a202-8802080569c4,2024,50
d568c074-ceb7-42d6-bb49-1d2d9bb9609d,2023,0
d586c638-b9fa-480a-9591-5eff80caeb26,2020,80
d586c638-b9fa-480a-9591-5eff80caeb26,2024,0
d598f668-04d8-4dbc-9300-2f0dab4e63e2,2024,0
d59aef92-8425-437b-a80e-001fb784f14b,2021,0
d59aef92-8425-437b-a80e-001fb784f14b,2022,0
d59aef92-8425-437b-a80e-001fb784f14b,2024,5
d600b884-1560-4ea3-9a8f-31c27714172f,2021,10
d600b884-1560-4ea3-9a8f-31c27714172f,2022,10
d6210b52-6745-4f3f-95f7-a95adae97995,2024,5
d6691717-0e5d-42e2-ad8a-9053080ebd06,2023,20
d68af5af-64f5-4b9c-b840-809a8d5a0e97,2020,0
d68af5af-64f5-4b9c-b840-809a8d5a0e97,2022,0
d68af5af-64f5-4b9c-b840-809a8d5a0e97,2023,0
d6a6be86-fd5e-4c35-9c7a-cf64a7733138,2023,20
d6a6be86-fd5e-4c35-9c7a-cf64a7733138,2024,15
d6ba5903-d732-4cdd-b874-f1cdcd6326b1,2024,5
d6cacc63-e115-46b4-9c18-32ed464ce647,2021,0
d6cacc63-e115-46b4-9c18-32ed464ce647,2022,5
d708438b-a05f-46ba-8e81-fa21f3494414,2020,35
d708438b-a05f-46ba-8e81-fa21f3494414,2021,0
d708438b-a05f-46ba-8e81-fa21f3494414,2022,5
d708438b-a05f-46ba-8e81-fa21f3494414,2024,10
d7099a85-f6c1-4205-8e43-b12aba578469,2020,25
d7099a85-f6c1-4205-8e43-b12aba578469,2022,10
d7099a85-f6c1-4205-8e43-b12aba578469,2023,5
d7099a85-f6c1-4205-8e43-b12aba578469,2024,30
d7315bfe-1f2e-43d5-a331-eeece813409a,2023,5
d74da239-cf0d-46cb-80e7-dfa122470616,2021,0
d74da239-cf0d-46cb-80e7-dfa122470616,2023,20
d74da239-cf0d-46cb-80e7-dfa122470616,2024,5
d75f2228-df83-4711-b4b3-fe7b75e4a687,2021,10
d7d72981-3ad3-4918-a69d-74efea151e08,2023,10
d841b444-4cc8-48b3-9e23-a0246b7beeb7,2024,5
d8477f52-6536-4b69-9720-9d79faeda443,2023,50
d84f920b-3c9c-482e-9fc6-676f8350c94e,2021,5
d84f920b-3c9c-482e-9fc6-676f8350c94e,2022,5
d84f920b-3c9c-482e-9fc6-676f8350c94e,2023,0
d8552da2-b02c-4ff4-b230-8e315c5f8208,2023,10
d8552da2-b02c-4ff4-b230-8e315c5f8208,2024,355
d855dfd7-26e7-43ab-aff8-a9c4c5bd4f0b,2020,30
d855dfd7-26e7-43ab-aff8-a9c4c5bd4f0b,2023,0
d855dfd7-26e7-43ab-aff8-a9c4c5bd4f0b,2024,0
d87b2356-25bb-4598-bb0a-8996579401b0,2022,5
d87b2356-25bb-4598-bb0a-8996579401b0,2024,0
d892f377-91a6-4947-9701-1df4db2dedeb,2023,10
d892f377-91a6-4947-9701-1df4db2dedeb,2024,0
d8afbe1b-d08a-45c7-80ed-7c5a9d56517b,2023,15
d8afbe1b-d08a-45c7-80ed-7c5a9d56517b,2024,350
d8b6a4ce-8083-44d3-9911-c5061e83b22b,2024,0
d8c5b8e3-25fa-4ca9-aabf-8994a773d45a,2024,0
d8c7c826-4efb-48bd-95f6-ea01e7395456,2022,10
d8c7c826-4efb-48bd-95f6-ea01e7395456,2023,0
d8c7c826-4efb-48bd-95f6-ea01e7395456,2024,340
d8d6dd43-a1fc-4646-8e57-b90b1e43a192,2023,20
d8d6dd43-a1fc-4646-8e57-b90b1e43a192,2024,0
d8dfed77-31fb-4bff-8c8e-7adc53a5bafe,2024,10
d8efad0d-0b27-4e4c-950b-6d25803162bd,2024,10
d90b3c26-c82b-4c0a-a0ff-55671c19bca9,2024,10
d933fc00-17b6-4e7f-99d7-e3e71f62a8cf,2021,5
d933fc00-17b6-4e7f-99d7-e3e71f62a8cf,2022,0
d95434a8-736d-4c23-9d20-5757527dcb65,2024,0
d95783f6-6e1d-44ed-99be-6cc763716dad,2023,5
d9815322-b870-4724-8f0e-0bfe942542ba,2022,10
d9815322-b870-4724-8f0e-0bfe942542ba,2023,0
d98bfc88-4b6b-4964-8b1c-ee2f8e033983,2024,5
d99ae098-2504-4b86-bf7d-77a91a89f020,2023,0
d99ae098-2504-4b86-bf7d-77a91a89f020,2024,0
d9d31126-bf43-4e46-b2ea-66cc3cbd4cfd,2020,0
d9d680a5-f75a-45a8-928d-75c4dbc18538,2021,5
d9d680a5-f75a-45a8-928d-75c4dbc18538,2022,0
d9d680a5-f75a-45a8-928d-75c4dbc18538,2024,0
da1c0aff-60aa-4eaf-b61b-ec8bebbc548c,2021,0
da1e61cb-5aaf-4a1e-9498-c1055f781ad2,2023,0
da951759-476a-4350-b642-c3528f3c7068,2023,5
da98458a-8fa5-4ef3-b9ff-5b616e0dd0a7,2020,0
daafc714-4ba8-4000-bfe6-f39c114a7be0,2023,0
dae78a2f-a851-4ea0-be32-290898197bef,2023,20
dae78a2f-a851-4ea0-be32-290898197bef,2024,0
daf910d1-75d6-41f2-b12e-cb6010a0e255,2024,0
db146b97-4db2-4467-9791-1faded88ac5c,2024,0
db2cc2f9-8c5e-4b5e-9663-728a571d8f2f,2024,0
db9e1f2d-848b-4b0f-be51-a1553a3f8d02,2024,0
dba925d0-5163-412c-b13b-24ae69efc95c,2023,5
dbca81d2-96ab-4cf4-b748-46d53059e884,2020,10
dbca81d2-96ab-4cf4-b748-46d53059e884,2022,30
dbca81d2-96ab-4cf4-b748-46d53059e884,2023,15
dbcbd79d-d2e9-4b9f-be1b-17167750a4ed,2023,10
dbd0c768-0025-4445-b44f-87c4e3ddcef9,2022,10
dbd0c768-0025-4445-b44f-87c4e3ddcef9,2024,10
dc28e704-d197-4575-91ed-bd7c6039e359,2023,15
dc487e05-3b49-4b47-9d1d-748f436eb18e,2023,0
dc530cfe-528c-4cc2-8d4f-04cb0508f9f9,2024,0
dc7187a2-87fb-4e73-84bf-65130f41a679,2022,0
dc983840-7ff5-4cdc-8e5f-71da9976054a,2024,10
dcba7e8a-48d8-47cd-9147-ca4f86532df1,2024,5
dd2894b6-c59b-4eac-ba4b-24a8516ece76,2024,15
dd87da42-3534-495d-b0e8-eee5ca09664d,2020,5
dd87da42-3534-495d-b0e8-eee5ca09664d,2021,360
dd87da42-3534-495d-b0e8-eee5ca09664d,2022,0
dd87da42-3534-495d-b0e8-eee5ca09664d,2023,50
dd87da42-3534-495d-b0e8-eee5ca09664d,2024,355
ddb93a25-7c7b-459c-8e30-36c6b642064b,2023,10
ddc5592d-aa01-491f-a5ae-01c89462b92e,2021,5
ddc5592d-aa01-491f-a5ae-01c89462b92e,2022,0
ddc5592d-aa01-491f-a5ae-01c89462b92e,2023,20
ddc5592d-aa01-491f-a5ae-01c89462b92e,2024,15
ddc5e14d-1330-4fd8-bc6e-f5d0d4a9a563,2020,95
ddc5e14d-1330-4fd8-bc6e-f5d0d4a9a563,2021,0
ddc5e14d-1330-4fd8-bc6e-f5d0d4a9a563,2022,25
ddc5e14d-1330-4fd8-bc6e-f5d0d4a9a563,2024,35
ddec583d-21e6-46a3-b833-bc99eae28d52,2022,5
ddec583d-21e6-46a3-b833-bc99eae28d52,2023,10
ddec583d-21e6-46a3-b833-bc99eae28d52,2024,20
dded8aca-a1c4-4ca3-82ce-5198705217d7,2022,0
dded8aca-a1c4-4ca3-82ce-5198705217d7,2024,0
ddf1c94b-9cc1-4212-8c22-ae8c80f71683,2022,0
ddf1c94b-9cc1-4212-8c22-ae8c80f71683,2024,0
ddf81914-a9a9-4b12-b13c-4b61e0d505ac,2020,355
ddf81914-a9a9-4b12-b13c-4b61e0d505ac,2021,115
ddf81914-a9a9-4b12-b13c-4b61e0d505ac,2022,0
ddf81914-a9a9-4b12-b13c-4b61e0d505ac,2023,0
ddf81914-a9a9-4b12-b13c-4b61e0d505ac,2024,0
de215983-8170-401b-a2e3-7c7da427b8d6,2021,10
de215983-8170-401b-a2e3-7c7da427b8d6,2022,0
de335352-0e53-45d2-9a22-d2356f6136f0,2022,20
de335352-0e53-45d2-9a22-d2356f6136f0,2023,10
de335352-0e53-45d2-9a22-d2356f6136f0,2024,0
de9619c7-2f4a-49b0-a00e-a48e6052ed94,2023,0
deba3945-d8f2-42ca-9c87-fd0e3c57fba9,2023,0
deba3945-d8f2-42ca-9c87-fd0e3c57fba9,2024,5
dec9b655-b520-4f17-ad7d-dfc534c003b0,2024,0
dece32d5-4b4d-4509-95ad-de21d436fa81,2021,0
dece32d5-4b4d-4509-95ad-de21d436fa81,2022,5
dece32d5-4b4d-4509-95ad-de21d436fa81,2023,55
dece32d5-4b4d-4509-95ad-de21d436fa81,2024,105
dee46551-a733-454b-9c46-bab87125a1cd,2022,0
dee46551-a733-454b-9c46-bab87125a1cd,2023,20
dee46551-a733-454b-9c46-bab87125a1cd,2024,0
dee65dc3-9eaa-486b-9a29-465ee70dd77e,2024,0
def3464f-dbd9-4d49-8068-901954454504,2024,0
df0d3769-1d17-4bc2-8384-10077a9f2ff8,2021,0
df0d3769-1d17-4bc2-8384-10077a9f2ff8,2022,0
df0d3769-1d17-4bc2-8384-10077a9f2ff8,2023,20
df0d3769-1d17-4bc2-8384-10077a9f2ff8,2024,0
df0df861-9a93-4e0e-96c5-c798b3f9bd9f,2023,25
df0df861-9a93-4e0e-96c5-c798b3f9bd9f,2024,115
df146108-ce63-4e47-afac-cac0a42c53ee,2021,5
df3b06e1-96ce-44ff-8ad7-98e7454336ed,2023,10
df3b06e1-96ce-44ff-8ad7-98e7454336ed,2024,0
df5af711-6244-4ceb-ae24-38e8f8738679,2024,0
df656cdf-e17b-4c01-a31f-99a961ce9727,2024,0
df829128-585a-4165-82d3-8a2b7b8690a0,2021,0
df829128-585a-4165-82d3-8a2b7b8690a0,2022,5
df960bb4-1356-4471-ab04-4c94fc4da703,2020,5
df960bb4-1356-4471-ab04-4c94fc4da703,2022,20
df960bb4-1356-4471-ab04-4c94fc4da703,2024,25
dfbdd183-1278-47aa-bf3b-cae50ba8f4e0,2024,0
dfc02cef-2d2c-4064-b20d-5d6f7fb93951,2023,0
dfc02cef-2d2c-4064-b20d-5d6f7fb93951,2024,0
dfd24f72-fd91-48c7-afc7-e8b049491ec0,2020,10
dfd24f72-fd91-48c7-afc7-e8b049491ec0,2022,5
dfd24f72-fd91-48c7-afc7-e8b049491ec0,2024,0
e01a03b4-fc45-4c99-a952-3656b31f0ff8,2020,10
e01a03b4-fc45-4c99-a952-3656b31f0ff8,2023,0
e02815a9-5abf-4219-92f9-066106fee1ec,2021,0
e02815a9-5abf-4219-92f9-066106fee1ec,2022,0
e02eee7e-a01b-495d-b082-933548a2611c,2021,5
e02eee7e-a01b-495d-b082-933548a2611c,2022,0
e02eee7e-a01b-495d-b082-933548a2611c,2023,20
e02eee7e-a01b-495d-b082-933548a2611c,2024,0
e06489f8-0324-4d79-949a-65da43162b3c,2023,10
e09942b2-9a26-41bb-b7c4-6fe75e82d986,2024,10
e0addc06-862b-44e5-b4bc-ce967ee15005,2022,5
e0b63e05-cade-443d-a5cd-77bd35290e6a,2023,0
e0b63e05-cade-443d-a5cd-77bd35290e6a,2024,5
e0bf7ba1-d546-4df8-a926-ff512eb0dd92,2023,10
e0c61c9b-1a4b-4c68-8dd7-1c21fd6a4092,2021,15
e0c61c9b-1a4b-4c68-8dd7-1c21fd6a4092,2023,0
e0df2e7a-82f5-4fe0-9597-ae3a517f791c,2023,25
e0df2e7a-82f5-4fe0-9597-ae3a517f791c,2024,350
e119dfa0-73f5-4dd9-b060-d884dc7e2484,2020,0
e119dfa0-73f5-4dd9-b060-d884dc7e2484,2022,15
e119dfa0-73f5-4dd9-b060-d884dc7e2484,2024,20
e1206afb-eb8c-4f32-a8b4-8231288112bf,2023,10
e1283777-702f-484b-8ea0-56553f82c855,2021,0
e1283777-702f-484b-8ea0-56553f82c855,2022,10
e1283777-702f-484b-8ea0-56553f82c855,2023,10
e1283777-702f-484b-8ea0-56553f82c855,2024,10
e1516493-f73a-4c32-ad6f-a3ac7e59acb5,2023,0
e15c62bb-43a0-4ddd-8a2c-b3cb6754d326,2024,0
e1af6a66-8618-4d63-b5a9-9db3b35aa521,2024,0
e1cb0029-a5aa-42ea-bd24-a921fdf40a66,2020,5
e1cb0029-a5aa-42ea-bd24-a921fdf40a66,2021,5
e1cb0029-a5aa-42ea-bd24-a921fdf40a66,2024,0
e1ed418e-bd70-453c-bd2c-b783392417cf,2021,0
e1f896de-127b-45fb-922c-e9729013644a,2020,40
e1f896de-127b-45fb-922c-e9729013644a,2023,5
e1f896de-127b-45fb-922c-e9729013644a,2024,0
e1fedc2f-fe3f-44d7-85ae-fb8e981ff9e8,2020,15
e24de864-4efa-4c41-9d07-f1b18258d314,2024,0
e25063de-6822-40d1-9362-b1feaca9524b,2023,20
e25063de-6822-40d1-9362-b1feaca9524b,2024,345
e2550d80-2ef1-4f5d-9188-be020eeba28e,2023,20
e2550d80-2ef1-4f5d-9188-be020eeba28e,2024,5
e284b591-4ec4-4f71-87dc-ba5cc4542986,2020,0
e284b591-4ec4-4f71-87dc-ba5cc4542986,2021,0
e284b591-4ec4-4f71-87dc-ba5cc4542986,2022,0
e284b591-4ec4-4f71-87dc-ba5cc4542986,2023,50
e2c4d0ad-24b6-4201-bafc-644da83d7b3e,2020,40
e2c4d0ad-24b6-4201-bafc-644da83d7b3e,2021,305
e2c4d0ad-24b6-4201-bafc-644da83d7b3e,2022,0
e2ccf69c-0abf-4342-8d11-2ce56e81e9de,2020,10
e2ccf69c-0abf-4342-8d11-2ce56e81e9de,2024,10
e2da5e8b-7385-40e1-8e98-c014906d4389,2024,5
e2e2c47e-9a35-4cd0-8d58-359f3b6d86ad,2021,0
e2e2c47e-9a35-4cd0-8d58-359f3b6d86ad,2023,15
e2e2c47e-9a35-4cd0-8d58-359f3b6d86ad,2024,355
e2faf459-3cec-4ff6-96e2-493eb7b3ce34,2023,5
e3066a96-f19a-4c65-b923-350a9df45fc1,2021,0
e3066a96-f19a-4c65-b923-350a9df45fc1,2024,0
e3222f3d-6b1f-42b9-8e36-285db3e60b28,2023,10
e3222f3d-6b1f-42b9-8e36-285db3e60b28,2024,0
e3351640-b004-48b4-8e01-9fb347a91105,2024,0
e34cba65-493f-4f5d-b666-6371d7e76b99,2022,5
e36315b5-163c-4e12-98ff-a8a95f1e676a,2024,0
e368b1a7-9602-4189-97f8-7a9c985a8ebb,2021,5
e368b1a7-9602-4189-97f8-7a9c985a8ebb,2022,0
e3851530-309a-43f1-a584-f1fa4b7ad099,2023,0
e385bd99-ff5d-4fd7-a8c9-f31c79398967,2022,5
e3e7c7ce-556f-468b-94e1-6ac938ab9d05,2022,0
e3f11a8f-22c2-4d96-9de7-cc8721d34791,2023,45
e3f11a8f-22c2-4d96-9de7-cc8721d34791,2024,10
e45537b6-9ade-465f-b645-f15687940cc9,2022,0
e45537b6-9ade-465f-b645-f15687940cc9,2023,5
e45537b6-9ade-465f-b645-f15687940cc9,2024,0
e46c4284-ebf1-4b28-8bb9-faef9977db68,2023,25
e46c4284-ebf1-4b28-8bb9-faef9977db68,2024,5
e4734a79-daec-4782-add8-3e3d766dfcb9,2023,5
e49317af-bc4c-4aa5-a8f3-3f70d963760b,2021,5
e49317af-bc4c-4aa5-a8f3-3f70d963760b,2024,5
e4c87644-5f6d-4c45-823e-85514e5b0725,2020,0
e4c87644-5f6d-4c45-823e-85514e5b0725,2021,0
e4c87644-5f6d-4c45-823e-85514e5b0725,2023,180
e4e371eb-0447-4f15-89eb-2d7e2b856da3,2024,0
e4f9669b-7afb-49c4-ae91-06ea2f6792b7,2023,15
e4f9669b-7afb-49c4-ae91-06ea2f6792b7,2024,0
e505bdd7-7f3d-4a00-b0c8-4eae6f0aa365,2023,0
e508d699-35f8-4025-860a-1df8c4efda20,2021,10
e508d699-35f8-4025-860a-1df8c4efda20,2022,25
e508d699-35f8-4025-860a-1df8c4efda20,2024,5
e51334e9-edc3-4c05-927b-505b4c99cad8,2024,5
e519e973-2f22-4a13-ac45-ea1c627c694d,2024,0
e52d4399-f591-49ec-aec9-8b873759358f,2021,15
e52d4399-f591-49ec-aec9-8b873759358f,2023,10
e52d4399-f591-49ec-aec9-8b873759358f,2024,0
e58eea78-056b-46ed-9584-3d528fc36def,2024,0
e5e33699-0f26-4fe0-925f-b190a8d0b641,2023,10
e5e33699-0f26-4fe0-925f-b190a8d0b641,2024,355
e5e6bdfb-fa2a-4fd9-98b5-6d80cb242e55,2021,5
e5e6bdfb-fa2a-4fd9-98b5-6d80cb242e55,2022,0
e5e6bdfb-fa2a-4fd9-98b5-6d80cb242e55,2023,20
e5e6bdfb-fa2a-4fd9-98b5-6d80cb242e55,2024,0
e60d69aa-9495-4a0a-a3a6-ac447034a13f,2023,0
e63dc2e7-7355-431c-b25b-1c9509245b80,2020,55
e63dc2e7-7355-431c-b25b-1c9509245b80,2021,0
e63dc2e7-7355-431c-b25b-1c9509245b80,2022,10
e63dc2e7-7355-431c-b25b-1c9509245b80,2024,0
e64487c9-2815-43f0-ab0a-fd4487eb14e5,2024,45
e652e1b5-9259-4052-983f-4780104b809e,2024,0
e67a1ab5-bace-4e06-8dd8-761e0a556978,2021,0
e67a1ab5-bace-4e06-8dd8-761e0a556978,2022,0
e67a1ab5-bace-4e06-8dd8-761e0a556978,2023,5
e67a1ab5-bace-4e06-8dd8-761e0a556978,2024,5
e6814d51-cc32-4b0b-85da-d488062985e3,2024,0
e6a897e3-99af-4eb8-ab87-f95343b374ba,2024,5
e6b5026b-0794-4164-b438-0871bfed5b45,2023,10
e6b5026b-0794-4164-b438-0871bfed5b45,2024,0
e6fb5d09-92e9-4ceb-b707-945e5835b5ad,2024,5
e724351f-c3f7-4958-8e58-f52a08b44fe4,2022,245
e724351f-c3f7-4958-8e58-f52a08b44fe4,2023,315
e724351f-c3f7-4958-8e58-f52a08b44fe4,2024,15
e768a0a0-e16a-40b4-ad02-b4061351793b,2023,0
e78abd41-e826-4a09-9de0-85b117767dad,2022,15
e78abd41-e826-4a09-9de0-85b117767dad,2024,0
e7a8609e-08ee-488a-bc37-5d9fac4ebcd6,2024,0
e7b33bb5-1955-406d-8ba2-5b961925b46c,2021,5
e7b33bb5-1955-406d-8ba2-5b961925b46c,2022,10
e7b33bb5-1955-406d-8ba2-5b961925b46c,2023,10
e7b33bb5-1955-406d-8ba2-5b961925b46c,2024,40
e7ba7199-03e3-4916-afaa-33417f00936f,2022,5
e7c1752a-3a56-45d9-9097-c058f3c0fc07,2024,0
e7faa0c2-9c85-4e4f-bb6b-3ca0d57e3b14,2021,5
e817340e-d445-4ea6-80d3-0c947ebc4b93,2022,0
e817340e-d445-4ea6-80d3-0c947ebc4b93,2023,0
e82c3fc2-ca07-44ac-bd26-edda5d34fb38,2020,25
e8356a63-faa3-41a9-a9ac-36ae02e7dc21,2024,15
e8376cc0-3a92-41ae-b77e-ba7c928bd0b6,2021,5
e8376cc0-3a92-41ae-b77e-ba7c928bd0b6,2022,20
e850eb8e-66d8-41bc-a423-f4fbc2da765f,2021,0
e850eb8e-66d8-41bc-a423-f4fbc2da765f,2022,5
e869f477-e77a-4b08-8108-99fd4d750f2f,2021,25
e869f477-e77a-4b08-8108-99fd4d750f2f,2022,5
e869f477-e77a-4b08-8108-99fd4d750f2f,2023,250
e869f477-e77a-4b08-8108-99fd4d750f2f,2024,15
e87937a8-c5c2-4ae7-a9ab-63a21ff42e14,2020,85
e87937a8-c5c2-4ae7-a9ab-63a21ff42e14,2021,5
e87937a8-c5c2-4ae7-a9ab-63a21ff42e14,2024,5
e8c6ee4b-e057-498c-b8ad-73160c098087,2021,0
e8f1171e-4ea5-4468-a5b8-735191db6051,2021,40
e8f1171e-4ea5-4468-a5b8-735191db6051,2022,0
e8f1171e-4ea5-4468-a5b8-735191db6051,2023,5
e91beeeb-caed-4f71-a9ca-c76104f80b40,2021,0
e91beeeb-caed-4f71-a9ca-c76104f80b40,2023,0
e91beeeb-caed-4f71-a9ca-c76104f80b40,2024,0
e92d42e8-9b70-43b3-bd24-1865019af446,2020,5
e92d42e8-9b70-43b3-bd24-1865019af446,2023,0
e935873f-d123-45d1-a4c7-c035b71946df,2020,0
e935873f-d123-45d1-a4c7-c035b71946df,2021,25
e935873f-d123-45d1-a4c7-c035b71946df,2022,10
e935873f-d123-45d1-a4c7-c035b71946df,2023,5
e935873f-d123-45d1-a4c7-c035b71946df,2024,340
e93731b3-4846-4f78-b077-6e276cea3a3d,2022,10
e93731b3-4846-4f78-b077-6e276cea3a3d,2024,5
e93aa9a4-cf46-466e-9a98-c9d642795148,2024,40
e94c9d53-2ab9-4942-a3db-9a78f151b9fc,2024,10
e9582111-9e98-4e6f-bb9e-622144001489,2024,15
e9681883-8d4d-4020-8e52-03216c743382,2023,5
e9690150-b3c7-4d57-87bd-ebe0ad718dec,2023,10
e9690150-b3c7-4d57-87bd-ebe0ad718dec,2024,5
e995767f-3121-4033-b7ce-d2083ccb00ba,2021,0
e995767f-3121-4033-b7ce-d2083ccb00ba,2024,5
e9c8edbc-9264-435e-94b7-2e6c146720a4,2023,10
e9c8edbc-9264-435e-94b7-2e6c146720a4,2024,5
e9d75a8b-32cb-4349-95b0-26c6e98a7114,2021,15
e9d75a8b-32cb-4349-95b0-26c6e98a7114,2022,5
e9d76a23-13d1-4772-887b-751381b036f3,2024,10
e9f2fdeb-1430-405a-9f63-4c7464e93872,2024,5
ea056c8a-1228-4a4d-a6d7-7e6acdc781f2,2020,35
ea056c8a-1228-4a4d-a6d7-7e6acdc781f2,2024,0
ea1d726b-392a-4dfc-bee2-5dddb7f74c46,2022,25
ea1d726b-392a-4dfc-bee2-5dddb7f74c46,2023,20
ea1d726b-392a-4dfc-bee2-5dddb7f74c46,2024,0
ea3264d6-f384-403e-9795-94fa328384b2,2021,10
ea3264d6-f384-403e-9795-94fa328384b2,2022,5
ea381440-3002-4548-9e64-5ef7e5261998,2024,0
ea3e4ec1-39eb-4cd9-8dd9-8aa191fb5b48,2024,5
ea7ffcb5-42a5-428e-8279-2eb0a5206cbe,2024,0
ea8a6461-cb59-43cc-9a03-26048ea0a18f,2021,5
ea9621fe-3390-4ab4-aa1e-75abe3f738e8,2024,0
eac8badc-85c2-488a-928e-881943b3ce49,2020,0
eac8badc-85c2-488a-928e-881943b3ce49,2022,0
eac8badc-85c2-488a-928e-881943b3ce49,2023,350
eb011f8f-9a59-42af-a392-3dc70576c9ca,2024,5
eb129801-db83-4930-acf4-726f7af670b0,2022,10
eb129801-db83-4930-acf4-726f7af670b0,2024,360
eb6d0e8b-1313-4f98-b6c3-4fda6c0c9455,2022,10
eb6d0e8b-1313-4f98-b6c3-4fda6c0c9455,2023,10
eb6d0e8b-1313-4f98-b6c3-4fda6c0c9455,2024,355
ebb4dde1-bf29-4bd6-94d7-57db4b9ec552,2020,30
ec029218-ed3a-4f23-8a51-34081361b766,2020,85
ec029218-ed3a-4f23-8a51-34081361b766,2024,0
ec500fd7-2db2-4d6a-b6db-657020056783,2021,5
ec500fd7-2db2-4d6a-b6db-657020056783,2022,0
ec500fd7-2db2-4d6a-b6db-657020056783,2024,0
eca47253-0caf-467c-9792-5500342784f5,2023,20
eca47253-0caf-467c-9792-5500342784f5,2024,35
ecd5bdcc-6e53-4579-8cae-8e98700a93af,2024,5
ece55d72-a074-4f1b-bf06-41ca9131e678,2021,0
ece55d72-a074-4f1b-bf06-41ca9131e678,2022,10
ece55d72-a074-4f1b-bf06-41ca9131e678,2024,0
ed257803-26fe-4973-98e3-529566f79dcf,2024,0
ed311fb2-57eb-42df-bbfa-0fd552d0eb85,2020,0
ed311fb2-57eb-42df-bbfa-0fd552d0eb85,2024,0
ed37e5bb-5263-4394-a4de-3071976822af,2024,0
ed3e5565-4bcf-4e06-bf14-abc233c7030d,2023,5
ed3e5565-4bcf-4e06-bf14-abc233c7030d,2024,0
ed5ac994-4239-44c1-ae2d-ceefaf0f807a,2023,30
ed5ac994-4239-44c1-ae2d-ceefaf0f807a,2024,0
ed61cceb-383b-43e7-a912-863273841469,2023,0
ed61f4d1-0b74-4b85-93cc-9c16259734df,2023,5
ed61f4d1-0b74-4b85-93cc-9c16259734df,2024,0
ed75de81-cb80-4b6a-8be4-58e8c6c9e055,2021,15
ed75de81-cb80-4b6a-8be4-58e8c6c9e055,2023,5
ed75de81-cb80-4b6a-8be4-58e8c6c9e055,2024,0
ed81d0ba-a18b-4cbf-a97e-930c8f29c203,2023,10
ed9867f6-7c65-4b18-b0d1-9fb50e306d33,2023,0
ed9867f6-7c65-4b18-b0d1-9fb50e306d33,2024,20
eda48ea1-da9a-4af4-a716-a2d290b2931b,2021,0
eda48ea1-da9a-4af4-a716-a2d290b2931b,2022,0
eda48ea1-da9a-4af4-a716-a2d290b2931b,2024,10
edb85998-6a6b-403b-b62a-03cd0f63d675,2021,0
edb85998-6a6b-403b-b62a-03cd0f63d675,2022,350
ee2c32c2-e67e-487a-b207-4b500b9247b7,2022,25
ee2c32c2-e67e-487a-b207-4b500b9247b7,2023,20
ee7ebb2e-c731-4b69-8741-a162140f295a,2024,0
eeaebf5c-d7ff-4905-8b7b-a3b8822b866f,2020,5
eeaebf5c-d7ff-4905-8b7b-a3b8822b866f,2021,65
eeaebf5c-d7ff-4905-8b7b-a3b8822b866f,2024,5
eeaed48f-1479-4d00-8f03-d91367e952c1,2024,0
eedf2d4e-de17-4ccf-aaf9-6b679f6bac41,2020,65
eedf2d4e-de17-4ccf-aaf9-6b679f6bac41,2023,5
eedf2d4e-de17-4ccf-aaf9-6b679f6bac41,2024,0
ef03ca59-2703-444d-ae7e-1be368189dfd,2023,330
ef29c09d-8c29-4d2b-942e-cd8cbf96acc0,2022,0
ef29c09d-8c29-4d2b-942e-cd8cbf96acc0,2024,0
ef66a732-0359-48d4-b1b4-f31a3c4f3f2f,2020,0
ef66a732-0359-48d4-b1b4-f31a3c4f3f2f,2021,360
ef66a732-0359-48d4-b1b4-f31a3c4f3f2f,2024,0
ef92c939-94f8-4c96-a1bb-9ecbc79dc296,2023,15
ef92c939-94f8-4c96-a1bb-9ecbc79dc296,2024,350
efaaa6e3-3906-4e05-816a-9a94620f60b9,2023,5
efad5e2c-e836-4869-a383-ada51212f86f,2020,10
efbfdb56-29a9-4136-9026-65bc627028e7,2024,5
efc0d39b-c5c0-485a-8a94-165f446884cd,2021,0
efc0d39b-c5c0-485a-8a94-165f446884cd,2022,0
f0063ed9-4d5f-4b0e-a31d-24be8ee9c36c,2022,5
f010f016-7998-4eeb-99f6-965370d6ec5f,2021,0
f052c095-e50c-44d4-b8db-64f5077b7a94,2020,350
f052c095-e50c-44d4-b8db-64f5077b7a94,2021,360
f052c095-e50c-44d4-b8db-64f5077b7a94,2022,0
f052c095-e50c-44d4-b8db-64f5077b7a94,2024,0
f0577e44-2a7c-4111-bce0-7303e133272b,2024,0
f07666ec-d171-474a-9f04-5daf2ee0456e,2021,5
f07666ec-d171-474a-9f04-5daf2ee0456e,2022,40
f07666ec-d171-474a-9f04-5daf2ee0456e,2023,10
f07666ec-d171-474a-9f04-5daf2ee0456e,2024,20
f09f57dd-9f2b-4343-9299-30d31e0ec5f2,2021,5
f09f57dd-9f2b-4343-9299-30d31e0ec5f2,2022,5
f0a4fc7c-ccb8-4e9e-8502-e49a9bb1383e,2023,0
f0a4fc7c-ccb8-4e9e-8502-e49a9bb1383e,2024,5
f0bc139b-0296-4658-a081-2501a507de92,2021,0
f0bc139b-0296-4658-a081-2501a507de92,2022,5
f0bc139b-0296-4658-a081-2501a507de92,2023,20
f143b609-9942-4748-8867-b28a94375c3f,2023,0
f1451557-8a67-4107-94c1-c0e578d6dfc9,2020,80
f1451557-8a67-4107-94c1-c0e578d6dfc9,2021,0
f1451557-8a67-4107-94c1-c0e578d6dfc9,2022,5
f1451557-8a67-4107-94c1-c0e578d6dfc9,2023,5
f1451557-8a67-4107-94c1-c0e578d6dfc9,2024,25
f17a10ef-08d8-463d-8916-cdd02a9fb3e5,2024,0
f18b465a-2742-4d8f-af14-cacdf0e1117c,2023,10
f18b465a-2742-4d8f-af14-cacdf0e1117c,2024,5
f1afc889-37de-408d-aa73-1f5ce881c869,2023,5
f1afc889-37de-408d-aa73-1f5ce881c869,2024,0
f1d4d951-b079-410f-bac1-c5dc00a06959,2022,10
f1d4d951-b079-410f-bac1-c5dc00a06959,2024,0
f1e8f27d-b1e0-4ba5-ac1e-8b918600f775,2023,15
f1e8f27d-b1e0-4ba5-ac1e-8b918600f775,2024,0
f2258e38-0c22-4eb0-ae1b-cdc23b0a1cfd,2023,5
f2258e38-0c22-4eb0-ae1b-cdc23b0a1cfd,2024,0
f23be6a3-c2e4-4ae4-a465-a2881eaeacbc,2022,0
f24bef82-b446-42e5-b018-9a517bc88010,2021,0
f24bef82-b446-42e5-b018-9a517bc88010,2022,0
f2e35573-f0f7-47dc-82b2-37d9164fde60,2024,0
f2e6b484-221d-4e7b-a7e5-7d3eda90e5c3,2023,20
f2e6b484-221d-4e7b-a7e5-7d3eda90e5c3,2024,15
f2ef2fd4-3a5d-4e3c-bd7b-09930a49bc57,2021,0
f2ef2fd4-3a5d-4e3c-bd7b-09930a49bc57,2022,25
f2ef2fd4-3a5d-4e3c-bd7b-09930a49bc57,2023,10
f2ef2fd4-3a5d-4e3c-bd7b-09930a49bc57,2024,40
f31a26be-e7f7-4246-87ca-1d54b31165aa,2023,5
f31a26be-e7f7-4246-87ca-1d54b31165aa,2024,5
f387a2b0-bb1f-43b8-bbab-3536201a19f4,2023,25
f3a3758b-1a24-4310-869e-7dba44e24d25,2020,45
f3a3758b-1a24-4310-869e-7dba44e24d25,2021,55
f3a3758b-1a24-4310-869e-7dba44e24d25,2022,40
f3a3758b-1a24-4310-869e-7dba44e24d25,2023,20
f3a3758b-1a24-4310-869e-7dba44e24d25,2024,10
f3bd64fc-c146-4cb0-8d1a-cc72e90a52a5,2024,20
f3d0562e-2551-4e62-b800-cd172ec086dd,2020,5
f3d0562e-2551-4e62-b800-cd172ec086dd,2021,0
f3d0562e-2551-4e62-b800-cd172ec086dd,2023,205
f3f9fd49-5f7e-42a0-9a19-3cb41df34729,2021,0
f3f9fd49-5f7e-42a0-9a19-3cb41df34729,2023,10
f3f9fd49-5f7e-42a0-9a19-3cb41df34729,2024,0
f4241c52-784b-436a-bdf3-e0228bc04dd7,2023,10
f4241c52-784b-436a-bdf3-e0228bc04dd7,2024,5
f447e090-9be1-49b8-aca0-5a6565927e41,2024,5
f4b63b06-80ec-4c90-8934-acdd76bfefc4,2024,0
f4c036ae-c1fe-4bf0-918f-8c2b1fe2748c,2023,30
f4c036ae-c1fe-4bf0-918f-8c2b1fe2748c,2024,15
f4d1d1a6-9150-48e6-801e-b47cbba97d2c,2020,0
f4d1d1a6-9150-48e6-801e-b47cbba97d2c,2021,360
f4d1d1a6-9150-48e6-801e-b47cbba97d2c,2024,0
f4d28275-84fa-4e7c-82b6-924c095f576d,2020,0
f4d28275-84fa-4e7c-82b6-924c095f576d,2021,0
f4d28275-84fa-4e7c-82b6-924c095f576d,2023,0
f4d45d6e-a8fb-4407-a572-60293030d351,2020,45
f4d45d6e-a8fb-4407-a572-60293030d351,2021,115
f4d45d6e-a8fb-4407-a572-60293030d351,2022,10
f4d45d6e-a8fb-4407-a572-60293030d351,2023,15
f4d45d6e-a8fb-4407-a572-60293030d351,2024,215
f4e35398-49bd-496f-aafe-bd4943a63756,2023,10
f4f4e6dc-3859-415e-90ba-00c3b04b0460,2024,0
f50d4971-d291-4ba4-bf4f-894e20a2622c,2023,0
f55c8bb4-5198-443c-9f50-f5602b54530e,2022,5
f581accf-fff3-4d57-9aa1-7b93283d3fde,2020,0
f581accf-fff3-4d57-9aa1-7b93283d3fde,2021,5
f581accf-fff3-4d57-9aa1-7b93283d3fde,2022,25
f581accf-fff3-4d57-9aa1-7b93283d3fde,2023,20
f581accf-fff3-4d57-9aa1-7b93283d3fde,2024,35
f5ad0dd9-e1a5-4d5f-b679-e81447abd11d,2021,5
f5ad0dd9-e1a5-4d5f-b679-e81447abd11d,2022,0
f5b089fd-ab21-45ff-b24a-8b45a799dd65,2024,0
f5d47160-9d39-41a7-93f2-93c81246c6c5,2023,10
f5d47160-9d39-41a7-93f2-93c81246c6c5,2024,0
f5e2559d-443c-4274-90ed-0b032d0a5339,2023,5
f5e2559d-443c-4274-90ed-0b032d0a5339,2024,0
f5ea8bc9-e951-4440-9fed-22146172d969,2020,55
f5ea8bc9-e951-4440-9fed-22146172d969,2021,0
f5ea8bc9-e951-4440-9fed-22146172d969,2024,0
f61d7d86-c1ef-4dcb-bd9e-9947373b9bcf,2020,0
f61d7d86-c1ef-4dcb-bd9e-9947373b9bcf,2021,5
f61d7d86-c1ef-4dcb-bd9e-9947373b9bcf,2024,120
f62f7546-6189-438f-a1cc-cbdbe1f5787b,2020,50
f62f7546-6189-438f-a1cc-cbdbe1f5787b,2021,50
f62f7546-6189-438f-a1cc-cbdbe1f5787b,2023,15
f62f7546-6189-438f-a1cc-cbdbe1f5787b,2024,5
f630c4c5-a088-4971-9640-553297e24857,2020,0
f63157b1-732a-4bc8-9d6b-ec20bda070f5,2021,0
f6527984-30fb-46c2-8e09-a8a2a34655ee,2024,15
f65a3368-eb01-4410-ad86-6ce1973fae60,2023,10
f65a3368-eb01-4410-ad86-6ce1973fae60,2024,0
f6657c03-0a5e-4df0-a992-5dbd2f639219,2020,0
f6657c03-0a5e-4df0-a992-5dbd2f639219,2021,25
f6657c03-0a5e-4df0-a992-5dbd2f639219,2024,0
f66607b4-9630-4d34-b125-e49d76c216f5,2020,15
f66607b4-9630-4d34-b125-e49d76c216f5,2021,240
f66607b4-9630-4d34-b125-e49d76c216f5,2023,225
f66607b4-9630-4d34-b125-e49d76c216f5,2024,0
f6669901-54fb-4859-8465-e6ec29068897,2022,0
f6669901-54fb-4859-8465-e6ec29068897,2024,5
f66e8ea0-529b-49be-86fa-3b3f008f5e3c,2021,50
f66e8ea0-529b-49be-86fa-3b3f008f5e3c,2023,0
f68d6e6a-7062-4495-852b-f48238ebdaef,2022,0
f6a84d18-02a8-4ad3-934e-e47ee9753713,2023,10
f6b22578-1a8c-4cd5-9f29-5fa648bb2414,2023,15
f6bd573e-72d8-47b3-9b96-9c3bdb0a24eb,2023,20
f6f98c61-543c-4816-9267-7cedc6f0dcb8,2021,20
f6f98c61-543c-4816-9267-7cedc6f0dcb8,2023,0
f6f98c61-543c-4816-9267-7cedc6f0dcb8,2024,0
f7023b49-7b48-42ec-b270-848b9f74d1b0,2023,5
f7023b49-7b48-42ec-b270-848b9f74d1b0,2024,0
f70bb329-4e7f-4742-9a99-452414ef970b,2021,5
f72def1f-9822-491b-92c3-3aec98ea6999,2021,0
f72def1f-9822-491b-92c3-3aec98ea6999,2022,0
f738efe2-2e37-420a-88d0-aef8e4d98bbd,2023,5
f7676c68-e07d-4b10-90d3-7ca5b3efcea5,2024,0
f780192a-b851-47c6-a79f-39215c4d83a6,2023,5
f780192a-b851-47c6-a79f-39215c4d83a6,2024,0
f791d7a0-8c4b-4d01-b546-a3b82d7d909f,2024,10
f7b2a6ac-1a3f-4b80-a4bb-13e71645886d,2023,5
f7b2a6ac-1a3f-4b80-a4bb-13e71645886d,2024,5
f7d5855a-735f-4705-a382-55d1e26c804d,2023,0
f7d5855a-735f-4705-a382-55d1e26c804d,2024,0
f82f7459-9be4-4356-ba96-0ceee49ce53d,2021,0
f82f7459-9be4-4356-ba96-0ceee49ce53d,2024,0
f83b0844-555d-42d2-ae33-7dbb588b2716,2023,0
f8b1f5de-5df2-4c85-951b-620057110555,2021,5
f8b1f5de-5df2-4c85-951b-620057110555,2023,20
f8b1f5de-5df2-4c85-951b-620057110555,2024,0
f8c23051-e39b-49d9-9927-a271bdade8e3,2024,0
f8c69a3f-d36b-4a3f-b0b2-30f68eaf1d3c,2023,15
f8c963a2-e5c8-4e3d-a150-e6cdba28913f,2024,0
f92cabc8-cae9-4a5c-a321-c1318a49a919,2021,5
f92cabc8-cae9-4a5c-a321-c1318a49a919,2022,10
f92cabc8-cae9-4a5c-a321-c1318a49a919,2023,0
f92cabc8-cae9-4a5c-a321-c1318a49a919,2024,355
f9a8ea0d-0cc9-4fa1-88ea-32cbca61ca15,2023,20
f9a8ea0d-0cc9-4fa1-88ea-32cbca61ca15,2024,0
f9bda379-60e6-4859-b28b-c41b36633988,2023,10
f9ce5b5d-2d34-454b-a2ad-2a139c479459,2022,20
f9ce5b5d-2d34-454b-a2ad-2a139c479459,2023,5
f9e0f1c5-50a9-4ef8-a502-c9bc593b64fb,2024,10
f9f3c3ff-d858-4176-8730-2910ccbe61ea,2024,0
fa3d2b0a-5529-4b91-9beb-5d9250bc0929,2021,0
fa3d2b0a-5529-4b91-9beb-5d9250bc0929,2022,10
fa3d2b0a-5529-4b91-9beb-5d9250bc0929,2024,335
fa98e289-2cc8-48b7-a395-746ec59324ad,2023,0
fab91e20-95ab-4ae9-b1b2-70f8e4e8a781,2023,0
fae677a6-7588-44ab-b918-fef31994109d,2020,60
fb19affb-63f9-4588-8c57-0cbdfe7505f4,2021,0
fb19affb-63f9-4588-8c57-0cbdfe7505f4,2022,0
fb19affb-63f9-4588-8c57-0cbdfe7505f4,2023,20
fb19affb-63f9-4588-8c57-0cbdfe7505f4,2024,15
fb1c4b06-25c0-4116-877d-3aacf54655f9,2023,0
fb213929-0e70-46b6-b1f8-e7cfe30498c8,2024,0
fb2f3c06-7c3c-49d5-aef2-917e54cfc1b5,2023,5
fb43e815-ee1b-42c4-92fa-b9d209b1012f,2024,0
fb4c5827-84b9-4d1a-9857-336e7cfb5cb8,2024,355
fb614eb9-3376-4aba-af8e-a0b717ecbd68,2024,0
fb83bdbe-9aef-44fd-8c4e-386f9ad75b23,2021,10
fb83bdbe-9aef-44fd-8c4e-386f9ad75b23,2024,0
fbad5af3-af29-42d9-8070-6d689acc816d,2023,10
fbad5af3-af29-42d9-8070-6d689acc816d,2024,355
fc6cde94-36e6-4497-b57f-64755bbeaf4f,2022,5
fc6cde94-36e6-4497-b57f-64755bbeaf4f,2023,235
fc91850a-10fb-49ec-885e-31c99568b05e,2020,5
fc91850a-10fb-49ec-885e-31c99568b05e,2021,360
fc91850a-10fb-49ec-885e-31c99568b05e,2024,0
fc9d9b90-6542-43eb-aded-2178712a939a,2024,5
fcb42a31-d303-48fb-aae2-9d5b2d362a5c,2022,10
fcb42a31-d303-48fb-aae2-9d5b2d362a5c,2024,10
fcbfa4cb-92af-42b4-a221-23c283ab50c6,2021,0
fcbfa4cb-92af-42b4-a221-23c283ab50c6,2022,30
fcbfa4cb-92af-42b4-a221-23c283ab50c6,2024,5
fcdba9cc-6090-4356-96b9-afd802cfc8a0,2023,10
fcf85e68-84b3-4979-b55c-6bb8dbfbe476,2022,0
fd837b17-8119-4847-878e-059f81b8cc2c,2020,15
fd837b17-8119-4847-878e-059f81b8cc2c,2021,20
fd8a79f2-e9a4-4360-bf58-900cf7b9b5d2,2023,15
fe0a08eb-afa1-4a3f-a2a8-7ff786767045,2021,0
fe0a08eb-afa1-4a3f-a2a8-7ff786767045,2022,10
fe0a08eb-afa1-4a3f-a2a8-7ff786767045,2023,20
fe0a08eb-afa1-4a3f-a2a8-7ff786767045,2024,355
fe51aa9a-1af2-4ab6-9204-bfdaf8679e88,2023,5
fe51aa9a-1af2-4ab6-9204-bfdaf8679e88,2024,0
fe777715-a28d-4899-8e54-07bfde8db3ba,2024,0
fe83b0a6-f4f9-4f2e-a9cc-468784f68c8d,2020,275
fe83b0a6-f4f9-4f2e-a9cc-468784f68c8d,2021,5
fe83b0a6-f4f9-4f2e-a9cc-468784f68c8d,2023,50
fe83b0a6-f4f9-4f2e-a9cc-468784f68c8d,2024,355
fe9c5aad-6c93-4174-85e8-9fcb219f3307,2021,0
fe9c5aad-6c93-4174-85e8-9fcb219f3307,2022,0
fec13cdb-c1f0-4b7a-95d0-34bd4a30eec2,2021,5
fec13cdb-c1f0-4b7a-95d0-34bd4a30eec2,2022,0
fec8cf11-ab5d-4611-92f9-0c41a811e7a3,2023,5
fec8cf11-ab5d-4611-92f9-0c41a811e7a3,2024,5
fed649b6-786c-41c7-b20f-ff60b431e169,2023,20
fed649b6-786c-41c7-b20f-ff60b431e169,2024,0
fedc4d16-b68c-436a-ac56-bfcc1c306ea3,2021,0
fedc4d16-b68c-436a-ac56-bfcc1c306ea3,2022,0
fedc4d16-b68c-436a-ac56-bfcc1c306ea3,2023,5
fedc4d16-b68c-436a-ac56-bfcc1c306ea3,2024,5
ff1e3a66-781e-4825-a1b9-7b7a8e59d459,2023,15
ff1e3a66-781e-4825-a1b9-7b7a8e59d459,2024,5
ff20713c-858c-4906-ae45-938dc44b26c9,2024,5
ff245bd8-2581-4d1b-b2ae-fc2c77fee64c,2021,0
ff245bd8-2581-4d1b-b2ae-fc2c77fee64c,2022,5
ff245bd8-2581-4d1b-b2ae-fc2c77fee64c,2023,300
ff2f901b-75eb-40e7-a328-89ddcd12667d,2024,10
ff722d04-26c6-49ec-8b3d-bb0316e00029,2021,5
ff722d04-26c6-49ec-8b3d-bb0316e00029,2022,0
ff8f0ddc-ce8a-4816-b1cd-4936fee02b50,2020,40
ff8f0ddc-ce8a-4816-b1cd-4936fee02b50,2024,20
ff9074e5-7f68-4cb8-9981-ee4b3819af4b,2022,10
ffad9cbd-c319-416a-97b8-5d04f68bb871,2022,0
ffd1a09e-5b75-4d33-a409-b9115a82bfd7,2024,15
ffe52d1d-93a3-47e1-ac84-256833297ee2,2021,0
ffe52d1d-93a3-47e1-ac84-256833297ee2,2022,0
ffe52d1d-93a3-47e1-ac84-256833297ee2,2023,0
ffef9bf3-2b42-4ab3-92b9-8905a6aa4151,2024,0
fff26328-e413-40bb-a4c8-aa06667213c5,2021,0
fff26328-e413-40bb-a4c8-aa06667213c5,2022,5
fff7f5d1-b8fe-4d83-b842-410252cfad54,2021,0
fff7f5d1-b8fe-4d83-b842-410252cfad54,2022,15
fff7f5d1-b8fe-4d83-b842-410252cfad54,2024,0
