{
  "0": {
    "precision": 0.9065969954278249,
    "recall": 0.9101639344262296,
    "f1-score": 0.9083769633507853,
    "support": 1525.0
  },
  "1": {
    "precision": 0.7308518253400144,
    "recall": 0.7711480362537765,
    "f1-score": 0.7504593899301727,
    "support": 1324.0
  },
  "2": {
    "precision": 0.8436724565756824,
    "recall": 0.8252427184466019,
    "f1-score": 0.8343558282208589,
    "support": 412.0
  },
  "3": {
    "precision": 0.7699805068226121,
    "recall": 0.6775300171526587,
    "f1-score": 0.7208029197080292,
    "support": 583.0
  },
  "accuracy": 0.81789802289282,
  "macro avg": {
    "precision": 0.8127754460415334,
    "recall": 0.7960211765698167,
    "f1-score": 0.8034987753024615,
    "support": 3844.0
  },
  "weighted avg": {
    "precision": 0.8186003960365181,
    "recall": 0.81789802289282,
    "f1-score": 0.817602966907979,
    "support": 3844.0
  }
}