{
  "0": {
    "precision": 0.91005291005291,
    "recall": 0.9022950819672131,
    "f1-score": 0.906157392163319,
    "support": 1525.0
  },
  "1": {
    "precision": 0.7243589743589743,
    "recall": 0.7681268882175226,
    "f1-score": 0.7456011730205279,
    "support": 1324.0
  },
  "2": {
    "precision": 0.8261904761904761,
    "recall": 0.8422330097087378,
    "f1-score": 0.8341346153846154,
    "support": 412.0
  },
  "3": {
    "precision": 0.7696850393700787,
    "recall": 0.6706689536878216,
    "f1-score": 0.7167736021998167,
    "support": 583.0
  },
  "accuracy": 0.8145161290322581,
  "macro avg": {
    "precision": 0.8075718499931097,
    "recall": 0.7958309833953238,
    "f1-score": 0.8006666956920697,
    "support": 3844.0
  },
  "weighted avg": {
    "precision": 0.815816551515401,
    "recall": 0.8145161290322581,
    "f1-score": 0.8144142684050976,
    "support": 3844.0
  }
}