{
  "0": {
    "precision": 0.9145220588235294,
    "recall": 0.9090909090909091,
    "f1-score": 0.9117983963344788,
    "support": 2189.0
  },
  "1": {
    "precision": 0.7365702479338843,
    "recall": 0.7754214246873301,
    "f1-score": 0.7554966887417218,
    "support": 1839.0
  },
  "2": {
    "precision": 0.8214285714285714,
    "recall": 0.8452611218568665,
    "f1-score": 0.8331744518589133,
    "support": 517.0
  },
  "3": {
    "precision": 0.7793904208998549,
    "recall": 0.6814720812182741,
    "f1-score": 0.7271496276235613,
    "support": 788.0
  },
  "accuracy": 0.823176448528033,
  "macro avg": {
    "precision": 0.81297782477146,
    "recall": 0.802811384213345,
    "f1-score": 0.8069047911396688,
    "support": 5333.0
  },
  "weighted avg": {
    "precision": 0.8241664533682311,
    "recall": 0.823176448528033,
    "f1-score": 0.8229945993532017,
    "support": 5333.0
  }
}