{
  "0": {
    "precision": 0.9063745019920318,
    "recall": 0.8950819672131147,
    "f1-score": 0.9006928406466512,
    "support": 1525.0
  },
  "1": {
    "precision": 0.7158196134574087,
    "recall": 0.7552870090634441,
    "f1-score": 0.735023888276369,
    "support": 1324.0
  },
  "2": {
    "precision": 0.8242280285035629,
    "recall": 0.8422330097087378,
    "f1-score": 0.8331332533013205,
    "support": 412.0
  },
  "3": {
    "precision": 0.7423076923076923,
    "recall": 0.6620926243567753,
    "f1-score": 0.699909338168631,
    "support": 583.0
  },
  "accuracy": 0.8059313215400624,
  "macro avg": {
    "precision": 0.7971824590651739,
    "recall": 0.788673652585518,
    "f1-score": 0.7921898300982428,
    "support": 3844.0
  },
  "weighted avg": {
    "precision": 0.8070534901442014,
    "recall": 0.8059313215400624,
    "f1-score": 0.8059381515547637,
    "support": 3844.0
  }
}