{
  "0": {
    "precision": 0.8961038961038961,
    "recall": 0.9049180327868852,
    "f1-score": 0.9004893964110929,
    "support": 1525.0
  },
  "1": {
    "precision": 0.6840452261306532,
    "recall": 0.8225075528700906,
    "f1-score": 0.7469135802469136,
    "support": 1324.0
  },
  "2": {
    "precision": 0.8809523809523809,
    "recall": 0.7184466019417476,
    "f1-score": 0.7914438502673797,
    "support": 412.0
  },
  "3": {
    "precision": 0.8590425531914894,
    "recall": 0.5540308747855918,
    "f1-score": 0.6736183524504692,
    "support": 583.0
  },
  "accuracy": 0.8033298647242456,
  "macro avg": {
    "precision": 0.8300360140946048,
    "recall": 0.7499757655960788,
    "f1-score": 0.7781162948439638,
    "support": 3844.0
  },
  "weighted avg": {
    "precision": 0.8158190713887735,
    "recall": 0.8033298647242456,
    "f1-score": 0.8014969499382452,
    "support": 3844.0
  }
}