{
  "0": {
    "precision": 0.893353941267388,
    "recall": 0.893353941267388,
    "f1-score": 0.893353941267388,
    "support": 647.0
  },
  "1": {
    "precision": 0.6722560975609756,
    "recall": 0.7265238879736409,
    "f1-score": 0.6983372921615202,
    "support": 607.0
  },
  "2": {
    "precision": 0.817351598173516,
    "recall": 0.8325581395348837,
    "f1-score": 0.8248847926267281,
    "support": 215.0
  },
  "3": {
    "precision": 0.7931034482758621,
    "recall": 0.6882793017456359,
    "f1-score": 0.7369826435246996,
    "support": 401.0
  },
  "accuracy": 0.788235294117647,
  "macro avg": {
    "precision": 0.7940162713194354,
    "recall": 0.7851788176303871,
    "f1-score": 0.788389667395084,
    "support": 1870.0
  },
  "weighted avg": {
    "precision": 0.7913500147515715,
    "recall": 0.788235294117647,
    "f1-score": 0.7886475972247027,
    "support": 1870.0
  }
}