{
  "0": {
    "precision": 0.9124254928931683,
    "recall": 0.9090909090909091,
    "f1-score": 0.9107551487414187,
    "support": 2189.0
  },
  "1": {
    "precision": 0.7342945417095778,
    "recall": 0.7754214246873301,
    "f1-score": 0.7542978048135414,
    "support": 1839.0
  },
  "2": {
    "precision": 0.8183556405353728,
    "recall": 0.8278529980657641,
    "f1-score": 0.823076923076923,
    "support": 517.0
  },
  "3": {
    "precision": 0.7816593886462883,
    "recall": 0.6814720812182741,
    "f1-score": 0.7281355932203389,
    "support": 788.0
  },
  "accuracy": 0.8214888430526908,
  "macro avg": {
    "precision": 0.8116837659461018,
    "recall": 0.7984593532655693,
    "f1-score": 0.8040663674630556,
    "support": 5333.0
  },
  "weighted avg": {
    "precision": 0.822558509386297,
    "recall": 0.8214888430526908,
    "f1-score": 0.8213197637981369,
    "support": 5333.0
  }
}