{
  "0": {
    "precision": 0.9097985347985348,
    "recall": 0.9077204202832344,
    "f1-score": 0.9087582895037731,
    "support": 2189.0
  },
  "1": {
    "precision": 0.7309299895506792,
    "recall": 0.7607395323545405,
    "f1-score": 0.7455369038102851,
    "support": 1839.0
  },
  "2": {
    "precision": 0.8208092485549133,
    "recall": 0.8239845261121856,
    "f1-score": 0.8223938223938224,
    "support": 517.0
  },
  "3": {
    "precision": 0.7513966480446927,
    "recall": 0.682741116751269,
    "f1-score": 0.7154255319148937,
    "support": 788.0
  },
  "accuracy": 0.8156759797487343,
  "macro avg": {
    "precision": 0.803233605237205,
    "recall": 0.7937963988753074,
    "f1-score": 0.7980286369056936,
    "support": 5333.0
  },
  "weighted avg": {
    "precision": 0.8160862898218264,
    "recall": 0.8156759797487343,
    "f1-score": 0.8155348185181729,
    "support": 5333.0
  }
}