{
  "0": {
    "precision": 0.92041015625,
    "recall": 0.8611238008222933,
    "f1-score": 0.889780505074345,
    "support": 2189.0
  },
  "1": {
    "precision": 0.5262189512419503,
    "recall": 0.933115823817292,
    "f1-score": 0.6729411764705883,
    "support": 1839.0
  },
  "2": {
    "precision": 1.0,
    "recall": 0.0019342359767891683,
    "f1-score": 0.003861003861003861,
    "support": 517.0
  },
  "3": {
    "precision": 1.0,
    "recall": 0.02918781725888325,
    "f1-score": 0.05672009864364982,
    "support": 788.0
  },
  "accuracy": 0.6797299831239453,
  "macro avg": {
    "precision": 0.8616572768729875,
    "recall": 0.45634041946881443,
    "f1-score": 0.4058256960123967,
    "support": 5333.0
  },
  "weighted avg": {
    "precision": 0.8039554628474024,
    "recall": 0.6797299831239453,
    "f1-score": 0.6060303629972789,
    "support": 5333.0
  }
}