{
  "0": {
    "precision": 0.9102310231023102,
    "recall": 0.9042622950819672,
    "f1-score": 0.9072368421052631,
    "support": 1525.0
  },
  "1": {
    "precision": 0.7235829251224632,
    "recall": 0.7809667673716012,
    "f1-score": 0.7511805303305485,
    "support": 1324.0
  },
  "2": {
    "precision": 0.8292682926829268,
    "recall": 0.8252427184466019,
    "f1-score": 0.8272506082725061,
    "support": 412.0
  },
  "3": {
    "precision": 0.7836734693877551,
    "recall": 0.6586620926243568,
    "f1-score": 0.7157502329916123,
    "support": 583.0
  },
  "accuracy": 0.8160770031217481,
  "macro avg": {
    "precision": 0.8116889275738638,
    "recall": 0.7922834683811317,
    "f1-score": 0.8003545534249825,
    "support": 3844.0
  },
  "weighted avg": {
    "precision": 0.8180713507626409,
    "recall": 0.8160770031217481,
    "f1-score": 0.8158711869954617,
    "support": 3844.0
  }
}