{
  "0": {
    "precision": 0.9362154500354358,
    "recall": 0.8662295081967213,
    "f1-score": 0.8998637602179836,
    "support": 1525.0
  },
  "1": {
    "precision": 0.7133105802047781,
    "recall": 0.7892749244712991,
    "f1-score": 0.7493725349587665,
    "support": 1324.0
  },
  "2": {
    "precision": 0.7916666666666666,
    "recall": 0.8762135922330098,
    "f1-score": 0.8317972350230415,
    "support": 412.0
  },
  "3": {
    "precision": 0.76171875,
    "recall": 0.6689536878216124,
    "f1-score": 0.7123287671232876,
    "support": 583.0
  },
  "accuracy": 0.8108740894901144,
  "macro avg": {
    "precision": 0.8007278617267202,
    "recall": 0.8001679281806606,
    "f1-score": 0.7983405743307699,
    "support": 3844.0
  },
  "weighted avg": {
    "precision": 0.817481911397459,
    "recall": 0.8108740894901144,
    "f1-score": 0.8122917800937048,
    "support": 3844.0
  }
}