{
  "0": {
    "precision": 0.9096306068601583,
    "recall": 0.9042622950819672,
    "f1-score": 0.9069385070700428,
    "support": 1525.0
  },
  "1": {
    "precision": 0.7240168539325843,
    "recall": 0.7787009063444109,
    "f1-score": 0.7503639010189228,
    "support": 1324.0
  },
  "2": {
    "precision": 0.8300970873786407,
    "recall": 0.8300970873786407,
    "f1-score": 0.8300970873786407,
    "support": 412.0
  },
  "3": {
    "precision": 0.7804878048780488,
    "recall": 0.6586620926243568,
    "f1-score": 0.7144186046511628,
    "support": 583.0
  },
  "accuracy": 0.8158168574401665,
  "macro avg": {
    "precision": 0.8110580882623579,
    "recall": 0.7929305953573439,
    "f1-score": 0.8004545250296923,
    "support": 3844.0
  },
  "weighted avg": {
    "precision": 0.8175882883226808,
    "recall": 0.8158168574401665,
    "f1-score": 0.8155746812545518,
    "support": 3844.0
  }
}