{
  "0": {
    "precision": 0.9166282818977429,
    "recall": 0.9090909090909091,
    "f1-score": 0.9128440366972477,
    "support": 2189.0
  },
  "1": {
    "precision": 0.7381687242798354,
    "recall": 0.7803153887982599,
    "f1-score": 0.7586571504097277,
    "support": 1839.0
  },
  "2": {
    "precision": 0.8128544423440454,
    "recall": 0.8317214700193424,
    "f1-score": 0.8221797323135756,
    "support": 517.0
  },
  "3": {
    "precision": 0.7851959361393324,
    "recall": 0.6865482233502538,
    "f1-score": 0.7325660121868652,
    "support": 788.0
  },
  "accuracy": 0.8243015188449279,
  "macro avg": {
    "precision": 0.8132118461652389,
    "recall": 0.8019189978146912,
    "f1-score": 0.806561732901854,
    "support": 5333.0
  },
  "weighted avg": {
    "precision": 0.8256088013115399,
    "recall": 0.8243015188449279,
    "f1-score": 0.8242480845946246,
    "support": 5333.0
  }
}