{
  "0": {
    "precision": 0.9110225763612217,
    "recall": 0.899672131147541,
    "f1-score": 0.9053117782909931,
    "support": 1525.0
  },
  "1": {
    "precision": 0.7250883392226148,
    "recall": 0.7749244712990937,
    "f1-score": 0.7491785323110625,
    "support": 1324.0
  },
  "2": {
    "precision": 0.8270142180094787,
    "recall": 0.8470873786407767,
    "f1-score": 0.8369304556354916,
    "support": 412.0
  },
  "3": {
    "precision": 0.7744510978043913,
    "recall": 0.6655231560891939,
    "f1-score": 0.7158671586715867,
    "support": 583.0
  },
  "accuracy": 0.8155567117585848,
  "macro avg": {
    "precision": 0.8093940578494266,
    "recall": 0.7968017842941513,
    "f1-score": 0.8018219812272835,
    "support": 3844.0
  },
  "weighted avg": {
    "precision": 0.8172635894696854,
    "recall": 0.8155567117585848,
    "f1-score": 0.8154731373311574,
    "support": 3844.0
  }
}