{
  "0": {
    "precision": 0.8865030674846626,
    "recall": 0.893353941267388,
    "f1-score": 0.8899153194765204,
    "support": 647.0
  },
  "1": {
    "precision": 0.664576802507837,
    "recall": 0.6985172981878089,
    "f1-score": 0.6811244979919678,
    "support": 607.0
  },
  "2": {
    "precision": 0.8105726872246696,
    "recall": 0.8558139534883721,
    "f1-score": 0.832579185520362,
    "support": 215.0
  },
  "3": {
    "precision": 0.7762039660056658,
    "recall": 0.683291770573566,
    "f1-score": 0.726790450928382,
    "support": 401.0
  },
  "accuracy": 0.7807486631016043,
  "macro avg": {
    "precision": 0.7844641308057088,
    "recall": 0.7827442408792837,
    "f1-score": 0.7826023634793081,
    "support": 1870.0
  },
  "weighted avg": {
    "precision": 0.7820837015542298,
    "recall": 0.7807486631016043,
    "f1-score": 0.7805696672147552,
    "support": 1870.0
  }
}