{
  "0": {
    "precision": 0.9063941990771259,
    "recall": 0.9016393442622951,
    "f1-score": 0.9040105193951348,
    "support": 1525.0
  },
  "1": {
    "precision": 0.7217828900071891,
    "recall": 0.7583081570996979,
    "f1-score": 0.7395948434622468,
    "support": 1324.0
  },
  "2": {
    "precision": 0.8214285714285714,
    "recall": 0.837378640776699,
    "f1-score": 0.8293269230769231,
    "support": 412.0
  },
  "3": {
    "precision": 0.7577519379844961,
    "recall": 0.6706689536878216,
    "f1-score": 0.7115559599636033,
    "support": 583.0
  },
  "accuracy": 0.8103537981269511,
  "macro avg": {
    "precision": 0.8018393996243456,
    "recall": 0.7919987739566284,
    "f1-score": 0.7961220614744771,
    "support": 3844.0
  },
  "weighted avg": {
    "precision": 0.8111575575535037,
    "recall": 0.8103537981269511,
    "f1-score": 0.8101871570728586,
    "support": 3844.0
  }
}