{
  "0": {
    "precision": 0.8948995363214838,
    "recall": 0.8948995363214838,
    "f1-score": 0.8948995363214838,
    "support": 647.0
  },
  "1": {
    "precision": 0.671850699844479,
    "recall": 0.7116968698517299,
    "f1-score": 0.6912,
    "support": 607.0
  },
  "2": {
    "precision": 0.8088888888888889,
    "recall": 0.8465116279069768,
    "f1-score": 0.8272727272727273,
    "support": 215.0
  },
  "3": {
    "precision": 0.780281690140845,
    "recall": 0.6907730673316709,
    "f1-score": 0.7328042328042328,
    "support": 401.0
  },
  "accuracy": 0.786096256684492,
  "macro avg": {
    "precision": 0.7889802037989241,
    "recall": 0.7859702753529654,
    "f1-score": 0.7865441240996109,
    "support": 1870.0
  },
  "weighted avg": {
    "precision": 0.7880307185364647,
    "recall": 0.786096256684492,
    "f1-score": 0.7862441356781464,
    "support": 1870.0
  }
}