{
  "0": {
    "precision": 0.9133597883597884,
    "recall": 0.9055737704918033,
    "f1-score": 0.9094501152453078,
    "support": 1525.0
  },
  "1": {
    "precision": 0.7260656883298393,
    "recall": 0.7847432024169184,
    "f1-score": 0.7542649727767695,
    "support": 1324.0
  },
  "2": {
    "precision": 0.8398058252427184,
    "recall": 0.8398058252427184,
    "f1-score": 0.8398058252427184,
    "support": 412.0
  },
  "3": {
    "precision": 0.7811860940695297,
    "recall": 0.6552315608919382,
    "f1-score": 0.7126865671641791,
    "support": 583.0
  },
  "accuracy": 0.8189386056191468,
  "macro avg": {
    "precision": 0.815104349000469,
    "recall": 0.7963385897608446,
    "f1-score": 0.8040518701072437,
    "support": 3844.0
  },
  "weighted avg": {
    "precision": 0.8209199119250573,
    "recall": 0.8189386056191468,
    "f1-score": 0.8186926426540723,
    "support": 3844.0
  }
}