{
  "0": {
    "precision": 0.8620253164556962,
    "recall": 0.8931147540983606,
    "f1-score": 0.8772946859903382,
    "support": 1525.0
  },
  "1": {
    "precision": 0.5026501766784452,
    "recall": 0.8595166163141994,
    "f1-score": 0.6343366778149386,
    "support": 1324.0
  },
  "2": {
    "precision": 0.0,
    "recall": 0.0,
    "f1-score": 0.0,
    "support": 412.0
  },
  "3": {
    "precision": 0.0,
    "recall": 0.0,
    "f1-score": 0.0,
    "support": 583.0
  },
  "accuracy": 0.6503642039542143,
  "macro avg": {
    "precision": 0.3411688732835354,
    "recall": 0.43815784260314,
    "f1-score": 0.37790784095131924,
    "support": 3844.0
  },
  "weighted avg": {
    "precision": 0.5151137985216436,
    "recall": 0.6503642039542143,
    "f1-score": 0.5665286570141115,
    "support": 3844.0
  }
}