{
  "0": {
    "precision": 0.8899082568807339,
    "recall": 0.8995363214837713,
    "f1-score": 0.8946963873943121,
    "support": 647.0
  },
  "1": {
    "precision": 0.6739811912225705,
    "recall": 0.7084019769357496,
    "f1-score": 0.6907630522088354,
    "support": 607.0
  },
  "2": {
    "precision": 0.8018018018018018,
    "recall": 0.827906976744186,
    "f1-score": 0.8146453089244852,
    "support": 215.0
  },
  "3": {
    "precision": 0.7865168539325843,
    "recall": 0.6982543640897756,
    "f1-score": 0.7397622192866579,
    "support": 401.0
  },
  "accuracy": 0.786096256684492,
  "macro avg": {
    "precision": 0.7880520259594227,
    "recall": 0.7835249098133706,
    "f1-score": 0.7849667419535726,
    "support": 1870.0
  },
  "weighted avg": {
    "precision": 0.7875175781220797,
    "recall": 0.786096256684492,
    "f1-score": 0.7860722602607472,
    "support": 1870.0
  }
}