{
  "0": {
    "precision": 0.907782864617397,
    "recall": 0.9101639344262296,
    "f1-score": 0.9089718402095612,
    "support": 1525.0
  },
  "1": {
    "precision": 0.7228412256267409,
    "recall": 0.783987915407855,
    "f1-score": 0.7521739130434782,
    "support": 1324.0
  },
  "2": {
    "precision": 0.8527918781725888,
    "recall": 0.8155339805825242,
    "f1-score": 0.8337468982630273,
    "support": 412.0
  },
  "3": {
    "precision": 0.7835051546391752,
    "recall": 0.6518010291595198,
    "f1-score": 0.7116104868913857,
    "support": 583.0
  },
  "accuracy": 0.8173777315296566,
  "macro avg": {
    "precision": 0.8167302807639755,
    "recall": 0.7903717148940321,
    "f1-score": 0.8016257846018631,
    "support": 3844.0
  },
  "weighted avg": {
    "precision": 0.8193403772718733,
    "recall": 0.8173777315296566,
    "f1-score": 0.8169700710539,
    "support": 3844.0
  }
}