{
  "0": {
    "precision": 0.9193473193473194,
    "recall": 0.9008679762448607,
    "f1-score": 0.9100138440239963,
    "support": 2189.0
  },
  "1": {
    "precision": 0.7314678448699067,
    "recall": 0.8102229472539424,
    "f1-score": 0.7688338493292054,
    "support": 1839.0
  },
  "2": {
    "precision": 0.8273244781783681,
    "recall": 0.8433268858800773,
    "f1-score": 0.8352490421455939,
    "support": 517.0
  },
  "3": {
    "precision": 0.8221153846153846,
    "recall": 0.6510152284263959,
    "f1-score": 0.726628895184136,
    "support": 788.0
  },
  "accuracy": 0.8271141946371648,
  "macro avg": {
    "precision": 0.8250637567527447,
    "recall": 0.8013582594513191,
    "f1-score": 0.8101814076707329,
    "support": 5333.0
  },
  "weighted avg": {
    "precision": 0.8312721408329609,
    "recall": 0.8271141946371648,
    "f1-score": 0.8269853886516609,
    "support": 5333.0
  }
}