{
  "0": {
    "precision": 0.9019607843137255,
    "recall": 0.9049180327868852,
    "f1-score": 0.9034369885433715,
    "support": 1525.0
  },
  "1": {
    "precision": 0.7195121951219512,
    "recall": 0.7575528700906344,
    "f1-score": 0.7380426784400295,
    "support": 1324.0
  },
  "2": {
    "precision": 0.8175355450236966,
    "recall": 0.837378640776699,
    "f1-score": 0.8273381294964028,
    "support": 412.0
  },
  "3": {
    "precision": 0.7690763052208835,
    "recall": 0.6569468267581475,
    "f1-score": 0.7086031452358927,
    "support": 583.0
  },
  "accuracy": 0.8093132154006244,
  "macro avg": {
    "precision": 0.8020212074200643,
    "recall": 0.7891990926030916,
    "f1-score": 0.7943552354289241,
    "support": 3844.0
  },
  "weighted avg": {
    "precision": 0.8099168764082811,
    "recall": 0.8093132154006244,
    "f1-score": 0.8087640106160988,
    "support": 3844.0
  }
}