{
  "0": {
    "precision": 0.8860927152317881,
    "recall": 0.8773770491803279,
    "f1-score": 0.8817133443163098,
    "support": 1525.0
  },
  "1": {
    "precision": 0.718213058419244,
    "recall": 0.6314199395770392,
    "f1-score": 0.6720257234726688,
    "support": 1324.0
  },
  "2": {
    "precision": 0.7033582089552238,
    "recall": 0.9150485436893204,
    "f1-score": 0.7953586497890295,
    "support": 412.0
  },
  "3": {
    "precision": 0.6766561514195584,
    "recall": 0.7358490566037735,
    "f1-score": 0.705012325390304,
    "support": 583.0
  },
  "accuracy": 0.7752341311134235,
  "macro avg": {
    "precision": 0.7460800335064537,
    "recall": 0.7899236472626153,
    "f1-score": 0.763527510742078,
    "support": 3844.0
  },
  "weighted avg": {
    "precision": 0.7769197706666781,
    "recall": 0.7752341311134235,
    "f1-score": 0.7734351866222199,
    "support": 3844.0
  }
}