{
  "0": {
    "precision": 0.9041365725541693,
    "recall": 0.9029508196721312,
    "f1-score": 0.9035433070866141,
    "support": 1525.0
  },
  "1": {
    "precision": 0.7181113460183227,
    "recall": 0.7696374622356495,
    "f1-score": 0.7429821363470652,
    "support": 1324.0
  },
  "2": {
    "precision": 0.8060747663551402,
    "recall": 0.837378640776699,
    "f1-score": 0.8214285714285714,
    "support": 412.0
  },
  "3": {
    "precision": 0.7932489451476793,
    "recall": 0.6449399656946827,
    "f1-score": 0.7114474929044465,
    "support": 583.0
  },
  "accuracy": 0.8108740894901144,
  "macro avg": {
    "precision": 0.805392907518828,
    "recall": 0.7887267220947907,
    "f1-score": 0.7948503769416744,
    "support": 3844.0
  },
  "weighted avg": {
    "precision": 0.8127353366370401,
    "recall": 0.8108740894901144,
    "f1-score": 0.8103055025032427,
    "support": 3844.0
  }
}