{
  "0": {
    "precision": 0.9077125906394199,
    "recall": 0.9029508196721312,
    "f1-score": 0.9053254437869822,
    "support": 1525.0
  },
  "1": {
    "precision": 0.7309899569583931,
    "recall": 0.7696374622356495,
    "f1-score": 0.7498160412067697,
    "support": 1324.0
  },
  "2": {
    "precision": 0.8261904761904761,
    "recall": 0.8422330097087378,
    "f1-score": 0.8341346153846154,
    "support": 412.0
  },
  "3": {
    "precision": 0.7719298245614035,
    "recall": 0.6792452830188679,
    "f1-score": 0.7226277372262774,
    "support": 583.0
  },
  "accuracy": 0.8165972944849116,
  "macro avg": {
    "precision": 0.8092057120874232,
    "recall": 0.7985166436588467,
    "f1-score": 0.8029759594011612,
    "support": 3844.0
  },
  "weighted avg": {
    "precision": 0.8175124785764314,
    "recall": 0.8165972944849116,
    "f1-score": 0.816423822235768,
    "support": 3844.0
  }
}