{
  "0": {
    "precision": 0.9086697551290536,
    "recall": 0.900327868852459,
    "f1-score": 0.9044795783926218,
    "support": 1525.0
  },
  "1": {
    "precision": 0.7180585296216988,
    "recall": 0.7598187311178247,
    "f1-score": 0.738348623853211,
    "support": 1324.0
  },
  "2": {
    "precision": 0.8141176470588235,
    "recall": 0.8398058252427184,
    "f1-score": 0.8267622461170848,
    "support": 412.0
  },
  "3": {
    "precision": 0.757396449704142,
    "recall": 0.6586620926243568,
    "f1-score": 0.7045871559633028,
    "support": 583.0
  },
  "accuracy": 0.808792924037461,
  "macro avg": {
    "precision": 0.7995605953784294,
    "recall": 0.7896536294593397,
    "f1-score": 0.7935444010815551,
    "support": 3844.0
  },
  "weighted avg": {
    "precision": 0.8099400287608445,
    "recall": 0.808792924037461,
    "f1-score": 0.8086121988442362,
    "support": 3844.0
  }
}