{
  "0": {
    "precision": 0.9129239230064161,
    "recall": 0.9100045682960256,
    "f1-score": 0.911461908030199,
    "support": 2189.0
  },
  "1": {
    "precision": 0.7436692506459949,
    "recall": 0.7824904839586732,
    "f1-score": 0.762586115527292,
    "support": 1839.0
  },
  "2": {
    "precision": 0.8320754716981132,
    "recall": 0.8529980657640233,
    "f1-score": 0.8424068767908309,
    "support": 517.0
  },
  "3": {
    "precision": 0.7915451895043731,
    "recall": 0.6890862944162437,
    "f1-score": 0.7367706919945726,
    "support": 788.0
  },
  "accuracy": 0.8278642415150947,
  "macro avg": {
    "precision": 0.8200534587137244,
    "recall": 0.8086448531087416,
    "f1-score": 0.8133063980857237,
    "support": 5333.0
  },
  "weighted avg": {
    "precision": 0.8287865830857679,
    "recall": 0.8278642415150947,
    "f1-score": 0.8276177843100277,
    "support": 5333.0
  }
}