{
  "0": {
    "precision": 0.9118621603711067,
    "recall": 0.9022950819672131,
    "f1-score": 0.9070533948582729,
    "support": 1525.0
  },
  "1": {
    "precision": 0.719225449515906,
    "recall": 0.7854984894259819,
    "f1-score": 0.7509025270758123,
    "support": 1324.0
  },
  "2": {
    "precision": 0.8366336633663366,
    "recall": 0.8203883495145631,
    "f1-score": 0.8284313725490197,
    "support": 412.0
  },
  "3": {
    "precision": 0.7855670103092783,
    "recall": 0.6535162950257289,
    "f1-score": 0.7134831460674157,
    "support": 583.0
  },
  "accuracy": 0.8155567117585848,
  "macro avg": {
    "precision": 0.8133220708906569,
    "recall": 0.7904245539833717,
    "f1-score": 0.7999676101376301,
    "support": 3844.0
  },
  "weighted avg": {
    "precision": 0.8182942055260762,
    "recall": 0.8155567117585848,
    "f1-score": 0.815485372698944,
    "support": 3844.0
  }
}