{
  "0": {
    "precision": 0.9086727989487516,
    "recall": 0.9068852459016393,
    "f1-score": 0.9077781424351822,
    "support": 1525.0
  },
  "1": {
    "precision": 0.7295774647887324,
    "recall": 0.7824773413897281,
    "f1-score": 0.7551020408163265,
    "support": 1324.0
  },
  "2": {
    "precision": 0.8362282878411911,
    "recall": 0.8179611650485437,
    "f1-score": 0.8269938650306748,
    "support": 412.0
  },
  "3": {
    "precision": 0.7875751503006012,
    "recall": 0.6740994854202401,
    "f1-score": 0.7264325323475046,
    "support": 583.0
  },
  "accuracy": 0.8191987513007284,
  "macro avg": {
    "precision": 0.8155134254698191,
    "recall": 0.7953558094400378,
    "f1-score": 0.804076645157422,
    "support": 3844.0
  },
  "weighted avg": {
    "precision": 0.8208556058774582,
    "recall": 0.8191987513007284,
    "f1-score": 0.8190292424572587,
    "support": 3844.0
  }
}