{
  "0": {
    "precision": 0.9135234590616376,
    "recall": 0.9072635906806761,
    "f1-score": 0.9103827641531057,
    "support": 2189.0
  },
  "1": {
    "precision": 0.7383900928792569,
    "recall": 0.7781402936378466,
    "f1-score": 0.7577442414614773,
    "support": 1839.0
  },
  "2": {
    "precision": 0.8363273453093812,
    "recall": 0.8104448742746615,
    "f1-score": 0.8231827111984283,
    "support": 517.0
  },
  "3": {
    "precision": 0.775,
    "recall": 0.7081218274111675,
    "f1-score": 0.7400530503978779,
    "support": 788.0
  },
  "accuracy": 0.8239264954059629,
  "macro avg": {
    "precision": 0.8158102243125689,
    "recall": 0.8009926465010879,
    "f1-score": 0.8078406918027223,
    "support": 5333.0
  },
  "weighted avg": {
    "precision": 0.8251797243982427,
    "recall": 0.8239264954059629,
    "f1-score": 0.8241265321923722,
    "support": 5333.0
  }
}