{
  "0": {
    "precision": 0.889060092449923,
    "recall": 0.8918083462132921,
    "f1-score": 0.8904320987654321,
    "support": 647.0
  },
  "1": {
    "precision": 0.6687306501547987,
    "recall": 0.7116968698517299,
    "f1-score": 0.6895450917797287,
    "support": 607.0
  },
  "2": {
    "precision": 0.8088888888888889,
    "recall": 0.8465116279069768,
    "f1-score": 0.8272727272727273,
    "support": 215.0
  },
  "3": {
    "precision": 0.7914285714285715,
    "recall": 0.6907730673316709,
    "f1-score": 0.7376830892143809,
    "support": 401.0
  },
  "accuracy": 0.7850267379679144,
  "macro avg": {
    "precision": 0.7895270507305455,
    "recall": 0.7851974778259174,
    "f1-score": 0.7862332517580672,
    "support": 1870.0
  },
  "weighted avg": {
    "precision": 0.7873878891513536,
    "recall": 0.7850267379679144,
    "f1-score": 0.7852074832888412,
    "support": 1870.0
  }
}