{
  "0": {
    "precision": 0.9056728232189973,
    "recall": 0.900327868852459,
    "f1-score": 0.9029924366984544,
    "support": 1525.0
  },
  "1": {
    "precision": 0.7180397727272727,
    "recall": 0.763595166163142,
    "f1-score": 0.7401171303074671,
    "support": 1324.0
  },
  "2": {
    "precision": 0.8205741626794258,
    "recall": 0.8325242718446602,
    "f1-score": 0.8265060240963855,
    "support": 412.0
  },
  "3": {
    "precision": 0.7689243027888446,
    "recall": 0.6620926243567753,
    "f1-score": 0.7115207373271889,
    "support": 583.0
  },
  "accuracy": 0.8098335067637877,
  "macro avg": {
    "precision": 0.8033027653536351,
    "recall": 0.7896349828042593,
    "f1-score": 0.7952840821073739,
    "support": 3844.0
  },
  "weighted avg": {
    "precision": 0.8111849994926378,
    "recall": 0.8098335067637877,
    "f1-score": 0.8096554678152164,
    "support": 3844.0
  }
}