{
  "0": {
    "precision": 0.9087860496311201,
    "recall": 0.8885245901639345,
    "f1-score": 0.8985411140583555,
    "support": 1525.0
  },
  "1": {
    "precision": 0.7090784044016506,
    "recall": 0.7787009063444109,
    "f1-score": 0.7422606191504679,
    "support": 1324.0
  },
  "2": {
    "precision": 0.8426395939086294,
    "recall": 0.8058252427184466,
    "f1-score": 0.8238213399503722,
    "support": 412.0
  },
  "3": {
    "precision": 0.7603960396039604,
    "recall": 0.6586620926243568,
    "f1-score": 0.7058823529411765,
    "support": 583.0
  },
  "accuracy": 0.8069719042663892,
  "macro avg": {
    "precision": 0.8052250218863402,
    "recall": 0.7829282079627872,
    "f1-score": 0.7926263565250931,
    "support": 3844.0
  },
  "weighted avg": {
    "precision": 0.8104050304096534,
    "recall": 0.8069719042663892,
    "f1-score": 0.8074849278143785,
    "support": 3844.0
  }
}