{
  "0": {
    "precision": 0.9089108910891089,
    "recall": 0.9029508196721312,
    "f1-score": 0.905921052631579,
    "support": 1525.0
  },
  "1": {
    "precision": 0.7229496898690558,
    "recall": 0.7922960725075529,
    "f1-score": 0.7560360360360361,
    "support": 1324.0
  },
  "2": {
    "precision": 0.8362282878411911,
    "recall": 0.8179611650485437,
    "f1-score": 0.8269938650306748,
    "support": 412.0
  },
  "3": {
    "precision": 0.7978947368421052,
    "recall": 0.6500857632933105,
    "f1-score": 0.7164461247637051,
    "support": 583.0
  },
  "accuracy": 0.8173777315296566,
  "macro avg": {
    "precision": 0.8164959014103652,
    "recall": 0.7908234551303845,
    "f1-score": 0.8013492696154988,
    "support": 3844.0
  },
  "weighted avg": {
    "precision": 0.820232358081956,
    "recall": 0.8173777315296566,
    "f1-score": 0.8170996046058137,
    "support": 3844.0
  }
}