{
  "0": {
    "precision": 0.888045540796964,
    "recall": 0.920655737704918,
    "f1-score": 0.9040566645202833,
    "support": 1525.0
  },
  "1": {
    "precision": 0.7201413427561838,
    "recall": 0.7696374622356495,
    "f1-score": 0.7440671778021175,
    "support": 1324.0
  },
  "2": {
    "precision": 0.8498659517426274,
    "recall": 0.7694174757281553,
    "f1-score": 0.8076433121019109,
    "support": 412.0
  },
  "3": {
    "precision": 0.7852631578947369,
    "recall": 0.6397941680960549,
    "f1-score": 0.7051039697542533,
    "support": 583.0
  },
  "accuracy": 0.8098335067637877,
  "macro avg": {
    "precision": 0.810828998297628,
    "recall": 0.7748762109411945,
    "f1-score": 0.7902177810446411,
    "support": 3844.0
  },
  "weighted avg": {
    "precision": 0.8105332415960331,
    "recall": 0.8098335067637877,
    "f1-score": 0.8084432923403101,
    "support": 3844.0
  }
}