{
  "0": {
    "precision": 0.9132450331125828,
    "recall": 0.9042622950819672,
    "f1-score": 0.9087314662273476,
    "support": 1525.0
  },
  "1": {
    "precision": 0.7220267417311752,
    "recall": 0.7749244712990937,
    "f1-score": 0.7475409836065574,
    "support": 1324.0
  },
  "2": {
    "precision": 0.8289156626506025,
    "recall": 0.8349514563106796,
    "f1-score": 0.8319226118500604,
    "support": 412.0
  },
  "3": {
    "precision": 0.7670682730923695,
    "recall": 0.6552315608919382,
    "f1-score": 0.7067530064754857,
    "support": 583.0
  },
  "accuracy": 0.8145161290322581,
  "macro avg": {
    "precision": 0.8078139276466825,
    "recall": 0.7923424458959197,
    "f1-score": 0.7987370170398629,
    "support": 3844.0
  },
  "weighted avg": {
    "precision": 0.8161748537392468,
    "recall": 0.8145161290322581,
    "f1-score": 0.8143467396329916,
    "support": 3844.0
  }
}