{
  "0": {
    "precision": 0.8924455825864277,
    "recall": 0.9140983606557377,
    "f1-score": 0.9031422092646583,
    "support": 1525.0
  },
  "1": {
    "precision": 0.7107942973523421,
    "recall": 0.790785498489426,
    "f1-score": 0.7486592777976403,
    "support": 1324.0
  },
  "2": {
    "precision": 0.8641304347826086,
    "recall": 0.7718446601941747,
    "f1-score": 0.8153846153846154,
    "support": 412.0
  },
  "3": {
    "precision": 0.8072562358276644,
    "recall": 0.6106346483704974,
    "f1-score": 0.6953125,
    "support": 583.0
  },
  "accuracy": 0.8103537981269511,
  "macro avg": {
    "precision": 0.8186566376372607,
    "recall": 0.7718407919274589,
    "f1-score": 0.7906246506117285,
    "support": 3844.0
  },
  "weighted avg": {
    "precision": 0.8139238521739767,
    "recall": 0.8103537981269511,
    "f1-score": 0.8090068683587776,
    "support": 3844.0
  }
}