{
  "0": {
    "precision": 0.9194071329319129,
    "recall": 0.9068067610781179,
    "f1-score": 0.9130634774609016,
    "support": 2189.0
  },
  "1": {
    "precision": 0.732801595214357,
    "recall": 0.799347471451876,
    "f1-score": 0.764629388816645,
    "support": 1839.0
  },
  "2": {
    "precision": 0.8156424581005587,
    "recall": 0.8471953578336557,
    "f1-score": 0.8311195445920304,
    "support": 517.0
  },
  "3": {
    "precision": 0.8098256735340729,
    "recall": 0.6484771573604061,
    "f1-score": 0.7202255109231853,
    "support": 788.0
  },
  "accuracy": 0.8258016126007875,
  "macro avg": {
    "precision": 0.8194192149452254,
    "recall": 0.8004566869310139,
    "f1-score": 0.8072594804481905,
    "support": 5333.0
  },
  "weighted avg": {
    "precision": 0.8288081997318578,
    "recall": 0.8258016126007875,
    "f1-score": 0.8254408223058828,
    "support": 5333.0
  }
}