{
  "0": {
    "precision": 0.9344380403458213,
    "recall": 0.8504918032786886,
    "f1-score": 0.8904909028492962,
    "support": 1525.0
  },
  "1": {
    "precision": 0.7262895174708819,
    "recall": 0.6593655589123867,
    "f1-score": 0.6912114014251781,
    "support": 1324.0
  },
  "2": {
    "precision": 0.7199248120300752,
    "recall": 0.9296116504854369,
    "f1-score": 0.8114406779661016,
    "support": 412.0
  },
  "3": {
    "precision": 0.6537396121883656,
    "recall": 0.8096054888507719,
    "f1-score": 0.7233716475095785,
    "support": 583.0
  },
  "accuracy": 0.7869406867845994,
  "macro avg": {
    "precision": 0.758597995508786,
    "recall": 0.812268625381821,
    "f1-score": 0.7791286574375387,
    "support": 3844.0
  },
  "weighted avg": {
    "precision": 0.7971812042458463,
    "recall": 0.7869406867845994,
    "f1-score": 0.7880337544620788,
    "support": 3844.0
  }
}