{
  "0": {
    "precision": 0.9072501632919661,
    "recall": 0.9108196721311476,
    "f1-score": 0.9090314136125655,
    "support": 1525.0
  },
  "1": {
    "precision": 0.7138983050847457,
    "recall": 0.7953172205438066,
    "f1-score": 0.752411575562701,
    "support": 1324.0
  },
  "2": {
    "precision": 0.8575129533678757,
    "recall": 0.8033980582524272,
    "f1-score": 0.8295739348370927,
    "support": 412.0
  },
  "3": {
    "precision": 0.8030973451327433,
    "recall": 0.6226415094339622,
    "f1-score": 0.7014492753623188,
    "support": 583.0
  },
  "accuracy": 0.8158168574401665,
  "macro avg": {
    "precision": 0.8204396917193327,
    "recall": 0.783044115090336,
    "f1-score": 0.7981165498436695,
    "support": 3844.0
  },
  "weighted avg": {
    "precision": 0.8195262601333001,
    "recall": 0.8158168574401665,
    "f1-score": 0.8150872061637077,
    "support": 3844.0
  }
}