{
  "0": {
    "precision": 0.8871951219512195,
    "recall": 0.8995363214837713,
    "f1-score": 0.8933231005372217,
    "support": 647.0
  },
  "1": {
    "precision": 0.6718995290423861,
    "recall": 0.7051070840197694,
    "f1-score": 0.6881028938906752,
    "support": 607.0
  },
  "2": {
    "precision": 0.8070175438596491,
    "recall": 0.8558139534883721,
    "f1-score": 0.8306997742663657,
    "support": 215.0
  },
  "3": {
    "precision": 0.7851002865329513,
    "recall": 0.683291770573566,
    "f1-score": 0.7306666666666667,
    "support": 401.0
  },
  "accuracy": 0.7850267379679144,
  "macro avg": {
    "precision": 0.7878031203465514,
    "recall": 0.7859372823913697,
    "f1-score": 0.7856981088402323,
    "support": 1870.0
  },
  "weighted avg": {
    "precision": 0.7861990614228372,
    "recall": 0.7850267379679144,
    "f1-score": 0.7846290307164837,
    "support": 1870.0
  }
}