{
  "0": {
    "precision": 0.9060446780551905,
    "recall": 0.9042622950819672,
    "f1-score": 0.9051526091237283,
    "support": 1525.0
  },
  "1": {
    "precision": 0.721868365180467,
    "recall": 0.770392749244713,
    "f1-score": 0.7453416149068323,
    "support": 1324.0
  },
  "2": {
    "precision": 0.8260869565217391,
    "recall": 0.8300970873786407,
    "f1-score": 0.8280871670702179,
    "support": 412.0
  },
  "3": {
    "precision": 0.7818181818181819,
    "recall": 0.6638078902229846,
    "f1-score": 0.7179962894248608,
    "support": 583.0
  },
  "accuracy": 0.813735691987513,
  "macro avg": {
    "precision": 0.8089545453938947,
    "recall": 0.7921400054820763,
    "f1-score": 0.7991444201314098,
    "support": 3844.0
  },
  "weighted avg": {
    "precision": 0.8151976263319617,
    "recall": 0.813735691987513,
    "f1-score": 0.8134635214927043,
    "support": 3844.0
  }
}