{
  "0": {
    "precision": 0.8919753086419753,
    "recall": 0.893353941267388,
    "f1-score": 0.8926640926640926,
    "support": 647.0
  },
  "1": {
    "precision": 0.6765163297045101,
    "recall": 0.7166392092257001,
    "f1-score": 0.696,
    "support": 607.0
  },
  "2": {
    "precision": 0.8185840707964602,
    "recall": 0.8604651162790697,
    "f1-score": 0.8390022675736961,
    "support": 215.0
  },
  "3": {
    "precision": 0.7818696883852692,
    "recall": 0.6882793017456359,
    "f1-score": 0.7320954907161804,
    "support": 401.0
  },
  "accuracy": 0.788235294117647,
  "macro avg": {
    "precision": 0.7922363493820537,
    "recall": 0.7896843921294485,
    "f1-score": 0.7899404627384922,
    "support": 1870.0
  },
  "weighted avg": {
    "precision": 0.7899886401527955,
    "recall": 0.788235294117647,
    "f1-score": 0.7882253728658829,
    "support": 1870.0
  }
}