{
  "0": {
    "precision": 0.8821752265861027,
    "recall": 0.9026275115919629,
    "f1-score": 0.8922841864018335,
    "support": 647.0
  },
  "1": {
    "precision": 0.6741573033707865,
    "recall": 0.6919275123558485,
    "f1-score": 0.6829268292682927,
    "support": 607.0
  },
  "2": {
    "precision": 0.7982062780269058,
    "recall": 0.827906976744186,
    "f1-score": 0.8127853881278538,
    "support": 215.0
  },
  "3": {
    "precision": 0.7679558011049724,
    "recall": 0.6932668329177057,
    "f1-score": 0.72870249017038,
    "support": 401.0
  },
  "accuracy": 0.7807486631016043,
  "macro avg": {
    "precision": 0.7806236522721919,
    "recall": 0.7789322084024258,
    "f1-score": 0.77917472349209,
    "support": 1870.0
  },
  "weighted avg": {
    "precision": 0.7805056046877832,
    "recall": 0.7807486631016043,
    "f1-score": 0.780108562017995,
    "support": 1870.0
  }
}