{
  "0": {
    "precision": 0.9053254437869822,
    "recall": 0.9029508196721312,
    "f1-score": 0.9041365725541693,
    "support": 1525.0
  },
  "1": {
    "precision": 0.7193229901269393,
    "recall": 0.770392749244713,
    "f1-score": 0.7439824945295405,
    "support": 1324.0
  },
  "2": {
    "precision": 0.8345864661654135,
    "recall": 0.808252427184466,
    "f1-score": 0.8212083847102343,
    "support": 412.0
  },
  "3": {
    "precision": 0.7687747035573123,
    "recall": 0.6672384219554031,
    "f1-score": 0.7144168962350781,
    "support": 583.0
  },
  "accuracy": 0.8113943808532779,
  "macro avg": {
    "precision": 0.8070024009091619,
    "recall": 0.7872086045141784,
    "f1-score": 0.7959360870072556,
    "support": 3844.0
  },
  "weighted avg": {
    "precision": 0.8129683186621434,
    "recall": 0.8113943808532779,
    "f1-score": 0.8113121750540809,
    "support": 3844.0
  }
}