{
  "0": {
    "precision": 0.9030779305828421,
    "recall": 0.9042622950819672,
    "f1-score": 0.9036697247706422,
    "support": 1525.0
  },
  "1": {
    "precision": 0.7215547703180212,
    "recall": 0.7711480362537765,
    "f1-score": 0.7455275648046732,
    "support": 1324.0
  },
  "2": {
    "precision": 0.8428927680798005,
    "recall": 0.8203883495145631,
    "f1-score": 0.8314883148831488,
    "support": 412.0
  },
  "3": {
    "precision": 0.7644710578842315,
    "recall": 0.6569468267581475,
    "f1-score": 0.7066420664206642,
    "support": 583.0
  },
  "accuracy": 0.8119146722164412,
  "macro avg": {
    "precision": 0.8079991317162238,
    "recall": 0.7881863769021136,
    "f1-score": 0.796831917719782,
    "support": 3844.0
  },
  "weighted avg": {
    "precision": 0.8130829363255149,
    "recall": 0.8119146722164412,
    "f1-score": 0.8115817732912907,
    "support": 3844.0
  }
}