{
  "0": {
    "precision": 0.9105367793240556,
    "recall": 0.9009836065573771,
    "f1-score": 0.9057350032959789,
    "support": 1525.0
  },
  "1": {
    "precision": 0.7231316725978648,
    "recall": 0.7673716012084593,
    "f1-score": 0.7445950897764749,
    "support": 1324.0
  },
  "2": {
    "precision": 0.8183962264150944,
    "recall": 0.8422330097087378,
    "f1-score": 0.8301435406698564,
    "support": 412.0
  },
  "3": {
    "precision": 0.7648221343873518,
    "recall": 0.6638078902229846,
    "f1-score": 0.7107438016528925,
    "support": 583.0
  },
  "accuracy": 0.8126951092611863,
  "macro avg": {
    "precision": 0.8042217031810917,
    "recall": 0.7935990269243897,
    "f1-score": 0.7978043588488006,
    "support": 3844.0
  },
  "weighted avg": {
    "precision": 0.8140128700883461,
    "recall": 0.8126951092611863,
    "f1-score": 0.81255789646463,
    "support": 3844.0
  }
}