{
  "0": {
    "precision": 0.891271056661562,
    "recall": 0.8995363214837713,
    "f1-score": 0.8953846153846153,
    "support": 647.0
  },
  "1": {
    "precision": 0.6794258373205742,
    "recall": 0.7018121911037891,
    "f1-score": 0.6904376012965965,
    "support": 607.0
  },
  "2": {
    "precision": 0.8108108108108109,
    "recall": 0.8372093023255814,
    "f1-score": 0.8237986270022883,
    "support": 215.0
  },
  "3": {
    "precision": 0.7771739130434783,
    "recall": 0.713216957605985,
    "f1-score": 0.7438231469440832,
    "support": 401.0
  },
  "accuracy": 0.788235294117647,
  "macro avg": {
    "precision": 0.7896704044591063,
    "recall": 0.7879436931297816,
    "f1-score": 0.7883609976568959,
    "support": 1870.0
  },
  "weighted avg": {
    "precision": 0.7887887274697211,
    "recall": 0.788235294117647,
    "f1-score": 0.7881279448507752,
    "support": 1870.0
  }
}