{
  "0": {
    "precision": 0.904887714663144,
    "recall": 0.898360655737705,
    "f1-score": 0.9016123724909509,
    "support": 1525.0
  },
  "1": {
    "precision": 0.7122052704576977,
    "recall": 0.775679758308157,
    "f1-score": 0.7425885755603759,
    "support": 1324.0
  },
  "2": {
    "precision": 0.8259803921568627,
    "recall": 0.8179611650485437,
    "f1-score": 0.8219512195121951,
    "support": 412.0
  },
  "3": {
    "precision": 0.7875,
    "recall": 0.6483704974271012,
    "f1-score": 0.7111947318908749,
    "support": 583.0
  },
  "accuracy": 0.809573361082206,
  "macro avg": {
    "precision": 0.8076433443194261,
    "recall": 0.7850930191303767,
    "f1-score": 0.7943367248635992,
    "support": 3844.0
  },
  "weighted avg": {
    "precision": 0.8122606567419132,
    "recall": 0.809573361082206,
    "f1-score": 0.8094215851254012,
    "support": 3844.0
  }
}