{
  "0": {
    "precision": 0.9083717864205669,
    "recall": 0.9036065573770492,
    "f1-score": 0.905982905982906,
    "support": 1525.0
  },
  "1": {
    "precision": 0.7216713881019831,
    "recall": 0.7696374622356495,
    "f1-score": 0.7448830409356725,
    "support": 1324.0
  },
  "2": {
    "precision": 0.8175355450236966,
    "recall": 0.837378640776699,
    "f1-score": 0.8273381294964028,
    "support": 412.0
  },
  "3": {
    "precision": 0.7768762677484787,
    "recall": 0.6569468267581475,
    "f1-score": 0.7118959107806692,
    "support": 583.0
  },
  "accuracy": 0.812955254942768,
  "macro avg": {
    "precision": 0.8061137468236813,
    "recall": 0.7918923717868864,
    "f1-score": 0.7975249967989126,
    "support": 3844.0
  },
  "weighted avg": {
    "precision": 0.8143869408911332,
    "recall": 0.812955254942768,
    "f1-score": 0.8126294753278903,
    "support": 3844.0
  }
}