{
  "0": {
    "precision": 0.9058355437665783,
    "recall": 0.8957377049180328,
    "f1-score": 0.9007583250906693,
    "support": 1525.0
  },
  "1": {
    "precision": 0.7078498293515358,
    "recall": 0.7832326283987915,
    "f1-score": 0.7436357117246325,
    "support": 1324.0
  },
  "2": {
    "precision": 0.8100961538461539,
    "recall": 0.8179611650485437,
    "f1-score": 0.8140096618357487,
    "support": 412.0
  },
  "3": {
    "precision": 0.8087912087912088,
    "recall": 0.6312178387650086,
    "f1-score": 0.7090558766859345,
    "support": 583.0
  },
  "accuracy": 0.8085327783558793,
  "macro avg": {
    "precision": 0.8081431839388691,
    "recall": 0.7820373342825941,
    "f1-score": 0.7918648938342463,
    "support": 3844.0
  },
  "weighted avg": {
    "precision": 0.8126631811694472,
    "recall": 0.8085327783558793,
    "f1-score": 0.8082678680725579,
    "support": 3844.0
  }
}