{
  "0": {
    "precision": 0.908675799086758,
    "recall": 0.9090909090909091,
    "f1-score": 0.9088833066910253,
    "support": 2189.0
  },
  "1": {
    "precision": 0.7357142857142858,
    "recall": 0.7841218053289831,
    "f1-score": 0.7591471439852593,
    "support": 1839.0
  },
  "2": {
    "precision": 0.8248587570621468,
    "recall": 0.8471953578336557,
    "f1-score": 0.8358778625954199,
    "support": 517.0
  },
  "3": {
    "precision": 0.8067484662576687,
    "recall": 0.6675126903553299,
    "f1-score": 0.7305555555555555,
    "support": 788.0
  },
  "accuracy": 0.8243015188449279,
  "macro avg": {
    "precision": 0.8189993270302148,
    "recall": 0.8019801906522195,
    "f1-score": 0.8086159672068151,
    "support": 5333.0
  },
  "weighted avg": {
    "precision": 0.8258465524923416,
    "recall": 0.8243015188449279,
    "f1-score": 0.823822199301548,
    "support": 5333.0
  }
}