{
  "0": {
    "precision": 0.9087301587301587,
    "recall": 0.9009836065573771,
    "f1-score": 0.9048403029305235,
    "support": 1525.0
  },
  "1": {
    "precision": 0.7208303507516106,
    "recall": 0.7605740181268882,
    "f1-score": 0.7401690554943036,
    "support": 1324.0
  },
  "2": {
    "precision": 0.829736211031175,
    "recall": 0.8398058252427184,
    "f1-score": 0.8347406513872135,
    "support": 412.0
  },
  "3": {
    "precision": 0.749034749034749,
    "recall": 0.6655231560891939,
    "f1-score": 0.7048138056312443,
    "support": 583.0
  },
  "accuracy": 0.8103537981269511,
  "macro avg": {
    "precision": 0.8020828673869234,
    "recall": 0.7917216515040444,
    "f1-score": 0.7961409538608213,
    "support": 3844.0
  },
  "weighted avg": {
    "precision": 0.8113245197946741,
    "recall": 0.8103537981269511,
    "f1-score": 0.810271823230503,
    "support": 3844.0
  }
}