{
  "0": {
    "precision": 0.9051383399209486,
    "recall": 0.9009836065573771,
    "f1-score": 0.9030561945448571,
    "support": 1525.0
  },
  "1": {
    "precision": 0.6988341968911918,
    "recall": 0.8149546827794562,
    "f1-score": 0.7524407252440726,
    "support": 1324.0
  },
  "2": {
    "precision": 0.8781163434903048,
    "recall": 0.7694174757281553,
    "f1-score": 0.8201811125485123,
    "support": 412.0
  },
  "3": {
    "precision": 0.8171021377672208,
    "recall": 0.5900514579759862,
    "f1-score": 0.6852589641434262,
    "support": 583.0
  },
  "accuracy": 0.8100936524453695,
  "macro avg": {
    "precision": 0.8247977545174165,
    "recall": 0.7688518057602437,
    "f1-score": 0.7902342491202171,
    "support": 3844.0
  },
  "weighted avg": {
    "precision": 0.8178321864983559,
    "recall": 0.8100936524453695,
    "f1-score": 0.8092645190868011,
    "support": 3844.0
  }
}