{
  "0": {
    "precision": 0.9107981220657277,
    "recall": 0.8904918032786885,
    "f1-score": 0.9005305039787799,
    "support": 1525.0
  },
  "1": {
    "precision": 0.710562414266118,
    "recall": 0.7824773413897281,
    "f1-score": 0.7447879223580158,
    "support": 1324.0
  },
  "2": {
    "precision": 0.8386308068459658,
    "recall": 0.8325242718446602,
    "f1-score": 0.8355663824604141,
    "support": 412.0
  },
  "3": {
    "precision": 0.7736625514403292,
    "recall": 0.6449399656946827,
    "f1-score": 0.7034611786716558,
    "support": 583.0
  },
  "accuracy": 0.8098335067637877,
  "macro avg": {
    "precision": 0.8084134736545352,
    "recall": 0.7876083455519399,
    "f1-score": 0.7960864968672163,
    "support": 3844.0
  },
  "weighted avg": {
    "precision": 0.8132968086755528,
    "recall": 0.8098335067637877,
    "f1-score": 0.8100362758868153,
    "support": 3844.0
  }
}