{
  "0": {
    "precision": 0.9095112285336856,
    "recall": 0.9029508196721312,
    "f1-score": 0.9062191510365252,
    "support": 1525.0
  },
  "1": {
    "precision": 0.7201963534361852,
    "recall": 0.775679758308157,
    "f1-score": 0.7469090909090909,
    "support": 1324.0
  },
  "2": {
    "precision": 0.837037037037037,
    "recall": 0.8228155339805825,
    "f1-score": 0.8298653610771114,
    "support": 412.0
  },
  "3": {
    "precision": 0.7715430861723447,
    "recall": 0.660377358490566,
    "f1-score": 0.711645101663586,
    "support": 583.0
  },
  "accuracy": 0.813735691987513,
  "macro avg": {
    "precision": 0.8095719262948131,
    "recall": 0.7904558676128591,
    "f1-score": 0.7986596761715783,
    "support": 3844.0
  },
  "weighted avg": {
    "precision": 0.8156122460876993,
    "recall": 0.813735691987513,
    "f1-score": 0.8136538669947914,
    "support": 3844.0
  }
}