{
  "0": {
    "precision": 0.9010554089709762,
    "recall": 0.8957377049180328,
    "f1-score": 0.8983886879316014,
    "support": 1525.0
  },
  "1": {
    "precision": 0.7048730267673301,
    "recall": 0.775679758308157,
    "f1-score": 0.7385832434376124,
    "support": 1324.0
  },
  "2": {
    "precision": 0.8199513381995134,
    "recall": 0.8179611650485437,
    "f1-score": 0.818955042527339,
    "support": 412.0
  },
  "3": {
    "precision": 0.8021739130434783,
    "recall": 0.6329331046312179,
    "f1-score": 0.7075743048897412,
    "support": 583.0
  },
  "accuracy": 0.8061914672216441,
  "macro avg": {
    "precision": 0.8070134217453245,
    "recall": 0.7805779332264878,
    "f1-score": 0.7908753196965734,
    "support": 3844.0
  },
  "weighted avg": {
    "precision": 0.8097941542047948,
    "recall": 0.8061914672216441,
    "f1-score": 0.8058928877937237,
    "support": 3844.0
  }
}