{
  "0": {
    "precision": 0.8618543870566272,
    "recall": 0.9081967213114754,
    "f1-score": 0.8844189016602809,
    "support": 1525.0
  },
  "1": {
    "precision": 0.6679221594475832,
    "recall": 0.8036253776435045,
    "f1-score": 0.7295166266712376,
    "support": 1324.0
  },
  "2": {
    "precision": 0.9041095890410958,
    "recall": 0.6407766990291263,
    "f1-score": 0.75,
    "support": 412.0
  },
  "3": {
    "precision": 0.8693181818181818,
    "recall": 0.5248713550600344,
    "f1-score": 0.6545454545454545,
    "support": 583.0
  },
  "accuracy": 0.7853798126951093,
  "macro avg": {
    "precision": 0.825801079340872,
    "recall": 0.7193675382610352,
    "f1-score": 0.7546202457192432,
    "support": 3844.0
  },
  "weighted avg": {
    "precision": 0.8007186602640188,
    "recall": 0.7853798126951093,
    "f1-score": 0.7817947031073483,
    "support": 3844.0
  }
}