{
  "0": {
    "precision": 0.6595049042503504,
    "recall": 0.9259016393442623,
    "f1-score": 0.7703218767048554,
    "support": 1525.0
  },
  "1": {
    "precision": 0.61714621256606,
    "recall": 0.7938066465256798,
    "f1-score": 0.694416914436736,
    "support": 1324.0
  },
  "2": {
    "precision": 0.0,
    "recall": 0.0,
    "f1-score": 0.0,
    "support": 412.0
  },
  "3": {
    "precision": 0.0,
    "recall": 0.0,
    "f1-score": 0.0,
    "support": 583.0
  },
  "accuracy": 0.640738813735692,
  "macro avg": {
    "precision": 0.3191627792041026,
    "recall": 0.42992707146748554,
    "f1-score": 0.36618469778539786,
    "support": 3844.0
  },
  "weighted avg": {
    "precision": 0.4742056619196794,
    "recall": 0.640738813735692,
    "f1-score": 0.5447837816569051,
    "support": 3844.0
  }
}