{
  "0": {
    "precision": 0.9068529607451763,
    "recall": 0.8937704918032787,
    "f1-score": 0.9002642007926024,
    "support": 1525.0
  },
  "1": {
    "precision": 0.7144846796657381,
    "recall": 0.7749244712990937,
    "f1-score": 0.7434782608695653,
    "support": 1324.0
  },
  "2": {
    "precision": 0.8497409326424871,
    "recall": 0.7961165048543689,
    "f1-score": 0.8220551378446115,
    "support": 412.0
  },
  "3": {
    "precision": 0.7630057803468208,
    "recall": 0.6792452830188679,
    "f1-score": 0.7186932849364791,
    "support": 583.0
  },
  "accuracy": 0.8098335067637877,
  "macro avg": {
    "precision": 0.8085210883500555,
    "recall": 0.7860141877439023,
    "f1-score": 0.7961227211108146,
    "support": 3844.0
  },
  "weighted avg": {
    "precision": 0.8126571579616889,
    "recall": 0.8098335067637877,
    "f1-score": 0.8103415779162254,
    "support": 3844.0
  }
}