{
  "0": {
    "precision": 0.8952338129496403,
    "recall": 0.9095477386934674,
    "f1-score": 0.9023340131429867,
    "support": 2189.0
  },
  "1": {
    "precision": 0.7323869610935857,
    "recall": 0.7574768896139206,
    "f1-score": 0.7447206629243518,
    "support": 1839.0
  },
  "2": {
    "precision": 0.7952029520295203,
    "recall": 0.8336557059961315,
    "f1-score": 0.8139754485363551,
    "support": 517.0
  },
  "3": {
    "precision": 0.7984962406015037,
    "recall": 0.6738578680203046,
    "f1-score": 0.7309015829318651,
    "support": 788.0
  },
  "accuracy": 0.8149259328708044,
  "macro avg": {
    "precision": 0.8053299916685625,
    "recall": 0.793634550580956,
    "f1-score": 0.7979829268838897,
    "support": 5333.0
  },
  "weighted avg": {
    "precision": 0.8150874558018215,
    "recall": 0.8149259328708044,
    "f1-score": 0.8140870444649326,
    "support": 5333.0
  }
}