{
  "0": {
    "precision": 0.9116279069767442,
    "recall": 0.899672131147541,
    "f1-score": 0.9056105610561056,
    "support": 1525.0
  },
  "1": {
    "precision": 0.7266857962697274,
    "recall": 0.7651057401812689,
    "f1-score": 0.7454010301692421,
    "support": 1324.0
  },
  "2": {
    "precision": 0.8116279069767441,
    "recall": 0.8470873786407767,
    "f1-score": 0.828978622327791,
    "support": 412.0
  },
  "3": {
    "precision": 0.7708737864077669,
    "recall": 0.6809605488850772,
    "f1-score": 0.7231329690346083,
    "support": 583.0
  },
  "accuracy": 0.8145161290322581,
  "macro avg": {
    "precision": 0.8052038491577457,
    "recall": 0.7982064497136659,
    "f1-score": 0.8007807956469367,
    "support": 3844.0
  },
  "weighted avg": {
    "precision": 0.8158622964492197,
    "recall": 0.8145161290322581,
    "f1-score": 0.8145402661032425,
    "support": 3844.0
  }
}