{
  "0": {
    "precision": 0.8988910632746249,
    "recall": 0.9036065573770492,
    "f1-score": 0.9012426422498365,
    "support": 1525.0
  },
  "1": {
    "precision": 0.7209469153515065,
    "recall": 0.7590634441087614,
    "f1-score": 0.739514348785872,
    "support": 1324.0
  },
  "2": {
    "precision": 0.8127962085308057,
    "recall": 0.8325242718446602,
    "f1-score": 0.8225419664268585,
    "support": 412.0
  },
  "3": {
    "precision": 0.7797979797979798,
    "recall": 0.6620926243567753,
    "f1-score": 0.7161410018552876,
    "support": 583.0
  },
  "accuracy": 0.809573361082206,
  "macro avg": {
    "precision": 0.8031080417387292,
    "recall": 0.7893217244218116,
    "f1-score": 0.7948599898294637,
    "support": 3844.0
  },
  "weighted avg": {
    "precision": 0.810311354723234,
    "recall": 0.809573361082206,
    "f1-score": 0.8090295321209661,
    "support": 3844.0
  }
}