{
  "0": {
    "precision": 0.911617312072893,
    "recall": 0.9141160347190498,
    "f1-score": 0.9128649635036497,
    "support": 2189.0
  },
  "1": {
    "precision": 0.7412124299541518,
    "recall": 0.7911908646003263,
    "f1-score": 0.7653866386112572,
    "support": 1839.0
  },
  "2": {
    "precision": 0.8314176245210728,
    "recall": 0.839458413926499,
    "f1-score": 0.8354186717998076,
    "support": 517.0
  },
  "3": {
    "precision": 0.8055130168453293,
    "recall": 0.6675126903553299,
    "f1-score": 0.7300485773768216,
    "support": 788.0
  },
  "accuracy": 0.8280517532345771,
  "macro avg": {
    "precision": 0.8224400958483618,
    "recall": 0.8030695009003013,
    "f1-score": 0.810929712822884,
    "support": 5333.0
  },
  "weighted avg": {
    "precision": 0.829403173441733,
    "recall": 0.8280517532345771,
    "f1-score": 0.8274886866321071,
    "support": 5333.0
  }
}