{
  "0": {
    "precision": 0.889751552795031,
    "recall": 0.8856259659969088,
    "f1-score": 0.8876839659178931,
    "support": 647.0
  },
  "1": {
    "precision": 0.6601503759398496,
    "recall": 0.7232289950576606,
    "f1-score": 0.690251572327044,
    "support": 607.0
  },
  "2": {
    "precision": 0.8110599078341014,
    "recall": 0.8186046511627907,
    "f1-score": 0.8148148148148148,
    "support": 215.0
  },
  "3": {
    "precision": 0.7965116279069767,
    "recall": 0.683291770573566,
    "f1-score": 0.7355704697986577,
    "support": 401.0
  },
  "accuracy": 0.7818181818181819,
  "macro avg": {
    "precision": 0.7893683661189898,
    "recall": 0.7776878456977315,
    "f1-score": 0.7820802057146025,
    "support": 1870.0
  },
  "weighted avg": {
    "precision": 0.7861815913523547,
    "recall": 0.7818181818181819,
    "f1-score": 0.7826006277678287,
    "support": 1870.0
  }
}