{
  "0": {
    "precision": 0.8612765957446809,
    "recall": 0.9246231155778895,
    "f1-score": 0.8918263934787398,
    "support": 2189.0
  },
  "1": {
    "precision": 0.7121447028423773,
    "recall": 0.7493202827623708,
    "f1-score": 0.730259671436142,
    "support": 1839.0
  },
  "2": {
    "precision": 0.8290258449304175,
    "recall": 0.8065764023210832,
    "f1-score": 0.8176470588235294,
    "support": 517.0
  },
  "3": {
    "precision": 0.8110091743119267,
    "recall": 0.5609137055837563,
    "f1-score": 0.6631657914478619,
    "support": 788.0
  },
  "accuracy": 0.7989874367147947,
  "macro avg": {
    "precision": 0.8033640794573506,
    "recall": 0.7603583765612749,
    "f1-score": 0.7757247287965683,
    "support": 5333.0
  },
  "weighted avg": {
    "precision": 0.7992968625162316,
    "recall": 0.7989874367147947,
    "f1-score": 0.7951347617042389,
    "support": 5333.0
  }
}