{
  "0": {
    "precision": 0.8836140888208269,
    "recall": 0.8918083462132921,
    "f1-score": 0.8876923076923077,
    "support": 647.0
  },
  "1": {
    "precision": 0.6750392464678179,
    "recall": 0.7084019769357496,
    "f1-score": 0.6913183279742765,
    "support": 607.0
  },
  "2": {
    "precision": 0.8185840707964602,
    "recall": 0.8604651162790697,
    "f1-score": 0.8390022675736961,
    "support": 215.0
  },
  "3": {
    "precision": 0.7909604519774012,
    "recall": 0.6982543640897756,
    "f1-score": 0.7417218543046358,
    "support": 401.0
  },
  "accuracy": 0.7871657754010695,
  "macro avg": {
    "precision": 0.7920494645156266,
    "recall": 0.7897324508794717,
    "f1-score": 0.789933689386229,
    "support": 1870.0
  },
  "weighted avg": {
    "precision": 0.7885656976134853,
    "recall": 0.7871657754010695,
    "f1-score": 0.787049785701504,
    "support": 1870.0
  }
}