{
  "0": {
    "precision": 0.9120586275816123,
    "recall": 0.8977049180327868,
    "f1-score": 0.9048248512888302,
    "support": 1525.0
  },
  "1": {
    "precision": 0.7184668989547038,
    "recall": 0.7787009063444109,
    "f1-score": 0.7473722363175064,
    "support": 1324.0
  },
  "2": {
    "precision": 0.8228155339805825,
    "recall": 0.8228155339805825,
    "f1-score": 0.8228155339805825,
    "support": 412.0
  },
  "3": {
    "precision": 0.780241935483871,
    "recall": 0.6638078902229846,
    "f1-score": 0.7173308619091752,
    "support": 583.0
  },
  "accuracy": 0.8132154006243496,
  "macro avg": {
    "precision": 0.8083957490001924,
    "recall": 0.7907573121451912,
    "f1-score": 0.7980858708740236,
    "support": 3844.0
  },
  "weighted avg": {
    "precision": 0.8158222241584503,
    "recall": 0.8132154006243496,
    "f1-score": 0.8133669697171939,
    "support": 3844.0
  }
}