{
  "0": {
    "precision": 0.9078947368421053,
    "recall": 0.9049180327868852,
    "f1-score": 0.9064039408866995,
    "support": 1525.0
  },
  "1": {
    "precision": 0.7257264351523742,
    "recall": 0.7734138972809668,
    "f1-score": 0.7488117001828154,
    "support": 1324.0
  },
  "2": {
    "precision": 0.8218527315914489,
    "recall": 0.8398058252427184,
    "f1-score": 0.8307322929171669,
    "support": 412.0
  },
  "3": {
    "precision": 0.782520325203252,
    "recall": 0.660377358490566,
    "f1-score": 0.7162790697674418,
    "support": 583.0
  },
  "accuracy": 0.8155567117585848,
  "macro avg": {
    "precision": 0.809498557197295,
    "recall": 0.7946287784502841,
    "f1-score": 0.8005567509385308,
    "support": 3844.0
  },
  "weighted avg": {
    "precision": 0.816913098032031,
    "recall": 0.8155567117585848,
    "f1-score": 0.8151782266520696,
    "support": 3844.0
  }
}