{
  "0": {
    "precision": 0.9097496706192358,
    "recall": 0.9055737704918033,
    "f1-score": 0.9076569175156096,
    "support": 1525.0
  },
  "1": {
    "precision": 0.7257717157214645,
    "recall": 0.763595166163142,
    "f1-score": 0.7442031652557969,
    "support": 1324.0
  },
  "2": {
    "precision": 0.8188235294117647,
    "recall": 0.8446601941747572,
    "f1-score": 0.8315412186379928,
    "support": 412.0
  },
  "3": {
    "precision": 0.765748031496063,
    "recall": 0.6672384219554031,
    "f1-score": 0.7131072410632447,
    "support": 583.0
  },
  "accuracy": 0.8139958376690947,
  "macro avg": {
    "precision": 0.805023236812132,
    "recall": 0.7952668881962763,
    "f1-score": 0.7991271356181611,
    "support": 3844.0
  },
  "weighted avg": {
    "precision": 0.8147961487485448,
    "recall": 0.8139958376690947,
    "f1-score": 0.8136936247733363,
    "support": 3844.0
  }
}