{
  "0": {
    "precision": 0.9155188246097337,
    "recall": 0.910918227501142,
    "f1-score": 0.9132127318525304,
    "support": 2189.0
  },
  "1": {
    "precision": 0.7416020671834626,
    "recall": 0.7803153887982599,
    "f1-score": 0.7604663487016429,
    "support": 1839.0
  },
  "2": {
    "precision": 0.825187969924812,
    "recall": 0.8491295938104448,
    "f1-score": 0.8369876072449952,
    "support": 517.0
  },
  "3": {
    "precision": 0.7848837209302325,
    "recall": 0.6852791878172588,
    "f1-score": 0.7317073170731707,
    "support": 788.0
  },
  "accuracy": 0.8265516594787174,
  "macro avg": {
    "precision": 0.8167981456620602,
    "recall": 0.8064105994817765,
    "f1-score": 0.8105935012180847,
    "support": 5333.0
  },
  "weighted avg": {
    "precision": 0.8274868668976647,
    "recall": 0.8265516594787174,
    "f1-score": 0.8263319415126255,
    "support": 5333.0
  }
}