{
  "0": {
    "precision": 0.9067333939945404,
    "recall": 0.9104613978985838,
    "f1-score": 0.9085935719170276,
    "support": 2189.0
  },
  "1": {
    "precision": 0.7311557788944724,
    "recall": 0.7911908646003263,
    "f1-score": 0.7599895534082006,
    "support": 1839.0
  },
  "2": {
    "precision": 0.8333333333333334,
    "recall": 0.8220502901353965,
    "f1-score": 0.8276533592989289,
    "support": 517.0
  },
  "3": {
    "precision": 0.8173228346456692,
    "recall": 0.6586294416243654,
    "f1-score": 0.7294448348559381,
    "support": 788.0
  },
  "accuracy": 0.823551471966998,
  "macro avg": {
    "precision": 0.8221363352170039,
    "recall": 0.795582998564668,
    "f1-score": 0.8064203298700239,
    "support": 5333.0
  },
  "weighted avg": {
    "precision": 0.8258613545612422,
    "recall": 0.823551471966998,
    "f1-score": 0.8230323334461054,
    "support": 5333.0
  }
}