{
  "0": {
    "precision": 0.8870757180156658,
    "recall": 0.8911475409836066,
    "f1-score": 0.8891069676153092,
    "support": 1525.0
  },
  "1": {
    "precision": 0.6971782518926359,
    "recall": 0.7651057401812689,
    "f1-score": 0.7295642779978394,
    "support": 1324.0
  },
  "2": {
    "precision": 0.8158567774936062,
    "recall": 0.7742718446601942,
    "f1-score": 0.7945205479452054,
    "support": 412.0
  },
  "3": {
    "precision": 0.782051282051282,
    "recall": 0.62778730703259,
    "f1-score": 0.6964795432921027,
    "support": 583.0
  },
  "accuracy": 0.7952653485952134,
  "macro avg": {
    "precision": 0.7955405073632974,
    "recall": 0.764578108214415,
    "f1-score": 0.7774178342126141,
    "support": 3844.0
  },
  "weighted avg": {
    "precision": 0.7981070148915201,
    "recall": 0.7952653485952134,
    "f1-score": 0.7948026194524471,
    "support": 3844.0
  }
}