{
  "0": {
    "precision": 0.7349272349272349,
    "recall": 0.9272131147540984,
    "f1-score": 0.8199478109596985,
    "support": 1525.0
  },
  "1": {
    "precision": 0.5645833333333333,
    "recall": 0.8187311178247734,
    "f1-score": 0.6683107274969173,
    "support": 1324.0
  },
  "2": {
    "precision": 0.0,
    "recall": 0.0,
    "f1-score": 0.0,
    "support": 412.0
  },
  "3": {
    "precision": 0.0,
    "recall": 0.0,
    "f1-score": 0.0,
    "support": 583.0
  },
  "accuracy": 0.649843912591051,
  "macro avg": {
    "precision": 0.324877642065142,
    "recall": 0.43648605814471797,
    "f1-score": 0.37206463461415396,
    "support": 3844.0
  },
  "weighted avg": {
    "precision": 0.48602298818870104,
    "recall": 0.649843912591051,
    "f1-score": 0.5554796604889332,
    "support": 3844.0
  }
}