{
  "0": {
    "precision": 0.9069920844327177,
    "recall": 0.9016393442622951,
    "f1-score": 0.9043077934889839,
    "support": 1525.0
  },
  "1": {
    "precision": 0.7217514124293786,
    "recall": 0.7719033232628398,
    "f1-score": 0.745985401459854,
    "support": 1324.0
  },
  "2": {
    "precision": 0.8362282878411911,
    "recall": 0.8179611650485437,
    "f1-score": 0.8269938650306748,
    "support": 412.0
  },
  "3": {
    "precision": 0.768172888015717,
    "recall": 0.6706689536878216,
    "f1-score": 0.7161172161172161,
    "support": 583.0
  },
  "accuracy": 0.812955254942768,
  "macro avg": {
    "precision": 0.8082861681797511,
    "recall": 0.7905431965653751,
    "f1-score": 0.7983510690241823,
    "support": 3844.0
  },
  "weighted avg": {
    "precision": 0.8145506366077331,
    "recall": 0.812955254942768,
    "f1-score": 0.812947936002217,
    "support": 3844.0
  }
}