{
  "0": {
    "precision": 0.9041005291005291,
    "recall": 0.8963934426229508,
    "f1-score": 0.9002304906157392,
    "support": 1525.0
  },
  "1": {
    "precision": 0.7097442985487215,
    "recall": 0.775679758308157,
    "f1-score": 0.741248646697943,
    "support": 1324.0
  },
  "2": {
    "precision": 0.8423772609819121,
    "recall": 0.7912621359223301,
    "f1-score": 0.8160200250312891,
    "support": 412.0
  },
  "3": {
    "precision": 0.7590361445783133,
    "recall": 0.6483704974271012,
    "f1-score": 0.6993524514338575,
    "support": 583.0
  },
  "accuracy": 0.8059313215400624,
  "macro avg": {
    "precision": 0.803814558302369,
    "recall": 0.7779264585701348,
    "f1-score": 0.7892129034447072,
    "support": 3844.0
  },
  "weighted avg": {
    "precision": 0.808541171168189,
    "recall": 0.8059313215400624,
    "f1-score": 0.8059800821841594,
    "support": 3844.0
  }
}