{
  "0": {
    "precision": 0.8907692307692308,
    "recall": 0.8948995363214838,
    "f1-score": 0.8928296067848882,
    "support": 647.0
  },
  "1": {
    "precision": 0.6717791411042945,
    "recall": 0.7215815485996705,
    "f1-score": 0.6957903097696585,
    "support": 607.0
  },
  "2": {
    "precision": 0.8136363636363636,
    "recall": 0.8325581395348837,
    "f1-score": 0.8229885057471265,
    "support": 215.0
  },
  "3": {
    "precision": 0.7902298850574713,
    "recall": 0.685785536159601,
    "f1-score": 0.7343124165554072,
    "support": 401.0
  },
  "accuracy": 0.7866310160427807,
  "macro avg": {
    "precision": 0.7916036551418401,
    "recall": 0.7837061901539097,
    "f1-score": 0.78648020971427,
    "support": 1870.0
  },
  "weighted avg": {
    "precision": 0.789257557779606,
    "recall": 0.7866310160427807,
    "f1-score": 0.7868488135798694,
    "support": 1870.0
  }
}