{
  "0": {
    "precision": 0.9138502319416832,
    "recall": 0.9042622950819672,
    "f1-score": 0.9090309822017139,
    "support": 1525.0
  },
  "1": {
    "precision": 0.731966053748232,
    "recall": 0.7817220543806647,
    "f1-score": 0.7560262965668371,
    "support": 1324.0
  },
  "2": {
    "precision": 0.8345323741007195,
    "recall": 0.8446601941747572,
    "f1-score": 0.8395657418576599,
    "support": 412.0
  },
  "3": {
    "precision": 0.7777777777777778,
    "recall": 0.6723842195540308,
    "f1-score": 0.7212511499540019,
    "support": 583.0
  },
  "accuracy": 0.8204994797086368,
  "macro avg": {
    "precision": 0.8145316093921031,
    "recall": 0.800757190797855,
    "f1-score": 0.8064685426450531,
    "support": 3844.0
  },
  "weighted avg": {
    "precision": 0.8220646309697364,
    "recall": 0.8204994797086368,
    "f1-score": 0.8204062358430397,
    "support": 3844.0
  }
}