{
  "0": {
    "precision": 0.9326500732064422,
    "recall": 0.8730013704888077,
    "f1-score": 0.901840490797546,
    "support": 2189.0
  },
  "1": {
    "precision": 0.683022145028224,
    "recall": 0.8553561718325177,
    "f1-score": 0.7595364558184452,
    "support": 1839.0
  },
  "2": {
    "precision": 0.8218623481781376,
    "recall": 0.7852998065764023,
    "f1-score": 0.8031651829871415,
    "support": 517.0
  },
  "3": {
    "precision": 0.864476386036961,
    "recall": 0.5342639593908629,
    "f1-score": 0.6603921568627451,
    "support": 788.0
  },
  "accuracy": 0.808363022688918,
  "macro avg": {
    "precision": 0.8255027381124412,
    "recall": 0.7619803270721477,
    "f1-score": 0.7812335716164693,
    "support": 5333.0
  },
  "weighted avg": {
    "precision": 0.82575641499363,
    "recall": 0.808363022688918,
    "f1-score": 0.8075270571569744,
    "support": 5333.0
  }
}