{
  "0": {
    "precision": 0.9147180192572214,
    "recall": 0.9113750571037004,
    "f1-score": 0.9130434782608695,
    "support": 2189.0
  },
  "1": {
    "precision": 0.7417525773195877,
    "recall": 0.7824904839586732,
    "f1-score": 0.7615771368086796,
    "support": 1839.0
  },
  "2": {
    "precision": 0.8238636363636364,
    "recall": 0.8413926499032882,
    "f1-score": 0.8325358851674641,
    "support": 517.0
  },
  "3": {
    "precision": 0.7909356725146199,
    "recall": 0.6865482233502538,
    "f1-score": 0.7350543478260869,
    "support": 788.0
  },
  "accuracy": 0.8269266829176823,
  "macro avg": {
    "precision": 0.8178174763637662,
    "recall": 0.8054516035789789,
    "f1-score": 0.8105527120157751,
    "support": 5333.0
  },
  "weighted avg": {
    "precision": 0.8279759129544908,
    "recall": 0.8269266829176823,
    "f1-score": 0.8267084956352412,
    "support": 5333.0
  }
}