{
  "0": {
    "precision": 0.8276869158878505,
    "recall": 0.9291803278688524,
    "f1-score": 0.8755020080321285,
    "support": 1525.0
  },
  "1": {
    "precision": 0.7913907284768212,
    "recall": 0.18051359516616314,
    "f1-score": 0.2939729397293973,
    "support": 1324.0
  },
  "2": {
    "precision": 0.6114551083591331,
    "recall": 0.9587378640776699,
    "f1-score": 0.7466918714555766,
    "support": 412.0
  },
  "3": {
    "precision": 0.46283783783783783,
    "recall": 0.9399656946826758,
    "f1-score": 0.6202603282399547,
    "support": 583.0
  },
  "accuracy": 0.6761186264308012,
  "macro avg": {
    "precision": 0.6733426476404106,
    "recall": 0.7520993704488403,
    "f1-score": 0.6341067868642642,
    "support": 3844.0
  },
  "weighted avg": {
    "precision": 0.7366747750613178,
    "recall": 0.6761186264308012,
    "f1-score": 0.622687189608301,
    "support": 3844.0
  }
}