{
  "0": {
    "precision": 0.9118621603711067,
    "recall": 0.9022950819672131,
    "f1-score": 0.9070533948582729,
    "support": 1525.0
  },
  "1": {
    "precision": 0.7256699576868829,
    "recall": 0.777190332326284,
    "f1-score": 0.75054704595186,
    "support": 1324.0
  },
  "2": {
    "precision": 0.8215962441314554,
    "recall": 0.8495145631067961,
    "f1-score": 0.8353221957040573,
    "support": 412.0
  },
  "3": {
    "precision": 0.7861507128309573,
    "recall": 0.6620926243567753,
    "f1-score": 0.7188081936685289,
    "support": 583.0
  },
  "accuracy": 0.8171175858480749,
  "macro avg": {
    "precision": 0.8113197687551006,
    "recall": 0.7977731504392671,
    "f1-score": 0.8029327075456797,
    "support": 3844.0
  },
  "weighted avg": {
    "precision": 0.8189907223480692,
    "recall": 0.8171175858480749,
    "f1-score": 0.8169091148641916,
    "support": 3844.0
  }
}