{
  "0": {
    "precision": 0.8904320987654321,
    "recall": 0.8918083462132921,
    "f1-score": 0.8911196911196911,
    "support": 647.0
  },
  "1": {
    "precision": 0.6725239616613419,
    "recall": 0.6935749588138386,
    "f1-score": 0.6828872668288727,
    "support": 607.0
  },
  "2": {
    "precision": 0.8009049773755657,
    "recall": 0.8232558139534883,
    "f1-score": 0.8119266055045872,
    "support": 215.0
  },
  "3": {
    "precision": 0.7626666666666667,
    "recall": 0.713216957605985,
    "f1-score": 0.7371134020618557,
    "support": 401.0
  },
  "accuracy": 0.781283422459893,
  "macro avg": {
    "precision": 0.7816319261172516,
    "recall": 0.780464019146651,
    "f1-score": 0.7807617413787517,
    "support": 1870.0
  },
  "weighted avg": {
    "precision": 0.7820082973790101,
    "recall": 0.781283422459893,
    "f1-score": 0.7813977034919017,
    "support": 1870.0
  }
}