{
  "0": {
    "precision": 0.9071146245059288,
    "recall": 0.9029508196721312,
    "f1-score": 0.9050279329608939,
    "support": 1525.0
  },
  "1": {
    "precision": 0.7234794908062234,
    "recall": 0.7726586102719033,
    "f1-score": 0.7472607742878014,
    "support": 1324.0
  },
  "2": {
    "precision": 0.845771144278607,
    "recall": 0.8252427184466019,
    "f1-score": 0.8353808353808354,
    "support": 412.0
  },
  "3": {
    "precision": 0.7666666666666667,
    "recall": 0.6706689536878216,
    "f1-score": 0.7154620311070449,
    "support": 583.0
  },
  "accuracy": 0.8145161290322581,
  "macro avg": {
    "precision": 0.8107579815643564,
    "recall": 0.7928802755196145,
    "f1-score": 0.8007828934341439,
    "support": 3844.0
  },
  "weighted avg": {
    "precision": 0.8159888205797174,
    "recall": 0.8145161290322581,
    "f1-score": 0.8144724586978989,
    "support": 3844.0
  }
}