{
  "0": {
    "precision": 0.8836140888208269,
    "recall": 0.8918083462132921,
    "f1-score": 0.8876923076923077,
    "support": 647.0
  },
  "1": {
    "precision": 0.6645569620253164,
    "recall": 0.6919275123558485,
    "f1-score": 0.6779661016949152,
    "support": 607.0
  },
  "2": {
    "precision": 0.8230088495575221,
    "recall": 0.8651162790697674,
    "f1-score": 0.8435374149659864,
    "support": 215.0
  },
  "3": {
    "precision": 0.766016713091922,
    "recall": 0.685785536159601,
    "f1-score": 0.7236842105263158,
    "support": 401.0
  },
  "accuracy": 0.7796791443850267,
  "macro avg": {
    "precision": 0.7842991533738968,
    "recall": 0.7836594184496273,
    "f1-score": 0.7832200087198813,
    "support": 1870.0
  },
  "weighted avg": {
    "precision": 0.7803229925246898,
    "recall": 0.7796791443850267,
    "f1-score": 0.779369122697581,
    "support": 1870.0
  }
}