{
  "0": {
    "precision": 0.8956810631229236,
    "recall": 0.8839344262295082,
    "f1-score": 0.8897689768976897,
    "support": 1525.0
  },
  "1": {
    "precision": 0.738585496866607,
    "recall": 0.6231117824773413,
    "f1-score": 0.6759524784924211,
    "support": 1324.0
  },
  "2": {
    "precision": 0.7132216014897579,
    "recall": 0.9296116504854369,
    "f1-score": 0.8071654373024236,
    "support": 412.0
  },
  "3": {
    "precision": 0.6627737226277373,
    "recall": 0.7787307032590052,
    "f1-score": 0.7160883280757098,
    "support": 583.0
  },
  "accuracy": 0.7830385015608741,
  "macro avg": {
    "precision": 0.7525654710267564,
    "recall": 0.8038471406128229,
    "f1-score": 0.772243805192061,
    "support": 3844.0
  },
  "weighted avg": {
    "precision": 0.7866922994848068,
    "recall": 0.7830385015608741,
    "f1-score": 0.78092883109513,
    "support": 3844.0
  }
}