{
  "0": {
    "precision": 0.888208269525268,
    "recall": 0.8964451313755796,
    "f1-score": 0.8923076923076924,
    "support": 647.0
  },
  "1": {
    "precision": 0.6688,
    "recall": 0.6886326194398682,
    "f1-score": 0.6785714285714286,
    "support": 607.0
  },
  "2": {
    "precision": 0.8044444444444444,
    "recall": 0.8418604651162791,
    "f1-score": 0.8227272727272728,
    "support": 215.0
  },
  "3": {
    "precision": 0.7602179836512262,
    "recall": 0.6957605985037406,
    "f1-score": 0.7265625,
    "support": 401.0
  },
  "accuracy": 0.7796791443850267,
  "macro avg": {
    "precision": 0.7804176744052347,
    "recall": 0.7806747036088668,
    "f1-score": 0.7800422234015985,
    "support": 1870.0
  },
  "weighted avg": {
    "precision": 0.7799119344291688,
    "recall": 0.7796791443850267,
    "f1-score": 0.7793870910172715,
    "support": 1870.0
  }
}