{
  "0": {
    "precision": 0.9065174456879526,
    "recall": 0.9029508196721312,
    "f1-score": 0.90473061760841,
    "support": 1525.0
  },
  "1": {
    "precision": 0.7199434229137199,
    "recall": 0.7688821752265861,
    "f1-score": 0.743608473338203,
    "support": 1324.0
  },
  "2": {
    "precision": 0.8175355450236966,
    "recall": 0.837378640776699,
    "f1-score": 0.8273381294964028,
    "support": 412.0
  },
  "3": {
    "precision": 0.7811860940695297,
    "recall": 0.6552315608919382,
    "f1-score": 0.7126865671641791,
    "support": 583.0
  },
  "accuracy": 0.8121748178980229,
  "macro avg": {
    "precision": 0.8062956269237247,
    "recall": 0.7911107991418387,
    "f1-score": 0.7970909469017988,
    "support": 3844.0
  },
  "weighted avg": {
    "precision": 0.8137097643091029,
    "recall": 0.8121748178980229,
    "f1-score": 0.8118135766289907,
    "support": 3844.0
  }
}