{
  "0": {
    "precision": 0.913100724160632,
    "recall": 0.9095081967213114,
    "f1-score": 0.9113009198423128,
    "support": 1525.0
  },
  "1": {
    "precision": 0.7315340909090909,
    "recall": 0.7779456193353474,
    "f1-score": 0.7540263543191801,
    "support": 1324.0
  },
  "2": {
    "precision": 0.8253588516746412,
    "recall": 0.837378640776699,
    "f1-score": 0.8313253012048193,
    "support": 412.0
  },
  "3": {
    "precision": 0.7835671342685371,
    "recall": 0.6706689536878216,
    "f1-score": 0.722735674676525,
    "support": 583.0
  },
  "accuracy": 0.8202393340270552,
  "macro avg": {
    "precision": 0.8133902002532254,
    "recall": 0.7988753526302949,
    "f1-score": 0.8048470625107093,
    "support": 3844.0
  },
  "weighted avg": {
    "precision": 0.8215133264508611,
    "recall": 0.8202393340270552,
    "f1-score": 0.8199598642848389,
    "support": 3844.0
  }
}