{
  "0": {
    "precision": 0.9325897187196897,
    "recall": 0.8784833257195066,
    "f1-score": 0.9047282992237121,
    "support": 2189.0
  },
  "1": {
    "precision": 0.7616421568627451,
    "recall": 0.675910821098423,
    "f1-score": 0.7162201094785364,
    "support": 1839.0
  },
  "2": {
    "precision": 0.7166172106824926,
    "recall": 0.9342359767891683,
    "f1-score": 0.8110831234256927,
    "support": 517.0
  },
  "3": {
    "precision": 0.677720207253886,
    "recall": 0.8299492385786802,
    "f1-score": 0.7461494580718768,
    "support": 788.0
  },
  "accuracy": 0.8068629289330583,
  "macro avg": {
    "precision": 0.7721423233797033,
    "recall": 0.8296448405464445,
    "f1-score": 0.7945452475499545,
    "support": 5333.0
  },
  "weighted avg": {
    "precision": 0.8150447106669604,
    "recall": 0.8068629289330583,
    "f1-score": 0.807214471423862,
    "support": 5333.0
  }
}