{
  "0": {
    "precision": 0.8837920489296636,
    "recall": 0.893353941267388,
    "f1-score": 0.8885472713297463,
    "support": 647.0
  },
  "1": {
    "precision": 0.671850699844479,
    "recall": 0.7116968698517299,
    "f1-score": 0.6912,
    "support": 607.0
  },
  "2": {
    "precision": 0.8080357142857143,
    "recall": 0.8418604651162791,
    "f1-score": 0.8246013667425968,
    "support": 215.0
  },
  "3": {
    "precision": 0.7908309455587392,
    "recall": 0.6882793017456359,
    "f1-score": 0.736,
    "support": 401.0
  },
  "accuracy": 0.7844919786096257,
  "macro avg": {
    "precision": 0.788627352154649,
    "recall": 0.7837976444952583,
    "f1-score": 0.7850871595180857,
    "support": 1870.0
  },
  "weighted avg": {
    "precision": 0.7863517209644781,
    "recall": 0.7844919786096257,
    "f1-score": 0.7844244804278097,
    "support": 1870.0
  }
}