{
  "0": {
    "precision": 0.9151193633952255,
    "recall": 0.9049180327868852,
    "f1-score": 0.9099901088031652,
    "support": 1525.0
  },
  "1": {
    "precision": 0.7229496898690558,
    "recall": 0.7922960725075529,
    "f1-score": 0.7560360360360361,
    "support": 1324.0
  },
  "2": {
    "precision": 0.8463414634146341,
    "recall": 0.8422330097087378,
    "f1-score": 0.8442822384428224,
    "support": 412.0
  },
  "3": {
    "precision": 0.7873684210526316,
    "recall": 0.6415094339622641,
    "f1-score": 0.7069943289224953,
    "support": 583.0
  },
  "accuracy": 0.8194588969823101,
  "macro avg": {
    "precision": 0.8179447344328867,
    "recall": 0.79523913724136,
    "f1-score": 0.8043256780511298,
    "support": 3844.0
  },
  "weighted avg": {
    "precision": 0.8221828540491317,
    "recall": 0.8194588969823101,
    "f1-score": 0.8191333516224757,
    "support": 3844.0
  }
}