{
  "0": {
    "precision": 0.90625,
    "recall": 0.9008679762448607,
    "f1-score": 0.9035509736540664,
    "support": 2189.0
  },
  "1": {
    "precision": 0.7240479916536254,
    "recall": 0.754758020663404,
    "f1-score": 0.739084132055378,
    "support": 1839.0
  },
  "2": {
    "precision": 0.819047619047619,
    "recall": 0.8317214700193424,
    "f1-score": 0.8253358925143954,
    "support": 517.0
  },
  "3": {
    "precision": 0.7552447552447552,
    "recall": 0.6852791878172588,
    "f1-score": 0.718562874251497,
    "support": 788.0
  },
  "accuracy": 0.8119257453590849,
  "macro avg": {
    "precision": 0.8011475914864998,
    "recall": 0.7931566636862164,
    "f1-score": 0.7966334681188342,
    "support": 5333.0
  },
  "weighted avg": {
    "precision": 0.8126544145568166,
    "recall": 0.8119257453590849,
    "f1-score": 0.8119210578508745,
    "support": 5333.0
  }
}