{
  "0": {
    "precision": 0.9061444969615124,
    "recall": 0.88,
    "f1-score": 0.8928809048569527,
    "support": 1525.0
  },
  "1": {
    "precision": 0.7375527426160338,
    "recall": 0.6601208459214502,
    "f1-score": 0.6966919091271423,
    "support": 1324.0
  },
  "2": {
    "precision": 0.7359223300970874,
    "recall": 0.9199029126213593,
    "f1-score": 0.8176914778856527,
    "support": 412.0
  },
  "3": {
    "precision": 0.6772247360482655,
    "recall": 0.7701543739279588,
    "f1-score": 0.7207062600321027,
    "support": 583.0
  },
  "accuracy": 0.7918834547346514,
  "macro avg": {
    "precision": 0.7642110764307248,
    "recall": 0.807544533117692,
    "f1-score": 0.7819926379754626,
    "support": 3844.0
  },
  "weighted avg": {
    "precision": 0.7951124376186456,
    "recall": 0.7918834547346514,
    "f1-score": 0.7911353033503628,
    "support": 3844.0
  }
}