{
  "0": {
    "precision": 0.9139981701738334,
    "recall": 0.912745545911375,
    "f1-score": 0.9133714285714286,
    "support": 2189.0
  },
  "1": {
    "precision": 0.7420020639834881,
    "recall": 0.7819467101685699,
    "f1-score": 0.7614508869473127,
    "support": 1839.0
  },
  "2": {
    "precision": 0.8269961977186312,
    "recall": 0.8413926499032882,
    "f1-score": 0.8341323106423778,
    "support": 517.0
  },
  "3": {
    "precision": 0.787701317715959,
    "recall": 0.682741116751269,
    "f1-score": 0.7314751869476547,
    "support": 788.0
  },
  "accuracy": 0.8267391711981998,
  "macro avg": {
    "precision": 0.817674437397978,
    "recall": 0.8047065056836256,
    "f1-score": 0.8101074532771935,
    "support": 5333.0
  },
  "weighted avg": {
    "precision": 0.827592248782461,
    "recall": 0.8267391711981998,
    "f1-score": 0.8264254809967797,
    "support": 5333.0
  }
}