{
  "0": {
    "precision": 0.7223575255723331,
    "recall": 0.9724590163934427,
    "f1-score": 0.8289547233091112,
    "support": 1525.0
  },
  "1": {
    "precision": 0.7594501718213058,
    "recall": 0.16691842900302115,
    "f1-score": 0.2736842105263158,
    "support": 1324.0
  },
  "2": {
    "precision": 0.7573033707865169,
    "recall": 0.8179611650485437,
    "f1-score": 0.7864644107351225,
    "support": 412.0
  },
  "3": {
    "precision": 0.48625592417061614,
    "recall": 0.8799313893653516,
    "f1-score": 0.6263736263736264,
    "support": 583.0
  },
  "accuracy": 0.6644120707596254,
  "macro avg": {
    "precision": 0.6813417480876931,
    "recall": 0.7093174999525897,
    "f1-score": 0.6288692427360439,
    "support": 3844.0
  },
  "weighted avg": {
    "precision": 0.7030706156463921,
    "recall": 0.6644120707596254,
    "f1-score": 0.60242273912121,
    "support": 3844.0
  }
}