{
  "0": {
    "precision": 0.8959627329192547,
    "recall": 0.8918083462132921,
    "f1-score": 0.8938807126258714,
    "support": 647.0
  },
  "1": {
    "precision": 0.6723338485316847,
    "recall": 0.7166392092257001,
    "f1-score": 0.69377990430622,
    "support": 607.0
  },
  "2": {
    "precision": 0.8,
    "recall": 0.8558139534883721,
    "f1-score": 0.8269662921348314,
    "support": 215.0
  },
  "3": {
    "precision": 0.7936962750716332,
    "recall": 0.6907730673316709,
    "f1-score": 0.7386666666666667,
    "support": 401.0
  },
  "accuracy": 0.7877005347593583,
  "macro avg": {
    "precision": 0.7904982141306431,
    "recall": 0.7887586440647588,
    "f1-score": 0.7883233939333973,
    "support": 1870.0
  },
  "weighted avg": {
    "precision": 0.7904100216904895,
    "recall": 0.7877005347593583,
    "f1-score": 0.787950967446597,
    "support": 1870.0
  }
}