{
  "0": {
    "precision": 0.9135632183908046,
    "recall": 0.9077204202832344,
    "f1-score": 0.9106324472960586,
    "support": 2189.0
  },
  "1": {
    "precision": 0.7365145228215768,
    "recall": 0.7721587819467102,
    "f1-score": 0.7539155826917971,
    "support": 1839.0
  },
  "2": {
    "precision": 0.820952380952381,
    "recall": 0.8336557059961315,
    "f1-score": 0.8272552783109405,
    "support": 517.0
  },
  "3": {
    "precision": 0.7716312056737589,
    "recall": 0.6903553299492385,
    "f1-score": 0.7287340924313462,
    "support": 788.0
  },
  "accuracy": 0.8216763547721733,
  "macro avg": {
    "precision": 0.8106653319596302,
    "recall": 0.8009725595438286,
    "f1-score": 0.8051343501825357,
    "support": 5333.0
  },
  "weighted avg": {
    "precision": 0.8225610094786525,
    "recall": 0.8216763547721733,
    "f1-score": 0.8216310945854011,
    "support": 5333.0
  }
}