{
  "0": {
    "precision": 0.9084321475625824,
    "recall": 0.9042622950819672,
    "f1-score": 0.9063424252382517,
    "support": 1525.0
  },
  "1": {
    "precision": 0.7212294496068621,
    "recall": 0.7620845921450151,
    "f1-score": 0.7410943811972089,
    "support": 1324.0
  },
  "2": {
    "precision": 0.8183962264150944,
    "recall": 0.8422330097087378,
    "f1-score": 0.8301435406698564,
    "support": 412.0
  },
  "3": {
    "precision": 0.7634194831013916,
    "recall": 0.6586620926243568,
    "f1-score": 0.7071823204419889,
    "support": 583.0
  },
  "accuracy": 0.8113943808532779,
  "macro avg": {
    "precision": 0.8028693266714826,
    "recall": 0.7918104973900193,
    "f1-score": 0.7961906668868265,
    "support": 3844.0
  },
  "weighted avg": {
    "precision": 0.8123099948604457,
    "recall": 0.8113943808532779,
    "f1-score": 0.8110529632588707,
    "support": 3844.0
  }
}