{
  "0": {
    "precision": 0.7085904129093498,
    "recall": 0.9790163934426229,
    "f1-score": 0.822136563876652,
    "support": 1525.0
  },
  "1": {
    "precision": 0.9285714285714286,
    "recall": 0.009818731117824773,
    "f1-score": 0.01943198804185351,
    "support": 1324.0
  },
  "2": {
    "precision": 0.6164154103852596,
    "recall": 0.8932038834951457,
    "f1-score": 0.7294350842418236,
    "support": 412.0
  },
  "3": {
    "precision": 0.4724689165186501,
    "recall": 0.9125214408233276,
    "f1-score": 0.6225863077823288,
    "support": 583.0
  },
  "accuracy": 0.6259105098855359,
  "macro avg": {
    "precision": 0.6815115420961719,
    "recall": 0.6986401122197302,
    "f1-score": 0.5483974859856644,
    "support": 3844.0
  },
  "weighted avg": {
    "precision": 0.7386684387420472,
    "recall": 0.6259105098855359,
    "f1-score": 0.5054581904849212,
    "support": 3844.0
  }
}