{
  "0": {
    "precision": 0.6885022176731491,
    "recall": 0.9218821379625399,
    "f1-score": 0.78828125,
    "support": 2189.0
  },
  "1": {
    "precision": 0.6328059950041632,
    "recall": 0.8265361609570419,
    "f1-score": 0.7168120726243811,
    "support": 1839.0
  },
  "2": {
    "precision": 0.0,
    "recall": 0.0,
    "f1-score": 0.0,
    "support": 517.0
  },
  "3": {
    "precision": 0.0,
    "recall": 0.0,
    "f1-score": 0.0,
    "support": 788.0
  },
  "accuracy": 0.6634164635289705,
  "macro avg": {
    "precision": 0.3303270531693281,
    "recall": 0.43710457472989545,
    "f1-score": 0.37627333065609525,
    "support": 5333.0
  },
  "weighted avg": {
    "precision": 0.5008178472340483,
    "recall": 0.6634164635289705,
    "f1-score": 0.5707416196899,
    "support": 5333.0
  }
}