{
  "0": {
    "precision": 0.8992805755395683,
    "recall": 0.9016393442622951,
    "f1-score": 0.9004584151931893,
    "support": 1525.0
  },
  "1": {
    "precision": 0.7199715707178393,
    "recall": 0.7651057401812689,
    "f1-score": 0.7418528011717319,
    "support": 1324.0
  },
  "2": {
    "precision": 0.8046511627906977,
    "recall": 0.8398058252427184,
    "f1-score": 0.8218527315914489,
    "support": 412.0
  },
  "3": {
    "precision": 0.7887029288702929,
    "recall": 0.6466552315608919,
    "f1-score": 0.7106503298774741,
    "support": 583.0
  },
  "accuracy": 0.8093132154006244,
  "macro avg": {
    "precision": 0.8031515594795996,
    "recall": 0.7883015353117935,
    "f1-score": 0.793703569458461,
    "support": 3844.0
  },
  "weighted avg": {
    "precision": 0.8106075244353301,
    "recall": 0.8093132154006244,
    "f1-score": 0.8086172371631714,
    "support": 3844.0
  }
}