{
  "0": {
    "precision": 0.9099547511312217,
    "recall": 0.9186843307446323,
    "f1-score": 0.9142987042509662,
    "support": 2189.0
  },
  "1": {
    "precision": 0.7521186440677966,
    "recall": 0.7721587819467102,
    "f1-score": 0.762006976120204,
    "support": 1839.0
  },
  "2": {
    "precision": 0.8388998035363457,
    "recall": 0.8259187620889749,
    "f1-score": 0.8323586744639376,
    "support": 517.0
  },
  "3": {
    "precision": 0.7713498622589532,
    "recall": 0.7106598984771574,
    "f1-score": 0.7397622192866579,
    "support": 788.0
  },
  "accuracy": 0.8284267766735421,
  "macro avg": {
    "precision": 0.8180807652485793,
    "recall": 0.8068554433143686,
    "f1-score": 0.8121066435304415,
    "support": 5333.0
  },
  "weighted avg": {
    "precision": 0.8281590149175452,
    "recall": 0.8284267766735421,
    "f1-score": 0.8280503949345889,
    "support": 5333.0
  }
}