{
  "0": {
    "precision": 0.8918083462132921,
    "recall": 0.8918083462132921,
    "f1-score": 0.8918083462132921,
    "support": 647.0
  },
  "1": {
    "precision": 0.6682539682539682,
    "recall": 0.6935749588138386,
    "f1-score": 0.6806790622473726,
    "support": 607.0
  },
  "2": {
    "precision": 0.8009049773755657,
    "recall": 0.8232558139534883,
    "f1-score": 0.8119266055045872,
    "support": 215.0
  },
  "3": {
    "precision": 0.7634408602150538,
    "recall": 0.7082294264339152,
    "f1-score": 0.7347994825355757,
    "support": 401.0
  },
  "accuracy": 0.7802139037433156,
  "macro avg": {
    "precision": 0.78110203801447,
    "recall": 0.7792171363536335,
    "f1-score": 0.7798033741252068,
    "support": 1870.0
  },
  "weighted avg": {
    "precision": 0.7812644458888459,
    "recall": 0.7802139037433156,
    "f1-score": 0.7804229965050307,
    "support": 1870.0
  }
}