{
  "0": {
    "precision": 0.9131299734748011,
    "recall": 0.9029508196721312,
    "f1-score": 0.9080118694362018,
    "support": 1525.0
  },
  "1": {
    "precision": 0.723965763195435,
    "recall": 0.7666163141993958,
    "f1-score": 0.7446808510638298,
    "support": 1324.0
  },
  "2": {
    "precision": 0.8313253012048193,
    "recall": 0.837378640776699,
    "f1-score": 0.8343409915356711,
    "support": 412.0
  },
  "3": {
    "precision": 0.7533718689788054,
    "recall": 0.6706689536878216,
    "f1-score": 0.7096188747731398,
    "support": 583.0
  },
  "accuracy": 0.813735691987513,
  "macro avg": {
    "precision": 0.8054482267134652,
    "recall": 0.7944036820840119,
    "f1-score": 0.7991631467022107,
    "support": 3844.0
  },
  "weighted avg": {
    "precision": 0.8149780706896089,
    "recall": 0.813735691987513,
    "f1-score": 0.8137699896472829,
    "support": 3844.0
  }
}