{
  "0": {
    "precision": 0.91005291005291,
    "recall": 0.9022950819672131,
    "f1-score": 0.906157392163319,
    "support": 1525.0
  },
  "1": {
    "precision": 0.7268847795163584,
    "recall": 0.7719033232628398,
    "f1-score": 0.7487179487179487,
    "support": 1324.0
  },
  "2": {
    "precision": 0.8199052132701422,
    "recall": 0.8398058252427184,
    "f1-score": 0.829736211031175,
    "support": 412.0
  },
  "3": {
    "precision": 0.7777777777777778,
    "recall": 0.6723842195540308,
    "f1-score": 0.7212511499540019,
    "support": 583.0
  },
  "accuracy": 0.8158168574401665,
  "macro avg": {
    "precision": 0.8086551701542971,
    "recall": 0.7965971125067006,
    "f1-score": 0.8014656754666112,
    "support": 3844.0
  },
  "weighted avg": {
    "precision": 0.8172402518787953,
    "recall": 0.8158168574401665,
    "f1-score": 0.8156954543495455,
    "support": 3844.0
  }
}