{
  "0": {
    "precision": 0.891271056661562,
    "recall": 0.8995363214837713,
    "f1-score": 0.8953846153846153,
    "support": 647.0
  },
  "1": {
    "precision": 0.6749611197511665,
    "recall": 0.71499176276771,
    "f1-score": 0.6944,
    "support": 607.0
  },
  "2": {
    "precision": 0.8133333333333334,
    "recall": 0.8511627906976744,
    "f1-score": 0.8318181818181818,
    "support": 215.0
  },
  "3": {
    "precision": 0.7879656160458453,
    "recall": 0.685785536159601,
    "f1-score": 0.7333333333333333,
    "support": 401.0
  },
  "accuracy": 0.788235294117647,
  "macro avg": {
    "precision": 0.7918827814479767,
    "recall": 0.7878691027771891,
    "f1-score": 0.7887340326340326,
    "support": 1870.0
  },
  "weighted avg": {
    "precision": 0.7899436641978819,
    "recall": 0.788235294117647,
    "f1-score": 0.7880867496852524,
    "support": 1870.0
  }
}