{
  "0": {
    "precision": 0.9143426294820717,
    "recall": 0.9029508196721312,
    "f1-score": 0.9086110194655229,
    "support": 1525.0
  },
  "1": {
    "precision": 0.7219512195121951,
    "recall": 0.7824773413897281,
    "f1-score": 0.7509967379485321,
    "support": 1324.0
  },
  "2": {
    "precision": 0.8341346153846154,
    "recall": 0.8422330097087378,
    "f1-score": 0.8381642512077294,
    "support": 412.0
  },
  "3": {
    "precision": 0.7782340862422998,
    "recall": 0.6500857632933105,
    "f1-score": 0.708411214953271,
    "support": 583.0
  },
  "accuracy": 0.8165972944849116,
  "macro avg": {
    "precision": 0.8121656376552955,
    "recall": 0.7944367335159769,
    "f1-score": 0.8015458058937639,
    "support": 3844.0
  },
  "weighted avg": {
    "precision": 0.8188371119698304,
    "recall": 0.8165972944849116,
    "f1-score": 0.8164097022747451,
    "support": 3844.0
  }
}