{
  "0": {
    "precision": 0.9254510921177588,
    "recall": 0.890360895386021,
    "f1-score": 0.9075669383003493,
    "support": 2189.0
  },
  "1": {
    "precision": 0.716572504708098,
    "recall": 0.8276237085372485,
    "f1-score": 0.7681049709815796,
    "support": 1839.0
  },
  "2": {
    "precision": 0.8164435946462715,
    "recall": 0.8259187620889749,
    "f1-score": 0.8211538461538461,
    "support": 517.0
  },
  "3": {
    "precision": 0.8379310344827586,
    "recall": 0.616751269035533,
    "f1-score": 0.7105263157894737,
    "support": 788.0
  },
  "accuracy": 0.8220513782111382,
  "macro avg": {
    "precision": 0.8240995564887217,
    "recall": 0.7901636587619443,
    "f1-score": 0.801838017806312,
    "support": 5333.0
  },
  "weighted avg": {
    "precision": 0.8299231708997753,
    "recall": 0.8220513782111382,
    "f1-score": 0.821983938660835,
    "support": 5333.0
  }
}