{
  "0": {
    "precision": 0.910761154855643,
    "recall": 0.9101639344262296,
    "f1-score": 0.9104624467038374,
    "support": 1525.0
  },
  "1": {
    "precision": 0.7248787248787248,
    "recall": 0.7900302114803626,
    "f1-score": 0.7560534875316227,
    "support": 1324.0
  },
  "2": {
    "precision": 0.849624060150376,
    "recall": 0.8228155339805825,
    "f1-score": 0.8360049321824907,
    "support": 412.0
  },
  "3": {
    "precision": 0.7887029288702929,
    "recall": 0.6466552315608919,
    "f1-score": 0.7106503298774741,
    "support": 583.0
  },
  "accuracy": 0.8194588969823101,
  "macro avg": {
    "precision": 0.8184917171887592,
    "recall": 0.7924162278620166,
    "f1-score": 0.8032927990738562,
    "support": 3844.0
  },
  "weighted avg": {
    "precision": 0.821672506037363,
    "recall": 0.8194588969823101,
    "f1-score": 0.8189940746859975,
    "support": 3844.0
  }
}