{
  "0": {
    "precision": 0.9062087186261559,
    "recall": 0.899672131147541,
    "f1-score": 0.9029285949325436,
    "support": 1525.0
  },
  "1": {
    "precision": 0.7076299797434166,
    "recall": 0.7915407854984894,
    "f1-score": 0.7472370766488413,
    "support": 1324.0
  },
  "2": {
    "precision": 0.8571428571428571,
    "recall": 0.8155339805825242,
    "f1-score": 0.835820895522388,
    "support": 412.0
  },
  "3": {
    "precision": 0.787746170678337,
    "recall": 0.6174957118353345,
    "f1-score": 0.6923076923076923,
    "support": 583.0
  },
  "accuracy": 0.8106139438085328,
  "macro avg": {
    "precision": 0.8146819315476916,
    "recall": 0.7810606522659723,
    "f1-score": 0.7945735648528665,
    "support": 3844.0
  },
  "weighted avg": {
    "precision": 0.8145861768297342,
    "recall": 0.8106139438085328,
    "f1-score": 0.8101669069526023,
    "support": 3844.0
  }
}