{
  "0": {
    "precision": 0.9103493737640079,
    "recall": 0.9055737704918033,
    "f1-score": 0.9079552925706772,
    "support": 1525.0
  },
  "1": {
    "precision": 0.7253371185237757,
    "recall": 0.7719033232628398,
    "f1-score": 0.747896084888401,
    "support": 1324.0
  },
  "2": {
    "precision": 0.8207547169811321,
    "recall": 0.8446601941747572,
    "f1-score": 0.8325358851674641,
    "support": 412.0
  },
  "3": {
    "precision": 0.7813765182186235,
    "recall": 0.6620926243567753,
    "f1-score": 0.7168059424326834,
    "support": 583.0
  },
  "accuracy": 0.8160770031217481,
  "macro avg": {
    "precision": 0.8094544318718848,
    "recall": 0.7960574780715439,
    "f1-score": 0.8012983012648064,
    "support": 3844.0
  },
  "weighted avg": {
    "precision": 0.8174616528182297,
    "recall": 0.8160770031217481,
    "f1-score": 0.8157515313969239,
    "support": 3844.0
  }
}