uuid,year,high_ndmi_days
00073cc1-4546-40f9-bc97-61578992bffc,2024,0
001b3d5f-c779-4f0a-89c4-fa7ce600e296,2020,20
007eb102-af53-4a46-bc8f-9a0dba9e1f25,2023,0
007eb102-af53-4a46-bc8f-9a0dba9e1f25,2024,360
008fd9c9-ddf7-4836-8044-6a4ea6739475,2020,355
008fd9c9-ddf7-4836-8044-6a4ea6739475,2021,360
008fd9c9-ddf7-4836-8044-6a4ea6739475,2022,40
008fd9c9-ddf7-4836-8044-6a4ea6739475,2023,0
008fd9c9-ddf7-4836-8044-6a4ea6739475,2024,335
00d124c3-5b00-4c7a-a4c6-3f74593feb8b,2020,5
00d124c3-5b00-4c7a-a4c6-3f74593feb8b,2021,10
00d124c3-5b00-4c7a-a4c6-3f74593feb8b,2024,5
00f95916-99e0-4357-bb6c-bdc471c175e3,2021,5
00f95916-99e0-4357-bb6c-bdc471c175e3,2022,0
01061601-2fcf-4c0d-ac80-7a60ae69acb0,2020,315
01061601-2fcf-4c0d-ac80-7a60ae69acb0,2021,345
01061601-2fcf-4c0d-ac80-7a60ae69acb0,2022,10
01061601-2fcf-4c0d-ac80-7a60ae69acb0,2023,5
01061601-2fcf-4c0d-ac80-7a60ae69acb0,2024,85
01150146-168c-49ba-afae-9e70e45b24ea,2023,20
01150146-168c-49ba-afae-9e70e45b24ea,2024,0
0141dfb6-98dd-4964-8c89-939eb60d0073,2020,0
0141dfb6-98dd-4964-8c89-939eb60d0073,2024,5
0177a187-3cd3-48ca-8876-34e1400948e9,2020,10
0177a187-3cd3-48ca-8876-34e1400948e9,2021,0
0177a187-3cd3-48ca-8876-34e1400948e9,2023,20
0177a187-3cd3-48ca-8876-34e1400948e9,2024,15
01d37195-7ac6-41d4-a395-08fe99000252,2023,0
01eb4109-d92c-4c38-bb0a-feba844266ec,2023,15
01eb4109-d92c-4c38-bb0a-feba844266ec,2024,355
01ee39ab-c1d1-42ca-a83a-83b6b09984e4,2023,20
01ee39ab-c1d1-42ca-a83a-83b6b09984e4,2024,0
020a7c2d-7c5d-4bf8-9383-1f5f320a655b,2024,340
020c3106-906b-4aa9-b4e4-4a3cdd79fa64,2020,10
02173661-6e91-4137-92a8-50f78696dc60,2023,10
024955c9-c253-48fc-ba18-a7006786b5fc,2020,5
0255919c-1555-4ecc-b26d-0cc8d18f3164,2021,0
0255919c-1555-4ecc-b26d-0cc8d18f3164,2022,0
027852ae-b1c0-48fa-b42d-3832efa88a86,2020,5
027852ae-b1c0-48fa-b42d-3832efa88a86,2021,0
027852ae-b1c0-48fa-b42d-3832efa88a86,2022,0
027852ae-b1c0-48fa-b42d-3832efa88a86,2023,0
02b2f958-5a08-4269-b5b8-9387742980ca,2020,0
02eb4eaf-c75d-47b9-b6e6-3242ef42ed1a,2020,5
02eb4eaf-c75d-47b9-b6e6-3242ef42ed1a,2024,0
0356bc06-6737-4072-a45c-3c4daf94e792,2023,0
036177c5-4a4a-4a36-9551-57007f83b74b,2023,5
036177c5-4a4a-4a36-9551-57007f83b74b,2024,0
0361a88e-af4a-42c6-af2c-81091a816d6b,2021,0
03742405-58e8-478c-bccb-bf61aef5dd47,2020,10
03742405-58e8-478c-bccb-bf61aef5dd47,2022,5
03742405-58e8-478c-bccb-bf61aef5dd47,2023,20
03742405-58e8-478c-bccb-bf61aef5dd47,2024,5
038af89b-0c35-4964-8233-84258a1a568d,2022,0
038af89b-0c35-4964-8233-84258a1a568d,2023,5
039acfa8-0b3f-455c-a300-90fae889d4dc,2024,10
03e08ae7-01ce-4c5d-9dc0-0a3faa13b249,2024,5
03e9a455-4292-4634-b78c-207517ceae78,2023,15
03fff184-68d2-4c43-bec6-2eda81ec8e93,2020,55
03fff184-68d2-4c43-bec6-2eda81ec8e93,2024,0
04140f87-ae23-46f7-9010-8aa2b1474841,2023,0
04140f87-ae23-46f7-9010-8aa2b1474841,2024,0
043cbe23-d12b-423c-bffb-0aefbcea42cc,2020,20
043cbe23-d12b-423c-bffb-0aefbcea42cc,2021,150
043ea314-e074-43c4-8add-c03f11805b0d,2023,0
044a2db8-70df-42a0-9fd3-83c5b6c82f1c,2023,0
045c2c85-4fb3-4d5d-89b6-fc4a64f2a2bb,2020,0
045e8961-7def-489a-8bd7-72d4da8e6800,2020,0
045e8961-7def-489a-8bd7-72d4da8e6800,2023,5
045e8961-7def-489a-8bd7-72d4da8e6800,2024,355
04ecde85-5828-48f5-8a15-b18a0bc4cc9a,2020,10
04ecde85-5828-48f5-8a15-b18a0bc4cc9a,2021,360
04ecde85-5828-48f5-8a15-b18a0bc4cc9a,2024,5
04edc7a7-40ae-4306-ab96-d8c22ad2e0ab,2023,5
04efba47-08b9-4a81-97fa-99909f8e51b3,2022,5
04fb8a8e-8402-4ff6-b895-31f3b76724f8,2023,10
04fb8a8e-8402-4ff6-b895-31f3b76724f8,2024,0
0527f1aa-3684-40ea-b098-43510db95ee8,2024,0
052ff195-a58d-46ca-8b98-bb4436dd289e,2020,10
052ff195-a58d-46ca-8b98-bb4436dd289e,2021,0
052ff195-a58d-46ca-8b98-bb4436dd289e,2022,5
052ff195-a58d-46ca-8b98-bb4436dd289e,2024,0
05429dcf-dc46-4cbe-be9d-a5eda02056c6,2023,0
0548fcd7-994c-42f1-b6b7-764a9ba36b07,2020,10
0548fcd7-994c-42f1-b6b7-764a9ba36b07,2021,0
0548fcd7-994c-42f1-b6b7-764a9ba36b07,2024,0
054ae5bb-1d0c-485e-bd17-1ba34d359487,2020,0
054ae5bb-1d0c-485e-bd17-1ba34d359487,2021,0
054ae5bb-1d0c-485e-bd17-1ba34d359487,2022,5
054ae5bb-1d0c-485e-bd17-1ba34d359487,2023,360
054ae5bb-1d0c-485e-bd17-1ba34d359487,2024,5
055e5057-75b9-46fa-95dc-ee9f08816482,2021,0
055e5057-75b9-46fa-95dc-ee9f08816482,2022,0
055e5057-75b9-46fa-95dc-ee9f08816482,2024,0
055ebb88-4c1c-4b40-9ff3-b342febc1f20,2024,5
0561d39d-8017-46b0-92c5-920048debd2e,2021,5
0561d39d-8017-46b0-92c5-920048debd2e,2022,5
05724070-51aa-4ea3-b85c-10215479b74e,2023,5
0593e400-ff18-434f-8498-d7d9374579c0,2021,5
0593e400-ff18-434f-8498-d7d9374579c0,2022,5
0593e400-ff18-434f-8498-d7d9374579c0,2023,5
05a76e2a-feef-46d5-a2cb-c22fe546b2eb,2020,5
05a76e2a-feef-46d5-a2cb-c22fe546b2eb,2021,5
05a76e2a-feef-46d5-a2cb-c22fe546b2eb,2022,0
05a76e2a-feef-46d5-a2cb-c22fe546b2eb,2024,0
05b05c56-5915-4967-a5e9-468ad51eae04,2023,0
05b05c56-5915-4967-a5e9-468ad51eae04,2024,5
05c37a7e-bcd9-47bd-8496-0f8f797342e7,2022,0
05c37a7e-bcd9-47bd-8496-0f8f797342e7,2023,5
05c84b5a-5d07-41ab-a420-da4606bfa97e,2023,0
05c84b5a-5d07-41ab-a420-da4606bfa97e,2024,0
060068cf-bf59-4dee-b852-98ee64619984,2021,250
060068cf-bf59-4dee-b852-98ee64619984,2022,10
060068cf-bf59-4dee-b852-98ee64619984,2023,135
060068cf-bf59-4dee-b852-98ee64619984,2024,5
061f0cd4-14be-41f6-a45e-831f706910f5,2021,5
061f0cd4-14be-41f6-a45e-831f706910f5,2022,0
06527fd2-0770-4ba8-9531-915487f6e473,2021,5
0676a7ed-5080-4d2d-bc55-c88efeec45c1,2023,15
069af565-6086-4b6d-9375-75dc960c4fee,2023,0
06a81b6a-c3b3-4650-a432-a3b03b7734a8,2020,15
06a81b6a-c3b3-4650-a432-a3b03b7734a8,2023,5
06a81b6a-c3b3-4650-a432-a3b03b7734a8,2024,5
06cd4290-8e0c-4b18-a8df-5c83cf42319c,2023,15
06cd4290-8e0c-4b18-a8df-5c83cf42319c,2024,5
06f41797-7d4a-4c25-a2e1-98ae5641c5d1,2023,55
06f41797-7d4a-4c25-a2e1-98ae5641c5d1,2024,0
06fa91f0-f998-4950-afdb-778442065cd8,2024,260
06fcfc6e-f2b4-4a20-b134-d7c94d3d8d52,2020,345
06fcfc6e-f2b4-4a20-b134-d7c94d3d8d52,2021,10
06fcfc6e-f2b4-4a20-b134-d7c94d3d8d52,2022,10
06fcfc6e-f2b4-4a20-b134-d7c94d3d8d52,2023,25
06fcfc6e-f2b4-4a20-b134-d7c94d3d8d52,2024,355
070e8da0-848d-476d-ab98-6787b8d86fc3,2024,0
07387c15-ead6-41ee-a776-44b97d68e232,2024,0
07469a42-13a3-40aa-8a4a-1d0275b5bde1,2021,5
07519ae0-dd6a-41f3-b4ee-7fc58641b154,2023,20
07519ae0-dd6a-41f3-b4ee-7fc58641b154,2024,5
0759a481-af5a-4135-93e2-a1de98506d15,2023,0
0759a481-af5a-4135-93e2-a1de98506d15,2024,5
075dfef6-93c6-447c-aae2-5d99a97d8e72,2020,5
075dfef6-93c6-447c-aae2-5d99a97d8e72,2023,10
075dfef6-93c6-447c-aae2-5d99a97d8e72,2024,0
076424b4-4bb1-4a44-8fb2-3aba4614b885,2024,360
07683c38-65d8-4848-aba8-e2873d47e3d9,2024,10
0772e353-b6d4-43ce-af39-9f50b39878d4,2020,0
0772e353-b6d4-43ce-af39-9f50b39878d4,2021,20
0772e353-b6d4-43ce-af39-9f50b39878d4,2023,5
07b35f02-d0f9-49d8-b698-fa4b51eef698,2020,0
07b35f02-d0f9-49d8-b698-fa4b51eef698,2021,0
07b35f02-d0f9-49d8-b698-fa4b51eef698,2022,0
07b35f02-d0f9-49d8-b698-fa4b51eef698,2023,10
07b938ac-4da5-4298-b942-c5dfceb84a08,2021,0
07b938ac-4da5-4298-b942-c5dfceb84a08,2022,0
07b938ac-4da5-4298-b942-c5dfceb84a08,2024,0
07df8b1e-7851-4519-be45-c44eaf0db7e3,2023,10
07df8b1e-7851-4519-be45-c44eaf0db7e3,2024,5
07e244c9-e38b-4860-9b4c-38f1dd6c322c,2020,10
07e244c9-e38b-4860-9b4c-38f1dd6c322c,2021,0
07e244c9-e38b-4860-9b4c-38f1dd6c322c,2023,5
07e244c9-e38b-4860-9b4c-38f1dd6c322c,2024,0
07e3908e-be54-474e-8059-734f486751d6,2020,225
07e3908e-be54-474e-8059-734f486751d6,2021,360
07e3908e-be54-474e-8059-734f486751d6,2022,360
07e3908e-be54-474e-8059-734f486751d6,2023,350
07e3908e-be54-474e-8059-734f486751d6,2024,10
07f09c21-a179-49a1-8eb9-1c9f957387d8,2020,0
07f09c21-a179-49a1-8eb9-1c9f957387d8,2024,0
080b6926-f107-409e-89f8-29c588e58416,2020,0
080b6926-f107-409e-89f8-29c588e58416,2022,0
080b6926-f107-409e-89f8-29c588e58416,2023,10
080b6926-f107-409e-89f8-29c588e58416,2024,0
080bc713-d184-479d-874a-9bfd46c4810d,2020,0
081278f7-5a3a-4ce4-a7cc-317932897926,2021,5
081278f7-5a3a-4ce4-a7cc-317932897926,2022,360
081278f7-5a3a-4ce4-a7cc-317932897926,2023,10
0824f5c8-214c-403b-8651-d3f92c5c6ab0,2023,10
0824f5c8-214c-403b-8651-d3f92c5c6ab0,2024,5
08307cbf-a86d-4187-bedb-69082d1f5175,2020,5
08307cbf-a86d-4187-bedb-69082d1f5175,2021,5
08307cbf-a86d-4187-bedb-69082d1f5175,2022,5
08307cbf-a86d-4187-bedb-69082d1f5175,2023,5
08307cbf-a86d-4187-bedb-69082d1f5175,2024,355
0836aba2-f6bb-4336-afca-ee523914c2ef,2023,10
0836aba2-f6bb-4336-afca-ee523914c2ef,2024,360
08429f3c-1c54-4d27-817f-812f3c8bf493,2023,15
08429f3c-1c54-4d27-817f-812f3c8bf493,2024,0
084cd735-870d-4a84-b95f-9d6a25953b74,2023,0
0870cb27-6b99-4fa2-b34f-27f10a88bbe4,2023,0
0870cb27-6b99-4fa2-b34f-27f10a88bbe4,2024,0
08bb635a-375d-4aef-8388-06b5be5b34a7,2023,0
08bb635a-375d-4aef-8388-06b5be5b34a7,2024,0
08c03874-c9c2-4e9b-b547-4d397f98b19a,2020,355
08c03874-c9c2-4e9b-b547-4d397f98b19a,2021,360
08c03874-c9c2-4e9b-b547-4d397f98b19a,2022,5
08c03874-c9c2-4e9b-b547-4d397f98b19a,2023,0
08c03874-c9c2-4e9b-b547-4d397f98b19a,2024,345
0902d4bf-8e0b-4830-94d6-82a5e102d345,2024,0
093221dc-2e2d-4b19-b0b9-a1d5e2e17716,2022,10
094c833c-54fb-41cc-8314-818de237ee68,2021,0
094c833c-54fb-41cc-8314-818de237ee68,2022,10
094c833c-54fb-41cc-8314-818de237ee68,2023,20
094c833c-54fb-41cc-8314-818de237ee68,2024,325
0957c5dd-8a7d-4711-89e9-818c72757785,2022,0
0957c5dd-8a7d-4711-89e9-818c72757785,2024,0
09a7ebd5-fcf1-4b27-8716-49f6b6d9d050,2021,5
09a7ebd5-fcf1-4b27-8716-49f6b6d9d050,2022,10
09a7ebd5-fcf1-4b27-8716-49f6b6d9d050,2023,15
09b368af-2183-403d-9de9-4c8b59d52dcb,2023,10
09c30c18-d562-45f4-bb37-c64222999b14,2024,25
09c97d6d-e759-4b4e-bb33-9a3a3f556971,2024,0
09d474ab-1038-46b3-a729-6c0378afc0ee,2023,15
09dab949-9c82-4c00-a478-8440710c7bba,2024,5
09f78923-6c25-4e7d-9275-a06178c3a4e5,2020,5
0a0ea3d8-b7ac-4f1e-bd53-02671da775f4,2023,5
0a0ea3d8-b7ac-4f1e-bd53-02671da775f4,2024,0
0a3cc5fa-aa06-4170-89e1-6cbc1fc02f16,2021,5
0a3cc5fa-aa06-4170-89e1-6cbc1fc02f16,2023,0
0a5bd90c-e65f-4041-a15b-42aa4fd9f5e7,2022,0
0a5be231-7922-4f78-9d96-9c953cf06c4b,2022,5
0a5be231-7922-4f78-9d96-9c953cf06c4b,2023,10
0a6497ce-0673-4714-af73-eac0d8022639,2020,10
0a6497ce-0673-4714-af73-eac0d8022639,2021,5
0a6497ce-0673-4714-af73-eac0d8022639,2022,5
0a6497ce-0673-4714-af73-eac0d8022639,2023,20
0a6497ce-0673-4714-af73-eac0d8022639,2024,355
0a6eaa76-7d68-4511-8b0e-8d53294833a1,2020,5
0a6eaa76-7d68-4511-8b0e-8d53294833a1,2021,0
0a6eaa76-7d68-4511-8b0e-8d53294833a1,2022,5
0a6eaa76-7d68-4511-8b0e-8d53294833a1,2024,5
0a8b9c69-a7ba-4b3a-90a8-0c7731d22739,2021,0
0a8b9c69-a7ba-4b3a-90a8-0c7731d22739,2022,0
0ad0b842-1de9-477b-b9b2-b099bf8659af,2024,5
0ae2a0af-4bcd-4358-a1aa-947888b17858,2023,10
0ae2a0af-4bcd-4358-a1aa-947888b17858,2024,20
0b579647-7558-4b75-8da1-9e6bfcc818c6,2020,10
0b579647-7558-4b75-8da1-9e6bfcc818c6,2023,10
0b579647-7558-4b75-8da1-9e6bfcc818c6,2024,15
0b59d4d6-79fd-45ad-8520-d66566d30ab5,2020,5
0b59d4d6-79fd-45ad-8520-d66566d30ab5,2021,10
0b59d4d6-79fd-45ad-8520-d66566d30ab5,2022,5
0b59d4d6-79fd-45ad-8520-d66566d30ab5,2024,5
0b636569-766b-40e3-83bf-d5df77c589ad,2024,0
0b896f96-86d9-447f-bdb5-a384f5a8688b,2021,0
0b896f96-86d9-447f-bdb5-a384f5a8688b,2023,10
0b896f96-86d9-447f-bdb5-a384f5a8688b,2024,0
0b953236-b2ad-4104-b36d-78fd45e7b48a,2020,10
0b953236-b2ad-4104-b36d-78fd45e7b48a,2021,0
0b97e3af-0548-41a6-8a08-29a34631581f,2020,25
0b97e3af-0548-41a6-8a08-29a34631581f,2021,360
0b97e3af-0548-41a6-8a08-29a34631581f,2022,350
0b97e3af-0548-41a6-8a08-29a34631581f,2023,0
0baab2c8-716d-4e39-9397-9aa9a7bf1b09,2020,25
0baab2c8-716d-4e39-9397-9aa9a7bf1b09,2021,0
0baab2c8-716d-4e39-9397-9aa9a7bf1b09,2022,10
0baab2c8-716d-4e39-9397-9aa9a7bf1b09,2023,0
0baab2c8-716d-4e39-9397-9aa9a7bf1b09,2024,5
0bacb46d-b46c-45e2-badb-17ac9e327f70,2024,10
0bbc7737-af8d-4b45-bf18-9e6ddf7be5f8,2024,0
0bbfd9ab-9117-4e8e-b299-3f4e4166c810,2020,0
0bdc464b-059d-436d-8b05-23fb585d7d2b,2020,0
0bdc464b-059d-436d-8b05-23fb585d7d2b,2021,25
0bdc464b-059d-436d-8b05-23fb585d7d2b,2022,5
0bdc464b-059d-436d-8b05-23fb585d7d2b,2023,10
0bdc464b-059d-436d-8b05-23fb585d7d2b,2024,10
0bdf57d9-aeba-4d1c-80f5-e30a8532976b,2021,0
0bdf57d9-aeba-4d1c-80f5-e30a8532976b,2022,5
0c1b1212-da2d-49d7-84ce-cc9fff28e3eb,2021,5
0c1b1212-da2d-49d7-84ce-cc9fff28e3eb,2022,5
0c1c376b-f475-44d5-8f19-9e1dc5eec1dc,2020,0
0c1c376b-f475-44d5-8f19-9e1dc5eec1dc,2023,10
0c1c376b-f475-44d5-8f19-9e1dc5eec1dc,2024,5
0c2afe7e-d97b-449f-a0b7-45bc2f78a143,2022,5
0c2afe7e-d97b-449f-a0b7-45bc2f78a143,2024,0
0c660925-dc26-412f-b4f7-b12695945210,2024,20
0c739c5a-938f-4b80-af85-3eef2754003f,2020,0
0c739c5a-938f-4b80-af85-3eef2754003f,2023,20
0c739c5a-938f-4b80-af85-3eef2754003f,2024,355
0c7e2b01-de70-47fc-80d1-1b4004996ff8,2021,5
0cf1aaa3-2fe0-49b0-aaec-12493c7eef3c,2023,10
0cf1aaa3-2fe0-49b0-aaec-12493c7eef3c,2024,0
0cf1ddd9-9eb9-4f03-a283-e4231a9fac57,2021,0
0cf1ddd9-9eb9-4f03-a283-e4231a9fac57,2022,10
0cf1ddd9-9eb9-4f03-a283-e4231a9fac57,2023,15
0cf35946-0284-48b9-9e4e-4aaa8d801c1a,2020,0
0cf35946-0284-48b9-9e4e-4aaa8d801c1a,2023,15
0cf35946-0284-48b9-9e4e-4aaa8d801c1a,2024,0
0d2b87c0-4e0b-4650-a4c7-c405feca8750,2024,10
0d46d056-2604-491e-9298-56dc746a1d69,2020,15
0d4baa25-0b00-4690-bc35-40830fe48d7f,2020,10
0d4baa25-0b00-4690-bc35-40830fe48d7f,2021,0
0d4baa25-0b00-4690-bc35-40830fe48d7f,2022,0
0d4baa25-0b00-4690-bc35-40830fe48d7f,2024,0
0d78737a-d269-45af-b758-42b0cc5568ad,2023,5
0d9bfb9b-dcf8-49da-8ed3-43088686224f,2023,0
0dc3e571-c7c7-4737-99ab-e18b86a37dea,2024,0
0dddabb8-20e9-4707-8815-c35479bc2967,2020,5
0dddabb8-20e9-4707-8815-c35479bc2967,2022,5
0dddabb8-20e9-4707-8815-c35479bc2967,2024,0
0e2d880a-3995-424c-9119-382e2fd476d0,2024,15
0e376820-ad88-4cd8-9479-581079a0a16c,2022,0
0e376820-ad88-4cd8-9479-581079a0a16c,2023,0
0e58a13f-39ca-4a8b-8758-86bccb90abeb,2021,10
0e9c6223-045e-45d6-911b-353fcbd972e3,2020,0
0e9c6223-045e-45d6-911b-353fcbd972e3,2021,0
0e9c6223-045e-45d6-911b-353fcbd972e3,2022,5
0eac084f-b1d0-4917-a008-3973fcaea39c,2023,5
0eac084f-b1d0-4917-a008-3973fcaea39c,2024,0
0ed7c9a3-9d46-4079-af3e-4ffde2853087,2023,5
0ee1b634-341a-42e5-876b-1476371c85c1,2023,5
0ef4b9a5-0771-4f34-99bf-eaf0809cc41d,2021,5
0ef4b9a5-0771-4f34-99bf-eaf0809cc41d,2022,0
0f06d583-b296-442d-b6d6-5f482c4a3318,2023,5
0f06d583-b296-442d-b6d6-5f482c4a3318,2024,15
0f0b5659-19bf-4d16-83d6-34a300b70166,2022,5
0f0b5659-19bf-4d16-83d6-34a300b70166,2023,0
0f128807-92f1-40ec-bc53-222d09f69066,2022,5
0f128807-92f1-40ec-bc53-222d09f69066,2023,15
0f318d98-4908-479e-b656-60d59eb00a92,2020,0
0f3de899-d7ef-405b-b5e2-35e47932f926,2020,5
0f3de899-d7ef-405b-b5e2-35e47932f926,2021,360
0f3de899-d7ef-405b-b5e2-35e47932f926,2022,0
0f3de899-d7ef-405b-b5e2-35e47932f926,2023,40
0f3de899-d7ef-405b-b5e2-35e47932f926,2024,355
0f430182-39da-436c-a8fb-feb8cb8fcff5,2021,5
0f430182-39da-436c-a8fb-feb8cb8fcff5,2022,0
0f5025fd-aee5-4746-9f0b-2ab716a7380c,2024,0
0f99fdb7-72f6-468a-9509-109868a87c3d,2020,15
0f99fdb7-72f6-468a-9509-109868a87c3d,2021,0
0f99fdb7-72f6-468a-9509-109868a87c3d,2022,10
0fb3eae3-70a1-4d01-8ca7-b61e256b8a54,2021,5
0fb3eae3-70a1-4d01-8ca7-b61e256b8a54,2022,0
0fb3eae3-70a1-4d01-8ca7-b61e256b8a54,2024,20
1007351b-6774-48b6-903e-98de5994fcd6,2024,0
105af959-2050-4fc7-930e-ce4d2f9fb0da,2020,5
105af959-2050-4fc7-930e-ce4d2f9fb0da,2022,10
10965d3f-d300-4203-aaa1-9796ccd36ca9,2024,10
10988252-826a-4452-8862-61518947746f,2024,0
10b34085-f901-439e-a14c-57a0e3a7edcb,2020,0
10b34085-f901-439e-a14c-57a0e3a7edcb,2023,0
10b34085-f901-439e-a14c-57a0e3a7edcb,2024,5
10bfa029-26ee-446d-b08b-f3e33f1d80ec,2022,5
10cfe4a8-c72d-4967-84ee-fb32437bdc87,2021,0
10cfe4a8-c72d-4967-84ee-fb32437bdc87,2022,5
10cfe4a8-c72d-4967-84ee-fb32437bdc87,2024,10
10d917ea-6c30-499d-a844-769bddab7b0f,2020,345
10d917ea-6c30-499d-a844-769bddab7b0f,2021,5
10d917ea-6c30-499d-a844-769bddab7b0f,2022,0
10d917ea-6c30-499d-a844-769bddab7b0f,2023,30
10d917ea-6c30-499d-a844-769bddab7b0f,2024,350
10ee4996-dc26-4721-8269-9f5a66dc55e9,2024,5
10f66200-95ee-4383-946f-cdd93e1fda8c,2020,0
10f66200-95ee-4383-946f-cdd93e1fda8c,2024,0
1102ef7d-f60a-4e4f-bf28-408f90555922,2020,20
1102ef7d-f60a-4e4f-bf28-408f90555922,2021,5
1102ef7d-f60a-4e4f-bf28-408f90555922,2022,10
1102ef7d-f60a-4e4f-bf28-408f90555922,2023,0
1102ef7d-f60a-4e4f-bf28-408f90555922,2024,355
1103c41e-50ce-43d1-a6b1-e790e36dbccf,2020,25
1103c41e-50ce-43d1-a6b1-e790e36dbccf,2021,360
1103c41e-50ce-43d1-a6b1-e790e36dbccf,2022,5
1103c41e-50ce-43d1-a6b1-e790e36dbccf,2023,20
1103c41e-50ce-43d1-a6b1-e790e36dbccf,2024,350
11114a53-21a6-4114-92ea-0c72280d3a17,2020,10
11114a53-21a6-4114-92ea-0c72280d3a17,2022,0
11114a53-21a6-4114-92ea-0c72280d3a17,2023,5
111b0e32-a520-49d3-bb89-c98e95c90e6f,2020,0
111b0e32-a520-49d3-bb89-c98e95c90e6f,2022,5
111b0e32-a520-49d3-bb89-c98e95c90e6f,2023,20
111b0e32-a520-49d3-bb89-c98e95c90e6f,2024,0
11444046-f1a7-4aed-a192-f8dfd17f1609,2020,350
11444046-f1a7-4aed-a192-f8dfd17f1609,2021,0
11444046-f1a7-4aed-a192-f8dfd17f1609,2022,10
11444046-f1a7-4aed-a192-f8dfd17f1609,2024,5
11616061-1ad0-474f-9219-dbfb44a56fa0,2020,355
11616061-1ad0-474f-9219-dbfb44a56fa0,2021,360
11616061-1ad0-474f-9219-dbfb44a56fa0,2022,360
11616061-1ad0-474f-9219-dbfb44a56fa0,2023,20
116515c3-2f12-4efb-b93e-8b67113a87e6,2020,0
117b618f-a858-4815-9db1-f1eec7bd1f8b,2020,345
117b618f-a858-4815-9db1-f1eec7bd1f8b,2021,10
117b618f-a858-4815-9db1-f1eec7bd1f8b,2022,5
117b618f-a858-4815-9db1-f1eec7bd1f8b,2023,0
117b618f-a858-4815-9db1-f1eec7bd1f8b,2024,255
11875835-56aa-4175-b219-cb2eabbbfcad,2020,10
11875835-56aa-4175-b219-cb2eabbbfcad,2021,360
11875835-56aa-4175-b219-cb2eabbbfcad,2022,0
1191a3b6-29c8-42fd-8f88-c3920067b786,2021,0
1191a3b6-29c8-42fd-8f88-c3920067b786,2023,10
119506a6-e332-49d0-ad64-a99ec7b790ac,2020,350
119506a6-e332-49d0-ad64-a99ec7b790ac,2021,360
119506a6-e332-49d0-ad64-a99ec7b790ac,2022,40
119506a6-e332-49d0-ad64-a99ec7b790ac,2023,355
119506a6-e332-49d0-ad64-a99ec7b790ac,2024,140
11a3355a-0137-4140-acb9-52686e4a7c35,2021,0
11a3355a-0137-4140-acb9-52686e4a7c35,2022,5
11b3fbdc-50a2-47f5-9614-6e7aab265c14,2020,40
11b832ec-1bad-483a-9478-91dff3f674bd,2023,10
11b832ec-1bad-483a-9478-91dff3f674bd,2024,360
11b8b8f6-24a9-46b8-a517-3950ae94e1da,2024,0
11bfd3a8-ee00-4d8e-9a59-77b1e325256a,2020,0
11bfd3a8-ee00-4d8e-9a59-77b1e325256a,2021,360
11bfd3a8-ee00-4d8e-9a59-77b1e325256a,2022,0
11da13b6-d6a8-49e9-8343-3eb777bd063c,2020,0
11da13b6-d6a8-49e9-8343-3eb777bd063c,2022,0
11da13b6-d6a8-49e9-8343-3eb777bd063c,2023,10
11da13b6-d6a8-49e9-8343-3eb777bd063c,2024,0
11dbfbb8-314b-4e31-b348-79a2adbfc597,2020,50
11dbfbb8-314b-4e31-b348-79a2adbfc597,2021,5
11dbfbb8-314b-4e31-b348-79a2adbfc597,2022,10
11dbfbb8-314b-4e31-b348-79a2adbfc597,2023,25
11dbfbb8-314b-4e31-b348-79a2adbfc597,2024,325
122b3636-691c-40df-b1b1-713038162874,2023,0
122b3636-691c-40df-b1b1-713038162874,2024,5
128bacdf-13dd-4b81-9ff0-bdce76b26865,2020,20
128bacdf-13dd-4b81-9ff0-bdce76b26865,2022,0
128bacdf-13dd-4b81-9ff0-bdce76b26865,2024,20
129f5885-b069-4b91-a05d-cf2c9d04ecdc,2023,25
129f5885-b069-4b91-a05d-cf2c9d04ecdc,2024,0
12ba35d7-90dc-4941-bc43-955228680b5c,2024,15
1302cac6-12d5-4eaa-b0a5-5f6a8343ecd6,2020,5
1326bceb-9859-4f87-a846-0ac315a93449,2020,5
1326bceb-9859-4f87-a846-0ac315a93449,2023,5
135b3b8b-7ffc-449b-aecc-fffed94d1da9,2020,0
1361bc56-2ff8-4f4a-a30b-6446f8c3e5ec,2022,5
1361bc56-2ff8-4f4a-a30b-6446f8c3e5ec,2023,0
139786c1-bdfb-4416-9c3d-426b2a51a0b4,2024,5
1397c83d-6314-4dbe-820b-4d8c268989c5,2023,5
1397c83d-6314-4dbe-820b-4d8c268989c5,2024,355
13a14e47-a1f6-4cf1-890e-0ff1583c1a42,2024,0
13a4bc00-1dc9-479b-9706-88dc6a74260c,2020,0
13b5c56e-4243-4bc0-9e02-8251500bbf8d,2023,25
13b5c56e-4243-4bc0-9e02-8251500bbf8d,2024,305
13fc6911-b0bf-417b-bf91-e7d8976e28ec,2023,15
143847c5-eab2-4216-a136-fe96ab9fcf73,2022,20
143847c5-eab2-4216-a136-fe96ab9fcf73,2023,10
144cc80f-6a66-433c-adc5-a04059687a30,2022,0
147ce6d5-6ec1-411b-aaca-ff12e4fc67dc,2021,0
147ce6d5-6ec1-411b-aaca-ff12e4fc67dc,2022,15
147ce6d5-6ec1-411b-aaca-ff12e4fc67dc,2023,5
147ce6d5-6ec1-411b-aaca-ff12e4fc67dc,2024,355
149a4716-38cf-4b31-92d4-560c1c3391b4,2024,0
14a8b2a1-b236-4a61-a56f-e50bd412d1c1,2023,5
14a8b2a1-b236-4a61-a56f-e50bd412d1c1,2024,15
14ac99dd-5206-45e7-8510-ac23cc859033,2020,235
14ac99dd-5206-45e7-8510-ac23cc859033,2021,0
14ac99dd-5206-45e7-8510-ac23cc859033,2024,5
14b4c0bc-2711-4728-a290-dc76b469ea7a,2020,10
14b4c0bc-2711-4728-a290-dc76b469ea7a,2021,0
14b4c0bc-2711-4728-a290-dc76b469ea7a,2022,10
14b4c0bc-2711-4728-a290-dc76b469ea7a,2024,5
14d0048b-a573-4187-878b-fc14f1358f62,2023,5
152ecc29-2e9d-44b6-ba1c-c76f55569ee4,2024,10
15358164-e7fe-4177-a0a6-98a332893834,2021,5
15358164-e7fe-4177-a0a6-98a332893834,2022,10
15358164-e7fe-4177-a0a6-98a332893834,2024,240
154cbc32-cfa2-4a85-84da-a230adcfb511,2020,0
157fc36e-9ba7-4fd3-b52f-9be175a32935,2023,5
15892b96-057a-4c9d-9217-17ee4ed7411c,2020,5
15892b96-057a-4c9d-9217-17ee4ed7411c,2021,5
15892b96-057a-4c9d-9217-17ee4ed7411c,2022,0
15892b96-057a-4c9d-9217-17ee4ed7411c,2023,15
15892b96-057a-4c9d-9217-17ee4ed7411c,2024,0
15aa229d-4518-46d5-bf50-1b0b2c190494,2023,20
15b11b16-9292-4509-8fa6-c6a192baee13,2024,0
15bd6e04-964c-4272-885c-68a9c10b5e07,2020,90
15bd6e04-964c-4272-885c-68a9c10b5e07,2021,5
15bd6e04-964c-4272-885c-68a9c10b5e07,2022,10
15bd6e04-964c-4272-885c-68a9c10b5e07,2024,360
15c0a556-b8f5-4564-9ffa-e0fb2adfe76c,2024,5
15d9c096-e31a-4173-8f76-28b9c5a6511e,2024,0
16082104-e46d-4ee8-986e-5f6e313e3e10,2024,330
162ea9a7-9a95-4a0e-b052-e4dcf19fe9e2,2021,40
162ea9a7-9a95-4a0e-b052-e4dcf19fe9e2,2024,225
163dc6ee-7f90-4612-86cc-9b4b6f503579,2023,5
164eecef-1cc9-42e9-a5b2-2e7303f69996,2023,0
164eecef-1cc9-42e9-a5b2-2e7303f69996,2024,0
165a286a-e39f-48d2-96a1-2576b05107bb,2020,0
165a286a-e39f-48d2-96a1-2576b05107bb,2021,0
165a286a-e39f-48d2-96a1-2576b05107bb,2024,240
16808a04-93cd-4a94-8671-5357f5051b0c,2020,0
16808a04-93cd-4a94-8671-5357f5051b0c,2022,10
16808a04-93cd-4a94-8671-5357f5051b0c,2023,5
169413fb-a421-4f72-828b-055a3fe5e428,2023,5
169413fb-a421-4f72-828b-055a3fe5e428,2024,5
16ae6865-eeb9-40f3-ad70-62381bf3545f,2024,5
16b40e2d-3379-4a58-9e45-594a6beec4b0,2024,0
16ca9696-4ec4-4af7-9163-67d0ab47deee,2021,20
16ca9696-4ec4-4af7-9163-67d0ab47deee,2023,5
16ca9696-4ec4-4af7-9163-67d0ab47deee,2024,10
16ccac9d-85a7-499b-b487-8195a48e980e,2020,0
16d4376d-55f1-4c66-8d4d-3177eb472ee0,2021,20
16d4376d-55f1-4c66-8d4d-3177eb472ee0,2022,0
16d4376d-55f1-4c66-8d4d-3177eb472ee0,2024,5
16e077fb-2adf-4563-a663-46d14591daa3,2024,5
17cccfed-c6e1-430d-84dc-d32038d3bd1e,2023,30
17d4d3e5-79ce-409f-b778-91edbcebbc28,2020,0
17e8ab8b-87ac-4416-b769-004da98fb3dd,2020,5
17e8ab8b-87ac-4416-b769-004da98fb3dd,2022,0
17e8ab8b-87ac-4416-b769-004da98fb3dd,2024,0
17ebf971-b1e4-4788-9511-4b4772271599,2020,30
17ebf971-b1e4-4788-9511-4b4772271599,2021,5
17ebf971-b1e4-4788-9511-4b4772271599,2022,5
17ebf971-b1e4-4788-9511-4b4772271599,2023,15
17ebf971-b1e4-4788-9511-4b4772271599,2024,0
181c6943-a6c7-4c0e-b2a1-8428eb314b2e,2023,5
181c6943-a6c7-4c0e-b2a1-8428eb314b2e,2024,0
1825d052-3525-41bd-93f8-bfaffec54b60,2020,0
1825d052-3525-41bd-93f8-bfaffec54b60,2021,5
1825d052-3525-41bd-93f8-bfaffec54b60,2022,5
18440053-f60e-44fe-a273-77e6a883f538,2021,5
188c7087-be66-4c07-8e80-a407297930fe,2023,0
188c7087-be66-4c07-8e80-a407297930fe,2024,0
1894af86-0a28-43d2-932a-7f6861bc6006,2020,0
1894af86-0a28-43d2-932a-7f6861bc6006,2022,5
1894af86-0a28-43d2-932a-7f6861bc6006,2023,10
1894af86-0a28-43d2-932a-7f6861bc6006,2024,5
1897ee85-3d68-405f-ab48-a8fab6f7dd89,2021,5
18b491bb-72a7-47f7-ac93-55558b301791,2021,10
19075f33-8cce-4ef2-97bc-b5d35afa9e37,2023,10
190f4b80-4845-4b00-8801-40a1bacad82a,2023,15
190f4b80-4845-4b00-8801-40a1bacad82a,2024,20
192f90f5-7e3a-4d36-9cf8-72cb4d5d674b,2021,5
192f90f5-7e3a-4d36-9cf8-72cb4d5d674b,2022,5
19717aef-3166-4368-8e9a-6fec27048852,2022,0
19717aef-3166-4368-8e9a-6fec27048852,2023,10
19717aef-3166-4368-8e9a-6fec27048852,2024,0
198ecff8-bfda-46d8-8f26-ea6c6f91b7b6,2023,10
199aadec-0e24-4a61-b58c-34b2c8239ee0,2021,5
199aadec-0e24-4a61-b58c-34b2c8239ee0,2022,10
199aadec-0e24-4a61-b58c-34b2c8239ee0,2024,15
19b14d92-927c-4fb7-95a0-8135c2bea5a0,2020,345
19b14d92-927c-4fb7-95a0-8135c2bea5a0,2021,5
19b14d92-927c-4fb7-95a0-8135c2bea5a0,2022,5
19b14d92-927c-4fb7-95a0-8135c2bea5a0,2024,0
1a439614-2a6c-4cb7-a487-48570059d609,2023,5
1a5b9e82-f9df-4aff-a84d-cdd2e948ca47,2023,20
1a5b9e82-f9df-4aff-a84d-cdd2e948ca47,2024,360
1a8bbb46-5919-426d-9625-21123c43fe6f,2021,350
1a8bbb46-5919-426d-9625-21123c43fe6f,2023,5
1acc4247-52b7-4bc8-bad4-1736d4396a3f,2020,15
1acc4247-52b7-4bc8-bad4-1736d4396a3f,2023,5
1acc4247-52b7-4bc8-bad4-1736d4396a3f,2024,5
1ad4cc3c-8995-4c08-abe3-609e33e60a30,2024,0
1b0b7511-b38e-4b17-85ca-ab6c6c565c40,2024,5
1b2474ba-e40c-4843-9953-26c96403c2ff,2020,0
1b2474ba-e40c-4843-9953-26c96403c2ff,2023,5
1b2474ba-e40c-4843-9953-26c96403c2ff,2024,0
1b411792-672c-4691-a776-36e9ea6347ff,2021,0
1b411792-672c-4691-a776-36e9ea6347ff,2022,5
1b411792-672c-4691-a776-36e9ea6347ff,2024,5
1bb4f1b8-4539-4c4c-a381-e94921be3479,2021,345
1bbe7240-d096-4dda-88d1-69d5d35213dd,2020,0
1bd97e08-6915-4526-a193-c54ce7d20cc0,2022,0
1bd97e08-6915-4526-a193-c54ce7d20cc0,2023,5
1c07752d-6b97-4407-9140-91faac581940,2021,0
1c07752d-6b97-4407-9140-91faac581940,2022,5
1c07752d-6b97-4407-9140-91faac581940,2024,340
1c29887b-3939-411a-930c-f5f465e930b6,2023,10
1c2f5260-8165-4f7a-92a6-377f506e9e11,2024,0
1c3ac72f-9195-4a37-9425-cedc45c4651b,2020,0
1c3ac72f-9195-4a37-9425-cedc45c4651b,2023,355
1c43093f-2d26-4ad1-81c9-c3f5e817fdb2,2020,15
1c43093f-2d26-4ad1-81c9-c3f5e817fdb2,2023,10
1c533910-df14-428b-a774-321f3335e1fb,2020,5
1c533910-df14-428b-a774-321f3335e1fb,2021,0
1c533910-df14-428b-a774-321f3335e1fb,2022,10
1c5e095c-562d-4ee4-98f0-e23cf6acda9c,2024,0
1c7e240b-6baf-4c7b-a189-6355eb6f6868,2023,20
1c7e240b-6baf-4c7b-a189-6355eb6f6868,2024,5
1ca595a7-402d-4535-9f3f-f26081500076,2023,0
1cc011be-eec4-4a76-ab1a-1044b0073fe6,2021,0
1cc011be-eec4-4a76-ab1a-1044b0073fe6,2022,0
1cc011be-eec4-4a76-ab1a-1044b0073fe6,2024,10
1cca0d08-9d71-4e06-8f56-73dcd5ad8116,2023,25
1ccb79f5-af58-48f2-b7ad-f34fe67f2051,2021,5
1ccb79f5-af58-48f2-b7ad-f34fe67f2051,2022,5
1ccb79f5-af58-48f2-b7ad-f34fe67f2051,2023,15
1ccb79f5-af58-48f2-b7ad-f34fe67f2051,2024,0
1ce3acbd-418e-4979-9d63-dbeb365f1a8d,2021,15
1ce3acbd-418e-4979-9d63-dbeb365f1a8d,2022,0
1cedee16-ebfe-49b7-99b4-6ac807ac7171,2021,5
1cedee16-ebfe-49b7-99b4-6ac807ac7171,2022,0
1d1fbd47-8d4f-4ea2-af3b-e32cd2464351,2021,5
1d305895-0a89-4ca8-bbbe-d8a1e1584178,2024,360
1d445b17-5752-4107-a928-9e5ad5bf0093,2023,15
1d75aea5-cc47-4b77-9b8f-bcee0e56b18c,2020,20
1d75aea5-cc47-4b77-9b8f-bcee0e56b18c,2023,0
1d7c3310-fe33-4624-98ee-019ab5fea84a,2022,5
1d7c3310-fe33-4624-98ee-019ab5fea84a,2024,5
1d8640d2-c439-4e14-ad0d-a51a81bc49ef,2020,15
1d87ecf5-a7d2-49fd-98d8-255d25065796,2022,5
1df816a2-e419-4a22-84c3-8c7f6c66775f,2020,5
1df816a2-e419-4a22-84c3-8c7f6c66775f,2023,5
1df816a2-e419-4a22-84c3-8c7f6c66775f,2024,0
1e245e34-f871-4ad0-8b02-4005efb5cc84,2023,10
1e289782-0a6b-43df-be97-1f94017b2f5b,2021,15
1e289782-0a6b-43df-be97-1f94017b2f5b,2023,10
1e289782-0a6b-43df-be97-1f94017b2f5b,2024,5
1e29e425-db46-4a7d-afc5-980b486213fc,2023,15
1e29e425-db46-4a7d-afc5-980b486213fc,2024,5
1e5abe1d-7eaa-4bf2-a669-b16c01794b2f,2020,280
1e5abe1d-7eaa-4bf2-a669-b16c01794b2f,2021,0
1e5abe1d-7eaa-4bf2-a669-b16c01794b2f,2022,10
1e5abe1d-7eaa-4bf2-a669-b16c01794b2f,2023,5
1e5abe1d-7eaa-4bf2-a669-b16c01794b2f,2024,15
1e97ddf3-58a6-47e2-91d2-e4c7bf770192,2024,10
1eab16ac-7a8b-44e3-b95d-7aff2573f36c,2022,0
1eab16ac-7a8b-44e3-b95d-7aff2573f36c,2024,0
1eb6f72d-65ea-4e7a-8b4a-33d9fc489b60,2022,0
1ee46c17-2567-41dc-bf67-264d83367a2f,2020,0
1ee46c17-2567-41dc-bf67-264d83367a2f,2021,10
1efd0013-c68d-4f1d-b79e-969b161d4e1e,2020,0
1efd0013-c68d-4f1d-b79e-969b161d4e1e,2024,15
1f1696c8-00c5-401f-9a78-76e5f53fc055,2023,0
1f25a951-f246-4366-8f6c-041a5e248547,2023,0
1f25a951-f246-4366-8f6c-041a5e248547,2024,0
1f374732-bb9f-4834-adb7-35c82928e9a0,2021,0
1f374732-bb9f-4834-adb7-35c82928e9a0,2022,0
1f374732-bb9f-4834-adb7-35c82928e9a0,2023,5
1f374732-bb9f-4834-adb7-35c82928e9a0,2024,15
1f6116ea-3392-43b1-b533-3164c376341d,2020,10
1f6116ea-3392-43b1-b533-3164c376341d,2022,10
1f97bb48-926f-482a-9812-004f5b5b024f,2023,5
1f97bb48-926f-482a-9812-004f5b5b024f,2024,0
1f9b07a4-7bfa-43e6-bfb3-1dd0bfc3462d,2022,5
1fae1c88-c862-41ea-9913-dfb04e5d1dee,2023,15
1fae1c88-c862-41ea-9913-dfb04e5d1dee,2024,0
1fc91c87-a006-425b-ab35-ec42bc5d9a21,2020,0
1fc91c87-a006-425b-ab35-ec42bc5d9a21,2021,360
1fc91c87-a006-425b-ab35-ec42bc5d9a21,2022,355
1fc91c87-a006-425b-ab35-ec42bc5d9a21,2023,340
1ff98284-d128-45de-ae62-fea3825eadf6,2020,15
1ff98284-d128-45de-ae62-fea3825eadf6,2022,5
1ffe5668-75a2-4900-846d-60fea3e7b727,2021,5
1ffe5668-75a2-4900-846d-60fea3e7b727,2022,0
1ffe5668-75a2-4900-846d-60fea3e7b727,2023,5
2034d789-70a8-422f-b967-2fa3dd22c1ed,2023,0
20458fe7-51a9-4141-9a42-baae3f592acb,2020,5
20458fe7-51a9-4141-9a42-baae3f592acb,2023,0
206dbb99-46fb-4bc0-9593-2ac453c3b90d,2022,10
206dbb99-46fb-4bc0-9593-2ac453c3b90d,2024,0
2094a415-25b0-42f8-a611-73ed14b002d2,2021,0
2094a415-25b0-42f8-a611-73ed14b002d2,2022,5
209b321b-72ea-43da-bba2-476f96123208,2024,5
20cc51c4-bb54-4a84-b825-4f12c112cdb3,2021,10
20cc9730-4a5c-410a-98a2-b09eabc3f20a,2020,350
20cc9730-4a5c-410a-98a2-b09eabc3f20a,2021,10
20cc9730-4a5c-410a-98a2-b09eabc3f20a,2022,15
20cc9730-4a5c-410a-98a2-b09eabc3f20a,2024,0
20d59658-e275-40b5-9c08-ec3b7bee681f,2023,0
20d59658-e275-40b5-9c08-ec3b7bee681f,2024,0
20ddecd0-bb69-4272-80d5-23d5b5d6de4a,2023,10
20f1dffe-0bab-42e4-be4f-cc425f9f97f6,2024,0
2122fd3b-3735-49e6-bc78-bd222405a8c9,2023,5
2122fd3b-3735-49e6-bc78-bd222405a8c9,2024,325
21605eb7-ae11-4a05-8bce-58f71654d66f,2020,10
216ff3ac-9415-4663-8bc7-1eb224f3eef7,2023,15
216ff3ac-9415-4663-8bc7-1eb224f3eef7,2024,15
217ad1f0-151f-4698-86a0-86d2818819c2,2020,10
217ad1f0-151f-4698-86a0-86d2818819c2,2024,5
21a403d3-69e0-47bc-8739-c75d1dff61b9,2020,0
21a403d3-69e0-47bc-8739-c75d1dff61b9,2023,5
21df39ce-7b22-4d50-97ec-521cfc6a2a33,2023,0
21df39ce-7b22-4d50-97ec-521cfc6a2a33,2024,0
223a819a-44ea-42e3-b114-f85439145812,2023,25
224405a3-ce6a-4723-aca2-b56c02ca7df9,2023,5
224405a3-ce6a-4723-aca2-b56c02ca7df9,2024,340
2255fcaa-40e1-4863-a0db-a7bc41eeaecc,2021,5
2255fcaa-40e1-4863-a0db-a7bc41eeaecc,2022,10
229fd22a-5374-432f-82be-f8c342658d8d,2020,0
22bc169d-32e5-477a-8fe4-d869e1f1a39e,2020,5
22f38b11-dd9c-4d1e-bb6c-962e9c659eb5,2020,5
22f38b11-dd9c-4d1e-bb6c-962e9c659eb5,2023,5
2307d5ee-4a50-48a0-aa88-23e3c625a890,2023,0
2307d5ee-4a50-48a0-aa88-23e3c625a890,2024,355
2319fa73-e15f-43d5-9870-892a045bb88b,2022,10
2319fa73-e15f-43d5-9870-892a045bb88b,2024,355
231f31be-5a17-4c14-bd93-b2de37e8f3ee,2020,25
231f31be-5a17-4c14-bd93-b2de37e8f3ee,2021,350
231f31be-5a17-4c14-bd93-b2de37e8f3ee,2022,0
231f31be-5a17-4c14-bd93-b2de37e8f3ee,2023,0
23231591-9a62-4f26-a982-52958149c6c8,2021,5
23231591-9a62-4f26-a982-52958149c6c8,2022,10
234eeccd-8ef1-475b-b4e3-76e9868acaf3,2020,0
234eeccd-8ef1-475b-b4e3-76e9868acaf3,2021,0
237d672b-a653-417f-8a19-641b375817bc,2024,0
237e5d97-2057-47bf-966a-58333feec19d,2024,5
23d7263f-1a21-4ed7-a196-243037e206eb,2024,0
23dc8134-a271-440a-bae0-7b809f5675bb,2024,0
23e01161-eebc-4410-8103-8d6622b65778,2020,0
23e01161-eebc-4410-8103-8d6622b65778,2024,360
23fac3f1-6ef6-4ce8-b667-c88bb3b7f06b,2020,300
23fac3f1-6ef6-4ce8-b667-c88bb3b7f06b,2021,360
23fac3f1-6ef6-4ce8-b667-c88bb3b7f06b,2022,10
23fac3f1-6ef6-4ce8-b667-c88bb3b7f06b,2023,15
23fcc67a-2c67-4ff8-af54-0bf1f1bc94fd,2020,300
23fcc67a-2c67-4ff8-af54-0bf1f1bc94fd,2021,360
23fcc67a-2c67-4ff8-af54-0bf1f1bc94fd,2022,5
23fcc67a-2c67-4ff8-af54-0bf1f1bc94fd,2024,235
24039072-140d-4786-af94-e44b45622bd6,2021,5
24039072-140d-4786-af94-e44b45622bd6,2022,0
24039072-140d-4786-af94-e44b45622bd6,2024,0
24106dcb-679b-4a5c-9c16-d64dea8e6a5f,2020,5
24106dcb-679b-4a5c-9c16-d64dea8e6a5f,2024,10
242ffa5a-856f-4c7d-8a04-0131f47a8fb1,2023,25
244dcbc5-95ca-4cc3-be0e-5caaad0e252f,2023,55
249bd7fa-c881-4197-a7a6-e47206b792ad,2024,265
249c5d13-cfa1-46a5-bfdb-2315467d3fae,2024,10
24bd40a9-eee8-4113-8d2b-82bcd8e4a4db,2023,0
24d11c3e-e691-4106-95b6-c3b8cea85080,2021,25
24d11c3e-e691-4106-95b6-c3b8cea85080,2022,10
24d11c3e-e691-4106-95b6-c3b8cea85080,2023,20
24d11c3e-e691-4106-95b6-c3b8cea85080,2024,210
250d7db8-7b12-461d-9c27-4cb03e4b2333,2020,15
250d7db8-7b12-461d-9c27-4cb03e4b2333,2021,5
250d7db8-7b12-461d-9c27-4cb03e4b2333,2022,25
250d7db8-7b12-461d-9c27-4cb03e4b2333,2023,0
250d7db8-7b12-461d-9c27-4cb03e4b2333,2024,325
2530acaa-540e-4a1b-bebf-e020ba63103b,2020,0
2530acaa-540e-4a1b-bebf-e020ba63103b,2021,90
258c1e97-550a-41ee-8fb4-8b971021e6f9,2021,0
258c1e97-550a-41ee-8fb4-8b971021e6f9,2022,5
258c1e97-550a-41ee-8fb4-8b971021e6f9,2024,10
25ca1f4b-7e34-4ac3-9d9d-abf6d8cfe0c9,2020,5
25ca1f4b-7e34-4ac3-9d9d-abf6d8cfe0c9,2021,0
25ca1f4b-7e34-4ac3-9d9d-abf6d8cfe0c9,2022,10
25ca1f4b-7e34-4ac3-9d9d-abf6d8cfe0c9,2023,25
25ca1f4b-7e34-4ac3-9d9d-abf6d8cfe0c9,2024,350
25d64389-7f66-433e-a910-972b6b960adb,2020,5
25d64389-7f66-433e-a910-972b6b960adb,2024,0
25d68921-d40b-465d-8ab8-d7f5e98651e7,2021,15
25d68921-d40b-465d-8ab8-d7f5e98651e7,2022,360
25d68921-d40b-465d-8ab8-d7f5e98651e7,2023,340
25d68921-d40b-465d-8ab8-d7f5e98651e7,2024,355
25e59034-d1aa-4bb0-a22d-75aee70fad04,2021,0
25e59034-d1aa-4bb0-a22d-75aee70fad04,2022,5
25e59034-d1aa-4bb0-a22d-75aee70fad04,2023,0
25e59034-d1aa-4bb0-a22d-75aee70fad04,2024,15
262c012f-c7ef-4eb6-b44c-25f46a9756b2,2020,5
262c012f-c7ef-4eb6-b44c-25f46a9756b2,2024,5
263f7c60-15ee-4a26-a7a0-6a8f1843d6c4,2023,0
267bedaf-cda8-47f7-9e85-2fc9cbf2ef83,2023,0
267bedaf-cda8-47f7-9e85-2fc9cbf2ef83,2024,355
267e3f52-81f2-4302-81ed-f790fd91d01f,2020,10
267e3f52-81f2-4302-81ed-f790fd91d01f,2021,15
267e3f52-81f2-4302-81ed-f790fd91d01f,2022,0
267e3f52-81f2-4302-81ed-f790fd91d01f,2024,0
269c60b7-0b05-45f3-a762-88f182722676,2020,10
26ce2fc9-17c0-4f85-90cb-b8efdacea66d,2020,0
26d5ada4-9dca-46c5-812a-c44f50f24cfa,2023,5
26d5ada4-9dca-46c5-812a-c44f50f24cfa,2024,0
26f79e26-f924-45c3-9c0e-88b2845f8648,2022,10
26f79e26-f924-45c3-9c0e-88b2845f8648,2024,0
2700658b-e135-4488-9a20-95e458d8922b,2022,5
2751e0f8-e946-4190-a807-425486fa9043,2024,0
27a60819-3efb-4095-b4f1-33fdb26f2ee1,2023,15
27c47a75-6f66-4eff-aca3-e708826880a7,2024,5
2838af2f-073f-42d0-a177-8ddbb250d4f9,2020,350
2838af2f-073f-42d0-a177-8ddbb250d4f9,2021,0
2838af2f-073f-42d0-a177-8ddbb250d4f9,2022,20
2838af2f-073f-42d0-a177-8ddbb250d4f9,2024,10
285ebe03-5505-4982-b15c-56df27ed5d30,2023,10
28619dbb-3970-43cf-8736-5311d6088af9,2020,215
28619dbb-3970-43cf-8736-5311d6088af9,2021,150
28619dbb-3970-43cf-8736-5311d6088af9,2022,270
28619dbb-3970-43cf-8736-5311d6088af9,2023,350
28619dbb-3970-43cf-8736-5311d6088af9,2024,195
2872b412-119b-459f-bc03-ff9a108d1a39,2024,5
28990950-99c2-45b4-98cd-1e7f8810a801,2020,355
28990950-99c2-45b4-98cd-1e7f8810a801,2021,360
28990950-99c2-45b4-98cd-1e7f8810a801,2022,40
28a288c2-c6b4-4d12-9066-10c7c4456bff,2024,15
28a419d3-3e30-4221-9671-8a1c8fe5b44f,2021,0
28a419d3-3e30-4221-9671-8a1c8fe5b44f,2022,0
28a419d3-3e30-4221-9671-8a1c8fe5b44f,2023,20
28dce6a6-c417-4279-a1e2-17c5fd96786f,2023,10
28dce6a6-c417-4279-a1e2-17c5fd96786f,2024,0
29157e72-d7e3-4948-a1b5-8d8bb2a84f89,2023,15
2927cf92-d37e-4dca-8f58-cbfeb479744b,2021,345
2927cf92-d37e-4dca-8f58-cbfeb479744b,2022,0
2963328e-3198-4c61-8d3b-37d8ee4f22cb,2022,0
297d395a-caa4-447b-8eb5-e53e9aed040a,2020,140
297d395a-caa4-447b-8eb5-e53e9aed040a,2021,10
2984394b-101f-460f-a0df-cc0ec302f90c,2020,0
2984394b-101f-460f-a0df-cc0ec302f90c,2021,0
2984394b-101f-460f-a0df-cc0ec302f90c,2022,5
298aceda-9f8a-486d-9349-a04a943c82af,2024,235
298eb546-77c8-4111-8583-677319218b8b,2020,20
298eb546-77c8-4111-8583-677319218b8b,2021,5
298eb546-77c8-4111-8583-677319218b8b,2022,0
298eb546-77c8-4111-8583-677319218b8b,2023,20
298eb546-77c8-4111-8583-677319218b8b,2024,20
29d690e3-b9cf-4eb2-ad96-55d72622d5a5,2020,10
29d690e3-b9cf-4eb2-ad96-55d72622d5a5,2023,0
29d690e3-b9cf-4eb2-ad96-55d72622d5a5,2024,245
29e043aa-c71d-419b-bd7a-ace46f14e250,2023,10
29e043aa-c71d-419b-bd7a-ace46f14e250,2024,5
29ecf770-7903-4275-8190-aa556462b3b4,2021,0
29ecf770-7903-4275-8190-aa556462b3b4,2022,10
29f6cee0-9d61-43e7-a27f-7ee65b908985,2021,5
29f6cee0-9d61-43e7-a27f-7ee65b908985,2023,15
29f7e6e5-4011-4038-8781-d67470b0f340,2020,10
29f7e6e5-4011-4038-8781-d67470b0f340,2021,0
29f7e6e5-4011-4038-8781-d67470b0f340,2022,0
29f7e6e5-4011-4038-8781-d67470b0f340,2023,30
29f7e6e5-4011-4038-8781-d67470b0f340,2024,350
2a0a03d2-7dcb-400d-8c9a-3462f284f615,2024,240
2a0a9e21-8717-4876-97ab-7fbdbea0154e,2020,10
2a0a9e21-8717-4876-97ab-7fbdbea0154e,2023,10
2a0a9e21-8717-4876-97ab-7fbdbea0154e,2024,0
2a4f53ed-1b16-4e32-85f1-33aa3ff66d35,2020,5
2a4f53ed-1b16-4e32-85f1-33aa3ff66d35,2023,0
2a4f53ed-1b16-4e32-85f1-33aa3ff66d35,2024,0
2a56e908-e4a1-4869-b60d-0b5d9718cfd8,2024,0
2a5be6c9-be91-42ff-9873-81abbee841a5,2021,0
2a5be6c9-be91-42ff-9873-81abbee841a5,2022,5
2a5be6c9-be91-42ff-9873-81abbee841a5,2023,20
2a5be6c9-be91-42ff-9873-81abbee841a5,2024,5
2a790fd6-dc83-43b6-97a7-34aafb760280,2021,0
2a790fd6-dc83-43b6-97a7-34aafb760280,2022,5
2a790fd6-dc83-43b6-97a7-34aafb760280,2023,5
2a790fd6-dc83-43b6-97a7-34aafb760280,2024,355
2a83bfe9-bf29-40f6-8ebe-d003f8e2eb0d,2021,0
2a83bfe9-bf29-40f6-8ebe-d003f8e2eb0d,2022,5
2a83bfe9-bf29-40f6-8ebe-d003f8e2eb0d,2024,0
2acddd0e-0114-418d-9483-56873b7e3317,2022,5
2acddd0e-0114-418d-9483-56873b7e3317,2023,5
2ad18b2c-002e-40d6-a94e-f485508ae3c7,2024,0
2ad789fe-db8e-4556-8d9a-fcd1a9678c3b,2021,0
2ad789fe-db8e-4556-8d9a-fcd1a9678c3b,2022,5
2ad789fe-db8e-4556-8d9a-fcd1a9678c3b,2023,30
2ad789fe-db8e-4556-8d9a-fcd1a9678c3b,2024,325
2b07ae62-ba98-48da-b144-fa816d7787bc,2024,0
2b545171-cc15-4a15-a9b9-b8e69f6dace2,2023,0
2b65834b-c778-4934-8636-fc3b91e4db17,2024,5
2b9996be-17ff-46e8-80a6-64bef01e8181,2023,10
2bac77e4-eb95-4aea-81ab-ee1bcea12161,2023,0
2bac77e4-eb95-4aea-81ab-ee1bcea12161,2024,0
2bacbdb4-3efc-4c97-ba80-7b044f717903,2021,0
2bacbdb4-3efc-4c97-ba80-7b044f717903,2022,5
2bacbdb4-3efc-4c97-ba80-7b044f717903,2024,0
2bb26813-584b-4b0d-b283-676beeefeb4f,2021,0
2bb26813-584b-4b0d-b283-676beeefeb4f,2024,0
2c29e21c-01e4-49be-8d47-9ce83b791fa3,2024,0
2c428392-75c7-42db-8a00-02ade6ac0b9f,2024,0
2c85541f-d6b1-4f19-950d-00c08f557110,2024,0
2cc3f99e-b784-40b7-887a-2e7c07d721b0,2021,0
2cc3f99e-b784-40b7-887a-2e7c07d721b0,2022,5
2cc3f99e-b784-40b7-887a-2e7c07d721b0,2023,5
2cc3f99e-b784-40b7-887a-2e7c07d721b0,2024,0
2cc4150e-4b91-4afc-bb5f-b9c11f79b768,2020,15
2cc4150e-4b91-4afc-bb5f-b9c11f79b768,2023,5
2cc4150e-4b91-4afc-bb5f-b9c11f79b768,2024,5
2cf7ddd5-36bc-4b57-9c76-c8ce3101aa23,2024,0
2d113a4e-d885-4010-b919-a9e81600b559,2020,0
2d113a4e-d885-4010-b919-a9e81600b559,2024,0
2d1c4fae-8d9f-4e53-91f2-507a367f8524,2021,15
2d1c4fae-8d9f-4e53-91f2-507a367f8524,2022,0
2d26998f-d8d2-40da-b441-b3b0bf4a8df8,2023,5
2d26998f-d8d2-40da-b441-b3b0bf4a8df8,2024,355
2d4d9cf1-936f-4440-9d08-125395d9e208,2022,5
2d4d9cf1-936f-4440-9d08-125395d9e208,2023,0
2d5095c4-aaaa-4c48-92b0-4a461622102d,2020,10
2d5095c4-aaaa-4c48-92b0-4a461622102d,2021,15
2d5095c4-aaaa-4c48-92b0-4a461622102d,2023,5
2d664d02-c90f-42f8-922d-c2b87f00ccc9,2020,0
2d664d02-c90f-42f8-922d-c2b87f00ccc9,2021,5
2d6f60bb-02d9-432a-806a-393b0287ebfd,2024,360
2d6f8580-c723-419f-a512-79c79f6ca9cd,2020,10
2d865978-d4b4-49a9-95ab-c0a1fe31efeb,2020,5
2d865978-d4b4-49a9-95ab-c0a1fe31efeb,2021,5
2d865978-d4b4-49a9-95ab-c0a1fe31efeb,2022,10
2d865978-d4b4-49a9-95ab-c0a1fe31efeb,2023,20
2d865978-d4b4-49a9-95ab-c0a1fe31efeb,2024,355
2dbcae7f-8b7e-4847-a152-bffa114ec7cc,2023,20
2e63bba2-54e6-4640-b1e6-55c4fda435b7,2021,0
2e63bba2-54e6-4640-b1e6-55c4fda435b7,2022,0
2e63bba2-54e6-4640-b1e6-55c4fda435b7,2023,5
2e68e428-969d-4489-b031-4839a4658501,2020,0
2e6c3504-184e-4dd2-9869-4fbff707a9e7,2021,0
2e6c3504-184e-4dd2-9869-4fbff707a9e7,2022,0
2e6c3504-184e-4dd2-9869-4fbff707a9e7,2023,15
2e6c3504-184e-4dd2-9869-4fbff707a9e7,2024,340
2e80a576-7678-47fc-bda4-60b8292f2024,2024,0
2e926898-1a0f-4c96-a46d-2dec16410008,2020,5
2edcb4c1-e7e4-4cfe-82b0-adc467c1c777,2021,10
2ee1722c-43a7-4525-9c0e-c923f7169d71,2020,10
2ee1722c-43a7-4525-9c0e-c923f7169d71,2021,5
2f09d92d-f474-4b0a-be00-514aed5e53d2,2020,5
2f09d92d-f474-4b0a-be00-514aed5e53d2,2022,0
2f09d92d-f474-4b0a-be00-514aed5e53d2,2024,0
2f347973-da94-4f33-a54b-30e526482027,2022,0
2f347973-da94-4f33-a54b-30e526482027,2024,0
2f56bb08-af14-46a7-b824-3c3389d8283c,2024,0
2f578119-29d4-4125-a415-1bd06c6102ca,2020,0
2f5987c8-e7e5-41cb-88e1-11a57d419e24,2023,0
2f694444-156c-4e09-92c1-611a0d5ceee2,2024,15
2f6a7c4f-f26b-471f-aafa-822decc0615f,2023,5
2f6a7c4f-f26b-471f-aafa-822decc0615f,2024,5
2f7516ee-591b-4533-98f7-fd7cecd8e5b9,2024,0
2f8d624c-4e87-4a44-afa6-6668f6b21c23,2020,5
2f8d624c-4e87-4a44-afa6-6668f6b21c23,2023,20
2f8d624c-4e87-4a44-afa6-6668f6b21c23,2024,355
2f91ecd0-8045-4b86-b352-d71842d1b486,2023,10
2f9f5009-61a6-42a0-a7bc-6b9f6a8de7e0,2020,0
2f9f5009-61a6-42a0-a7bc-6b9f6a8de7e0,2021,10
2f9f5009-61a6-42a0-a7bc-6b9f6a8de7e0,2022,5
2fa3f1de-2210-411f-bdfd-989b8fb4da34,2023,10
2fbef0ee-bb32-442d-85ff-be7a37833eea,2021,0
2fbef0ee-bb32-442d-85ff-be7a37833eea,2022,10
2fbf4ed0-182b-492d-bf05-d9d054a4ad74,2020,10
2fca7671-2f93-4894-88a2-a7246d34da29,2021,5
2fca7671-2f93-4894-88a2-a7246d34da29,2024,15
2fdfc81e-b6d4-4c44-91ab-235fa155cb0c,2020,10
2febf91b-c5b7-498d-b889-175cf0ed796c,2024,15
301e873b-245e-46bc-a3b5-e8d092323fe5,2021,5
301e873b-245e-46bc-a3b5-e8d092323fe5,2022,5
301e873b-245e-46bc-a3b5-e8d092323fe5,2023,20
301e873b-245e-46bc-a3b5-e8d092323fe5,2024,0
3021b68c-ce47-48bc-99e8-3df0709677e4,2022,5
3025cadc-3e52-490d-8270-93e755078206,2023,20
3025cadc-3e52-490d-8270-93e755078206,2024,340
305998cd-812c-4b89-860e-9592dabdfe78,2020,20
305998cd-812c-4b89-860e-9592dabdfe78,2021,0
305998cd-812c-4b89-860e-9592dabdfe78,2022,10
305998cd-812c-4b89-860e-9592dabdfe78,2023,0
305998cd-812c-4b89-860e-9592dabdfe78,2024,0
3064dfcc-0d33-42f1-8258-cf4a7ce32bdf,2024,10
30a1bc58-89fd-4b7e-839d-ce5bc13541ca,2021,0
30a1bc58-89fd-4b7e-839d-ce5bc13541ca,2022,0
30a1bc58-89fd-4b7e-839d-ce5bc13541ca,2023,25
30a1bc58-89fd-4b7e-839d-ce5bc13541ca,2024,0
30fdc3b7-4209-4077-a080-4710eec55fe3,2023,5
30fdc3b7-4209-4077-a080-4710eec55fe3,2024,5
31215f38-c22d-4acc-8c13-25b3941fec41,2021,0
31215f38-c22d-4acc-8c13-25b3941fec41,2022,10
31215f38-c22d-4acc-8c13-25b3941fec41,2023,0
31215f38-c22d-4acc-8c13-25b3941fec41,2024,360
3130943b-ee72-41b0-9985-d7ef372fde11,2020,5
3130943b-ee72-41b0-9985-d7ef372fde11,2023,0
31547a3d-dab5-455c-849d-aeb75306ad0d,2021,0
31547a3d-dab5-455c-849d-aeb75306ad0d,2023,0
31547a3d-dab5-455c-849d-aeb75306ad0d,2024,360
315af3ae-8ff1-4e8a-b4d7-cecc0d25f9bc,2023,5
315af3ae-8ff1-4e8a-b4d7-cecc0d25f9bc,2024,0
316dd292-eb7f-4e33-bdf0-a6c7361fba8e,2023,5
316dd292-eb7f-4e33-bdf0-a6c7361fba8e,2024,20
317c809a-1dce-4899-a418-310b07f496bc,2020,5
317c809a-1dce-4899-a418-310b07f496bc,2021,0
317c809a-1dce-4899-a418-310b07f496bc,2023,0
317c809a-1dce-4899-a418-310b07f496bc,2024,15
31a1f4e8-8e46-49c4-bac5-549897661a25,2020,5
31a1f4e8-8e46-49c4-bac5-549897661a25,2021,0
31a1f4e8-8e46-49c4-bac5-549897661a25,2022,0
31a1f4e8-8e46-49c4-bac5-549897661a25,2024,0
31ef9926-6dc9-4c40-8f63-c4275485ff0c,2020,0
31ef9926-6dc9-4c40-8f63-c4275485ff0c,2024,0
3208222d-740f-47d9-a1be-7ab3b3bfade8,2021,10
3221fa6a-d7e1-4594-81b4-19361393143e,2020,0
323fb74a-8171-4a7f-9e84-ebb7ccb47f2b,2023,10
324f58da-b5e6-4aaf-b43a-2a57aa3237b7,2022,15
324f58da-b5e6-4aaf-b43a-2a57aa3237b7,2024,340
329ce6b9-ba48-40d1-bb8e-1a1e18615f90,2021,0
329ce6b9-ba48-40d1-bb8e-1a1e18615f90,2022,5
32a79e6f-da4f-42f8-b0c7-d9e5d114ef25,2023,5
32a79e6f-da4f-42f8-b0c7-d9e5d114ef25,2024,360
32db57d2-a1a6-4e20-87d2-58f257687c09,2020,0
32db57d2-a1a6-4e20-87d2-58f257687c09,2021,0
32db57d2-a1a6-4e20-87d2-58f257687c09,2022,10
32db57d2-a1a6-4e20-87d2-58f257687c09,2023,15
32f81f06-a082-494a-a025-46eb2150d7a4,2020,0
32ff2615-6db5-41bc-b7a7-a9b47f28066a,2021,0
32ff2615-6db5-41bc-b7a7-a9b47f28066a,2022,10
3311c1d9-9078-4376-b839-98e07453f4de,2023,45
33298bc3-4548-4bd2-818b-15074fe66370,2020,355
33298bc3-4548-4bd2-818b-15074fe66370,2021,360
33298bc3-4548-4bd2-818b-15074fe66370,2022,45
33298bc3-4548-4bd2-818b-15074fe66370,2023,345
33298bc3-4548-4bd2-818b-15074fe66370,2024,360
3331b880-65ac-4ce0-8edb-94536fd7e235,2023,15
3331b880-65ac-4ce0-8edb-94536fd7e235,2024,0
333826d8-bede-4905-8cb1-6d11109ac294,2020,10
333826d8-bede-4905-8cb1-6d11109ac294,2024,0
3364e5b2-002b-4e51-9af3-050c297ad4a0,2021,0
3364e5b2-002b-4e51-9af3-050c297ad4a0,2022,5
336e09fc-3a70-422c-a561-75ff5dce9a97,2023,5
336e09fc-3a70-422c-a561-75ff5dce9a97,2024,355
3370be04-477e-40e5-87d7-04848e034882,2021,5
3370be04-477e-40e5-87d7-04848e034882,2022,355
3370be04-477e-40e5-87d7-04848e034882,2024,5
33ad8fa5-2a5b-401e-98c9-72871be963d9,2020,0
33ad8fa5-2a5b-401e-98c9-72871be963d9,2023,10
33b90fe7-f295-4a86-8e7b-61a78b0b13fa,2023,5
33d083f9-bd2f-4216-9a31-3c6a08635120,2024,0
33d41de4-2b10-463d-81a1-b7c9689193fc,2023,10
340e7fab-62cf-4933-b760-fd53b204acdb,2023,5
340e7fab-62cf-4933-b760-fd53b204acdb,2024,0
342bad9e-8817-4315-a81a-627d7019ab7c,2024,10
342c969d-df66-43f2-a033-54e963bf5bff,2020,5
342c969d-df66-43f2-a033-54e963bf5bff,2024,5
342e3180-744c-4f1e-a0c0-9cf56a12071c,2020,5
343a5913-b18a-4cf7-8ead-464c090b4156,2020,350
343a5913-b18a-4cf7-8ead-464c090b4156,2021,360
343a5913-b18a-4cf7-8ead-464c090b4156,2022,360
343a5913-b18a-4cf7-8ead-464c090b4156,2023,355
343a5913-b18a-4cf7-8ead-464c090b4156,2024,345
34861921-77c2-46f6-80c6-3cf942baa8f4,2021,0
34861921-77c2-46f6-80c6-3cf942baa8f4,2022,5
34861921-77c2-46f6-80c6-3cf942baa8f4,2023,15
3486b301-04bd-4e11-a1d5-420be486ab38,2023,20
3486b301-04bd-4e11-a1d5-420be486ab38,2024,0
34a17658-4b99-49ac-b35e-f6a2b45fd1b2,2022,5
34ae85f9-989b-44da-965e-d5c80ae1c720,2024,5
34bc98b0-fc4c-42fd-b90f-905a5eeb6857,2020,10
34bc98b0-fc4c-42fd-b90f-905a5eeb6857,2021,5
34bc98b0-fc4c-42fd-b90f-905a5eeb6857,2022,5
34db7188-24a1-44a6-8e68-b443291e7fa4,2020,15
34db7188-24a1-44a6-8e68-b443291e7fa4,2021,5
34db7188-24a1-44a6-8e68-b443291e7fa4,2024,10
34e8536e-c7a4-4392-a7c3-fa80988e54e7,2021,0
34e8536e-c7a4-4392-a7c3-fa80988e54e7,2023,0
34e8536e-c7a4-4392-a7c3-fa80988e54e7,2024,0
34e8dd4e-227e-497d-9fa7-43c79ad27a20,2020,10
34e8dd4e-227e-497d-9fa7-43c79ad27a20,2021,0
34e8dd4e-227e-497d-9fa7-43c79ad27a20,2022,5
34e8dd4e-227e-497d-9fa7-43c79ad27a20,2024,0
34f9ca5b-3cce-453f-9a02-497449f05179,2023,10
34f9ca5b-3cce-453f-9a02-497449f05179,2024,350
350fe86d-2c5b-4fc2-a08c-73a2d792ecc8,2020,5
350fe86d-2c5b-4fc2-a08c-73a2d792ecc8,2023,0
350fe86d-2c5b-4fc2-a08c-73a2d792ecc8,2024,0
3511d672-732f-4c86-ac22-abd8351db590,2021,0
357e3a08-49b4-4e30-89a3-f989bdc47316,2023,5
357e3a08-49b4-4e30-89a3-f989bdc47316,2024,0
359ca93b-86fe-485e-981d-61b3fac7f597,2020,0
359ca93b-86fe-485e-981d-61b3fac7f597,2021,0
359ca93b-86fe-485e-981d-61b3fac7f597,2022,360
359ca93b-86fe-485e-981d-61b3fac7f597,2023,360
359ca93b-86fe-485e-981d-61b3fac7f597,2024,360
35deb401-8592-4bfe-adea-18c8e59de00c,2020,5
35deb401-8592-4bfe-adea-18c8e59de00c,2021,0
35deb401-8592-4bfe-adea-18c8e59de00c,2022,5
35e39146-bfd8-42d7-821f-6134e2a0ef41,2022,20
35e7a553-d184-4b23-b460-d9e92e1ad6b4,2024,5
35e91ca8-4436-4376-b1cd-9d880b895316,2020,5
35e91ca8-4436-4376-b1cd-9d880b895316,2021,360
35e91ca8-4436-4376-b1cd-9d880b895316,2022,115
35e91ca8-4436-4376-b1cd-9d880b895316,2024,45
36047b75-a377-4944-a1bd-e58adee79764,2023,10
36047b75-a377-4944-a1bd-e58adee79764,2024,20
3611cf41-0db6-4bdd-8a68-8c91c71b58aa,2021,15
3611cf41-0db6-4bdd-8a68-8c91c71b58aa,2022,360
3611cf41-0db6-4bdd-8a68-8c91c71b58aa,2023,10
3611cf41-0db6-4bdd-8a68-8c91c71b58aa,2024,0
3615cfc3-a4e7-440f-9a59-2a539d66aade,2020,75
3615cfc3-a4e7-440f-9a59-2a539d66aade,2024,5
363c1cbd-b4ea-4562-84de-056b5c286be1,2024,0
36548828-4ede-4dbd-9d76-507068c2b2d5,2020,5
36aead28-2ac7-4ea2-a956-8c0cecc184d7,2023,0
36aead28-2ac7-4ea2-a956-8c0cecc184d7,2024,5
36c57eca-764b-4931-b2b5-71914a181b49,2023,10
36c57eca-764b-4931-b2b5-71914a181b49,2024,355
3725845b-2a7a-4d79-9103-1573cab8d8a8,2020,5
3725845b-2a7a-4d79-9103-1573cab8d8a8,2023,25
372fe44f-1c68-49c4-aa27-016dad393dc8,2020,10
372fe44f-1c68-49c4-aa27-016dad393dc8,2021,5
372fe44f-1c68-49c4-aa27-016dad393dc8,2024,10
37350328-1e4b-42aa-9a8f-cd7695d6d3c3,2024,5
376e3565-0c61-4f68-b6c4-475c29526c27,2020,35
376e3565-0c61-4f68-b6c4-475c29526c27,2021,0
376e3565-0c61-4f68-b6c4-475c29526c27,2022,15
376e3565-0c61-4f68-b6c4-475c29526c27,2024,15
377b3bd9-5b52-4a97-a908-664007a2ba7c,2020,0
3783822b-23a3-4b71-bfbc-6707aa09b1bf,2023,10
3783822b-23a3-4b71-bfbc-6707aa09b1bf,2024,350
379087b0-9139-4193-86fa-634c3125b173,2021,0
379087b0-9139-4193-86fa-634c3125b173,2024,0
37964451-05a6-4c28-8045-d54ec0ec0cf6,2023,50
37c26699-78de-4744-8468-a11195271d72,2020,20
37c26699-78de-4744-8468-a11195271d72,2024,10
37d5ed16-692c-4036-a3cb-93c4a4e78970,2024,0
37fa2e80-30f3-4906-a5dc-9d31bdac0e80,2024,0
37fc5194-20df-4dee-baeb-83723bd04b38,2021,5
37fc5194-20df-4dee-baeb-83723bd04b38,2022,0
37fc5194-20df-4dee-baeb-83723bd04b38,2023,20
37fc5194-20df-4dee-baeb-83723bd04b38,2024,0
37fd6eb4-5200-453c-b951-d7b38b1d9e8f,2023,0
37fd6eb4-5200-453c-b951-d7b38b1d9e8f,2024,0
383e243f-bcb4-41a5-bd6b-698f8933a542,2023,0
385963b0-ffe6-45b1-8d61-b6505df2dc61,2020,5
385963b0-ffe6-45b1-8d61-b6505df2dc61,2024,245
38abf0d2-ce25-4111-a21a-26dac634d396,2022,0
38abf0d2-ce25-4111-a21a-26dac634d396,2024,0
38d2465b-da42-461c-a5e9-a2511e215215,2020,10
38d2465b-da42-461c-a5e9-a2511e215215,2021,15
38d2465b-da42-461c-a5e9-a2511e215215,2024,5
38d3284e-f24a-4242-b11b-5f612bcdbfad,2024,5
392692ae-a444-4cc5-a2bb-b03917bc2ca7,2021,0
392692ae-a444-4cc5-a2bb-b03917bc2ca7,2024,0
3953315e-74f8-4483-9233-a364d4fe0dde,2020,20
3953315e-74f8-4483-9233-a364d4fe0dde,2021,5
3953315e-74f8-4483-9233-a364d4fe0dde,2022,5
3953315e-74f8-4483-9233-a364d4fe0dde,2023,30
39558530-fdf0-452f-8dcc-46e2253f00fc,2024,0
39676fc4-3eb0-4300-bead-24b0e8677f60,2022,10
396ca5e0-ecd1-4658-af13-8af4ad9858a9,2024,245
3978d096-0be2-4c73-9ded-0e5ee0bc24d6,2024,90
399619dc-1d6f-4595-910d-9fd872228acb,2021,0
399619dc-1d6f-4595-910d-9fd872228acb,2023,15
39975208-2130-44be-bb7f-16685216a9fb,2020,10
39975208-2130-44be-bb7f-16685216a9fb,2021,360
39975208-2130-44be-bb7f-16685216a9fb,2022,10
39975208-2130-44be-bb7f-16685216a9fb,2024,0
39df5e2f-01dc-4b44-b920-4e46823c6f3e,2020,15
39df5e2f-01dc-4b44-b920-4e46823c6f3e,2021,10
39df5e2f-01dc-4b44-b920-4e46823c6f3e,2022,10
39df5e2f-01dc-4b44-b920-4e46823c6f3e,2023,25
39df5e2f-01dc-4b44-b920-4e46823c6f3e,2024,350
39e75603-29ff-4861-8c81-e82cf8c67e44,2022,0
39e75603-29ff-4861-8c81-e82cf8c67e44,2023,10
3a1f2df5-a974-4813-a1cf-5dfa30121ddf,2024,0
3a413075-71c5-4688-9a29-84b6d1dfd652,2020,345
3a413075-71c5-4688-9a29-84b6d1dfd652,2023,5
3a413075-71c5-4688-9a29-84b6d1dfd652,2024,325
3a4b4d07-b2aa-4347-ab05-9301e4eda455,2021,5
3a4b4d07-b2aa-4347-ab05-9301e4eda455,2022,10
3a4b4d07-b2aa-4347-ab05-9301e4eda455,2024,5
3a65a917-3017-4fa1-a8f8-0878f1265042,2020,10
3a847b51-b004-4bd3-8fc6-210ead20f003,2023,25
3a847b51-b004-4bd3-8fc6-210ead20f003,2024,355
3a9b764e-772a-4de8-baac-8493029bbc8d,2020,10
3a9b764e-772a-4de8-baac-8493029bbc8d,2021,0
3a9b764e-772a-4de8-baac-8493029bbc8d,2022,5
3a9b764e-772a-4de8-baac-8493029bbc8d,2023,10
3a9b764e-772a-4de8-baac-8493029bbc8d,2024,0
3a9f6524-0622-4a58-af22-ca08e21bb0c2,2020,0
3a9f6524-0622-4a58-af22-ca08e21bb0c2,2024,0
3acfd10f-b4ac-4c93-9235-86aaed581f38,2023,15
3ae23b78-32ac-453f-9e3d-fb217791c959,2023,5
3ae6daa0-2faf-4a3d-9bb3-119299e15d07,2024,0
3b027371-b051-4d77-88a8-8a20ca62fa44,2021,0
3b027371-b051-4d77-88a8-8a20ca62fa44,2022,5
3b027371-b051-4d77-88a8-8a20ca62fa44,2023,25
3b07e752-3bd9-482b-8674-3b86baac4bea,2024,0
3b2ee900-71f9-4b9b-87f3-6662f0a89532,2021,350
3b2ee900-71f9-4b9b-87f3-6662f0a89532,2022,0
3b2ee900-71f9-4b9b-87f3-6662f0a89532,2023,10
3b2ee900-71f9-4b9b-87f3-6662f0a89532,2024,5
3b3ed93d-c8b2-4195-8f51-9f5bc83c55d8,2023,10
3b7e4678-3cfb-454a-872b-16d8b66fff70,2021,5
3b7e4678-3cfb-454a-872b-16d8b66fff70,2022,10
3b7e4678-3cfb-454a-872b-16d8b66fff70,2024,0
3b878b24-c9a6-41c9-9a3a-a36b51e13bcd,2023,5
3bb7fce8-6be2-4b81-97bf-aca1230bfd1d,2024,0
3c235aac-0953-410b-b4e0-85f97a0c61b5,2021,5
3c235aac-0953-410b-b4e0-85f97a0c61b5,2022,0
3c235aac-0953-410b-b4e0-85f97a0c61b5,2023,25
3c7c047e-c43b-46c4-8843-8382889916f5,2020,10
3c7c047e-c43b-46c4-8843-8382889916f5,2024,0
3cafce50-a36d-4f2b-a8f5-9f79f5da9df2,2021,5
3cafce50-a36d-4f2b-a8f5-9f79f5da9df2,2022,0
3cafce50-a36d-4f2b-a8f5-9f79f5da9df2,2023,15
3cafce50-a36d-4f2b-a8f5-9f79f5da9df2,2024,250
3cc0322b-ff3a-417e-9193-ba94249ef62a,2024,0
3cd407d9-50dd-4bd5-b733-ceaf836c3a40,2023,0
3ce93732-dc79-4f50-b570-6e95dac4e557,2024,20
3cea44a2-08ce-4778-99e5-8f62dbe22c0c,2023,15
3cea44a2-08ce-4778-99e5-8f62dbe22c0c,2024,10
3d107b6b-93e9-467f-9115-78352cdae8cd,2024,0
3d4af54e-78ba-4d5c-9713-0208dbc0a0ce,2024,0
3d593be2-5a69-4786-a094-33f37d117615,2023,0
3d5c9693-8e2d-4c63-ad97-00c093355117,2020,5
3d5c9693-8e2d-4c63-ad97-00c093355117,2021,360
3d5c9693-8e2d-4c63-ad97-00c093355117,2022,360
3d5c9693-8e2d-4c63-ad97-00c093355117,2023,10
3d5c9693-8e2d-4c63-ad97-00c093355117,2024,0
3d8b2ee8-5b97-4801-a235-1a583e427177,2020,25
3d95b1e0-e195-4c2f-a3de-c4ef5c673775,2022,5
3ddadfbe-e67a-49db-ba8a-3ee1644e3168,2020,10
3ddadfbe-e67a-49db-ba8a-3ee1644e3168,2022,0
3ddadfbe-e67a-49db-ba8a-3ee1644e3168,2023,5
3ddc2fa3-d6b4-44df-be08-9c38e7999b17,2020,10
3deeed0a-f3d4-4524-b257-95036d84c8c3,2021,5
3deeed0a-f3d4-4524-b257-95036d84c8c3,2022,10
3e1a0ea6-1004-43b7-9c10-390d8f7add2b,2020,295
3e1a0ea6-1004-43b7-9c10-390d8f7add2b,2021,0
3e1a0ea6-1004-43b7-9c10-390d8f7add2b,2022,5
3e1a0ea6-1004-43b7-9c10-390d8f7add2b,2024,265
3e3cfe27-f565-4424-8c90-47e7958f3330,2020,0
3e3cfe27-f565-4424-8c90-47e7958f3330,2021,15
3e3cfe27-f565-4424-8c90-47e7958f3330,2022,0
3e49a038-bbcd-4c31-9b67-bca0301be8ae,2020,5
3e49a038-bbcd-4c31-9b67-bca0301be8ae,2021,350
3e49a038-bbcd-4c31-9b67-bca0301be8ae,2022,5
3e49a038-bbcd-4c31-9b67-bca0301be8ae,2024,5
3e7bc51b-6d0f-4795-8636-1ba16ad89ddc,2023,10
3e7bc51b-6d0f-4795-8636-1ba16ad89ddc,2024,15
3eb08810-910f-4161-b64b-c95b17289c9f,2021,5
3eb08810-910f-4161-b64b-c95b17289c9f,2022,10
3eb613e2-821b-452d-9a04-28b80f103c31,2020,10
3eb613e2-821b-452d-9a04-28b80f103c31,2021,0
3eb613e2-821b-452d-9a04-28b80f103c31,2022,0
3eb613e2-821b-452d-9a04-28b80f103c31,2023,30
3eb613e2-821b-452d-9a04-28b80f103c31,2024,0
3eb91396-5bbd-4c67-93ef-23d5f556b9d6,2020,10
3eb91396-5bbd-4c67-93ef-23d5f556b9d6,2021,10
3eb91396-5bbd-4c67-93ef-23d5f556b9d6,2022,0
3ed197a3-5f2e-4a9b-a39f-e9b5ad5b5580,2024,0
3eee2f82-c3eb-4ba4-be97-5b971726eefb,2020,10
3eee2f82-c3eb-4ba4-be97-5b971726eefb,2021,360
3eee2f82-c3eb-4ba4-be97-5b971726eefb,2022,335
3f043a5f-9212-4dca-9a60-124d4380d74c,2023,20
3f043a5f-9212-4dca-9a60-124d4380d74c,2024,360
3f096f06-a6b1-4faa-be49-54c36539a246,2021,5
3f096f06-a6b1-4faa-be49-54c36539a246,2022,5
3f0f04f2-deb4-4300-8f7d-58401160146e,2023,15
3f135911-c818-4c3c-aec8-08ad8e53d1bd,2022,0
3f135911-c818-4c3c-aec8-08ad8e53d1bd,2023,0
3f135911-c818-4c3c-aec8-08ad8e53d1bd,2024,0
3f5cead2-302a-4c27-b5f6-42bf6e1ea035,2020,0
3f5cead2-302a-4c27-b5f6-42bf6e1ea035,2021,360
3f5cead2-302a-4c27-b5f6-42bf6e1ea035,2022,5
3f5cead2-302a-4c27-b5f6-42bf6e1ea035,2023,20
3f5cead2-302a-4c27-b5f6-42bf6e1ea035,2024,15
3f896d2a-7d98-45c5-a649-4c0e37663c79,2020,355
3f896d2a-7d98-45c5-a649-4c0e37663c79,2021,360
3f896d2a-7d98-45c5-a649-4c0e37663c79,2022,5
3fca620b-8bcc-48d8-8e39-8e2e5c200c34,2020,0
3fce7a6f-5822-430f-a6b1-1b47e668a72e,2023,25
3fd08525-8796-4484-b1c4-a7e4bae1695f,2021,0
3fd08525-8796-4484-b1c4-a7e4bae1695f,2022,5
3fdfe172-1c9b-430e-a433-598c48a2c0d9,2020,0
3fdfe172-1c9b-430e-a433-598c48a2c0d9,2022,10
3fe86fba-01ff-423b-94ce-227660b1e801,2023,20
3fe86fba-01ff-423b-94ce-227660b1e801,2024,0
404d99c8-a601-4be7-bba9-541a65f52bfb,2020,5
404d99c8-a601-4be7-bba9-541a65f52bfb,2021,5
404d99c8-a601-4be7-bba9-541a65f52bfb,2022,10
404d99c8-a601-4be7-bba9-541a65f52bfb,2024,5
407e30ed-d338-448d-8d60-7ec38dc48794,2020,5
407e30ed-d338-448d-8d60-7ec38dc48794,2021,0
407e30ed-d338-448d-8d60-7ec38dc48794,2022,5
407e30ed-d338-448d-8d60-7ec38dc48794,2024,0
408805ef-2b75-4dfe-a8eb-8ffc97ae73bc,2023,15
408e2cb0-c67c-4286-9850-a159f41af651,2020,15
408e2cb0-c67c-4286-9850-a159f41af651,2023,30
408e2cb0-c67c-4286-9850-a159f41af651,2024,0
4096fefa-64f1-46ce-bc2c-62875f33c78a,2021,0
4096fefa-64f1-46ce-bc2c-62875f33c78a,2023,20
4096fefa-64f1-46ce-bc2c-62875f33c78a,2024,360
40a29626-bdf8-438a-8153-a2fa6dbad77c,2023,0
40a29626-bdf8-438a-8153-a2fa6dbad77c,2024,115
40a37611-6fa4-426c-a5b1-404d1e545549,2020,5
40a8db23-e08d-4a4c-9a99-2a826c13f4cc,2023,5
40d0a045-7bbb-4835-87ab-28e8261f5d7c,2021,5
40d0a045-7bbb-4835-87ab-28e8261f5d7c,2022,0
40d0a045-7bbb-4835-87ab-28e8261f5d7c,2024,5
40d14edb-8906-4165-bc12-1b18b1ce596b,2021,10
40d14edb-8906-4165-bc12-1b18b1ce596b,2022,10
40d14edb-8906-4165-bc12-1b18b1ce596b,2023,0
40d42bb2-3c20-49a7-809c-ad93dcef1bfa,2021,15
40d42bb2-3c20-49a7-809c-ad93dcef1bfa,2022,5
40d42bb2-3c20-49a7-809c-ad93dcef1bfa,2023,0
40d42bb2-3c20-49a7-809c-ad93dcef1bfa,2024,5
40f0cf6e-c5f1-4076-bbcf-e64b1f0980c4,2020,10
40f0cf6e-c5f1-4076-bbcf-e64b1f0980c4,2021,15
41028fa0-c766-49a4-aecf-d6b60729627e,2020,15
41028fa0-c766-49a4-aecf-d6b60729627e,2021,360
41028fa0-c766-49a4-aecf-d6b60729627e,2022,0
41028fa0-c766-49a4-aecf-d6b60729627e,2023,0
41028fa0-c766-49a4-aecf-d6b60729627e,2024,5
410e7ff5-2c8f-4984-a54f-0183432a595a,2023,20
410e7ff5-2c8f-4984-a54f-0183432a595a,2024,0
41229165-909d-493f-86a3-f1d4fea86077,2020,5
41229165-909d-493f-86a3-f1d4fea86077,2022,0
4151369d-3e38-41dc-8a14-f73f619e18b1,2022,10
4153e22e-62ba-4a80-b9fa-39670562e3f9,2023,0
4153e22e-62ba-4a80-b9fa-39670562e3f9,2024,0
417fa715-e3d6-4f3d-9caf-1bb71deb146b,2023,10
4190bc87-668a-4271-a58d-89e5efbf51b5,2020,5
4190bc87-668a-4271-a58d-89e5efbf51b5,2024,0
41ae7e70-2a69-4497-809c-ea4d296837e8,2024,0
41b955b3-477e-4db5-abcd-aab777d5189e,2021,0
41b955b3-477e-4db5-abcd-aab777d5189e,2023,0
41ba698c-2f2e-4df4-b9a3-c4e90fa66521,2021,5
41c3ebfa-6b06-4c91-8dae-ccb9446296c3,2020,10
41c3ebfa-6b06-4c91-8dae-ccb9446296c3,2021,0
41c3ebfa-6b06-4c91-8dae-ccb9446296c3,2022,5
41c3ebfa-6b06-4c91-8dae-ccb9446296c3,2023,10
41de7751-b38a-40ff-8b16-13209ffa37ec,2020,0
41de7751-b38a-40ff-8b16-13209ffa37ec,2024,5
41eb97df-b697-4856-885a-c85647e8bc93,2021,5
41eb97df-b697-4856-885a-c85647e8bc93,2022,0
41eb97df-b697-4856-885a-c85647e8bc93,2024,5
421c7a39-d46f-4b68-a9b0-1a00481b2db8,2020,0
421c7a39-d46f-4b68-a9b0-1a00481b2db8,2021,10
425a3cf7-bf24-46ca-bc33-3899f2dee85c,2020,0
425a3cf7-bf24-46ca-bc33-3899f2dee85c,2024,0
426f6af2-04a9-4c77-8ff5-f74a832fb25f,2024,15
427f9d8c-78cc-40b0-86b3-51ec3f0d7ce8,2020,15
427f9d8c-78cc-40b0-86b3-51ec3f0d7ce8,2021,0
427f9d8c-78cc-40b0-86b3-51ec3f0d7ce8,2022,5
427f9d8c-78cc-40b0-86b3-51ec3f0d7ce8,2023,30
427f9d8c-78cc-40b0-86b3-51ec3f0d7ce8,2024,5
428a424b-8e3c-4bc2-ac4c-248c393962cd,2021,5
42befc8e-601a-4a41-a5be-eedfa75d49ec,2024,20
42cb42f4-03db-4d05-87fb-c51e1e592765,2020,5
42cb42f4-03db-4d05-87fb-c51e1e592765,2021,250
42cb42f4-03db-4d05-87fb-c51e1e592765,2022,360
42cb42f4-03db-4d05-87fb-c51e1e592765,2023,335
42cb42f4-03db-4d05-87fb-c51e1e592765,2024,0
42cb80b8-3031-4aba-96a5-b05d01ec319b,2023,10
42cb80b8-3031-4aba-96a5-b05d01ec319b,2024,15
42dde627-6482-467b-8b29-734640cfb375,2021,10
42dde627-6482-467b-8b29-734640cfb375,2023,20
42f3b14e-c8eb-4a96-9ede-e0a7eac076bb,2021,0
42f3b14e-c8eb-4a96-9ede-e0a7eac076bb,2022,0
4321760f-6a89-42f5-ad19-e9feea7d1be9,2020,5
4321760f-6a89-42f5-ad19-e9feea7d1be9,2022,0
4321760f-6a89-42f5-ad19-e9feea7d1be9,2023,5
4333b721-df92-4422-9e79-35299f6a3460,2020,5
4333b721-df92-4422-9e79-35299f6a3460,2021,5
43483acd-a1c6-432f-8ddc-7e7a7c83ee90,2021,0
43483acd-a1c6-432f-8ddc-7e7a7c83ee90,2022,5
43483acd-a1c6-432f-8ddc-7e7a7c83ee90,2023,20
43483acd-a1c6-432f-8ddc-7e7a7c83ee90,2024,5
435af58c-d0e7-41bf-80e5-15878d1774c8,2024,15
43673651-6e0f-4a19-809d-d96752b6280f,2020,5
43a5d000-230a-4535-8dab-17ec52373c96,2024,0
43c4bbf8-5854-48b9-8dfd-4d3a41e80b3c,2022,5
43f211d5-094c-4a54-8c3e-06049c2fa1fd,2020,10
43f211d5-094c-4a54-8c3e-06049c2fa1fd,2023,0
43f211d5-094c-4a54-8c3e-06049c2fa1fd,2024,0
43f42a34-ef27-4644-9f02-37f60904f301,2020,0
43f42a34-ef27-4644-9f02-37f60904f301,2022,0
43f42a34-ef27-4644-9f02-37f60904f301,2024,10
447eeb39-b17d-4a5d-a92c-1fd33631aaae,2023,5
447eeb39-b17d-4a5d-a92c-1fd33631aaae,2024,20
44b8b760-64e7-47e3-97a3-b84be7c3dce0,2021,20
44b8b760-64e7-47e3-97a3-b84be7c3dce0,2022,5
44b8b760-64e7-47e3-97a3-b84be7c3dce0,2023,15
44b8b760-64e7-47e3-97a3-b84be7c3dce0,2024,0
44c6a372-9898-4fa9-b675-d061515d0a30,2021,5
44c6a372-9898-4fa9-b675-d061515d0a30,2022,360
44c6a372-9898-4fa9-b675-d061515d0a30,2023,30
44c6a372-9898-4fa9-b675-d061515d0a30,2024,40
44d94a5d-3640-4a69-b91d-05a3dd096232,2021,0
44d94a5d-3640-4a69-b91d-05a3dd096232,2022,5
44f69003-fe05-45ab-9c29-76f16d21a5a8,2023,0
4553d403-8280-4cfe-a3a0-24789dc62eb8,2024,10
455601e3-8548-47d7-84d6-8d930fa53c54,2020,0
455601e3-8548-47d7-84d6-8d930fa53c54,2021,330
455601e3-8548-47d7-84d6-8d930fa53c54,2022,360
455601e3-8548-47d7-84d6-8d930fa53c54,2023,350
457448a2-6ddf-4f38-a28e-218745d99ae7,2020,5
457448a2-6ddf-4f38-a28e-218745d99ae7,2021,360
457448a2-6ddf-4f38-a28e-218745d99ae7,2022,0
457448a2-6ddf-4f38-a28e-218745d99ae7,2023,15
457448a2-6ddf-4f38-a28e-218745d99ae7,2024,25
4589eeae-5d10-4565-918a-eddba66d6681,2024,20
459d4bda-f5d2-477a-8d64-a84f074f5236,2023,15
45a45c81-49a7-4830-9e84-9fb732b7137f,2021,5
45a45c81-49a7-4830-9e84-9fb732b7137f,2024,0
45af4743-02cd-477d-a597-e0ac884c0484,2020,5
45b27f1c-2610-4b44-a566-b25849f2ef4e,2020,0
45b27f1c-2610-4b44-a566-b25849f2ef4e,2021,10
45b27f1c-2610-4b44-a566-b25849f2ef4e,2022,5
45c0c801-857c-4f60-b28b-2836d7a2cafb,2023,20
45c0c801-857c-4f60-b28b-2836d7a2cafb,2024,355
45ed7a02-2d26-4b35-935b-b9c6a653af4c,2021,5
45ed7a02-2d26-4b35-935b-b9c6a653af4c,2022,5
45ed7a02-2d26-4b35-935b-b9c6a653af4c,2023,20
462416ab-19b4-4577-8400-9c79ec14115f,2021,360
462416ab-19b4-4577-8400-9c79ec14115f,2022,5
462416ab-19b4-4577-8400-9c79ec14115f,2023,0
46435e42-2468-4e6d-97ae-e83859851cad,2021,5
46435e42-2468-4e6d-97ae-e83859851cad,2023,15
46581b53-3c36-46fe-a97b-946a470125a0,2022,15
4663e99c-1968-4396-9e89-51edc7646290,2024,10
46835d54-125b-4c68-b8ae-4d99e25d6279,2021,0
46835d54-125b-4c68-b8ae-4d99e25d6279,2022,10
468df36f-99c4-41d8-b3c0-1ec1ce30625f,2020,0
468df36f-99c4-41d8-b3c0-1ec1ce30625f,2021,0
468df36f-99c4-41d8-b3c0-1ec1ce30625f,2024,5
46c9864f-dab9-47fa-9fd4-8d62d1a3d0ca,2021,0
46c9864f-dab9-47fa-9fd4-8d62d1a3d0ca,2022,0
46da682d-30d2-4d11-b2e0-6787045ec059,2020,5
46da682d-30d2-4d11-b2e0-6787045ec059,2022,0
46da682d-30d2-4d11-b2e0-6787045ec059,2023,10
46f378f2-e620-4767-8bcf-dc208b50145a,2020,10
46f378f2-e620-4767-8bcf-dc208b50145a,2021,10
46f378f2-e620-4767-8bcf-dc208b50145a,2022,355
46f378f2-e620-4767-8bcf-dc208b50145a,2024,10
46f5b223-7cd3-4056-9af0-a592f471e90f,2020,0
47230add-1b24-4e9a-b7b1-56028921a5f4,2021,0
47230add-1b24-4e9a-b7b1-56028921a5f4,2022,5
47230add-1b24-4e9a-b7b1-56028921a5f4,2024,5
477099cd-0802-4c33-b7c2-55ee8c27cff5,2023,10
477099cd-0802-4c33-b7c2-55ee8c27cff5,2024,0
479d80aa-4079-4168-b6f8-006209e36641,2023,0
47b0cd5c-3718-4cf2-89a4-4e64fdf8e935,2020,5
47b0cd5c-3718-4cf2-89a4-4e64fdf8e935,2022,5
47b0cd5c-3718-4cf2-89a4-4e64fdf8e935,2023,15
47b0cd5c-3718-4cf2-89a4-4e64fdf8e935,2024,0
47de7e1f-4f5d-4266-bd09-7ed5b58c0601,2024,0
4809c03d-18eb-4170-92ef-68f4081d5622,2023,0
4809c03d-18eb-4170-92ef-68f4081d5622,2024,0
485f543c-77a9-41c3-a938-771389631c10,2020,5
485f543c-77a9-41c3-a938-771389631c10,2021,5
485f543c-77a9-41c3-a938-771389631c10,2022,10
485f543c-77a9-41c3-a938-771389631c10,2023,25
485f543c-77a9-41c3-a938-771389631c10,2024,350
486fed25-f51e-4419-b366-5f33f01bf91c,2021,350
486fed25-f51e-4419-b366-5f33f01bf91c,2022,0
486fed25-f51e-4419-b366-5f33f01bf91c,2023,160
486fed25-f51e-4419-b366-5f33f01bf91c,2024,5
48826119-3e3f-4fb0-a335-292747f4fbcf,2020,285
48826119-3e3f-4fb0-a335-292747f4fbcf,2021,0
48826119-3e3f-4fb0-a335-292747f4fbcf,2022,15
48826119-3e3f-4fb0-a335-292747f4fbcf,2023,10
48826119-3e3f-4fb0-a335-292747f4fbcf,2024,255
48834220-191c-48e2-8f44-91de233ddb3e,2024,0
48a008a5-61bf-4eee-a3bd-700221a65782,2020,30
48a008a5-61bf-4eee-a3bd-700221a65782,2021,5
48a008a5-61bf-4eee-a3bd-700221a65782,2023,10
48a1ca41-46fb-496d-ad68-981fbf6e41e7,2020,0
48a1ca41-46fb-496d-ad68-981fbf6e41e7,2021,5
48a1ca41-46fb-496d-ad68-981fbf6e41e7,2022,0
48a1ca41-46fb-496d-ad68-981fbf6e41e7,2023,20
48a1ca41-46fb-496d-ad68-981fbf6e41e7,2024,0
48ea85bb-2659-4dc0-8512-cb7d53049a84,2020,0
48ea85bb-2659-4dc0-8512-cb7d53049a84,2021,5
48ea85bb-2659-4dc0-8512-cb7d53049a84,2022,5
48ea85bb-2659-4dc0-8512-cb7d53049a84,2023,30
48ea85bb-2659-4dc0-8512-cb7d53049a84,2024,355
48f60c18-47fc-40bd-93c4-0d5966a6cd57,2024,0
490b3957-68ea-4198-acce-4c0c09262b91,2021,5
490b3957-68ea-4198-acce-4c0c09262b91,2022,10
490b3957-68ea-4198-acce-4c0c09262b91,2024,25
4930a489-d76e-48e2-8c7f-ef99a873a9ba,2020,10
4930a489-d76e-48e2-8c7f-ef99a873a9ba,2021,15
4930a489-d76e-48e2-8c7f-ef99a873a9ba,2022,5
4930a489-d76e-48e2-8c7f-ef99a873a9ba,2023,0
4930a489-d76e-48e2-8c7f-ef99a873a9ba,2024,10
498a6f3b-81b3-401e-8fa3-d9bcb7c58c4e,2023,5
498a6f3b-81b3-401e-8fa3-d9bcb7c58c4e,2024,355
4991b55d-d91a-4f50-a43e-dae8d5383b01,2022,5
4992c575-d642-4b68-825f-1d8d168ac68a,2022,0
4992c575-d642-4b68-825f-1d8d168ac68a,2023,25
4992c575-d642-4b68-825f-1d8d168ac68a,2024,5
49b3f516-7fea-480e-9ff9-c6220da551b1,2023,0
49b3f516-7fea-480e-9ff9-c6220da551b1,2024,360
49b51582-4d49-4443-afba-b52c998a4180,2020,0
49be6eb6-abfa-45e9-aafe-abf9a9d294c0,2021,0
49be6eb6-abfa-45e9-aafe-abf9a9d294c0,2022,5
49e5648c-c5c1-4e7f-8e98-350de0f418c4,2021,5
49ed94ac-5542-4419-bcc7-411b3bbad43b,2024,0
49f0f18b-da9e-44c9-9b2e-fc3d94be0fff,2020,10
49f0f18b-da9e-44c9-9b2e-fc3d94be0fff,2022,5
49f0f18b-da9e-44c9-9b2e-fc3d94be0fff,2023,0
49f0f18b-da9e-44c9-9b2e-fc3d94be0fff,2024,5
49fb12d2-8e07-45af-a1d5-8acbe6b4ed25,2020,5
49fb12d2-8e07-45af-a1d5-8acbe6b4ed25,2021,360
49fb12d2-8e07-45af-a1d5-8acbe6b4ed25,2022,5
49fb12d2-8e07-45af-a1d5-8acbe6b4ed25,2023,140
49fb12d2-8e07-45af-a1d5-8acbe6b4ed25,2024,270
4a117683-a2b2-4af3-9232-2e8c042a15be,2020,15
4a117683-a2b2-4af3-9232-2e8c042a15be,2023,0
4a49c4f2-9033-46aa-bf5b-941f20be0974,2022,10
4a49c4f2-9033-46aa-bf5b-941f20be0974,2023,5
4a4b419f-3774-447d-adf8-d03b7c882e6f,2023,0
4a4b419f-3774-447d-adf8-d03b7c882e6f,2024,360
4a4df4cc-024c-435d-a517-499338e58ec4,2021,0
4a4df4cc-024c-435d-a517-499338e58ec4,2022,5
4a4df4cc-024c-435d-a517-499338e58ec4,2023,35
4a4df4cc-024c-435d-a517-499338e58ec4,2024,0
4a501410-f88b-480f-a23d-61de3033d5c1,2023,55
4a51575a-5da5-480a-ab8e-0c552d6fb3d1,2020,10
4a51575a-5da5-480a-ab8e-0c552d6fb3d1,2021,10
4a51575a-5da5-480a-ab8e-0c552d6fb3d1,2022,10
4a51575a-5da5-480a-ab8e-0c552d6fb3d1,2023,30
4a51575a-5da5-480a-ab8e-0c552d6fb3d1,2024,15
4a5d9936-f4b7-40d1-b379-7045eb455167,2024,0
4a6eee29-6664-40e3-9946-006e6c7d567f,2024,360
4a7be964-3bb9-48c4-85e7-359ae9fca33c,2021,0
4a7be964-3bb9-48c4-85e7-359ae9fca33c,2022,0
4a7be964-3bb9-48c4-85e7-359ae9fca33c,2023,20
4a7d4c64-f625-4415-a893-841fb38eb119,2020,0
4a7d4c64-f625-4415-a893-841fb38eb119,2023,25
4a7d4c64-f625-4415-a893-841fb38eb119,2024,355
4a7e0708-dda6-4c89-b5d9-766c749a8907,2023,20
4a7e0708-dda6-4c89-b5d9-766c749a8907,2024,0
4a94a6c3-3d39-40e1-bd0b-6b296c59b7c7,2021,0
4a94a6c3-3d39-40e1-bd0b-6b296c59b7c7,2022,0
4a94a6c3-3d39-40e1-bd0b-6b296c59b7c7,2023,10
4a94a6c3-3d39-40e1-bd0b-6b296c59b7c7,2024,0
4a9ca20b-9e42-44ae-bd5a-11ec9fe6e178,2020,35
4a9ca20b-9e42-44ae-bd5a-11ec9fe6e178,2024,10
4a9f3dcf-e069-47b4-8205-7e7df0465b5c,2023,15
4aa0ff07-1f7f-4b5d-9550-c231c660cd7a,2020,5
4aa0ff07-1f7f-4b5d-9550-c231c660cd7a,2021,10
4aa0ff07-1f7f-4b5d-9550-c231c660cd7a,2023,20
4aa0ff07-1f7f-4b5d-9550-c231c660cd7a,2024,360
4abc1edc-0448-484f-a9b8-bb97e9b113e7,2020,10
4abc1edc-0448-484f-a9b8-bb97e9b113e7,2023,15
4abc1edc-0448-484f-a9b8-bb97e9b113e7,2024,20
4abc3541-c43a-4d20-a94e-0aaf378aa6f7,2020,5
4abc3541-c43a-4d20-a94e-0aaf378aa6f7,2021,10
4abc3541-c43a-4d20-a94e-0aaf378aa6f7,2022,10
4abc3541-c43a-4d20-a94e-0aaf378aa6f7,2023,5
4abc3541-c43a-4d20-a94e-0aaf378aa6f7,2024,360
4ad76ea3-ea67-447a-a66f-9684d2882601,2023,5
4ad76ea3-ea67-447a-a66f-9684d2882601,2024,0
4ada7e73-6deb-4202-88f2-254be280f492,2020,10
4ada7e73-6deb-4202-88f2-254be280f492,2023,15
4ae3a33a-c50b-44a3-a4a4-5c1ef9cb2b1b,2024,10
4ae41e8b-74d7-4f0a-859f-bf715365b938,2024,0
4b03d3a9-698e-4420-ae3b-f8b1641a75a0,2020,345
4b03d3a9-698e-4420-ae3b-f8b1641a75a0,2021,0
4b1c1201-e0c0-4677-9ddc-d5b26d684d83,2020,355
4b1c1201-e0c0-4677-9ddc-d5b26d684d83,2021,60
4b1c1201-e0c0-4677-9ddc-d5b26d684d83,2022,15
4b1c1201-e0c0-4677-9ddc-d5b26d684d83,2023,0
4b1c1201-e0c0-4677-9ddc-d5b26d684d83,2024,70
4b8c3b42-859c-4ae1-b876-32ebe716d622,2020,5
4b8c3b42-859c-4ae1-b876-32ebe716d622,2023,0
4b8c3b42-859c-4ae1-b876-32ebe716d622,2024,5
4b9df16e-5d87-49d9-835f-51b39074acec,2024,0
4ba290d1-bdb7-4a18-84f8-7321b0c9756a,2023,20
4bac810c-ed4f-47fb-8235-a887e74d72a7,2021,0
4bac810c-ed4f-47fb-8235-a887e74d72a7,2023,15
4bd749a9-71e8-424c-8502-8e71369c9396,2024,0
4bec2954-40e3-4618-b2e4-46b044c91fa8,2020,5
4bec2954-40e3-4618-b2e4-46b044c91fa8,2021,10
4bec2954-40e3-4618-b2e4-46b044c91fa8,2023,0
4bf12c1c-85e7-41e7-b905-ec5eeb074180,2023,5
4bf12c1c-85e7-41e7-b905-ec5eeb074180,2024,5
4c0952e1-4021-4bf9-81f4-909092a89a5f,2021,0
4c0952e1-4021-4bf9-81f4-909092a89a5f,2022,5
4c0952e1-4021-4bf9-81f4-909092a89a5f,2024,0
4c0ed04b-66bf-462c-9d01-cfa27a3b3f01,2020,145
4c0ed04b-66bf-462c-9d01-cfa27a3b3f01,2021,360
4c0ed04b-66bf-462c-9d01-cfa27a3b3f01,2022,360
4c0ed04b-66bf-462c-9d01-cfa27a3b3f01,2023,355
4c0ed04b-66bf-462c-9d01-cfa27a3b3f01,2024,15
4c3240d9-300c-49ca-ae4c-aefe3289e276,2024,0
4c580e4a-189c-450e-8f5f-8c253fb423ac,2020,0
4c580e4a-189c-450e-8f5f-8c253fb423ac,2021,0
4c580e4a-189c-450e-8f5f-8c253fb423ac,2022,360
4c580e4a-189c-450e-8f5f-8c253fb423ac,2023,150
4c580e4a-189c-450e-8f5f-8c253fb423ac,2024,0
4c622c64-9370-4671-b23f-c4875dbcdf43,2020,345
4c622c64-9370-4671-b23f-c4875dbcdf43,2023,15
4c9d4337-ac77-4e24-86e9-0eafc207c191,2020,5
4c9d4337-ac77-4e24-86e9-0eafc207c191,2024,0
4cafebaf-b8a1-45c8-ba91-da49f224142b,2022,5
4cd06d67-e40a-4e62-ba53-dfb1735168fa,2023,10
4ced3fc3-4ede-4a99-a9c5-633bda8ccab3,2020,10
4ced3fc3-4ede-4a99-a9c5-633bda8ccab3,2023,5
4d007ff2-1554-4d55-a4a4-ab20e6c4d314,2020,305
4d007ff2-1554-4d55-a4a4-ab20e6c4d314,2021,340
4d007ff2-1554-4d55-a4a4-ab20e6c4d314,2022,45
4d007ff2-1554-4d55-a4a4-ab20e6c4d314,2023,20
4d007ff2-1554-4d55-a4a4-ab20e6c4d314,2024,345
4d177e24-75f7-41bb-b0cd-3b4eb40583d9,2023,20
4d177e24-75f7-41bb-b0cd-3b4eb40583d9,2024,5
4d1a905a-33a0-49e5-81d7-d42a42f39f64,2023,0
4d1a905a-33a0-49e5-81d7-d42a42f39f64,2024,360
4d451d32-837b-4969-bba5-44dac6283c27,2023,5
4d4931e4-4d92-4479-a15e-924353308847,2020,10
4d4931e4-4d92-4479-a15e-924353308847,2021,5
4d4931e4-4d92-4479-a15e-924353308847,2022,10
4d4931e4-4d92-4479-a15e-924353308847,2023,20
4d4931e4-4d92-4479-a15e-924353308847,2024,5
4d5c07d7-33fc-4760-8da6-94f7e3995ffa,2021,0
4d5c07d7-33fc-4760-8da6-94f7e3995ffa,2022,360
4d5c07d7-33fc-4760-8da6-94f7e3995ffa,2023,360
4d5c07d7-33fc-4760-8da6-94f7e3995ffa,2024,360
4ddc7fa1-0c9c-4640-a5ae-0dddbd619c1b,2023,5
4de2b581-4eee-4203-8b5b-fbc4c8ce2c38,2020,10
4de2b581-4eee-4203-8b5b-fbc4c8ce2c38,2021,10
4de2b581-4eee-4203-8b5b-fbc4c8ce2c38,2022,5
4e0135e6-d2f0-4370-be3c-3c28b38a4016,2021,5
4e0135e6-d2f0-4370-be3c-3c28b38a4016,2022,0
4e0135e6-d2f0-4370-be3c-3c28b38a4016,2024,10
4e01c25b-6c6a-43e2-be30-c84ad49330df,2022,0
4e0b10c1-3d03-4761-bf2d-11f3dd0df2cb,2023,10
4e25a6e9-80d8-4d18-8839-74dfddf3972c,2023,10
4e5c3761-e76a-41ce-a5bc-808153c801b0,2024,10
4e685348-51b0-4ccd-bfd7-eeb7d6bf4f43,2020,5
4e685348-51b0-4ccd-bfd7-eeb7d6bf4f43,2021,5
4e685348-51b0-4ccd-bfd7-eeb7d6bf4f43,2022,0
4eda2c40-c17f-4b94-98df-0a63faf3e6b1,2023,10
4ee96658-254a-4eee-b98b-034013b50c11,2020,10
4ee96658-254a-4eee-b98b-034013b50c11,2021,360
4ee96658-254a-4eee-b98b-034013b50c11,2022,0
4ee96658-254a-4eee-b98b-034013b50c11,2023,10
4ee96658-254a-4eee-b98b-034013b50c11,2024,0
4eeb564e-08ef-46b5-904a-7854ac14368c,2024,0
4efbf910-0fe1-4f97-b992-4856e7494bcd,2023,5
4efbf910-0fe1-4f97-b992-4856e7494bcd,2024,0
4f44bc20-22ec-4cce-8285-94cf75a1c4b8,2024,0
4f47ea53-c97d-4b1a-8747-e8be72f90a46,2023,0
4f47ea53-c97d-4b1a-8747-e8be72f90a46,2024,20
4f799d3d-547b-4954-9c1a-f781c9ab8e1b,2023,30
4f799d3d-547b-4954-9c1a-f781c9ab8e1b,2024,360
4f81bec8-d0bc-4a73-8d3e-ba19c28c080e,2021,5
4f81bec8-d0bc-4a73-8d3e-ba19c28c080e,2022,0
4f81bec8-d0bc-4a73-8d3e-ba19c28c080e,2023,0
4f8b65fb-6d71-4a31-b940-417e0066bfd7,2020,5
4f8b65fb-6d71-4a31-b940-417e0066bfd7,2021,10
4f8b65fb-6d71-4a31-b940-417e0066bfd7,2022,360
4fb49fa4-c511-4d20-8bb1-e4356a9e18bf,2023,0
4fbdc699-6d25-44e1-94ff-6ea5633af44c,2023,20
4fc6c479-4c97-4c1a-9777-05cc1b32c7b5,2020,5
4fc72695-8c6c-41c6-8641-7e2f0a5a0309,2024,5
4fd3fb96-0569-433c-945f-1329e48fc942,2024,340
4fda13e4-e0b4-48d6-845b-bff67292535b,2020,5
4fda13e4-e0b4-48d6-845b-bff67292535b,2021,360
4fda13e4-e0b4-48d6-845b-bff67292535b,2022,5
4fdd5629-2d7d-489e-90b0-8d1f54d59964,2020,10
4fdd5629-2d7d-489e-90b0-8d1f54d59964,2021,360
4fdd5629-2d7d-489e-90b0-8d1f54d59964,2022,5
4fe512a5-15f7-456d-95d7-4ca89cc146c4,2023,10
4fe512a5-15f7-456d-95d7-4ca89cc146c4,2024,0
4ffb2c04-b3c6-48d0-9c0b-5a26ca0eb095,2021,0
4ffb2c04-b3c6-48d0-9c0b-5a26ca0eb095,2022,0
4ffb2c04-b3c6-48d0-9c0b-5a26ca0eb095,2024,20
5010609e-008a-4e6d-b618-d57e1f1a556f,2020,10
5010609e-008a-4e6d-b618-d57e1f1a556f,2023,10
5010609e-008a-4e6d-b618-d57e1f1a556f,2024,360
502f0387-ed99-4dd3-b8e3-bd06a42a9a8a,2020,15
502f0387-ed99-4dd3-b8e3-bd06a42a9a8a,2024,5
50381b17-5163-4824-a758-fdf8b07079ac,2020,10
50381b17-5163-4824-a758-fdf8b07079ac,2022,355
505b5ff8-e237-4a6a-aba9-186c56d76a26,2024,0
50778f4d-fc89-4c1f-baf5-bdb9e970d7a3,2020,10
50778f4d-fc89-4c1f-baf5-bdb9e970d7a3,2024,5
50d2bdf2-6845-4d08-a7f8-9cc11961acc5,2021,0
50d2bdf2-6845-4d08-a7f8-9cc11961acc5,2022,0
50f6cb75-828d-457e-b3f9-4a0765e9b4dc,2020,5
50f6cb75-828d-457e-b3f9-4a0765e9b4dc,2024,0
50fb98c4-9666-4a80-8a5d-a8a7a5af4280,2024,10
511b2e86-7b0b-4f14-8285-95dbf34cd9ca,2021,5
511b2e86-7b0b-4f14-8285-95dbf34cd9ca,2022,0
511b2e86-7b0b-4f14-8285-95dbf34cd9ca,2024,15
5121fd69-25da-4af6-aa9d-f416b4723d53,2020,0
5121fd69-25da-4af6-aa9d-f416b4723d53,2023,0
51228bc3-3ba1-4d6e-884a-11439394e40c,2020,10
51296527-e17c-4c2c-9b6a-7012dc50f445,2024,0
513cfc39-f4ce-4498-abf5-9dbc6ebb6cf6,2023,0
5143a4ae-8111-42af-9cfc-04484253c9fb,2021,10
515465d7-b76e-47ee-a98c-3f1638a52249,2023,0
515bcbe8-a72e-41ec-9b12-ce55b08cdbbb,2020,5
51700456-8a62-4c31-9bd4-59109c504bbf,2020,250
51700456-8a62-4c31-9bd4-59109c504bbf,2021,5
51700456-8a62-4c31-9bd4-59109c504bbf,2022,5
51700456-8a62-4c31-9bd4-59109c504bbf,2023,15
51700456-8a62-4c31-9bd4-59109c504bbf,2024,360
51f0b60b-ce50-4fa0-9d2c-f262c49fb2c0,2020,0
51f0b60b-ce50-4fa0-9d2c-f262c49fb2c0,2021,5
51f0b60b-ce50-4fa0-9d2c-f262c49fb2c0,2022,5
51f0b60b-ce50-4fa0-9d2c-f262c49fb2c0,2023,15
51f0b60b-ce50-4fa0-9d2c-f262c49fb2c0,2024,350
5295f999-051a-46ce-9792-38f1bcf1a2ef,2020,295
5295f999-051a-46ce-9792-38f1bcf1a2ef,2021,0
5295f999-051a-46ce-9792-38f1bcf1a2ef,2022,5
5297f51a-5455-4ffe-a783-de1499c903bd,2020,5
5297f51a-5455-4ffe-a783-de1499c903bd,2022,100
5297f51a-5455-4ffe-a783-de1499c903bd,2023,5
5297f51a-5455-4ffe-a783-de1499c903bd,2024,0
529dbb65-6ff8-46f2-bd3d-20dd2002e807,2021,345
529dbb65-6ff8-46f2-bd3d-20dd2002e807,2022,5
529dbb65-6ff8-46f2-bd3d-20dd2002e807,2024,0
52c5a81a-cf07-4598-853d-975e268d8c74,2024,5
53203147-7c41-4735-a3c1-df159d17f6d5,2024,0
53241f77-c71d-4e99-b596-fb8aaf97c7c0,2020,305
53241f77-c71d-4e99-b596-fb8aaf97c7c0,2021,5
53241f77-c71d-4e99-b596-fb8aaf97c7c0,2022,15
53241f77-c71d-4e99-b596-fb8aaf97c7c0,2024,5
533ea429-57ce-406c-ae16-6af1c1f1baab,2021,0
533ea429-57ce-406c-ae16-6af1c1f1baab,2022,0
533ea429-57ce-406c-ae16-6af1c1f1baab,2024,265
535a7c5e-d141-43ad-9504-88368079c1c3,2021,0
535a7c5e-d141-43ad-9504-88368079c1c3,2022,10
535a7c5e-d141-43ad-9504-88368079c1c3,2024,10
537e0faf-9e60-4bd9-8b5a-e29abd247700,2023,0
5386ec1e-27c5-4c99-b3c4-309e342a7ca7,2024,5
53963ecf-36b9-412e-9d05-257427504e8c,2020,5
53963ecf-36b9-412e-9d05-257427504e8c,2023,0
539a145c-5a0a-4526-b1a4-7ca206748967,2021,5
539a145c-5a0a-4526-b1a4-7ca206748967,2022,10
53ba85dd-578b-4144-ba3f-841c1ecccd44,2023,15
53ba85dd-578b-4144-ba3f-841c1ecccd44,2024,5
53cc3018-08b3-499f-bc36-71fb3fd3946a,2020,5
53cc3018-08b3-499f-bc36-71fb3fd3946a,2021,0
53cc3018-08b3-499f-bc36-71fb3fd3946a,2022,5
53cc3018-08b3-499f-bc36-71fb3fd3946a,2023,10
53cc3018-08b3-499f-bc36-71fb3fd3946a,2024,325
53d16aeb-cf20-42e9-be47-f0280ca24472,2024,0
53d36ffd-31ec-46ae-bf49-216d90ed4963,2020,0
53d9fe3a-72af-45c7-8b5d-60793b972793,2023,5
53d9fe3a-72af-45c7-8b5d-60793b972793,2024,360
5403a934-5549-4a01-81f5-d86ee1ddff37,2021,5
5403a934-5549-4a01-81f5-d86ee1ddff37,2022,0
54118835-cfe3-462a-8602-4aadd5d9f27b,2023,5
541206ed-62d4-473d-8b2d-ed351f699ce5,2022,0
541206ed-62d4-473d-8b2d-ed351f699ce5,2023,5
541fbc64-80a0-42d8-9987-4e5e7b7afe94,2024,10
54217923-aa5f-4b5a-b170-aca052b736a0,2022,0
542e0921-d36a-4df9-98e3-23fd8c1ef090,2023,0
54525eff-6c13-4be9-9255-9c9adb36380b,2020,5
54525eff-6c13-4be9-9255-9c9adb36380b,2021,5
54525eff-6c13-4be9-9255-9c9adb36380b,2022,15
54525eff-6c13-4be9-9255-9c9adb36380b,2023,15
54525eff-6c13-4be9-9255-9c9adb36380b,2024,0
5491308f-2ea9-4a92-8168-d6a0181c1ec4,2024,0
54aac3ec-2d82-4d44-8ae9-42e5f6683e4c,2024,10
54dde312-3f02-4dac-b87e-4ac48fa4c9ed,2020,0
54dde312-3f02-4dac-b87e-4ac48fa4c9ed,2024,5
553642b3-ac71-44e8-b54f-6bba064a5c86,2021,5
553642b3-ac71-44e8-b54f-6bba064a5c86,2022,5
553642b3-ac71-44e8-b54f-6bba064a5c86,2024,0
5538dea7-d520-4947-b8c1-a0ed47cc3931,2024,5
55727859-2f2a-4dab-a74e-086b317010c7,2020,345
55727859-2f2a-4dab-a74e-086b317010c7,2022,5
55727859-2f2a-4dab-a74e-086b317010c7,2023,15
5588632c-7600-444e-a765-f67230b09ddc,2022,0
5588632c-7600-444e-a765-f67230b09ddc,2023,15
5588632c-7600-444e-a765-f67230b09ddc,2024,360
558a3d3d-0283-4454-af54-88240b433999,2024,15
55997590-6d3b-4966-9927-6f21bf8baa75,2021,10
55997590-6d3b-4966-9927-6f21bf8baa75,2022,0
55bfb367-c8db-4f26-9557-f9b05a2f678b,2020,5
55ccb5c3-2e32-47e4-bd76-4e76d54b1ab0,2020,5
55ccb5c3-2e32-47e4-bd76-4e76d54b1ab0,2024,0
561f1078-1966-42c2-b3a4-50abf2c6b6ff,2023,10
562b1947-a35e-4d36-a465-352afea7db8c,2023,5
562b1947-a35e-4d36-a465-352afea7db8c,2024,0
563b489d-497c-4eac-8beb-c8837d9722d9,2020,0
563b489d-497c-4eac-8beb-c8837d9722d9,2021,5
563b489d-497c-4eac-8beb-c8837d9722d9,2022,5
56a3488b-0002-4d7d-b01c-fc8a2664820a,2020,0
56a3488b-0002-4d7d-b01c-fc8a2664820a,2021,5
56a3488b-0002-4d7d-b01c-fc8a2664820a,2022,10
56a3488b-0002-4d7d-b01c-fc8a2664820a,2023,5
56a3488b-0002-4d7d-b01c-fc8a2664820a,2024,350
56d17492-9b3e-40df-a6b7-f9b75b1968d9,2020,25
570723cc-f228-44fb-a4df-8ef0cc18dc1c,2020,0
570f9f87-bdeb-446b-867b-cf8f3ebf7922,2023,10
570f9f87-bdeb-446b-867b-cf8f3ebf7922,2024,355
5776cb12-ca1d-4f33-91cb-5518c5714c85,2024,0
578406e1-f38f-4055-99eb-7ce16906f833,2023,5
578406e1-f38f-4055-99eb-7ce16906f833,2024,0
57a45551-3a51-4da9-b9fd-ea2ee8ec26cf,2024,0
57a6744f-96ea-4474-9b06-efe292ae5b0d,2020,10
57a6744f-96ea-4474-9b06-efe292ae5b0d,2024,10
57e4e173-6eef-4c15-9e00-a9349b26f5c3,2020,320
57e4e173-6eef-4c15-9e00-a9349b26f5c3,2021,15
57e4e173-6eef-4c15-9e00-a9349b26f5c3,2022,0
57e4e173-6eef-4c15-9e00-a9349b26f5c3,2024,0
57e55a66-f027-482f-808e-a760e77c8b3f,2023,5
57e55a66-f027-482f-808e-a760e77c8b3f,2024,5
57ffb13b-9b5b-47c4-90dd-e1554aa4265d,2023,10
57ffb13b-9b5b-47c4-90dd-e1554aa4265d,2024,0
58162b40-058d-4c72-ad88-443628dc0534,2024,5
581b0850-68ee-4fde-b627-ee48fe85a094,2020,5
582186a1-ef49-46f0-b071-fcdc0f8e24bd,2021,5
582186a1-ef49-46f0-b071-fcdc0f8e24bd,2022,5
5828015b-2ffb-4cf0-93e0-a7dd9f9de5d4,2022,5
5828015b-2ffb-4cf0-93e0-a7dd9f9de5d4,2023,15
58514fde-dfbb-4b61-ad51-74f5de8eb120,2021,0
58514fde-dfbb-4b61-ad51-74f5de8eb120,2022,10
58514fde-dfbb-4b61-ad51-74f5de8eb120,2024,5
5866b096-9eda-4b49-9e04-50a5dc500379,2023,5
5866b096-9eda-4b49-9e04-50a5dc500379,2024,0
587363c5-c0a4-4568-a58f-5b605d89bafa,2023,0
587363c5-c0a4-4568-a58f-5b605d89bafa,2024,30
5888171e-999a-4b9f-a9aa-4c1cdefd2029,2024,45
589295b8-7396-40b1-bbb5-55975e529cfb,2023,10
58c0e8db-c4bc-489b-b793-abfc12ced316,2022,5
58c0e8db-c4bc-489b-b793-abfc12ced316,2023,5
58c0e8db-c4bc-489b-b793-abfc12ced316,2024,0
58c7b638-7d34-4911-b08a-5adc368ead4b,2021,5
58c7b638-7d34-4911-b08a-5adc368ead4b,2022,5
58c7b638-7d34-4911-b08a-5adc368ead4b,2023,5
58c7b638-7d34-4911-b08a-5adc368ead4b,2024,0
591a6e22-5a59-4afd-a5fb-c56e34b0ba63,2023,0
591a6e22-5a59-4afd-a5fb-c56e34b0ba63,2024,5
591cc4d6-c4dc-4d43-a0a0-86dbe5b4241c,2020,0
595921d1-8d89-4559-897e-1b97e727527c,2020,210
595921d1-8d89-4559-897e-1b97e727527c,2021,330
595921d1-8d89-4559-897e-1b97e727527c,2022,40
595921d1-8d89-4559-897e-1b97e727527c,2023,15
596ff5fc-b68d-448c-8ecd-59c33483ee50,2023,0
597341ab-6e72-44a8-9445-3578ffdd3d07,2020,0
59918213-187a-408a-89b3-cc80d96e6ab3,2023,10
59918213-187a-408a-89b3-cc80d96e6ab3,2024,5
59a346ea-2814-4b3b-a55c-3cf8641233a3,2023,15
59a346ea-2814-4b3b-a55c-3cf8641233a3,2024,0
59b66bdd-c844-418d-a9e3-b26ee829029f,2023,5
59b9f346-fece-41db-a7fa-b9774de93f24,2021,0
59b9f346-fece-41db-a7fa-b9774de93f24,2022,10
59b9f346-fece-41db-a7fa-b9774de93f24,2023,20
59b9f346-fece-41db-a7fa-b9774de93f24,2024,360
59c5787e-0797-49f7-9c84-2c4ca279ec29,2023,10
59c5787e-0797-49f7-9c84-2c4ca279ec29,2024,10
59cc6cbd-23d1-484f-ba63-7ca866ea45a6,2020,5
59d05a86-4b97-4150-82b8-c1af4dc1bf4f,2020,5
59f9a07f-ba7b-4daa-a08e-57587ad29a8b,2020,20
59f9a07f-ba7b-4daa-a08e-57587ad29a8b,2023,15
59fd5cd6-8f92-45b6-b29f-777b7cbb0072,2023,0
5a515b20-206d-4634-a3dd-9f597fa065aa,2021,10
5a515b20-206d-4634-a3dd-9f597fa065aa,2022,355
5a515b20-206d-4634-a3dd-9f597fa065aa,2023,5
5a623726-f004-4d7d-a4f6-9d039fc0b1dd,2020,0
5a75280d-5a13-4df2-bb1a-3ba063690c9c,2024,5
5a9c4670-4ec8-4621-9ac4-37dd02b76664,2024,0
5ab3a911-e459-4422-8a82-24fee11be839,2021,355
5ab3a911-e459-4422-8a82-24fee11be839,2022,10
5ab3a911-e459-4422-8a82-24fee11be839,2023,5
5ac03266-96e7-44ee-8518-749ad94a92e1,2023,5
5af6f392-f3a9-47e5-9219-efcc20584d33,2024,5
5b4004ec-f014-4bf3-969b-01af7a345140,2021,0
5b4004ec-f014-4bf3-969b-01af7a345140,2022,0
5b55d3ed-6c10-408e-ac4d-59b2df970ba6,2020,10
5b55d3ed-6c10-408e-ac4d-59b2df970ba6,2021,5
5b55d3ed-6c10-408e-ac4d-59b2df970ba6,2022,5
5b55d3ed-6c10-408e-ac4d-59b2df970ba6,2023,30
5b55d3ed-6c10-408e-ac4d-59b2df970ba6,2024,5
5b55fa35-fbd5-434d-bf85-a1272f7ad20d,2020,0
5b55fa35-fbd5-434d-bf85-a1272f7ad20d,2021,25
5b55fa35-fbd5-434d-bf85-a1272f7ad20d,2022,355
5b55fa35-fbd5-434d-bf85-a1272f7ad20d,2023,0
5b7d3aeb-ac11-4339-a394-56e248ccffd0,2021,10
5b7d3aeb-ac11-4339-a394-56e248ccffd0,2023,145
5ba5e307-0d9e-46d0-9c85-d029cdfdcee7,2021,0
5ba5e307-0d9e-46d0-9c85-d029cdfdcee7,2022,5
5ba5e307-0d9e-46d0-9c85-d029cdfdcee7,2023,25
5bad5b09-0182-4a79-81b1-9f77a9a92885,2024,10
5bdcde24-ec17-4025-9c5a-7a73794f2d15,2020,10
5bdcde24-ec17-4025-9c5a-7a73794f2d15,2023,15
5bdcde24-ec17-4025-9c5a-7a73794f2d15,2024,5
5c4357b3-8196-4432-bcbf-6ea246142cbc,2023,5
5c4357b3-8196-4432-bcbf-6ea246142cbc,2024,5
5c49f357-d6f4-4e9f-b702-2d0bca851f15,2024,10
5c76668f-3532-4fd5-83ed-1c306be8a0c1,2022,0
5c76eff6-f71c-4852-9f95-eadc99ad0c6c,2020,5
5c76eff6-f71c-4852-9f95-eadc99ad0c6c,2024,0
5c90c08e-b469-4283-83bd-eacda9b4a0b9,2024,10
5c916f68-31d2-4d34-b05c-498a8a2ad15a,2024,5
5ce74255-ebbf-4ac5-9f6a-3c1fceefca6e,2024,0
5cf2508a-9e7c-4e03-b5a4-73a43862a7de,2022,5
5cf68bdb-8648-4eee-bffc-d23cf2df8885,2023,0
5d03d77c-51c8-4cec-ab1d-5582acc08023,2023,0
5d073266-c18c-4990-91f4-b093ca4b2bab,2020,5
5d073266-c18c-4990-91f4-b093ca4b2bab,2021,5
5d10cc24-62f5-41a7-ac05-74377be4d516,2023,5
5d253752-5f56-40b6-9fdb-b99f84a95683,2024,5
5d325557-c784-46a0-ae9c-82dee2b90566,2023,0
5d325557-c784-46a0-ae9c-82dee2b90566,2024,355
5d3e1d60-e26d-4989-9ff3-a02fa41a4bcd,2021,0
5d3e1d60-e26d-4989-9ff3-a02fa41a4bcd,2023,0
5d3e1d60-e26d-4989-9ff3-a02fa41a4bcd,2024,355
5d5940e0-3734-49be-8360-8759568510a8,2021,5
5d5940e0-3734-49be-8360-8759568510a8,2024,5
5d72d3b7-a1fa-46eb-b261-c249d217624a,2021,0
5d72d3b7-a1fa-46eb-b261-c249d217624a,2022,10
5d78739b-57aa-479e-ab55-ef34b1ab44d4,2020,5
5d78739b-57aa-479e-ab55-ef34b1ab44d4,2023,20
5d78739b-57aa-479e-ab55-ef34b1ab44d4,2024,0
5daa1158-0c9f-4564-ac24-4e50f85dead4,2024,0
5dbc582a-859f-44d1-8c13-0ecbb3c7bff0,2023,5
5dc7d113-496c-4d65-93c2-668d21e8c73d,2020,10
5dc7d113-496c-4d65-93c2-668d21e8c73d,2021,360
5dc7d113-496c-4d65-93c2-668d21e8c73d,2022,360
5dc7d113-496c-4d65-93c2-668d21e8c73d,2023,10
5dd97fff-6b7f-46bf-84b3-648290ae75ac,2020,290
5dd97fff-6b7f-46bf-84b3-648290ae75ac,2023,5
5dd97fff-6b7f-46bf-84b3-648290ae75ac,2024,5
5deebb01-1aae-4892-983c-63f201f9391d,2020,10
5deebb01-1aae-4892-983c-63f201f9391d,2021,0
5deebb01-1aae-4892-983c-63f201f9391d,2022,5
5deebb01-1aae-4892-983c-63f201f9391d,2023,20
5deebb01-1aae-4892-983c-63f201f9391d,2024,360
5e2effd7-918f-44a6-8853-b14c4bb4332c,2020,0
5e2effd7-918f-44a6-8853-b14c4bb4332c,2021,0
5e2effd7-918f-44a6-8853-b14c4bb4332c,2023,15
5e2effd7-918f-44a6-8853-b14c4bb4332c,2024,10
5e2faad3-b3a3-4720-88c2-9af2270b1f04,2023,15
5e2faad3-b3a3-4720-88c2-9af2270b1f04,2024,10
5ebbb55a-cfd8-4176-bd0f-065c74972210,2020,10
5ebbb55a-cfd8-4176-bd0f-065c74972210,2021,5
5ebbb55a-cfd8-4176-bd0f-065c74972210,2023,15
5ebf2635-3fe9-43eb-945d-5605ceb79df9,2020,0
5ebf2635-3fe9-43eb-945d-5605ceb79df9,2023,10
5ebf2635-3fe9-43eb-945d-5605ceb79df9,2024,10
5ec1928c-6369-40e9-8cb7-5b692c283dd3,2020,305
5ec1928c-6369-40e9-8cb7-5b692c283dd3,2021,350
5ec1928c-6369-40e9-8cb7-5b692c283dd3,2022,15
5ec1928c-6369-40e9-8cb7-5b692c283dd3,2023,10
5ec1928c-6369-40e9-8cb7-5b692c283dd3,2024,360
5eea002c-6732-4115-a242-f3e5cea3af0c,2023,5
5eea002c-6732-4115-a242-f3e5cea3af0c,2024,5
5f0d89b6-8528-4d2b-88c2-7e1ee2232b64,2024,5
5f1052d3-43fd-457c-95b6-2423c6e7b674,2023,0
5f158762-f153-4170-8e09-6bb3e0277fdb,2020,5
5f158762-f153-4170-8e09-6bb3e0277fdb,2024,0
5f466fe7-8408-4d07-ba6a-aa2ae76cafb6,2021,0
5f466fe7-8408-4d07-ba6a-aa2ae76cafb6,2022,5
5f466fe7-8408-4d07-ba6a-aa2ae76cafb6,2024,5
5f5fda11-c946-4825-8692-e2424cd58a9f,2020,10
5f5fda11-c946-4825-8692-e2424cd58a9f,2023,5
5f5fda11-c946-4825-8692-e2424cd58a9f,2024,360
5f76cbce-cf3f-4f93-893e-55f977a107ac,2020,5
5f7f1814-3865-415c-b7cf-856a9330f0f2,2020,10
5f7f1814-3865-415c-b7cf-856a9330f0f2,2021,0
5f7f1814-3865-415c-b7cf-856a9330f0f2,2022,5
5f7f1814-3865-415c-b7cf-856a9330f0f2,2024,5
5f9fe5b2-3fb2-4322-8ac6-0f787ea6ae5f,2023,5
5f9fe5b2-3fb2-4322-8ac6-0f787ea6ae5f,2024,10
5fc0838e-22cf-4179-9b8b-c9ea9b11856f,2021,0
5fc0838e-22cf-4179-9b8b-c9ea9b11856f,2022,0
5fc0838e-22cf-4179-9b8b-c9ea9b11856f,2023,20
5fc09d1f-23ae-46a0-9971-eaa474854453,2023,0
5ff167c7-77b5-4273-b335-6935a6a42144,2023,25
5ff167c7-77b5-4273-b335-6935a6a42144,2024,360
601aefb3-9876-4773-adf9-6118e4d9ad56,2023,5
601aefb3-9876-4773-adf9-6118e4d9ad56,2024,345
602b4cd2-4815-4715-a4b3-e24933e297c5,2024,5
60329d24-ae87-47d5-bf89-d692dc888b9a,2020,10
60329d24-ae87-47d5-bf89-d692dc888b9a,2023,0
60329d24-ae87-47d5-bf89-d692dc888b9a,2024,5
6038f6a1-96ec-4a7c-8ace-8058155e192e,2022,5
6038f6a1-96ec-4a7c-8ace-8058155e192e,2023,5
6038f6a1-96ec-4a7c-8ace-8058155e192e,2024,0
60bc4da6-22b4-4de0-9a3c-2b14238b92d3,2024,0
60bd8fe0-f2b4-456f-8938-bdf7e46abd37,2024,5
613e85b1-97ee-4b47-8e95-d94d5c84841c,2023,5
61a70d1b-4e15-412d-84c4-93a40d97fc96,2020,10
61a70d1b-4e15-412d-84c4-93a40d97fc96,2022,5
61f6fa48-6ac3-43d3-babd-1f25f4f6aef9,2021,15
61f6fa48-6ac3-43d3-babd-1f25f4f6aef9,2022,0
61f6fa48-6ac3-43d3-babd-1f25f4f6aef9,2023,5
6200e0f6-79af-4e34-960b-7cdd7751736d,2023,5
6200e0f6-79af-4e34-960b-7cdd7751736d,2024,0
6208e1df-0413-4bd6-a71d-58126bda8cc1,2020,0
620ef72f-2940-48a5-b929-0ac95d02b55b,2020,25
620ef72f-2940-48a5-b929-0ac95d02b55b,2022,360
620ef72f-2940-48a5-b929-0ac95d02b55b,2023,0
620ef72f-2940-48a5-b929-0ac95d02b55b,2024,10
6248dbcd-7f6f-4be5-b04b-7a9b6ebaa6c7,2020,355
6248dbcd-7f6f-4be5-b04b-7a9b6ebaa6c7,2021,360
6248dbcd-7f6f-4be5-b04b-7a9b6ebaa6c7,2022,360
6248dbcd-7f6f-4be5-b04b-7a9b6ebaa6c7,2023,15
624aaf9e-fa2f-46e5-8ff1-5c243d734727,2021,0
624aaf9e-fa2f-46e5-8ff1-5c243d734727,2022,0
624aaf9e-fa2f-46e5-8ff1-5c243d734727,2023,25
6286d57b-f804-4946-9c83-14ff6fcc19d7,2024,0
628af4a9-4240-4c2e-ab4c-e99ff50b532d,2023,20
628af4a9-4240-4c2e-ab4c-e99ff50b532d,2024,360
62b59071-c468-4034-9d3a-92245e7bdfd7,2021,355
62b59071-c468-4034-9d3a-92245e7bdfd7,2022,10
62b59071-c468-4034-9d3a-92245e7bdfd7,2023,20
62b65cb6-c5a2-4f78-b4d4-4c61d7f2f965,2022,5
62b65cb6-c5a2-4f78-b4d4-4c61d7f2f965,2023,0
62c33f42-7795-425e-9438-d9a4ae85ca81,2024,0
62dd222d-5598-4710-bc09-3ff958dc2c2b,2021,5
62dd222d-5598-4710-bc09-3ff958dc2c2b,2022,5
62dd222d-5598-4710-bc09-3ff958dc2c2b,2023,15
62dd222d-5598-4710-bc09-3ff958dc2c2b,2024,0
62e87cd3-7e66-4850-8d50-0c01c74bac0f,2020,15
62e9e14f-4b55-4bd8-b401-2d82ead99176,2024,350
6311790f-6a97-4df8-814d-aec52dd7a7df,2023,0
6313da2d-7c10-41ee-8201-c8297008771d,2020,20
6313da2d-7c10-41ee-8201-c8297008771d,2024,10
6317486d-1ff4-4a8e-b556-36790e9fccf6,2023,0
632ef1af-d295-459d-b8fa-523fe8aae64a,2023,0
63302402-d2e0-44e0-bb1a-2806f5ccce0f,2021,10
63302402-d2e0-44e0-bb1a-2806f5ccce0f,2022,0
63989b24-e6a2-400d-9568-f6d9aeaddb50,2021,10
63989b24-e6a2-400d-9568-f6d9aeaddb50,2022,0
63a7d0ba-65f2-43c5-ab43-df6f17f5ddd1,2023,10
63a8389a-6595-4ce5-90e6-7aa66df50761,2021,10
63a8389a-6595-4ce5-90e6-7aa66df50761,2022,10
63a8389a-6595-4ce5-90e6-7aa66df50761,2023,15
63a8389a-6595-4ce5-90e6-7aa66df50761,2024,0
63ba357e-71c2-4c07-87e9-df840ade5c1d,2023,0
63ba357e-71c2-4c07-87e9-df840ade5c1d,2024,20
63c6e819-783a-4298-8980-17adba1017ae,2021,10
63c6e819-783a-4298-8980-17adba1017ae,2022,0
63d0c9b0-e8ec-4164-8ff0-50d62dd7b3f3,2023,10
63d0c9b0-e8ec-4164-8ff0-50d62dd7b3f3,2024,0
63e68cb7-9cee-4601-b6e3-c2d6f9cfb661,2020,5
63f91ae5-1dbc-42be-8fe0-2959aee1db9b,2021,0
63f91ae5-1dbc-42be-8fe0-2959aee1db9b,2022,0
63f91ae5-1dbc-42be-8fe0-2959aee1db9b,2023,55
640562fd-7624-4454-9e0b-9f966c81e75c,2020,15
640562fd-7624-4454-9e0b-9f966c81e75c,2021,5
640562fd-7624-4454-9e0b-9f966c81e75c,2022,5
646026cd-578c-473a-a04d-a668e4d55d97,2021,15
646026cd-578c-473a-a04d-a668e4d55d97,2022,20
646026cd-578c-473a-a04d-a668e4d55d97,2024,0
6493671e-c564-4d24-89ce-39d46526b6fc,2022,5
6493671e-c564-4d24-89ce-39d46526b6fc,2023,15
64976f9f-0bce-4217-9c8f-fdfd7ec99d08,2020,10
64976f9f-0bce-4217-9c8f-fdfd7ec99d08,2021,5
64976f9f-0bce-4217-9c8f-fdfd7ec99d08,2022,5
64976f9f-0bce-4217-9c8f-fdfd7ec99d08,2023,10
64d44128-c330-40cd-bb9b-cc6503cd487f,2020,20
64d44128-c330-40cd-bb9b-cc6503cd487f,2023,30
64d44128-c330-40cd-bb9b-cc6503cd487f,2024,5
64d596e0-7671-4366-97b1-b83fb069a24b,2021,0
64d596e0-7671-4366-97b1-b83fb069a24b,2022,5
65063ba2-afae-4c2a-b4a7-aefe4886a2a9,2024,0
650fd1c2-58ff-4c85-a123-ebebfd534507,2023,10
650fd1c2-58ff-4c85-a123-ebebfd534507,2024,0
6530f19b-7365-4a22-b72b-0fb54b619c72,2023,20
6530f19b-7365-4a22-b72b-0fb54b619c72,2024,0
657b2c37-662a-46d1-9ec6-2c0eada437a4,2020,10
657b2c37-662a-46d1-9ec6-2c0eada437a4,2024,355
658343eb-6fc7-44f8-86a6-e425c6bc958b,2021,0
658343eb-6fc7-44f8-86a6-e425c6bc958b,2022,5
658343eb-6fc7-44f8-86a6-e425c6bc958b,2023,15
658343eb-6fc7-44f8-86a6-e425c6bc958b,2024,0
658d7168-5711-4d5e-b1da-ba7afc495938,2020,0
658d7168-5711-4d5e-b1da-ba7afc495938,2022,0
658d7168-5711-4d5e-b1da-ba7afc495938,2024,0
6598034a-7ad1-43c1-aa34-f317b3c397f8,2024,15
65e79781-78ce-4a80-9465-20dddd4d8bf7,2020,5
663eb5dd-735e-4421-8a38-420e85f1cb47,2020,10
663eb5dd-735e-4421-8a38-420e85f1cb47,2024,5
6660352f-37dc-4dc4-a9ff-34f53cb3895e,2020,20
6660352f-37dc-4dc4-a9ff-34f53cb3895e,2023,5
6660352f-37dc-4dc4-a9ff-34f53cb3895e,2024,5
666eefe2-51b7-4a84-a41b-c5a11db73195,2020,5
669894fd-20cf-49f9-bbe1-863a5776f18e,2023,10
669894fd-20cf-49f9-bbe1-863a5776f18e,2024,5
66a4d2cc-6616-4128-8044-02ccba1ca341,2023,20
66a4d2cc-6616-4128-8044-02ccba1ca341,2024,245
66a76d9c-0546-4d3b-9208-9b484b567643,2020,5
66a76d9c-0546-4d3b-9208-9b484b567643,2022,0
66a76d9c-0546-4d3b-9208-9b484b567643,2023,20
66a76d9c-0546-4d3b-9208-9b484b567643,2024,355
66b118c8-0fe5-4ca7-b176-6693851d6566,2023,10
66ca1b10-9a83-4fe8-afc0-19dba3897d66,2024,0
672e8892-ca9d-46d6-971b-f4851f133951,2020,5
672e8892-ca9d-46d6-971b-f4851f133951,2022,10
673ebdc1-b878-4614-bc2a-296b94834530,2023,5
673ebdc1-b878-4614-bc2a-296b94834530,2024,360
6744eccf-f5f1-404e-8fa6-11aec6277dd6,2021,0
6744eccf-f5f1-404e-8fa6-11aec6277dd6,2022,0
67947b99-ad83-4d44-9f93-5278886d300f,2023,5
679fc8a4-a1fb-4d42-a9b9-18ebcefbc0fd,2024,0
67a9e5ce-2c8c-45d9-8d12-8c8a77df8b73,2023,20
67b1edcc-55e0-45ab-910f-eda426fd47ff,2020,0
67b1edcc-55e0-45ab-910f-eda426fd47ff,2021,5
67b1edcc-55e0-45ab-910f-eda426fd47ff,2022,5
67b1edcc-55e0-45ab-910f-eda426fd47ff,2023,20
67b1edcc-55e0-45ab-910f-eda426fd47ff,2024,0
67d9b1d8-997c-48fe-aee7-8c013b19f635,2020,15
67d9b1d8-997c-48fe-aee7-8c013b19f635,2021,5
67d9b1d8-997c-48fe-aee7-8c013b19f635,2022,0
68133e4d-bf44-411d-86a9-fb55497db8fb,2020,15
68133e4d-bf44-411d-86a9-fb55497db8fb,2021,10
68133e4d-bf44-411d-86a9-fb55497db8fb,2023,15
683c37f4-b31c-41be-b1a5-7a4317c8e32d,2023,30
683c37f4-b31c-41be-b1a5-7a4317c8e32d,2024,360
685dde2f-ab5d-4eb5-a1f7-16472a77a827,2024,15
686d5c28-1d3a-4226-b39c-1aa8ae5e2073,2020,20
68783026-10c5-45a2-b638-dc7c677fb2eb,2020,5
68783026-10c5-45a2-b638-dc7c677fb2eb,2022,0
68870df7-f33a-4fdb-8101-d197cbcee4fe,2021,0
68870df7-f33a-4fdb-8101-d197cbcee4fe,2022,0
689cdfd2-7dde-4946-bb0c-47e1eaa4226a,2021,10
689cdfd2-7dde-4946-bb0c-47e1eaa4226a,2022,10
689cdfd2-7dde-4946-bb0c-47e1eaa4226a,2023,25
689cdfd2-7dde-4946-bb0c-47e1eaa4226a,2024,325
68d06bec-83ef-4904-81ed-a9c1d859b686,2024,0
6901e767-4692-480e-8b84-1c7ed9c547ba,2024,0
691ddcaf-9808-479d-83fd-eeed5cc4d54c,2020,5
691ddcaf-9808-479d-83fd-eeed5cc4d54c,2023,0
69391684-3ef2-4c32-83d4-e831ac3c783c,2024,0
694a92e5-72f2-4cca-baf5-b51b188e0c88,2023,10
694a92e5-72f2-4cca-baf5-b51b188e0c88,2024,355
694f2b2e-8391-4be2-b44c-f9cc6f2283e3,2024,0
6953ba48-90ba-46c4-aaeb-f3c0b5d73fe6,2024,0
699e570e-73e6-417f-8f8f-60c1656248d5,2020,15
699e570e-73e6-417f-8f8f-60c1656248d5,2022,10
69a094a8-9d26-413d-a83f-cb06da095c39,2024,0
69a4b649-b76d-481e-bccd-2b711a60ab7f,2024,5
69bb07b8-623b-4663-a660-12fdcfa573af,2023,15
69bcd912-f518-46a3-83c0-4491ff7e5f13,2020,15
69bcd912-f518-46a3-83c0-4491ff7e5f13,2021,5
69bcd912-f518-46a3-83c0-4491ff7e5f13,2022,350
69bcd912-f518-46a3-83c0-4491ff7e5f13,2023,10
69bcd912-f518-46a3-83c0-4491ff7e5f13,2024,10
69c6993f-616c-4295-990c-5a27e1fba1fb,2022,360
69c6993f-616c-4295-990c-5a27e1fba1fb,2023,0
69c6993f-616c-4295-990c-5a27e1fba1fb,2024,0
69d0321d-8219-4937-8cda-ad1b02749bef,2023,10
69d0321d-8219-4937-8cda-ad1b02749bef,2024,5
69f933a7-19b2-4aef-8f94-4b1192424f68,2020,305
69f933a7-19b2-4aef-8f94-4b1192424f68,2021,10
69f933a7-19b2-4aef-8f94-4b1192424f68,2022,20
69f933a7-19b2-4aef-8f94-4b1192424f68,2023,0
69f933a7-19b2-4aef-8f94-4b1192424f68,2024,360
6a007ada-fb25-4f99-b5ed-2de998256321,2020,0
6a007ada-fb25-4f99-b5ed-2de998256321,2021,0
6a007ada-fb25-4f99-b5ed-2de998256321,2022,5
6a007ada-fb25-4f99-b5ed-2de998256321,2023,10
6a007ada-fb25-4f99-b5ed-2de998256321,2024,5
6a0f77bb-5dd3-4287-8e00-80f92eda88d4,2020,280
6a0f77bb-5dd3-4287-8e00-80f92eda88d4,2021,5
6a0f77bb-5dd3-4287-8e00-80f92eda88d4,2022,5
6a0f77bb-5dd3-4287-8e00-80f92eda88d4,2024,0
6a193586-8592-45f2-bc0d-ebab6cc95945,2021,15
6a193586-8592-45f2-bc0d-ebab6cc95945,2022,5
6a3a5b12-6dfb-44ba-9388-b1bc6ffe4a18,2020,5
6a3c0a75-dbaa-4c2a-b6d5-981ec69be5a4,2023,0
6a3c0a75-dbaa-4c2a-b6d5-981ec69be5a4,2024,110
6a5dc993-ee75-43ca-be28-4f81c465beff,2023,5
6ab0463c-32cd-420f-938e-556a358be982,2024,5
6ab67ecf-6081-44a3-bf6e-946528d85268,2020,0
6adbcce2-b500-433f-ac81-7b36a1d7a254,2024,10
6ae81ad7-ba8a-44d3-847a-25c5b5c44b0c,2024,5
6b1f4ad6-22f1-4275-be29-93faa8655ace,2024,0
6b2a0aef-b4d5-47ab-ba71-33e3ed43c3ff,2021,5
6b2a0aef-b4d5-47ab-ba71-33e3ed43c3ff,2022,10
6b5e83c1-e4f2-46fc-a835-527418467bd5,2020,10
6b5e83c1-e4f2-46fc-a835-527418467bd5,2021,0
6b5e83c1-e4f2-46fc-a835-527418467bd5,2022,5
6b5e83c1-e4f2-46fc-a835-527418467bd5,2024,15
6b618944-1922-4711-9179-500931d93a71,2020,20
6b618944-1922-4711-9179-500931d93a71,2021,0
6b618944-1922-4711-9179-500931d93a71,2022,10
6b618944-1922-4711-9179-500931d93a71,2023,0
6b618944-1922-4711-9179-500931d93a71,2024,295
6b8aab9f-96fb-48d6-a550-6c260f86c412,2022,0
6b8aab9f-96fb-48d6-a550-6c260f86c412,2023,20
6bc1046c-058e-4c12-b2f8-5cef6e9d0f0b,2024,0
6bcf4868-6d74-4f20-9588-aff4fe1393d2,2024,0
6bd254e8-9e38-4811-9726-546fcd088acc,2020,5
6bd254e8-9e38-4811-9726-546fcd088acc,2023,10
6bd8df75-5abd-43a9-9160-fa9fddefed13,2021,0
6bd8df75-5abd-43a9-9160-fa9fddefed13,2022,5
6be2978a-43e5-44de-bfc2-58725cee78dc,2022,5
6be2978a-43e5-44de-bfc2-58725cee78dc,2023,20
6be2978a-43e5-44de-bfc2-58725cee78dc,2024,0
6bec8875-026f-453a-b9fa-13e683446ba6,2023,5
6c24c4f3-af1e-4dde-8f6f-574661618168,2023,5
6c6ba080-5771-4dd1-a484-4b2e6fbf6beb,2020,10
6c6ba080-5771-4dd1-a484-4b2e6fbf6beb,2021,10
6c6ba080-5771-4dd1-a484-4b2e6fbf6beb,2022,5
6c6ba080-5771-4dd1-a484-4b2e6fbf6beb,2024,10
6c6c1461-5eaa-4d6b-8cb8-869b741999c8,2024,0
6ccde607-2dd0-4210-9b39-6f027f7d6c36,2021,10
6ccde607-2dd0-4210-9b39-6f027f7d6c36,2023,0
6cd2e4c8-f59e-480c-b607-1804f88bfa4d,2020,0
6cf8a941-8112-493f-9d9f-51fd48c49257,2022,5
6cf8a941-8112-493f-9d9f-51fd48c49257,2023,5
6cf8a941-8112-493f-9d9f-51fd48c49257,2024,15
6cf92aba-3edb-4f6e-8a55-ff915c8eb383,2020,5
6d233151-95cc-4c8b-8217-1dcef7120540,2023,0
6d3074ba-02cb-4684-9c45-baa35813a21c,2020,5
6d3074ba-02cb-4684-9c45-baa35813a21c,2021,5
6daea17e-baa7-4a9e-9896-faa864e1ff49,2020,0
6daea17e-baa7-4a9e-9896-faa864e1ff49,2021,5
6daea17e-baa7-4a9e-9896-faa864e1ff49,2022,5
6daea17e-baa7-4a9e-9896-faa864e1ff49,2023,25
6daea17e-baa7-4a9e-9896-faa864e1ff49,2024,0
6db39be1-3897-48c0-869a-9efb01d792c8,2024,0
6dbeccbe-7d35-470c-934e-150719007d1c,2023,15
6dbeccbe-7d35-470c-934e-150719007d1c,2024,15
6df93390-6302-4d60-9ae4-c1b4effda208,2024,0
6e10fc01-8020-4892-a99f-40af2c52b0d8,2020,0
6e10fc01-8020-4892-a99f-40af2c52b0d8,2021,0
6e10fc01-8020-4892-a99f-40af2c52b0d8,2023,360
6e10fc01-8020-4892-a99f-40af2c52b0d8,2024,0
6e13bacb-b85a-4260-8e28-7e06c19ca1b9,2024,0
6e141482-b329-43e3-9886-e3ba6be8c1e4,2023,0
6e485118-883e-43ff-854c-e8b02d71d817,2020,5
6e68cc25-becf-4e78-967e-31531703ee78,2020,10
6e68cc25-becf-4e78-967e-31531703ee78,2021,360
6e68cc25-becf-4e78-967e-31531703ee78,2022,145
6e68cc25-becf-4e78-967e-31531703ee78,2023,0
6e68cc25-becf-4e78-967e-31531703ee78,2024,355
6ea25182-b981-408d-b1fb-e0ccb0d352bd,2020,15
6ea25182-b981-408d-b1fb-e0ccb0d352bd,2021,5
6ea25182-b981-408d-b1fb-e0ccb0d352bd,2022,5
6ea25182-b981-408d-b1fb-e0ccb0d352bd,2023,20
6eb031c6-9b0b-4bc4-9bcb-31567175b2f9,2020,15
6eb031c6-9b0b-4bc4-9bcb-31567175b2f9,2024,0
6ec6f410-2e62-446a-81d1-f289610b7c40,2021,5
6ec6f410-2e62-446a-81d1-f289610b7c40,2024,25
6eddd4af-d663-4017-8f93-465c7c6521a1,2020,15
6eddd4af-d663-4017-8f93-465c7c6521a1,2021,10
6eddd4af-d663-4017-8f93-465c7c6521a1,2022,5
6eddd4af-d663-4017-8f93-465c7c6521a1,2023,0
6ef87b1b-96ac-4802-b72c-4e582b58e0e1,2023,10
6ef87b1b-96ac-4802-b72c-4e582b58e0e1,2024,0
6f184728-66f2-4314-925d-96abde04c9b9,2020,0
6f184728-66f2-4314-925d-96abde04c9b9,2021,0
6f184728-66f2-4314-925d-96abde04c9b9,2022,5
6f28fd9b-faf0-4b4c-844b-66f6f5017165,2020,0
6f5ff68a-c747-4e26-816d-8f80b6c119b8,2020,5
6f648a83-7633-436d-a614-405bb46a3e2d,2020,15
6f648a83-7633-436d-a614-405bb46a3e2d,2023,0
6f7dfd6a-e3b9-42e7-9e57-6e5a9e9e0665,2023,0
6f7dfd6a-e3b9-42e7-9e57-6e5a9e9e0665,2024,0
6fa0203b-c45a-4d55-b911-26bfa35c82b8,2024,0
6fb69f92-c4b4-4d3c-8770-3dc37b6b4658,2020,10
6fb69f92-c4b4-4d3c-8770-3dc37b6b4658,2021,0
6fb69f92-c4b4-4d3c-8770-3dc37b6b4658,2022,0
6fb69f92-c4b4-4d3c-8770-3dc37b6b4658,2023,20
6fb69f92-c4b4-4d3c-8770-3dc37b6b4658,2024,5
6fbe28f2-62d9-453b-a2da-d8114c7452c8,2023,360
6fbe28f2-62d9-453b-a2da-d8114c7452c8,2024,355
6fd30994-d408-4bca-9a48-a14bb78525dd,2020,0
6fd30994-d408-4bca-9a48-a14bb78525dd,2024,5
6fd34e1c-fef0-4d6b-964e-0692463da2de,2023,45
6fd34e1c-fef0-4d6b-964e-0692463da2de,2024,0
6fd9d663-9a41-41e0-b833-d07d79c23fc2,2021,10
6fd9d663-9a41-41e0-b833-d07d79c23fc2,2022,5
6fd9d663-9a41-41e0-b833-d07d79c23fc2,2024,0
6fe25f81-7dd2-450d-878b-7a99d42a774a,2021,0
6fe25f81-7dd2-450d-878b-7a99d42a774a,2022,0
703813f0-561e-4cc6-83f2-99bc823e723c,2022,5
705bd7b6-750d-4eb6-84da-46f80bd29cda,2024,5
708049c7-071c-4bcd-b7f3-f0d8a429c407,2023,5
708049c7-071c-4bcd-b7f3-f0d8a429c407,2024,5
7090f5a7-4296-44c4-a2bd-88fc20b25939,2020,10
70b1f844-85e4-4810-b639-b78752ae547a,2023,5
70b1f844-85e4-4810-b639-b78752ae547a,2024,5
70e606ab-4308-4757-a819-070479236dea,2024,0
70fddb44-6c48-4a7c-af08-463e9aa3bd77,2024,0
7120f860-0232-453a-a2d5-8e1630995892,2020,5
7120f860-0232-453a-a2d5-8e1630995892,2021,5
7120f860-0232-453a-a2d5-8e1630995892,2022,360
7120f860-0232-453a-a2d5-8e1630995892,2023,15
717cadf7-2d99-4b65-b6e8-6bb924932697,2021,0
717cadf7-2d99-4b65-b6e8-6bb924932697,2022,5
717cadf7-2d99-4b65-b6e8-6bb924932697,2024,10
71866ad8-08f4-47ca-a686-049d7f063610,2024,0
71a1d501-766d-49ab-b36d-36467592b2ab,2021,5
71a1d501-766d-49ab-b36d-36467592b2ab,2022,0
71a1d501-766d-49ab-b36d-36467592b2ab,2023,0
71ab6357-1e6e-45a4-a1aa-908c96174afb,2024,0
71b3160e-5dfc-4bd9-b4b4-71e975f857eb,2024,15
71c2caaf-b0ed-47ae-9bfc-4964f2a828f2,2021,15
71c2caaf-b0ed-47ae-9bfc-4964f2a828f2,2022,215
71c2caaf-b0ed-47ae-9bfc-4964f2a828f2,2023,345
71c2caaf-b0ed-47ae-9bfc-4964f2a828f2,2024,265
71c2e818-204a-4fe9-a55a-22a0fc3c87b0,2023,20
71c3320a-11d4-420c-8ddd-467d21591332,2020,10
71c3320a-11d4-420c-8ddd-467d21591332,2021,0
71c3320a-11d4-420c-8ddd-467d21591332,2022,5
71c3320a-11d4-420c-8ddd-467d21591332,2024,0
71c4a9ab-f036-4c7b-8b49-3ecdcebacd60,2023,0
71c4a9ab-f036-4c7b-8b49-3ecdcebacd60,2024,360
71e61fe2-0cb5-40f8-8b1f-861d0e39ff83,2023,10
71e61fe2-0cb5-40f8-8b1f-861d0e39ff83,2024,5
71e757dd-96ca-4dbf-b187-03a9b0820b9d,2023,5
71e757dd-96ca-4dbf-b187-03a9b0820b9d,2024,5
721b5339-75f4-4180-831b-f0150b26a656,2023,5
721b5339-75f4-4180-831b-f0150b26a656,2024,10
722eb919-0b89-4f23-9c46-76c6dcbd9454,2023,0
722eb919-0b89-4f23-9c46-76c6dcbd9454,2024,345
72492703-ba64-46b8-8f4e-ea3f34455999,2024,10
7253fcdf-a774-49c6-9426-d4d4aea7f72a,2020,5
726d5ac1-f636-4872-81f5-1b3c0c5a9a56,2020,25
726d5ac1-f636-4872-81f5-1b3c0c5a9a56,2021,360
726d5ac1-f636-4872-81f5-1b3c0c5a9a56,2023,25
726d5ac1-f636-4872-81f5-1b3c0c5a9a56,2024,360
729a70a6-462e-44c7-bcfe-dbb23d75639d,2020,5
729a70a6-462e-44c7-bcfe-dbb23d75639d,2021,0
729a70a6-462e-44c7-bcfe-dbb23d75639d,2022,10
729a70a6-462e-44c7-bcfe-dbb23d75639d,2023,25
729a70a6-462e-44c7-bcfe-dbb23d75639d,2024,0
72d618fb-3f09-40be-ad3a-78b8da32e33d,2020,0
7317042d-cca3-469a-bc49-4077f314faed,2024,30
73208136-3bba-4ae9-8308-268e02f9cb3b,2024,0
732ee34e-fb68-4987-af3b-1a5b64d7e434,2023,30
73472e4b-ee36-4c74-8652-147d35f51dc3,2020,0
739e734a-e6cf-461c-a59b-9ae3db3fa2e0,2020,15
739e734a-e6cf-461c-a59b-9ae3db3fa2e0,2022,5
739e7da6-ec1d-4b33-baf6-d1392d2a5036,2023,5
739e7da6-ec1d-4b33-baf6-d1392d2a5036,2024,5
739e904e-b81d-4ba4-bafc-f77bca4e2986,2023,10
739e904e-b81d-4ba4-bafc-f77bca4e2986,2024,5
73a98255-7905-4f8a-8dd0-37c87b2c9d98,2020,15
73a98255-7905-4f8a-8dd0-37c87b2c9d98,2023,15
73e34ad5-754d-48af-8133-b67057740f7b,2020,0
73e34ad5-754d-48af-8133-b67057740f7b,2024,0
73e8b622-296a-4107-a1bf-51cfb220d51e,2022,0
73fff936-af63-4bd7-9be8-4cf37dd62dbe,2020,0
7478886d-338e-41e0-8eea-6bc322680293,2023,5
74799f18-c4ba-4ce4-a29d-bd2777133c67,2020,10
74799f18-c4ba-4ce4-a29d-bd2777133c67,2021,0
74799f18-c4ba-4ce4-a29d-bd2777133c67,2022,5
74799f18-c4ba-4ce4-a29d-bd2777133c67,2023,15
74799f18-c4ba-4ce4-a29d-bd2777133c67,2024,5
74836064-c4c7-4542-bced-b35f8dd39c3d,2021,5
74836064-c4c7-4542-bced-b35f8dd39c3d,2023,5
748c112a-3c37-4d55-bd2c-9cf6207b91e7,2020,0
748c112a-3c37-4d55-bd2c-9cf6207b91e7,2023,5
748c112a-3c37-4d55-bd2c-9cf6207b91e7,2024,0
749303c8-2e8c-4d5b-874f-fa5a574b23ae,2023,0
74aad132-bca2-4fef-92b3-009ffbe94544,2023,15
74aad132-bca2-4fef-92b3-009ffbe94544,2024,0
74b8a2de-d0b5-4e61-a4f2-a17bc1c58920,2020,15
74b8a2de-d0b5-4e61-a4f2-a17bc1c58920,2021,5
74b8a2de-d0b5-4e61-a4f2-a17bc1c58920,2022,10
74b8a2de-d0b5-4e61-a4f2-a17bc1c58920,2023,25
74c6a343-a7bb-450b-9225-a6ba1dc483b8,2020,315
74c6a343-a7bb-450b-9225-a6ba1dc483b8,2023,10
74c6a343-a7bb-450b-9225-a6ba1dc483b8,2024,10
74fc76c4-6ca7-4e33-910c-d4151fe84393,2020,45
74fc76c4-6ca7-4e33-910c-d4151fe84393,2021,0
74fc76c4-6ca7-4e33-910c-d4151fe84393,2022,25
74fc76c4-6ca7-4e33-910c-d4151fe84393,2023,25
74fc76c4-6ca7-4e33-910c-d4151fe84393,2024,360
75163c89-d718-4a44-8437-1cab7b9c38e0,2020,215
75163c89-d718-4a44-8437-1cab7b9c38e0,2021,150
75163c89-d718-4a44-8437-1cab7b9c38e0,2022,5
75163c89-d718-4a44-8437-1cab7b9c38e0,2023,5
75163c89-d718-4a44-8437-1cab7b9c38e0,2024,25
755efeec-e324-4338-8ecd-333f77fed91c,2020,45
755efeec-e324-4338-8ecd-333f77fed91c,2021,0
755efeec-e324-4338-8ecd-333f77fed91c,2022,5
755efeec-e324-4338-8ecd-333f77fed91c,2023,5
755efeec-e324-4338-8ecd-333f77fed91c,2024,5
757c0e7b-e911-4caf-8dfa-026c63b8b896,2020,10
757c0e7b-e911-4caf-8dfa-026c63b8b896,2023,15
75887b56-03a4-490f-8c1a-1a6bb6cdaf8b,2020,5
75acbe0d-8a5b-48ea-aa47-5e6427677d0c,2020,335
75acbe0d-8a5b-48ea-aa47-5e6427677d0c,2023,10
75acbe0d-8a5b-48ea-aa47-5e6427677d0c,2024,325
75e3a882-89bf-4b96-b3e3-01867f40d86f,2020,220
75e3a882-89bf-4b96-b3e3-01867f40d86f,2021,10
75e3a882-89bf-4b96-b3e3-01867f40d86f,2024,0
75e785d8-76dc-48c4-ab01-471e0894207e,2024,10
75ea7fb6-375b-4380-bf57-8fffc55c99d1,2023,0
7601bfba-689b-4928-b4cc-cb5f831d1412,2020,350
7601bfba-689b-4928-b4cc-cb5f831d1412,2021,0
7601bfba-689b-4928-b4cc-cb5f831d1412,2022,0
7601bfba-689b-4928-b4cc-cb5f831d1412,2023,10
762aad14-a19e-445a-b3c9-5cb3067ea274,2023,0
762aad14-a19e-445a-b3c9-5cb3067ea274,2024,360
76379c96-c7ee-4a4e-abc6-7deca2c39c9b,2023,5
7645f9a0-83d5-43ba-ad59-9c47ea047472,2023,10
76497808-7a59-4ac8-bc6d-82e626384e3f,2021,0
76497808-7a59-4ac8-bc6d-82e626384e3f,2023,15
76497808-7a59-4ac8-bc6d-82e626384e3f,2024,0
764ad230-d787-4b05-a5d6-b738498c3195,2020,15
764ad230-d787-4b05-a5d6-b738498c3195,2021,0
764ad230-d787-4b05-a5d6-b738498c3195,2022,0
76745980-d8b0-4cd0-a32a-9cdeed75fc19,2021,5
76745980-d8b0-4cd0-a32a-9cdeed75fc19,2022,10
76745980-d8b0-4cd0-a32a-9cdeed75fc19,2023,10
7682cb76-8134-43b4-ba11-b0023d1df4a5,2020,0
7682cb76-8134-43b4-ba11-b0023d1df4a5,2023,5
7682cb76-8134-43b4-ba11-b0023d1df4a5,2024,5
76856759-bcff-4e72-948d-f6b8a7821237,2021,0
76856759-bcff-4e72-948d-f6b8a7821237,2022,5
76d4669b-e5c9-4d00-9672-64af7839fcf6,2024,260
76ed369c-b7e1-4db0-bc76-270c771e7284,2020,30
76ed369c-b7e1-4db0-bc76-270c771e7284,2021,5
76ed369c-b7e1-4db0-bc76-270c771e7284,2022,360
76ed369c-b7e1-4db0-bc76-270c771e7284,2023,360
76ed369c-b7e1-4db0-bc76-270c771e7284,2024,360
7715d586-1366-450e-9151-4570b3c51b00,2020,10
7715d586-1366-450e-9151-4570b3c51b00,2021,5
77198684-0067-4fe6-a9e0-822ae21b3e2c,2023,5
77198684-0067-4fe6-a9e0-822ae21b3e2c,2024,350
7720235f-5785-4549-ae21-b2afc7c5c502,2021,0
7720235f-5785-4549-ae21-b2afc7c5c502,2022,5
7720235f-5785-4549-ae21-b2afc7c5c502,2024,10
7733fba0-3b3a-4399-b1ff-68f7a8d279c1,2023,20
7733fba0-3b3a-4399-b1ff-68f7a8d279c1,2024,360
7783ca0f-a7c4-4088-a9a3-8b8800ae366c,2022,0
7783ca0f-a7c4-4088-a9a3-8b8800ae366c,2023,5
7783ca0f-a7c4-4088-a9a3-8b8800ae366c,2024,20
77edd30b-8640-41e6-9f1d-85aed5e74c6b,2023,20
77edd30b-8640-41e6-9f1d-85aed5e74c6b,2024,5
7808a5a6-6ff0-4382-abf3-607b3cf04b35,2020,355
7808a5a6-6ff0-4382-abf3-607b3cf04b35,2021,360
7808a5a6-6ff0-4382-abf3-607b3cf04b35,2022,5
7808a5a6-6ff0-4382-abf3-607b3cf04b35,2023,15
7808a5a6-6ff0-4382-abf3-607b3cf04b35,2024,10
780a5fb6-51ea-41bc-aa33-eb5f70bfa2b8,2020,0
780a5fb6-51ea-41bc-aa33-eb5f70bfa2b8,2021,0
780a5fb6-51ea-41bc-aa33-eb5f70bfa2b8,2023,30
780a5fb6-51ea-41bc-aa33-eb5f70bfa2b8,2024,0
781dbfda-bc5a-4181-96b1-cad9ff83cd77,2020,5
781dbfda-bc5a-4181-96b1-cad9ff83cd77,2021,0
781dbfda-bc5a-4181-96b1-cad9ff83cd77,2022,0
7840c43d-5784-42d1-8615-81b79e06341d,2020,5
7840c43d-5784-42d1-8615-81b79e06341d,2023,30
7840c43d-5784-42d1-8615-81b79e06341d,2024,10
78464ac2-72c2-4c8c-b2b1-76d4b300fa37,2020,10
78464ac2-72c2-4c8c-b2b1-76d4b300fa37,2022,5
78464ac2-72c2-4c8c-b2b1-76d4b300fa37,2023,5
78464ac2-72c2-4c8c-b2b1-76d4b300fa37,2024,0
787b042d-e47d-4255-aaaf-5e147092c3de,2020,0
787b042d-e47d-4255-aaaf-5e147092c3de,2024,0
78831bfa-1097-4273-92af-68d2da0b7204,2024,10
789add4e-72e5-4ef5-bcc9-2d8efb1cbdf6,2023,5
789add4e-72e5-4ef5-bcc9-2d8efb1cbdf6,2024,5
78b30031-99ae-4ac0-b67e-1a7d9cfa3889,2020,15
78b30031-99ae-4ac0-b67e-1a7d9cfa3889,2021,0
78b30031-99ae-4ac0-b67e-1a7d9cfa3889,2022,5
78b30031-99ae-4ac0-b67e-1a7d9cfa3889,2023,25
78b6663e-d994-42bd-b9e6-107d7d21911b,2023,10
78b6663e-d994-42bd-b9e6-107d7d21911b,2024,0
78cc6d36-adee-46ef-80d2-9f6e3ccffbf5,2021,15
78cc6d36-adee-46ef-80d2-9f6e3ccffbf5,2023,5
78e6d31f-20f0-4ac7-98eb-f6e0077dd8d9,2020,0
78e6d31f-20f0-4ac7-98eb-f6e0077dd8d9,2021,0
78e6d31f-20f0-4ac7-98eb-f6e0077dd8d9,2022,0
78e6d31f-20f0-4ac7-98eb-f6e0077dd8d9,2024,0
78ea3b44-42f2-47fd-98ab-eacdea24292a,2020,10
78ea3b44-42f2-47fd-98ab-eacdea24292a,2023,15
78ea3b44-42f2-47fd-98ab-eacdea24292a,2024,340
790da82d-cd71-4f22-804f-8705d560a6ca,2021,0
790da82d-cd71-4f22-804f-8705d560a6ca,2024,0
7916630a-c414-4464-a0d7-d29ad3e6a53e,2024,355
793720bd-d65b-4694-87fb-606a7a0c2a51,2023,10
793720bd-d65b-4694-87fb-606a7a0c2a51,2024,0
79411933-e580-47b3-bd49-af6765732b44,2020,5
7943f898-6bae-4e3a-8016-7f421ff89a4a,2020,0
7947668f-b5a9-4432-8aeb-90190acb7bea,2021,5
7947668f-b5a9-4432-8aeb-90190acb7bea,2022,0
7947668f-b5a9-4432-8aeb-90190acb7bea,2024,0
794c5a88-4aee-4f91-b9a6-f3cada76e517,2021,0
794c5a88-4aee-4f91-b9a6-f3cada76e517,2022,5
794c5a88-4aee-4f91-b9a6-f3cada76e517,2023,0
794c5a88-4aee-4f91-b9a6-f3cada76e517,2024,0
795b9f5f-c347-4b35-aa78-de24d7153f7a,2023,15
795b9f5f-c347-4b35-aa78-de24d7153f7a,2024,0
798bcf7f-acab-4b82-9d40-137d9c33773c,2024,5
7996dd59-8252-4f36-968e-03b67a91f20d,2023,20
7996dd59-8252-4f36-968e-03b67a91f20d,2024,245
79c169a9-c193-4491-8b00-24704da6f64c,2020,20
79c169a9-c193-4491-8b00-24704da6f64c,2024,360
79db91b8-c77a-4502-b3e2-52999a823278,2023,0
79db91b8-c77a-4502-b3e2-52999a823278,2024,0
79df8db4-f7d7-440c-8e54-5018c3dca2d1,2024,0
79ffcde4-f5ad-497f-8d0f-6e19360e3eaf,2020,10
7a163c4a-e2fe-4db6-a86b-6202ed17cbbb,2023,10
7a163c4a-e2fe-4db6-a86b-6202ed17cbbb,2024,350
7a212349-fb93-44ce-a30d-7c9a784a32a3,2024,0
7a2a5450-566b-4b0f-8a4a-51a86cb180e9,2020,30
7a2a5450-566b-4b0f-8a4a-51a86cb180e9,2022,0
7a2a5450-566b-4b0f-8a4a-51a86cb180e9,2024,5
7a44ced9-cc7d-4f59-841b-1c8140acc332,2023,0
7a44ced9-cc7d-4f59-841b-1c8140acc332,2024,0
7a4c64e9-c423-4514-ace9-22aff1b396d3,2023,15
7a4c64e9-c423-4514-ace9-22aff1b396d3,2024,10
7a6f9bdb-9daf-4cc1-9e7e-25ea7b90cf91,2021,5
7a6f9bdb-9daf-4cc1-9e7e-25ea7b90cf91,2022,5
7a6f9bdb-9daf-4cc1-9e7e-25ea7b90cf91,2023,15
7a6f9bdb-9daf-4cc1-9e7e-25ea7b90cf91,2024,5
7a7587b4-d3ea-4642-986b-1f6b79f7c66a,2022,0
7aa45d66-00d7-4537-b17b-cddcd380a5dc,2023,5
7aa45d66-00d7-4537-b17b-cddcd380a5dc,2024,0
7ab08286-297b-44fc-a415-3406c5d34e97,2023,5
7ab08286-297b-44fc-a415-3406c5d34e97,2024,5
7ad03742-bcff-4907-ad22-f4b47aef17e2,2021,5
7ad03742-bcff-4907-ad22-f4b47aef17e2,2022,0
7ad6163e-4c94-4871-831e-590872a2e6f5,2021,0
7af18621-73d8-49db-aca5-c594efd1315e,2021,0
7af18621-73d8-49db-aca5-c594efd1315e,2022,0
7b0d150b-5ac9-480f-a070-c32b22b34c57,2023,0
7b0d150b-5ac9-480f-a070-c32b22b34c57,2024,0
7b26a72a-0192-4afa-bf5c-5219ee5133bc,2021,0
7b26a72a-0192-4afa-bf5c-5219ee5133bc,2022,15
7b304b2d-9837-482e-8d82-9666d777adc0,2020,10
7b304b2d-9837-482e-8d82-9666d777adc0,2021,5
7b304b2d-9837-482e-8d82-9666d777adc0,2022,15
7b304b2d-9837-482e-8d82-9666d777adc0,2023,20
7b304b2d-9837-482e-8d82-9666d777adc0,2024,355
7b35a5db-2443-4307-a514-85dc3ae114c4,2020,0
7b3ecfbb-2a2d-4733-b3d0-c14e82a8f1a9,2020,0
7b3ecfbb-2a2d-4733-b3d0-c14e82a8f1a9,2024,0
7b4dd3a9-f85d-4ba5-b83a-9cd492d8e17e,2020,300
7b4dd3a9-f85d-4ba5-b83a-9cd492d8e17e,2021,260
7b4dd3a9-f85d-4ba5-b83a-9cd492d8e17e,2022,0
7b4dd3a9-f85d-4ba5-b83a-9cd492d8e17e,2023,230
7b4dd3a9-f85d-4ba5-b83a-9cd492d8e17e,2024,5
7b954768-7514-4766-a9d0-d9ee0b7fdd9c,2021,10
7b954768-7514-4766-a9d0-d9ee0b7fdd9c,2024,5
7bbe124d-28fe-4e50-8cac-d1b00986fa44,2021,5
7bbe124d-28fe-4e50-8cac-d1b00986fa44,2022,0
7bbe124d-28fe-4e50-8cac-d1b00986fa44,2024,0
7bed2ea5-7e04-482b-b8ef-851934244be5,2023,5
7bed2ea5-7e04-482b-b8ef-851934244be5,2024,20
7bf84fe5-5fda-4ee2-8476-4f26cbbbb670,2020,15
7bf96854-77a3-4d22-aa1a-5b15a05d0bdc,2023,5
7bf96854-77a3-4d22-aa1a-5b15a05d0bdc,2024,0
7c108658-81e0-4ed9-837e-92e6d8f6cfc3,2024,0
7c12f01b-7f94-4236-a73c-16ee8d793ee8,2020,5
7c12f01b-7f94-4236-a73c-16ee8d793ee8,2021,360
7c12f01b-7f94-4236-a73c-16ee8d793ee8,2022,360
7c12f01b-7f94-4236-a73c-16ee8d793ee8,2023,355
7c12f01b-7f94-4236-a73c-16ee8d793ee8,2024,345
7c443bbf-8cf6-4577-8c28-71254df00303,2024,260
7c4b7f71-3319-47d8-aff7-2924e4033794,2024,0
7c73e825-de0e-4c22-9132-e4dc2c4c31c1,2021,5
7c73e825-de0e-4c22-9132-e4dc2c4c31c1,2022,10
7c9758d9-6c4e-4290-981e-c50033bf2fbe,2020,5
7c9758d9-6c4e-4290-981e-c50033bf2fbe,2021,360
7c9758d9-6c4e-4290-981e-c50033bf2fbe,2022,360
7c9758d9-6c4e-4290-981e-c50033bf2fbe,2023,10
7ca09368-8c99-4251-b83c-73c315ee409f,2021,0
7ca09368-8c99-4251-b83c-73c315ee409f,2022,0
7ca09368-8c99-4251-b83c-73c315ee409f,2023,30
7ca09368-8c99-4251-b83c-73c315ee409f,2024,360
7cb03da2-4c32-4482-85a9-3ab44cfec5d2,2023,5
7cb03da2-4c32-4482-85a9-3ab44cfec5d2,2024,355
7cd53b60-c1e3-413d-b26d-1d2cec338598,2020,5
7cd53b60-c1e3-413d-b26d-1d2cec338598,2021,5
7cd8a499-95ce-4242-a122-a783933c26b1,2021,10
7cd8a499-95ce-4242-a122-a783933c26b1,2024,0
7ce0dff6-044d-47a8-abb4-c68b1e4c698b,2023,15
7ce1f598-c541-463d-a8cb-948be52e2976,2023,0
7ceb2a6c-6eb1-4635-9ebd-591886bd5bf8,2023,10
7cee2b58-b10e-415f-85b2-f935a711dc30,2023,0
7cee2b58-b10e-415f-85b2-f935a711dc30,2024,0
7d1b730a-f768-4e9a-b606-1711fb8c6c98,2024,15
7d24a919-b135-4808-9059-94f1d680230c,2020,5
7d5dbd3b-a285-4476-94e6-c41ea26ee418,2020,240
7d5dbd3b-a285-4476-94e6-c41ea26ee418,2021,360
7d5dbd3b-a285-4476-94e6-c41ea26ee418,2022,0
7d5dbd3b-a285-4476-94e6-c41ea26ee418,2023,15
7d5dbd3b-a285-4476-94e6-c41ea26ee418,2024,345
7d65630c-d76f-48ac-984f-f266340d7bc4,2020,0
7d65630c-d76f-48ac-984f-f266340d7bc4,2021,5
7d6e9a8c-1e32-4c7e-af20-c47b629da3bc,2023,0
7d6e9a8c-1e32-4c7e-af20-c47b629da3bc,2024,0
7d8cc080-e673-475c-9ea9-dd6494d18d31,2021,0
7d8cc080-e673-475c-9ea9-dd6494d18d31,2022,0
7d8cc080-e673-475c-9ea9-dd6494d18d31,2023,10
7d8cc080-e673-475c-9ea9-dd6494d18d31,2024,0
7d9f832b-97a8-48b6-84bc-ff21ed7b02d6,2021,5
7d9f832b-97a8-48b6-84bc-ff21ed7b02d6,2022,0
7d9f832b-97a8-48b6-84bc-ff21ed7b02d6,2023,25
7dad259d-493f-48bf-aa35-7c602d4bf400,2020,0
7dad259d-493f-48bf-aa35-7c602d4bf400,2021,0
7dad259d-493f-48bf-aa35-7c602d4bf400,2023,15
7dad259d-493f-48bf-aa35-7c602d4bf400,2024,10
7db4ccb6-326a-4e52-b161-93b22e8026fa,2020,5
7dd771e2-b751-4d3b-9f8b-04c0577f8c26,2020,5
7dd771e2-b751-4d3b-9f8b-04c0577f8c26,2024,5
7dd7ccb8-63a2-4c4f-be46-d42edfde991f,2023,40
7dd7ccb8-63a2-4c4f-be46-d42edfde991f,2024,0
7df0b9e5-2844-4590-a356-8907a6989b6c,2023,5
7df0b9e5-2844-4590-a356-8907a6989b6c,2024,0
7e717c01-f4de-4928-83d6-30cb62555c67,2020,350
7e717c01-f4de-4928-83d6-30cb62555c67,2024,5
7e8e271a-5d6f-4ede-9bee-579e7184393f,2020,15
7e987c68-b4c8-4797-a3e9-7617bff96d9b,2023,5
7e987c68-b4c8-4797-a3e9-7617bff96d9b,2024,0
7ebb3fa6-a232-422a-87a2-5c37b4836615,2024,10
7ee59ae5-50cc-451a-a4f0-70a0350a4af1,2020,5
7ee59ae5-50cc-451a-a4f0-70a0350a4af1,2021,5
7ee59ae5-50cc-451a-a4f0-70a0350a4af1,2022,0
7ee59ae5-50cc-451a-a4f0-70a0350a4af1,2023,10
7ee59ae5-50cc-451a-a4f0-70a0350a4af1,2024,25
7eeb3a49-0a5d-4959-8877-95f22efb1ebd,2021,355
7eeb3a49-0a5d-4959-8877-95f22efb1ebd,2022,20
7ef9d42d-cdc6-4973-9264-1c889588f490,2020,5
7ef9d42d-cdc6-4973-9264-1c889588f490,2021,15
7ef9d42d-cdc6-4973-9264-1c889588f490,2023,15
7f2c9ff7-303b-4cb2-a271-85399b0c3f04,2024,0
7f2e9201-358a-40a5-b2c5-d14ddd217552,2020,5
7f2e9201-358a-40a5-b2c5-d14ddd217552,2021,5
7f2e9201-358a-40a5-b2c5-d14ddd217552,2022,15
7f2e9201-358a-40a5-b2c5-d14ddd217552,2023,20
7f2e9201-358a-40a5-b2c5-d14ddd217552,2024,15
7f3f6d0c-0654-47e8-9aed-4c6e16ca1a37,2023,5
7f3f6d0c-0654-47e8-9aed-4c6e16ca1a37,2024,360
7f56ac2e-99ae-4080-857d-be0fd96d7b8a,2024,0
7f688ff6-7050-4ce6-b9ed-8ced154c1971,2023,10
7f688ff6-7050-4ce6-b9ed-8ced154c1971,2024,0
7f6bc51a-69c5-4b0c-8f2b-4e6416bc4176,2020,5
7f701282-cf7c-400b-88ae-c865c6e2b73b,2020,5
7f701282-cf7c-400b-88ae-c865c6e2b73b,2024,245
7fa5eeb7-9d89-4179-95ae-978958d50df3,2023,5
7fa5eeb7-9d89-4179-95ae-978958d50df3,2024,20
7fa90c37-062d-4cbd-8daf-ccc737bf975e,2024,0
7fd5b84b-811c-47db-aae6-204766fca6bd,2024,35
80010b25-b4c2-4121-ae6a-f2a4952e7d13,2024,0
802880d6-ab76-4fa9-a617-b744be0244ca,2021,0
802880d6-ab76-4fa9-a617-b744be0244ca,2022,15
802880d6-ab76-4fa9-a617-b744be0244ca,2023,5
802f5f1f-f8cf-4313-a488-f1a68c6de9dd,2023,5
80314952-650e-4315-9928-ca07e908476b,2023,20
80314952-650e-4315-9928-ca07e908476b,2024,0
803b91f6-5a6a-4009-8ec9-a851e82a3f06,2024,0
806b61ac-a54f-4631-a25d-40c904259f51,2023,5
806b61ac-a54f-4631-a25d-40c904259f51,2024,0
8073ba2c-328d-490c-8060-92eb93f73b3f,2020,10
8073ba2c-328d-490c-8060-92eb93f73b3f,2023,0
8080994c-5db1-459b-98a6-359ddebf0fa0,2021,0
8080994c-5db1-459b-98a6-359ddebf0fa0,2022,0
808edaed-d850-4cfb-84e0-f4c1bea906fd,2022,5
809e6af1-07ec-4fcd-b04e-56d87b6e84e9,2021,0
809e6af1-07ec-4fcd-b04e-56d87b6e84e9,2022,5
809e6af1-07ec-4fcd-b04e-56d87b6e84e9,2023,5
809e6af1-07ec-4fcd-b04e-56d87b6e84e9,2024,5
809fb90c-220d-4efd-b9d5-380adf1e49da,2020,0
80aaba33-4ebc-4e77-90f1-22a388a27834,2023,10
80aaba33-4ebc-4e77-90f1-22a388a27834,2024,360
81193ac9-1199-40d2-a933-4b0b0966b8ae,2020,20
81193ac9-1199-40d2-a933-4b0b0966b8ae,2021,250
81193ac9-1199-40d2-a933-4b0b0966b8ae,2022,5
81193ac9-1199-40d2-a933-4b0b0966b8ae,2024,245
81267de8-7c87-4a9e-8eb4-4b38bcda9df6,2021,5
81538648-c558-4496-aff8-a15c1b0ec664,2021,5
81538648-c558-4496-aff8-a15c1b0ec664,2022,20
81751173-6465-4254-bc97-8b4030c4c202,2023,5
817802e9-932f-490b-8750-14a8c005847e,2020,55
817802e9-932f-490b-8750-14a8c005847e,2023,10
819494ee-02e5-4483-825f-bccfe7beb1bf,2020,25
819494ee-02e5-4483-825f-bccfe7beb1bf,2021,10
819494ee-02e5-4483-825f-bccfe7beb1bf,2022,0
819494ee-02e5-4483-825f-bccfe7beb1bf,2023,10
81b39f57-de02-4393-a5fe-d7c023d88c2e,2023,15
81c244fd-7ca9-42ed-8118-6758ebfc51d7,2020,355
81c244fd-7ca9-42ed-8118-6758ebfc51d7,2021,5
81c244fd-7ca9-42ed-8118-6758ebfc51d7,2022,10
81c244fd-7ca9-42ed-8118-6758ebfc51d7,2023,25
81cecaf9-685d-41b3-945a-fc55d6b4ee30,2020,30
81cecaf9-685d-41b3-945a-fc55d6b4ee30,2024,245
81e41b9a-407c-481c-9bac-e9b68681e993,2020,0
81e41b9a-407c-481c-9bac-e9b68681e993,2024,225
8216ff8a-f34f-4768-8616-88eee697da78,2021,15
8216ff8a-f34f-4768-8616-88eee697da78,2024,0
8229ff1d-284f-4baa-8fb5-a20deda4639a,2023,15
8230810f-c913-4b49-bb59-f0e98b9af188,2023,35
8264922c-4c3e-4ad2-b53a-efa3ab3441cf,2020,15
8264922c-4c3e-4ad2-b53a-efa3ab3441cf,2022,5
8264922c-4c3e-4ad2-b53a-efa3ab3441cf,2023,20
8264922c-4c3e-4ad2-b53a-efa3ab3441cf,2024,0
827a45ca-242d-4982-af98-f294fbc7fd59,2021,10
8295ab48-1a2a-49a4-afbc-8975326ffb93,2020,0
8295ab48-1a2a-49a4-afbc-8975326ffb93,2021,15
82a793d7-ed0f-489b-9657-8d1aba366f7e,2023,15
82a793d7-ed0f-489b-9657-8d1aba366f7e,2024,0
82c75795-5cfd-4f65-92b9-6e00b17739be,2023,5
82c75795-5cfd-4f65-92b9-6e00b17739be,2024,0
82cc76b8-97ba-49c0-bb91-700de3ce9d8a,2020,10
82e13086-1de5-46b4-a3ce-a00efcdba415,2021,340
82e13086-1de5-46b4-a3ce-a00efcdba415,2022,0
82fe6dfd-4ba8-4e37-8524-847039c0d97a,2023,5
82fe6dfd-4ba8-4e37-8524-847039c0d97a,2024,210
831c5e0a-ad96-4559-b25f-b57186f319b1,2024,260
832eda26-f7a5-46bf-a548-4d3e9f124cbb,2020,5
832eda26-f7a5-46bf-a548-4d3e9f124cbb,2024,245
8348527c-e801-4af4-b9b4-7e77d6df1563,2020,15
8348527c-e801-4af4-b9b4-7e77d6df1563,2022,10
834d8543-d103-4e07-9c58-8686f6344d4f,2020,0
834d8543-d103-4e07-9c58-8686f6344d4f,2023,55
834d8543-d103-4e07-9c58-8686f6344d4f,2024,0
835fd338-656d-4173-baa3-fccdb2f7f0bc,2020,350
835fd338-656d-4173-baa3-fccdb2f7f0bc,2021,300
835fd338-656d-4173-baa3-fccdb2f7f0bc,2022,25
835fd338-656d-4173-baa3-fccdb2f7f0bc,2023,10
835fd338-656d-4173-baa3-fccdb2f7f0bc,2024,360
8368df85-3630-44a1-af12-d2b486bdc40c,2020,10
8368df85-3630-44a1-af12-d2b486bdc40c,2021,5
8368df85-3630-44a1-af12-d2b486bdc40c,2022,0
8368df85-3630-44a1-af12-d2b486bdc40c,2024,5
837edf44-00d3-4b98-9e77-aedf4bbbcac9,2020,0
837edf44-00d3-4b98-9e77-aedf4bbbcac9,2024,0
83ae8a17-fb85-4272-9b26-6d7a8243a548,2020,0
83ae8a17-fb85-4272-9b26-6d7a8243a548,2021,10
83ae8a17-fb85-4272-9b26-6d7a8243a548,2022,0
83ae8a17-fb85-4272-9b26-6d7a8243a548,2023,25
83ae8a17-fb85-4272-9b26-6d7a8243a548,2024,5
84172e96-bd7a-4865-998b-b68f81a54e45,2020,0
84172e96-bd7a-4865-998b-b68f81a54e45,2023,20
84172e96-bd7a-4865-998b-b68f81a54e45,2024,360
841e6c94-68a7-4b9f-9a8b-6ac7b5ce1542,2024,5
8447dd22-e324-42f3-8d06-08000db4089e,2023,15
8447dd22-e324-42f3-8d06-08000db4089e,2024,355
847eeb0e-dc9f-4a44-b1be-7a24c1c1f9fd,2020,10
847eeb0e-dc9f-4a44-b1be-7a24c1c1f9fd,2021,0
847eeb0e-dc9f-4a44-b1be-7a24c1c1f9fd,2022,10
847eeb0e-dc9f-4a44-b1be-7a24c1c1f9fd,2023,15
847eeb0e-dc9f-4a44-b1be-7a24c1c1f9fd,2024,5
84a8d8c6-bf37-4488-adb9-7a66b993e91b,2020,0
84a8d8c6-bf37-4488-adb9-7a66b993e91b,2021,20
84a8d8c6-bf37-4488-adb9-7a66b993e91b,2024,0
84b3738c-5d63-41bd-a66d-5a482c3ed196,2023,10
84b3738c-5d63-41bd-a66d-5a482c3ed196,2024,20
84be86ac-3c33-47a5-a5bb-386b8e40d2c0,2020,0
84f89abe-b161-43d5-9f9c-97d7ffdcd7e6,2021,0
84f89abe-b161-43d5-9f9c-97d7ffdcd7e6,2022,0
850288fa-f2b9-4f33-88be-88b0c6d736cc,2024,0
8507aaff-c31e-4528-8cbe-572a4b5e6cda,2020,10
8522fdca-ff01-411d-826a-17d44aaf2709,2020,240
8522fdca-ff01-411d-826a-17d44aaf2709,2021,155
8522fdca-ff01-411d-826a-17d44aaf2709,2022,0
8522fdca-ff01-411d-826a-17d44aaf2709,2023,5
8522fdca-ff01-411d-826a-17d44aaf2709,2024,355
853c6aa8-4517-443a-b263-e88c907f91cf,2020,15
853c6aa8-4517-443a-b263-e88c907f91cf,2024,25
85486d1b-332e-4db9-a6cb-e8815858ba9c,2021,0
85486d1b-332e-4db9-a6cb-e8815858ba9c,2022,5
85486d1b-332e-4db9-a6cb-e8815858ba9c,2024,5
856ad5f8-ad2b-46fd-90bf-ab0dcf221295,2022,0
856ad5f8-ad2b-46fd-90bf-ab0dcf221295,2024,5
857d298f-43d7-4e8a-9a5d-20daec55bf75,2020,0
857d298f-43d7-4e8a-9a5d-20daec55bf75,2021,355
857d298f-43d7-4e8a-9a5d-20daec55bf75,2022,0
857d298f-43d7-4e8a-9a5d-20daec55bf75,2024,0
85924cab-6111-41ab-b1f4-7a6a477d389d,2024,10
85df7fe7-5c29-429a-880d-5ef2be0d35d5,2023,20
85e5db52-9c1b-4d45-868b-52a3d1297d04,2024,5
85e66238-40f7-457f-ba8b-8d72c398cbc2,2023,0
85efb44f-54c6-4106-a825-c44f4724f793,2024,0
85f91138-fbd3-4359-a8fa-9af78c9823d7,2021,0
85f91138-fbd3-4359-a8fa-9af78c9823d7,2022,0
85f91138-fbd3-4359-a8fa-9af78c9823d7,2023,15
861e48ad-7014-4a04-af93-50ce1efabac5,2023,0
861e48ad-7014-4a04-af93-50ce1efabac5,2024,0
862b8d08-765f-44cd-bb0b-1979f751a50a,2024,0
8638665d-c89d-41c5-87c5-c2d7833169b3,2024,130
864e1204-7171-4baf-a801-fbd329add729,2021,0
864e1204-7171-4baf-a801-fbd329add729,2022,5
864e1204-7171-4baf-a801-fbd329add729,2023,0
8664bd71-e540-4a0f-9ddb-c52a995b76fa,2020,10
8664bd71-e540-4a0f-9ddb-c52a995b76fa,2021,0
8664bd71-e540-4a0f-9ddb-c52a995b76fa,2022,10
8664bd71-e540-4a0f-9ddb-c52a995b76fa,2023,15
8664bd71-e540-4a0f-9ddb-c52a995b76fa,2024,5
866564c2-ee6e-48d2-9fdf-54dd61d197af,2020,30
866564c2-ee6e-48d2-9fdf-54dd61d197af,2021,20
866564c2-ee6e-48d2-9fdf-54dd61d197af,2022,5
866564c2-ee6e-48d2-9fdf-54dd61d197af,2023,345
866564c2-ee6e-48d2-9fdf-54dd61d197af,2024,15
86694b5d-e006-4ac8-82e7-efcfba80a2bf,2020,0
86694b5d-e006-4ac8-82e7-efcfba80a2bf,2021,5
86694b5d-e006-4ac8-82e7-efcfba80a2bf,2022,0
86777a7d-ec43-46a1-a676-6b8ccb112cc4,2023,0
868d2556-646e-426a-8a7b-ae9c4af85c91,2023,25
8725e919-7c7e-4a8c-a24f-32d8af245b19,2020,5
8725e919-7c7e-4a8c-a24f-32d8af245b19,2021,10
8725e919-7c7e-4a8c-a24f-32d8af245b19,2022,5
8725e919-7c7e-4a8c-a24f-32d8af245b19,2024,0
872c0226-c00b-418b-9849-641e20224151,2023,20
872c0226-c00b-418b-9849-641e20224151,2024,360
8737fa92-e4d9-42e4-850d-ae76865e1d6a,2023,20
874d7ac5-8a7b-4ebe-be79-8f0e927b87a2,2024,0
8762e7bc-d069-42f0-a9cb-5459375e2e0f,2023,20
8762e7bc-d069-42f0-a9cb-5459375e2e0f,2024,0
877178f0-a4e6-4b12-a188-8ada9469f5f8,2022,0
87d612e9-4302-4c54-8984-3dc32c2b0a08,2020,335
87d612e9-4302-4c54-8984-3dc32c2b0a08,2021,5
87d612e9-4302-4c54-8984-3dc32c2b0a08,2022,10
87d612e9-4302-4c54-8984-3dc32c2b0a08,2023,0
87d612e9-4302-4c54-8984-3dc32c2b0a08,2024,0
880297d3-9099-45cd-868f-1f9e4d3f005b,2020,5
8842bb6f-e646-4e54-af43-06281f400866,2023,20
8842bb6f-e646-4e54-af43-06281f400866,2024,350
885fa081-8028-4061-8357-4c1f3a597bcb,2020,10
885fa081-8028-4061-8357-4c1f3a597bcb,2021,10
885fa081-8028-4061-8357-4c1f3a597bcb,2022,10
885fa081-8028-4061-8357-4c1f3a597bcb,2024,15
8867ad9a-d8e9-4789-9ff9-60eca0235f3b,2021,0
887df5ec-17d8-4da2-9b65-f4fbaaeba8d8,2024,0
88922f81-a77e-4cc2-b22a-5a4ca400397d,2020,5
88922f81-a77e-4cc2-b22a-5a4ca400397d,2021,360
88922f81-a77e-4cc2-b22a-5a4ca400397d,2022,5
88922f81-a77e-4cc2-b22a-5a4ca400397d,2023,15
88922f81-a77e-4cc2-b22a-5a4ca400397d,2024,0
88a4246d-386d-486e-8279-204b516148bb,2020,5
88a4246d-386d-486e-8279-204b516148bb,2021,15
88a4246d-386d-486e-8279-204b516148bb,2022,360
88a4246d-386d-486e-8279-204b516148bb,2023,15
88af4a91-aa8f-4879-ab78-6035dc6fd5e6,2020,5
88e32eb8-d40d-425a-9d0f-35a383a2555f,2023,5
88f5dada-7a01-4f05-8819-055950b174d7,2020,355
88f5dada-7a01-4f05-8819-055950b174d7,2021,0
88f5dada-7a01-4f05-8819-055950b174d7,2022,0
88f5dada-7a01-4f05-8819-055950b174d7,2023,0
88f5dada-7a01-4f05-8819-055950b174d7,2024,25
8920824b-d1ac-4397-adfd-d61acfa696cb,2023,20
8920824b-d1ac-4397-adfd-d61acfa696cb,2024,0
89268544-1c2b-445e-9574-865bb64c1a47,2021,0
89268544-1c2b-445e-9574-865bb64c1a47,2022,0
89268544-1c2b-445e-9574-865bb64c1a47,2023,15
895b96e2-ab9e-4db4-a2cf-a8e57b68cc3f,2020,0
895b96e2-ab9e-4db4-a2cf-a8e57b68cc3f,2021,5
895b96e2-ab9e-4db4-a2cf-a8e57b68cc3f,2022,5
895b96e2-ab9e-4db4-a2cf-a8e57b68cc3f,2023,15
8987ec66-0c81-48b6-8524-f8cb969cb0dd,2023,5
89b2b3e7-5218-4de8-8114-1f4adb33e5fc,2020,25
89b2b3e7-5218-4de8-8114-1f4adb33e5fc,2021,360
89b2b3e7-5218-4de8-8114-1f4adb33e5fc,2022,360
89b2b3e7-5218-4de8-8114-1f4adb33e5fc,2023,15
89e23f1d-bace-4c4e-b213-c7962f7a63ad,2021,0
89e23f1d-bace-4c4e-b213-c7962f7a63ad,2022,5
89e23f1d-bace-4c4e-b213-c7962f7a63ad,2023,5
89e23f1d-bace-4c4e-b213-c7962f7a63ad,2024,25
89e7e217-e16c-4551-ae4f-8d9c9abfd0e3,2023,20
89e7e217-e16c-4551-ae4f-8d9c9abfd0e3,2024,360
89fec8df-f1ce-4a4c-b3ee-8eedbd7992ae,2021,5
89fec8df-f1ce-4a4c-b3ee-8eedbd7992ae,2022,5
89fec8df-f1ce-4a4c-b3ee-8eedbd7992ae,2023,15
8a03063f-1a85-45df-b074-1a37eac62c0d,2020,350
8a03063f-1a85-45df-b074-1a37eac62c0d,2021,5
8a03063f-1a85-45df-b074-1a37eac62c0d,2022,25
8a03063f-1a85-45df-b074-1a37eac62c0d,2024,285
8a08bc0e-1aa4-441c-8838-90e7bb1550b5,2021,0
8a08bc0e-1aa4-441c-8838-90e7bb1550b5,2022,10
8a273471-c6c1-4fea-bab9-cd225b6fc60c,2023,15
8a273471-c6c1-4fea-bab9-cd225b6fc60c,2024,0
8a542b07-2f19-4375-89cb-94c6fc5c01dc,2021,10
8a542b07-2f19-4375-89cb-94c6fc5c01dc,2022,0
8a542b07-2f19-4375-89cb-94c6fc5c01dc,2023,20
8a6499c1-6852-4d9f-8dd8-6fa14385e4b4,2023,20
8a6499c1-6852-4d9f-8dd8-6fa14385e4b4,2024,360
8a693290-8814-45c3-b4d3-193d79c41f34,2023,0
8a693290-8814-45c3-b4d3-193d79c41f34,2024,0
8a99d843-89ef-4b24-9714-8f1516b7802b,2020,0
8a99d843-89ef-4b24-9714-8f1516b7802b,2022,0
8a99d843-89ef-4b24-9714-8f1516b7802b,2023,5
8a99d843-89ef-4b24-9714-8f1516b7802b,2024,325
8a9a452e-5d30-4a02-9b7a-293a0c275c91,2020,10
8a9a452e-5d30-4a02-9b7a-293a0c275c91,2021,0
8a9a452e-5d30-4a02-9b7a-293a0c275c91,2022,5
8a9a452e-5d30-4a02-9b7a-293a0c275c91,2023,30
8a9a452e-5d30-4a02-9b7a-293a0c275c91,2024,15
8ac31953-8aeb-4639-9cf2-23ed02489c1e,2021,5
8ac31953-8aeb-4639-9cf2-23ed02489c1e,2022,0
8ac36217-6534-443b-ba75-c063db3232fe,2024,0
8ae39604-361b-4963-9341-258a7e55829c,2020,5
8ae39604-361b-4963-9341-258a7e55829c,2021,5
8ae39604-361b-4963-9341-258a7e55829c,2022,0
8ae39604-361b-4963-9341-258a7e55829c,2024,0
8b0583a9-8890-477a-85cc-99c074a81cb8,2020,10
8b0583a9-8890-477a-85cc-99c074a81cb8,2022,10
8b0583a9-8890-477a-85cc-99c074a81cb8,2023,10
8b0682de-4b73-44d6-8b7e-f5ad5855f538,2021,0
8b0682de-4b73-44d6-8b7e-f5ad5855f538,2022,0
8b0682de-4b73-44d6-8b7e-f5ad5855f538,2023,20
8b0682de-4b73-44d6-8b7e-f5ad5855f538,2024,0
8b413970-03d5-43fb-855d-1db335eac78d,2020,15
8b413970-03d5-43fb-855d-1db335eac78d,2022,10
8b4846be-ec7d-411b-bea5-c3bbbceabad2,2024,250
8b518282-9534-451d-8bb7-bb972a6d8676,2021,5
8b518282-9534-451d-8bb7-bb972a6d8676,2024,15
8b53957f-6ff5-43a1-938d-b195f93faaed,2023,20
8b76ead2-fa75-4457-b1ec-caf3427ea659,2023,15
8b76ead2-fa75-4457-b1ec-caf3427ea659,2024,10
8b9979d2-25c4-428d-bf9c-c07f9f367885,2021,0
8b9979d2-25c4-428d-bf9c-c07f9f367885,2022,0
8b9979d2-25c4-428d-bf9c-c07f9f367885,2023,15
8ba7bd0e-b64f-4029-990c-27b9b263a416,2020,15
8ba7bd0e-b64f-4029-990c-27b9b263a416,2021,355
8ba7bd0e-b64f-4029-990c-27b9b263a416,2022,10
8ba7bd0e-b64f-4029-990c-27b9b263a416,2023,20
8ba7bd0e-b64f-4029-990c-27b9b263a416,2024,345
8bb46bab-a7d6-4182-acca-08a11f4e4acd,2020,5
8bfd1883-b82a-4781-ab1c-afdce5fe8c82,2023,10
8bfd1883-b82a-4781-ab1c-afdce5fe8c82,2024,0
8bff2530-7695-4a96-b884-3b78c5c6edcf,2023,0
8c1b45fb-754b-4879-aa9d-152aa2fbafb1,2020,40
8c1b45fb-754b-4879-aa9d-152aa2fbafb1,2021,0
8c1b45fb-754b-4879-aa9d-152aa2fbafb1,2022,5
8c1f5dd2-7b5e-4459-98c0-2a691e16f3c3,2020,310
8c1f5dd2-7b5e-4459-98c0-2a691e16f3c3,2021,345
8c1f5dd2-7b5e-4459-98c0-2a691e16f3c3,2022,10
8c1f5dd2-7b5e-4459-98c0-2a691e16f3c3,2024,265
8c4721fc-ba6d-4c42-929e-edc876e73530,2022,5
8c4721fc-ba6d-4c42-929e-edc876e73530,2023,20
8c493fd4-a523-420e-a00f-5eefd4641166,2024,0
8c589541-9086-4373-b4cb-a271d6f7304a,2020,15
8c589541-9086-4373-b4cb-a271d6f7304a,2021,0
8c589541-9086-4373-b4cb-a271d6f7304a,2022,0
8c6faacb-e955-4f50-bf32-0d15c5ceb0a8,2022,5
8c6faacb-e955-4f50-bf32-0d15c5ceb0a8,2023,15
8c94ba69-349c-483a-998b-4a573ac3b0cd,2024,0
8cbcc40f-b3db-4ce7-aaca-c435142f92be,2023,5
8cbcc40f-b3db-4ce7-aaca-c435142f92be,2024,350
8ccb31a0-6a42-41f6-ae4f-277b00a1e4b7,2020,5
8ccb31a0-6a42-41f6-ae4f-277b00a1e4b7,2022,20
8ccb31a0-6a42-41f6-ae4f-277b00a1e4b7,2023,15
8ccb31a0-6a42-41f6-ae4f-277b00a1e4b7,2024,10
8cf2c1c7-95c6-45ab-85ac-5d5954bd849a,2020,5
8cf2c1c7-95c6-45ab-85ac-5d5954bd849a,2022,5
8cf7acaf-94f3-4f14-bcef-77ebc175c51b,2024,0
8d018052-c326-4849-90c5-49e5902c26eb,2023,10
8d11c7ee-bfcf-4f59-9aa8-ed5a5366bb4a,2020,5
8d11c7ee-bfcf-4f59-9aa8-ed5a5366bb4a,2021,360
8d11c7ee-bfcf-4f59-9aa8-ed5a5366bb4a,2022,360
8d11c7ee-bfcf-4f59-9aa8-ed5a5366bb4a,2023,350
8d11c7ee-bfcf-4f59-9aa8-ed5a5366bb4a,2024,330
8d42fe49-ff02-4461-b649-938c2dfced41,2023,15
8d65b248-92bb-43f2-ac7d-05565466d3e3,2020,15
8d65b248-92bb-43f2-ac7d-05565466d3e3,2021,5
8d65b248-92bb-43f2-ac7d-05565466d3e3,2022,5
8d65b248-92bb-43f2-ac7d-05565466d3e3,2024,285
8d7a2887-8f5e-43cd-81c7-e76a335fd226,2024,0
8d7cffb5-d1f1-4439-b905-16d872bef70a,2021,0
8d7cffb5-d1f1-4439-b905-16d872bef70a,2022,0
8d7cffb5-d1f1-4439-b905-16d872bef70a,2024,10
8d7f122b-7c98-4381-8a74-0ab92fc3bfee,2021,5
8d7f122b-7c98-4381-8a74-0ab92fc3bfee,2022,0
8d87b51d-e092-41d4-a360-3cf074511f13,2023,15
8d87b51d-e092-41d4-a360-3cf074511f13,2024,15
8d8884df-cf64-483d-b434-19c3ef1d0b94,2024,0
8dbe87af-e082-4c76-afee-29a55579a2ce,2020,15
8dbe87af-e082-4c76-afee-29a55579a2ce,2023,5
8dbe87af-e082-4c76-afee-29a55579a2ce,2024,355
8de75c15-5faa-4fb3-b796-10b4dc4e5705,2020,20
8de75c15-5faa-4fb3-b796-10b4dc4e5705,2021,20
8de75c15-5faa-4fb3-b796-10b4dc4e5705,2022,0
8e236b8b-3a22-4e9f-90a2-00940369fee1,2021,5
8e42b9e0-c8c0-4253-9103-ce6f090b59e8,2024,0
8e54e89c-e3b6-4619-a3f1-5d51f7b6f4da,2024,0
8e5d2d47-8356-41b5-b488-3d311b237769,2020,15
8e5d2d47-8356-41b5-b488-3d311b237769,2023,10
8e8a1253-3bac-4b28-ae9f-14d6a9d8753f,2020,0
8e8a1253-3bac-4b28-ae9f-14d6a9d8753f,2021,360
8e8a1253-3bac-4b28-ae9f-14d6a9d8753f,2022,5
8e8a1253-3bac-4b28-ae9f-14d6a9d8753f,2023,5
8ea1950c-4144-46a9-b57d-787028ecaf57,2020,10
8ea1950c-4144-46a9-b57d-787028ecaf57,2021,355
8ea1950c-4144-46a9-b57d-787028ecaf57,2024,10
8eb7d58e-629a-452d-bc6a-642aa04b693d,2020,5
8eb7d58e-629a-452d-bc6a-642aa04b693d,2023,5
8eb7d58e-629a-452d-bc6a-642aa04b693d,2024,0
8edae258-e385-446a-b651-c9a794fe040b,2023,0
8edae258-e385-446a-b651-c9a794fe040b,2024,340
8ef9fd50-9ccd-4d27-a384-e3759fa2abbe,2020,5
8ef9fd50-9ccd-4d27-a384-e3759fa2abbe,2024,0
8f1a4c43-3431-43fb-95a2-1ee133e2fba1,2022,5
8f25f0cd-9ff6-4cab-a57b-edfcb8b1d73d,2023,15
8f465cf0-6c1d-47e9-a230-4dd2826983b4,2020,345
8f465cf0-6c1d-47e9-a230-4dd2826983b4,2024,5
8f77f71f-b964-4944-a17f-77207c6105b2,2020,10
8f77f71f-b964-4944-a17f-77207c6105b2,2021,10
8f77f71f-b964-4944-a17f-77207c6105b2,2022,0
8f77f71f-b964-4944-a17f-77207c6105b2,2024,0
8f971d50-340b-4b10-b264-e28f1125f1d2,2020,15
8f971d50-340b-4b10-b264-e28f1125f1d2,2021,5
8f971d50-340b-4b10-b264-e28f1125f1d2,2022,25
8f971d50-340b-4b10-b264-e28f1125f1d2,2023,10
8f971d50-340b-4b10-b264-e28f1125f1d2,2024,325
8f9c9606-f318-412c-a694-69ed90d874e3,2021,5
8f9c9606-f318-412c-a694-69ed90d874e3,2022,0
8f9c9606-f318-412c-a694-69ed90d874e3,2023,5
8f9c9606-f318-412c-a694-69ed90d874e3,2024,15
8fa47380-a717-4b96-94c6-38969a475b21,2023,10
8fa47380-a717-4b96-94c6-38969a475b21,2024,75
8fc19ff0-3ac3-42d8-9788-a38dbf8c4695,2023,5
8fc19ff0-3ac3-42d8-9788-a38dbf8c4695,2024,360
8fc5a9aa-c014-45cc-b506-01f337c7c9b9,2020,5
8fc5a9aa-c014-45cc-b506-01f337c7c9b9,2021,10
8fc5a9aa-c014-45cc-b506-01f337c7c9b9,2022,360
8fc5a9aa-c014-45cc-b506-01f337c7c9b9,2023,20
8fff12fc-a456-4095-b051-9f3d928fe1ee,2020,10
8fff12fc-a456-4095-b051-9f3d928fe1ee,2023,15
90025fdc-1140-44e9-ad4b-be2c9279eca1,2020,10
90025fdc-1140-44e9-ad4b-be2c9279eca1,2023,0
90025fdc-1140-44e9-ad4b-be2c9279eca1,2024,5
900d2dbf-1a1b-45f8-9d5d-f6d881689895,2021,0
900d2dbf-1a1b-45f8-9d5d-f6d881689895,2023,20
900d2dbf-1a1b-45f8-9d5d-f6d881689895,2024,0
90142cb5-6f5d-406f-adaf-b99b9ceae815,2020,0
90142cb5-6f5d-406f-adaf-b99b9ceae815,2022,0
90142cb5-6f5d-406f-adaf-b99b9ceae815,2024,0
90187e87-0c6c-4d3a-a43c-7d18d139ec1e,2020,5
90187e87-0c6c-4d3a-a43c-7d18d139ec1e,2023,15
90187e87-0c6c-4d3a-a43c-7d18d139ec1e,2024,5
9020ee8e-fe85-46b3-b0db-9ccd12a19f1a,2023,10
9020ee8e-fe85-46b3-b0db-9ccd12a19f1a,2024,0
90307d85-a019-4e61-b5ac-7b6fedce9e35,2023,0
90307d85-a019-4e61-b5ac-7b6fedce9e35,2024,0
904ebdfb-c4c1-4733-b4f6-c1d9c0a80bed,2020,0
90616abc-78b7-4910-941b-f23ecbb4edaf,2023,5
90616abc-78b7-4910-941b-f23ecbb4edaf,2024,360
9082b82d-8ce8-4d12-b52c-84fedd103b7c,2020,5
9082b82d-8ce8-4d12-b52c-84fedd103b7c,2021,360
9082b82d-8ce8-4d12-b52c-84fedd103b7c,2022,0
90de2768-418a-4592-84b1-933ea27675bc,2021,10
90de2768-418a-4592-84b1-933ea27675bc,2022,5
90de2768-418a-4592-84b1-933ea27675bc,2023,5
90de2768-418a-4592-84b1-933ea27675bc,2024,0
90f8dabb-3a70-445c-a828-ec3430b51456,2023,20
9113732b-7b62-4b5e-88e9-ee07d89cba42,2022,0
9122fc16-cdbe-42c6-b8a5-6a7669fb985d,2023,5
9122fc16-cdbe-42c6-b8a5-6a7669fb985d,2024,0
9130f21c-ff23-4e6f-8170-650b6e38ee29,2023,0
9131e4b3-a8d8-4adf-884b-323bbfd8236a,2021,0
9131e4b3-a8d8-4adf-884b-323bbfd8236a,2022,10
9131e4b3-a8d8-4adf-884b-323bbfd8236a,2023,25
9131e4b3-a8d8-4adf-884b-323bbfd8236a,2024,360
914c5685-c2fe-4a54-8534-16b2713d36a1,2024,15
9158bc29-3255-4f68-8a2a-6a1cd71e5d04,2021,5
9158bc29-3255-4f68-8a2a-6a1cd71e5d04,2022,0
9158bc29-3255-4f68-8a2a-6a1cd71e5d04,2024,5
9178ef66-23d7-4fe8-a6b9-4854311c1fae,2024,0
918d0f86-ac90-4ed4-ac33-15a67232d92b,2024,0
918f7e4d-8323-4ccd-a261-e0152e55fb20,2020,10
918f7e4d-8323-4ccd-a261-e0152e55fb20,2021,5
918f7e4d-8323-4ccd-a261-e0152e55fb20,2022,0
918f7e4d-8323-4ccd-a261-e0152e55fb20,2023,10
918f7e4d-8323-4ccd-a261-e0152e55fb20,2024,250
91bab95b-f455-4ac3-a888-27b504755970,2024,40
91d14251-2f03-4e6b-a7fd-f573a939528f,2020,45
91d14251-2f03-4e6b-a7fd-f573a939528f,2021,5
91d14251-2f03-4e6b-a7fd-f573a939528f,2022,15
91d14251-2f03-4e6b-a7fd-f573a939528f,2023,15
91d14251-2f03-4e6b-a7fd-f573a939528f,2024,15
91fd2d47-9312-44dd-8e96-5e1aaa4c3460,2024,0
920c61cc-9474-4671-ab4a-8c203cebe768,2021,0
920c61cc-9474-4671-ab4a-8c203cebe768,2022,5
923370cc-ac9b-4925-9b01-8bf41559c6ca,2021,0
923370cc-ac9b-4925-9b01-8bf41559c6ca,2022,10
923370cc-ac9b-4925-9b01-8bf41559c6ca,2024,5
92356b61-f967-4505-8e4d-3798ae1b599e,2020,15
92356b61-f967-4505-8e4d-3798ae1b599e,2021,0
92356b61-f967-4505-8e4d-3798ae1b599e,2022,0
92356b61-f967-4505-8e4d-3798ae1b599e,2024,0
924ca294-7a5b-4b5f-a2b7-0b0c0b05a556,2023,5
9251f9e0-a940-40e7-91ad-97d69c0a0152,2024,5
926330ab-9c96-4086-a44f-ba1fee092cd5,2020,0
926330ab-9c96-4086-a44f-ba1fee092cd5,2023,10
92633660-061f-4b3f-b8ca-765b3bd832f2,2020,345
92633660-061f-4b3f-b8ca-765b3bd832f2,2021,15
92633660-061f-4b3f-b8ca-765b3bd832f2,2022,10
92633660-061f-4b3f-b8ca-765b3bd832f2,2024,10
927a2391-7818-4639-a689-9c7bd110271e,2020,95
9284f33f-3803-4927-a6e1-e342a3e63742,2020,10
9284f33f-3803-4927-a6e1-e342a3e63742,2022,0
9284f33f-3803-4927-a6e1-e342a3e63742,2023,15
9291339e-3d78-460c-a2cc-5d4e78c3e632,2021,0
9291339e-3d78-460c-a2cc-5d4e78c3e632,2022,0
9291339e-3d78-460c-a2cc-5d4e78c3e632,2024,255
92955b3e-7592-48e8-9af9-9aad6122f2c6,2021,0
92af027a-c8da-4d52-b267-eb93b21d55a8,2021,5
92d06999-3704-4812-bbb2-6ee1cfc490de,2024,0
92d2fda7-c18e-436a-9b8f-4eebf27961c7,2024,0
92d78806-46d9-41ab-9438-0031788a8bbb,2023,10
92d78806-46d9-41ab-9438-0031788a8bbb,2024,0
92e8d6f8-c1fb-4dbb-a1c0-640ccb74002e,2024,0
92eeebdf-b0be-4328-95ad-b5255d3f33f5,2020,0
92eeebdf-b0be-4328-95ad-b5255d3f33f5,2021,5
92eeebdf-b0be-4328-95ad-b5255d3f33f5,2024,0
92f01969-4015-4a61-9c44-25cc8c466a6a,2023,0
932aa062-0737-4196-98d9-f50b0be1adbb,2024,15
934104c2-8507-4d93-b36b-fed9f02112a4,2024,10
93621885-af86-4415-8dc2-285635172de5,2023,10
93621885-af86-4415-8dc2-285635172de5,2024,10
937a79c5-ead1-4693-a9e9-93a425ed9e6a,2021,5
937a79c5-ead1-4693-a9e9-93a425ed9e6a,2022,150
937a79c5-ead1-4693-a9e9-93a425ed9e6a,2024,0
937e5a22-532b-4757-b641-49518dc38746,2020,15
937e5a22-532b-4757-b641-49518dc38746,2021,0
937e5a22-532b-4757-b641-49518dc38746,2022,10
937e5a22-532b-4757-b641-49518dc38746,2023,30
937e5a22-532b-4757-b641-49518dc38746,2024,325
938bc5ad-cee4-46a1-ad4c-9d5f49a0d7ad,2020,5
938bc5ad-cee4-46a1-ad4c-9d5f49a0d7ad,2023,0
938bc5ad-cee4-46a1-ad4c-9d5f49a0d7ad,2024,355
93a27a67-f419-4f44-9303-ec594d819cf9,2021,5
93a27a67-f419-4f44-9303-ec594d819cf9,2022,10
93a27a67-f419-4f44-9303-ec594d819cf9,2023,20
93a27a67-f419-4f44-9303-ec594d819cf9,2024,0
93bfc99a-9c7f-43e6-be20-57f3b8eebdf8,2020,0
93c60a9e-1a8e-45aa-87c5-55d5cbcac0b0,2024,5
93d4f712-1b91-4305-a77a-b7101fad63e7,2023,5
93d4f712-1b91-4305-a77a-b7101fad63e7,2024,0
9402474c-b68d-469e-9e1b-85ca1f4ca88c,2024,0
9404dd75-98ea-461d-9609-139aa8c4ef80,2020,15
9404dd75-98ea-461d-9609-139aa8c4ef80,2021,0
9404dd75-98ea-461d-9609-139aa8c4ef80,2022,5
9404dd75-98ea-461d-9609-139aa8c4ef80,2023,15
9404dd75-98ea-461d-9609-139aa8c4ef80,2024,360
940ce209-de72-41f4-938b-bbc54cdb6b92,2023,15
94278135-40a9-450d-8934-0016c4b9497b,2024,0
948366fb-aed6-4bf7-b3c0-688b90c1fa09,2022,10
948366fb-aed6-4bf7-b3c0-688b90c1fa09,2023,10
948366fb-aed6-4bf7-b3c0-688b90c1fa09,2024,30
948f79e0-c452-4e85-b0e0-461329ae8507,2023,5
948f79e0-c452-4e85-b0e0-461329ae8507,2024,0
950b7a6b-9d6b-467c-adc9-76eee27f18be,2023,5
950b7a6b-9d6b-467c-adc9-76eee27f18be,2024,0
951bef95-dde6-4353-b26a-cc34bd3ca08b,2023,0
951bef95-dde6-4353-b26a-cc34bd3ca08b,2024,5
9559d37f-2aaa-42db-af2e-79474cda428e,2021,5
9559d37f-2aaa-42db-af2e-79474cda428e,2024,5
956905d2-31d8-4c6b-bca5-5ef1ec810b13,2020,20
956905d2-31d8-4c6b-bca5-5ef1ec810b13,2021,120
956905d2-31d8-4c6b-bca5-5ef1ec810b13,2023,0
957521c3-8adf-4c91-bffb-a396a6ba6e36,2021,0
9576a8f9-0698-42e9-939d-d891d3f0d0b2,2020,5
9576a8f9-0698-42e9-939d-d891d3f0d0b2,2023,0
9576a8f9-0698-42e9-939d-d891d3f0d0b2,2024,0
95a92d23-cb15-490c-b247-d27db3a38332,2020,5
95a92d23-cb15-490c-b247-d27db3a38332,2024,15
95aef90f-89f0-4e7c-ab0b-6b4fb3040e19,2024,10
95c48a19-3fe0-47ef-83ee-4fedaf2ed520,2023,0
95c48a19-3fe0-47ef-83ee-4fedaf2ed520,2024,0
95e39cee-5400-43d1-8ed2-f47d539066c4,2024,5
95f62024-d5cf-4ef7-ae76-abe1fdb147a9,2021,5
95f62024-d5cf-4ef7-ae76-abe1fdb147a9,2022,0
95f62024-d5cf-4ef7-ae76-abe1fdb147a9,2024,0
95f757a2-abec-4507-bd2e-460cb383c3db,2020,5
95f757a2-abec-4507-bd2e-460cb383c3db,2023,20
95f757a2-abec-4507-bd2e-460cb383c3db,2024,350
960b7642-6e52-42f7-9bba-87b8eef77b35,2023,5
961d2f79-30cc-4840-a8a4-e69edc47df36,2020,0
961d2f79-30cc-4840-a8a4-e69edc47df36,2021,5
961d2f79-30cc-4840-a8a4-e69edc47df36,2022,10
961d2f79-30cc-4840-a8a4-e69edc47df36,2023,0
961d2f79-30cc-4840-a8a4-e69edc47df36,2024,0
96657363-af26-43e9-88d5-0a265f7bd30b,2023,15
966af901-5552-4e11-b825-c91f0b1a434c,2023,0
9695ea2e-9e65-48b0-ad6c-9d66e07b06f5,2023,10
9695ea2e-9e65-48b0-ad6c-9d66e07b06f5,2024,0
969637b7-764b-4714-ad29-1f54f543ce0b,2023,10
969637b7-764b-4714-ad29-1f54f543ce0b,2024,0
96a84e37-faab-4897-a477-f12a5a8a8e2d,2023,10
96ab3b32-4e4a-4758-ad20-a9c70926bbb5,2024,10
96c4418a-d96f-4006-8bce-69eee5155a73,2023,15
96c4418a-d96f-4006-8bce-69eee5155a73,2024,340
96e432e9-a443-4e90-b735-93ee12d8844d,2020,5
96e432e9-a443-4e90-b735-93ee12d8844d,2023,0
96e432e9-a443-4e90-b735-93ee12d8844d,2024,20
96e9754f-5320-432a-8167-088abb8af99e,2023,10
96fd3e9e-7c9b-4f40-8c97-b8001f75f9f7,2020,10
96ffc8ba-6cca-4c61-ae58-8234a5d0ccf6,2020,10
96ffc8ba-6cca-4c61-ae58-8234a5d0ccf6,2021,5
96ffc8ba-6cca-4c61-ae58-8234a5d0ccf6,2022,10
96ffc8ba-6cca-4c61-ae58-8234a5d0ccf6,2024,5
970e44c6-998a-4252-b0cd-de6d1e6451c7,2024,5
97580342-4fd2-46bd-9140-1121ecda5381,2020,20
97580342-4fd2-46bd-9140-1121ecda5381,2021,5
97580342-4fd2-46bd-9140-1121ecda5381,2022,0
97580342-4fd2-46bd-9140-1121ecda5381,2024,20
9777b23e-7f47-42f2-ae6b-17d541d78cea,2023,0
97816706-4e1d-49db-ba4c-421c994cff78,2020,5
978d6611-ebd0-492c-b3f2-4be1b890b2f9,2020,10
978d6611-ebd0-492c-b3f2-4be1b890b2f9,2021,360
978d6611-ebd0-492c-b3f2-4be1b890b2f9,2022,360
978d6611-ebd0-492c-b3f2-4be1b890b2f9,2023,10
978d6611-ebd0-492c-b3f2-4be1b890b2f9,2024,325
97bccc4b-20a0-4a83-addb-3b9701778973,2020,0
97bccc4b-20a0-4a83-addb-3b9701778973,2024,0
97fce49a-5e97-44b0-82e6-89029be94a2c,2024,0
989b3009-6f62-4080-a423-f2460a4d3c60,2020,15
989b3009-6f62-4080-a423-f2460a4d3c60,2021,0
989b3009-6f62-4080-a423-f2460a4d3c60,2022,10
989b3009-6f62-4080-a423-f2460a4d3c60,2023,25
989b3009-6f62-4080-a423-f2460a4d3c60,2024,340
989d9e73-7ab8-4054-aa00-e1fcd87385cc,2023,0
98ab30d7-88ce-4660-a64b-69d6dc7bb5ba,2020,10
98ab30d7-88ce-4660-a64b-69d6dc7bb5ba,2021,360
98ab30d7-88ce-4660-a64b-69d6dc7bb5ba,2022,360
98ab30d7-88ce-4660-a64b-69d6dc7bb5ba,2023,10
98ab30d7-88ce-4660-a64b-69d6dc7bb5ba,2024,15
98aea5b4-ee9f-44fe-92ee-063fcddacf6c,2020,15
98aea5b4-ee9f-44fe-92ee-063fcddacf6c,2021,20
98aea5b4-ee9f-44fe-92ee-063fcddacf6c,2023,20
98aea5b4-ee9f-44fe-92ee-063fcddacf6c,2024,225
98c7ec7b-1445-4518-bfcb-118fd88926c3,2023,10
98c7ec7b-1445-4518-bfcb-118fd88926c3,2024,25
98cc0c09-f648-48fe-8160-d62c9160dfc3,2021,0
98cc0c09-f648-48fe-8160-d62c9160dfc3,2022,0
98cc0c09-f648-48fe-8160-d62c9160dfc3,2024,5
98d7526e-9cf1-482d-8fe7-aa4ba22b8636,2023,10
98d7526e-9cf1-482d-8fe7-aa4ba22b8636,2024,0
992f578b-2141-43a2-bbb8-5080235c9950,2024,25
993927c0-5b93-45fa-82ca-23012544e2d4,2022,0
993927c0-5b93-45fa-82ca-23012544e2d4,2023,20
993927c0-5b93-45fa-82ca-23012544e2d4,2024,0
993edf73-4a41-41e3-9a21-b9e057c3a740,2020,10
993edf73-4a41-41e3-9a21-b9e057c3a740,2021,10
993edf73-4a41-41e3-9a21-b9e057c3a740,2022,10
993edf73-4a41-41e3-9a21-b9e057c3a740,2023,30
993edf73-4a41-41e3-9a21-b9e057c3a740,2024,0
995f1458-1539-4dbc-b35f-98bc34586883,2020,15
995f1458-1539-4dbc-b35f-98bc34586883,2021,360
995f1458-1539-4dbc-b35f-98bc34586883,2022,10
995f1458-1539-4dbc-b35f-98bc34586883,2023,335
998a7684-08ee-4771-b8e2-58f1594a1dd8,2024,0
9999f03a-f557-40c4-b856-c412483be318,2020,5
9999f03a-f557-40c4-b856-c412483be318,2021,5
9999f03a-f557-40c4-b856-c412483be318,2022,0
9999f03a-f557-40c4-b856-c412483be318,2023,10
9999f03a-f557-40c4-b856-c412483be318,2024,0
999fe618-a871-42c9-8513-88cabf504790,2024,5
99a5b858-89d7-4d59-84db-dbcb804e9f2b,2022,10
99a5b858-89d7-4d59-84db-dbcb804e9f2b,2024,0
99d52444-4c1a-41cc-b577-dea270540db4,2023,10
99d52444-4c1a-41cc-b577-dea270540db4,2024,0
99fa9498-cfb3-4dea-8ee8-95681b85268f,2020,5
99fa9498-cfb3-4dea-8ee8-95681b85268f,2021,0
99fa9498-cfb3-4dea-8ee8-95681b85268f,2024,5
9a08e407-4db6-4a59-a110-310c708bbda7,2023,10
9a08e407-4db6-4a59-a110-310c708bbda7,2024,5
9a093171-2566-4310-b158-02d27f01ca9f,2020,5
9a093171-2566-4310-b158-02d27f01ca9f,2021,20
9a093171-2566-4310-b158-02d27f01ca9f,2022,0
9a093171-2566-4310-b158-02d27f01ca9f,2023,0
9a1149e8-6dcf-43a4-b0db-6f4d71fc9538,2020,5
9a1af859-9485-4eec-96cb-d47957b87f77,2024,5
9a1f2316-811e-47f0-913b-fa2df9c29b42,2024,5
9a22a894-2a79-4b65-83ff-b6a87218c4b8,2023,20
9a22a894-2a79-4b65-83ff-b6a87218c4b8,2024,0
9a2eec36-1876-4e99-b2dd-4c6f76e5781d,2021,10
9a2eec36-1876-4e99-b2dd-4c6f76e5781d,2022,0
9a2eec36-1876-4e99-b2dd-4c6f76e5781d,2023,5
9a38ceca-c446-422a-913c-017164f03896,2023,5
9a4f1d34-29a2-4950-82d4-2e158b007a0d,2021,0
9a4f1d34-29a2-4950-82d4-2e158b007a0d,2022,5
9a4f1d34-29a2-4950-82d4-2e158b007a0d,2023,25
9a4f1d34-29a2-4950-82d4-2e158b007a0d,2024,325
9aa3344c-7ce4-4148-a312-622ab5690710,2023,5
9aa395e3-1fda-4aca-acde-159de63ff8e0,2023,5
9aa6fb59-5fa7-41ad-b237-004e2aca6d50,2021,0
9aa6fb59-5fa7-41ad-b237-004e2aca6d50,2022,5
9aa6fb59-5fa7-41ad-b237-004e2aca6d50,2024,15
9aa7979f-c91f-4e54-a143-a481ebe5598b,2023,15
9aa80782-f1db-41e8-9137-ee6ea23991c3,2020,0
9aa96a77-d532-407f-abb9-019cf949e8b8,2023,5
9aa96a77-d532-407f-abb9-019cf949e8b8,2024,5
9aee9099-3fad-42d0-82f7-ebe7152fff35,2020,5
9aee9099-3fad-42d0-82f7-ebe7152fff35,2021,360
9aee9099-3fad-42d0-82f7-ebe7152fff35,2022,360
9aee9099-3fad-42d0-82f7-ebe7152fff35,2023,10
9afe088e-e8bb-490e-b92f-c21f8142c2b3,2023,5
9afe088e-e8bb-490e-b92f-c21f8142c2b3,2024,35
9b07f3ad-f74f-4be0-9bdb-286c36f5604a,2024,10
9b22ed61-6c09-4365-bff7-e0a7d269362e,2023,0
9b22ed61-6c09-4365-bff7-e0a7d269362e,2024,0
9b317019-5b96-4961-9307-977959578f50,2020,10
9b317019-5b96-4961-9307-977959578f50,2023,10
9b317019-5b96-4961-9307-977959578f50,2024,360
9b63f209-3455-4c02-bc97-4ecc6fc8edbc,2020,5
9b63f209-3455-4c02-bc97-4ecc6fc8edbc,2021,360
9b63f209-3455-4c02-bc97-4ecc6fc8edbc,2023,0
9b82ce6d-8454-49dc-aea2-ee51ff6a7c2d,2021,5
9b82ce6d-8454-49dc-aea2-ee51ff6a7c2d,2022,0
9b91ec45-63fa-4915-ac9a-90722676e0e7,2021,20
9b91ec45-63fa-4915-ac9a-90722676e0e7,2022,15
9c22eae0-8278-42c7-9f90-786c6d26adc2,2021,0
9c22eae0-8278-42c7-9f90-786c6d26adc2,2022,0
9c22eae0-8278-42c7-9f90-786c6d26adc2,2023,20
9c24bd52-256b-4fa7-acc3-aa5dca326856,2023,15
9c24bd52-256b-4fa7-acc3-aa5dca326856,2024,355
9c66e0df-1c3f-484a-9db0-162c441692ac,2024,0
9c673966-57dc-4a3f-ac8f-67c327b3be63,2020,235
9c673966-57dc-4a3f-ac8f-67c327b3be63,2021,360
9c673966-57dc-4a3f-ac8f-67c327b3be63,2022,360
9c673966-57dc-4a3f-ac8f-67c327b3be63,2023,150
9c673966-57dc-4a3f-ac8f-67c327b3be63,2024,355
9c87f63c-0a0a-42f6-b277-81f3659dc665,2024,5
9c9c3672-d436-44fc-aa36-cb6883df1bf8,2020,270
9c9c3672-d436-44fc-aa36-cb6883df1bf8,2021,0
9c9c3672-d436-44fc-aa36-cb6883df1bf8,2022,10
9c9c3672-d436-44fc-aa36-cb6883df1bf8,2024,10
9cb9a9de-60a0-4763-8d5d-31107c40e825,2020,0
9cb9a9de-60a0-4763-8d5d-31107c40e825,2021,360
9cb9a9de-60a0-4763-8d5d-31107c40e825,2022,5
9cb9a9de-60a0-4763-8d5d-31107c40e825,2023,325
9ce306ba-5338-447e-ab7f-d42c9c94df2e,2022,0
9ce306ba-5338-447e-ab7f-d42c9c94df2e,2024,0
9d0134ff-42a3-4b5c-832d-bf269c6b8beb,2020,10
9d0134ff-42a3-4b5c-832d-bf269c6b8beb,2021,0
9d0134ff-42a3-4b5c-832d-bf269c6b8beb,2022,0
9d0134ff-42a3-4b5c-832d-bf269c6b8beb,2024,0
9d2db15d-941a-4e5e-b95c-08e79ed0a67b,2020,0
9d2db15d-941a-4e5e-b95c-08e79ed0a67b,2021,0
9d2db15d-941a-4e5e-b95c-08e79ed0a67b,2022,10
9d2db15d-941a-4e5e-b95c-08e79ed0a67b,2024,10
9d32360d-2efd-4c8b-992a-07df4a244eac,2022,5
9d32360d-2efd-4c8b-992a-07df4a244eac,2023,5
9d32360d-2efd-4c8b-992a-07df4a244eac,2024,5
9d47da58-cea8-4dc3-8120-c087fa456a4c,2024,5
9d622b54-0f41-4cd2-9178-3e5bfa383c20,2020,10
9d622b54-0f41-4cd2-9178-3e5bfa383c20,2021,10
9d622b54-0f41-4cd2-9178-3e5bfa383c20,2022,5
9d622b54-0f41-4cd2-9178-3e5bfa383c20,2024,245
9d73a9f6-6cef-40a5-ae2f-7368654af63d,2023,0
9d73a9f6-6cef-40a5-ae2f-7368654af63d,2024,20
9d83492b-a395-463b-a187-2ca31548a39f,2024,5
9d991bee-45a5-4ac0-bbef-8c665560c47a,2020,5
9d991bee-45a5-4ac0-bbef-8c665560c47a,2021,355
9d9e8149-e45e-40e2-b7fc-3deb5c41aab3,2023,10
9d9e8149-e45e-40e2-b7fc-3deb5c41aab3,2024,0
9dc7d950-adad-4ac9-bb8b-c17419da0000,2020,0
9dc7d950-adad-4ac9-bb8b-c17419da0000,2021,0
9dc7d950-adad-4ac9-bb8b-c17419da0000,2022,0
9dc7d950-adad-4ac9-bb8b-c17419da0000,2023,30
9dc7d950-adad-4ac9-bb8b-c17419da0000,2024,0
9deb4e7e-f11e-46e7-a95f-a9cbcf41b666,2020,5
9deb4e7e-f11e-46e7-a95f-a9cbcf41b666,2022,5
9e0c7564-3e4e-48d2-a8b2-572789ccd4ba,2020,15
9e0c7564-3e4e-48d2-a8b2-572789ccd4ba,2024,0
9e1c46b3-a81f-44a9-a552-bcd89f8659bb,2021,5
9e1c46b3-a81f-44a9-a552-bcd89f8659bb,2023,0
9e8611c2-607c-4212-9335-40f48f38f727,2020,0
9e8611c2-607c-4212-9335-40f48f38f727,2021,15
9eac7730-84a5-484a-b209-20653ffc1e9e,2020,50
9eac7730-84a5-484a-b209-20653ffc1e9e,2021,0
9eac7730-84a5-484a-b209-20653ffc1e9e,2022,5
9eac7730-84a5-484a-b209-20653ffc1e9e,2023,25
9eac7730-84a5-484a-b209-20653ffc1e9e,2024,325
9eb36587-0912-411a-af66-3073deb39ded,2020,0
9eb36587-0912-411a-af66-3073deb39ded,2023,5
9eb36587-0912-411a-af66-3073deb39ded,2024,5
9ebebb36-f371-4616-86bf-404bfeee231a,2021,15
9ee312bb-d420-480c-8a46-d58fa65158fd,2020,15
9ee312bb-d420-480c-8a46-d58fa65158fd,2021,0
9ee312bb-d420-480c-8a46-d58fa65158fd,2022,0
9ee312bb-d420-480c-8a46-d58fa65158fd,2024,5
9eedb351-ce8a-478f-b141-3ce449bbd315,2023,10
9eedb351-ce8a-478f-b141-3ce449bbd315,2024,0
9f0110c4-1c65-4c19-abcb-211ba4e94995,2024,0
9f0f5693-0543-4c18-a4d3-57d47e9b999c,2023,0
9f0f5693-0543-4c18-a4d3-57d47e9b999c,2024,360
9f1efce7-9a24-42bc-84bb-4bdbde23da3c,2023,10
9f1efce7-9a24-42bc-84bb-4bdbde23da3c,2024,10
9f47bc8f-e652-4951-a174-25bd23506642,2023,0
9f47bc8f-e652-4951-a174-25bd23506642,2024,360
9f727def-8c9b-4174-acd1-8ce9114bd0a4,2023,0
9f8fe30b-1fa8-40c5-a8a4-7729be7dfeca,2022,5
9f9518fb-501e-419e-bc5c-e771b634a0e6,2024,0
9fa3b06e-55fc-4148-89cd-73efeb934aca,2020,5
9fa3b06e-55fc-4148-89cd-73efeb934aca,2023,20
9fa3b06e-55fc-4148-89cd-73efeb934aca,2024,20
9fad8029-5d6c-4ece-bf1e-e9e118b074ee,2020,10
9fad8029-5d6c-4ece-bf1e-e9e118b074ee,2021,0
9fad8029-5d6c-4ece-bf1e-e9e118b074ee,2022,5
9fad8029-5d6c-4ece-bf1e-e9e118b074ee,2024,0
9fc3e5e3-6675-4d55-86d3-f12b600dbc4e,2022,5
9fc3e5e3-6675-4d55-86d3-f12b600dbc4e,2023,5
9fc3e5e3-6675-4d55-86d3-f12b600dbc4e,2024,0
9ff73055-2bed-4a17-b90c-245c0829cda3,2023,5
a0102e80-d40a-4bd5-8988-8db6dd4a981f,2022,10
a0102e80-d40a-4bd5-8988-8db6dd4a981f,2023,0
a0102e80-d40a-4bd5-8988-8db6dd4a981f,2024,360
a064a97d-80e4-45e9-b4dc-87d2d7aeef86,2020,5
a064a97d-80e4-45e9-b4dc-87d2d7aeef86,2023,5
a07b8dbd-4050-4839-9d5e-7105706d3bfd,2020,15
a07b8dbd-4050-4839-9d5e-7105706d3bfd,2021,0
a07b8dbd-4050-4839-9d5e-7105706d3bfd,2023,10
a07b8dbd-4050-4839-9d5e-7105706d3bfd,2024,360
a08eadb0-f19d-4dae-990c-eabc73d465a5,2020,5
a08eadb0-f19d-4dae-990c-eabc73d465a5,2021,10
a08eadb0-f19d-4dae-990c-eabc73d465a5,2022,5
a08eadb0-f19d-4dae-990c-eabc73d465a5,2023,360
a08eadb0-f19d-4dae-990c-eabc73d465a5,2024,5
a0988c09-8c09-432d-b7d8-2e316d3af0c3,2021,0
a0988c09-8c09-432d-b7d8-2e316d3af0c3,2022,15
a0988c09-8c09-432d-b7d8-2e316d3af0c3,2024,20
a0a28794-4783-455a-8aac-0d27261eefd6,2023,0
a0aa1501-024b-4c98-9f78-869179bc1103,2020,15
a0e43639-ff78-49f5-8dce-59145bf278d8,2020,5
a0e43639-ff78-49f5-8dce-59145bf278d8,2021,10
a0e43639-ff78-49f5-8dce-59145bf278d8,2023,0
a0e43639-ff78-49f5-8dce-59145bf278d8,2024,0
a0ee732f-d331-4f9d-989d-6188f8b8b369,2021,0
a0ee732f-d331-4f9d-989d-6188f8b8b369,2022,5
a0ee732f-d331-4f9d-989d-6188f8b8b369,2023,0
a0ee732f-d331-4f9d-989d-6188f8b8b369,2024,0
a0fd025d-6986-4fc6-99ab-8e39bd084e24,2020,15
a0fd025d-6986-4fc6-99ab-8e39bd084e24,2021,0
a0fd025d-6986-4fc6-99ab-8e39bd084e24,2022,10
a0fd025d-6986-4fc6-99ab-8e39bd084e24,2024,0
a1212582-6f44-4ef0-9fc6-2b96388b9a80,2023,10
a12b05e0-c06d-4241-8c35-4196b0676446,2020,10
a12b05e0-c06d-4241-8c35-4196b0676446,2021,5
a12b05e0-c06d-4241-8c35-4196b0676446,2022,10
a12b05e0-c06d-4241-8c35-4196b0676446,2023,30
a12b05e0-c06d-4241-8c35-4196b0676446,2024,0
a13a3ee1-7a6b-45b7-8569-9eadfa7ebde4,2024,10
a13b73fb-8c05-4e93-a16f-501897816230,2024,0
a17ee5f1-6f31-410f-bca4-886c64174b8f,2024,5
a1812e9a-119a-4483-bb1a-cbda8889bfeb,2024,5
a1986c61-06e3-4e8f-b792-99615c62a064,2023,20
a1986c61-06e3-4e8f-b792-99615c62a064,2024,0
a1bc637e-70ec-4cf6-8134-e978db4db10a,2021,0
a1bc637e-70ec-4cf6-8134-e978db4db10a,2022,0
a1bc637e-70ec-4cf6-8134-e978db4db10a,2023,10
a1c8d623-6d19-4114-8ff0-88018f0c9be7,2020,5
a1ec4e92-d152-42a8-8d32-6c42e10bc700,2020,0
a1ed07b2-657d-4a4a-b6a1-07ec61983d8a,2020,10
a1ed07b2-657d-4a4a-b6a1-07ec61983d8a,2021,360
a1ed07b2-657d-4a4a-b6a1-07ec61983d8a,2022,5
a1ed07b2-657d-4a4a-b6a1-07ec61983d8a,2023,10
a1f9f80f-d49b-475d-ae41-bf47bf1842c4,2020,235
a1f9f80f-d49b-475d-ae41-bf47bf1842c4,2021,140
a1f9f80f-d49b-475d-ae41-bf47bf1842c4,2022,15
a1f9f80f-d49b-475d-ae41-bf47bf1842c4,2023,20
a1f9f80f-d49b-475d-ae41-bf47bf1842c4,2024,180
a2064ce6-63f3-4216-b186-6395df834d98,2020,5
a2064ce6-63f3-4216-b186-6395df834d98,2023,0
a20a55fd-80fe-4f02-ae43-1e484cfc4729,2020,105
a20a55fd-80fe-4f02-ae43-1e484cfc4729,2021,105
a20a55fd-80fe-4f02-ae43-1e484cfc4729,2023,0
a20a55fd-80fe-4f02-ae43-1e484cfc4729,2024,200
a20fce0a-d40f-4f30-9eb9-0d9749c23d7b,2024,255
a21f21eb-4086-4100-962e-f2f0d78ab498,2020,5
a22a3cb1-a0a6-49ca-a02f-da23cd89c456,2020,150
a22a3cb1-a0a6-49ca-a02f-da23cd89c456,2021,10
a22a3cb1-a0a6-49ca-a02f-da23cd89c456,2022,15
a22a3cb1-a0a6-49ca-a02f-da23cd89c456,2023,10
a22a3cb1-a0a6-49ca-a02f-da23cd89c456,2024,360
a2321d62-6f31-4149-bda4-7f11435c11e8,2023,5
a2321d62-6f31-4149-bda4-7f11435c11e8,2024,0
a247b816-8f79-4b78-98ed-39a44ea3a9d6,2023,10
a24edefa-79b7-43d9-bf23-a9e04b1b0f4d,2024,15
a24fc687-9e13-4c19-80ba-1ffb62c2a6c9,2024,0
a254b873-60ae-48f0-926a-b1d67e3626f2,2024,5
a25967e8-1eb5-4fb0-bd06-f340b0049d3f,2022,10
a27b6d56-e6dd-4159-832f-8b7d62ab21e9,2020,10
a27b6d56-e6dd-4159-832f-8b7d62ab21e9,2021,0
a27b6d56-e6dd-4159-832f-8b7d62ab21e9,2022,10
a27b6d56-e6dd-4159-832f-8b7d62ab21e9,2023,10
a2a99480-f840-454f-b348-911a1c0d0403,2021,15
a2a99480-f840-454f-b348-911a1c0d0403,2024,5
a2aba64f-f436-4c29-8985-b400a43ae261,2022,5
a2aba64f-f436-4c29-8985-b400a43ae261,2023,15
a319df45-ac6f-4ccf-a032-de9e00451d2e,2022,0
a319df45-ac6f-4ccf-a032-de9e00451d2e,2023,20
a3359937-edef-4835-989b-42c091715917,2023,10
a3981553-2849-4e67-884d-e1768ac40772,2020,0
a3981553-2849-4e67-884d-e1768ac40772,2024,15
a3b45056-31bc-49e2-b67d-4056bf3f28a2,2020,25
a3b45056-31bc-49e2-b67d-4056bf3f28a2,2021,5
a3b45056-31bc-49e2-b67d-4056bf3f28a2,2023,25
a3c0f78a-b055-4a72-b990-2f2dffb46480,2021,5
a3c0f78a-b055-4a72-b990-2f2dffb46480,2022,5
a3d5c7b7-19ab-4e4b-bbfb-b3331f2ac5c2,2020,10
a3d5c7b7-19ab-4e4b-bbfb-b3331f2ac5c2,2021,15
a3d5c7b7-19ab-4e4b-bbfb-b3331f2ac5c2,2022,5
a3d5c7b7-19ab-4e4b-bbfb-b3331f2ac5c2,2023,25
a40631e0-2ab2-4d84-aa4a-fbdb5f8a8116,2020,40
a40631e0-2ab2-4d84-aa4a-fbdb5f8a8116,2023,0
a40631e0-2ab2-4d84-aa4a-fbdb5f8a8116,2024,5
a4147fdb-f2e8-4f25-aedf-5642301cb120,2020,25
a41f6c7b-9aeb-4a66-afe2-4aede73a9d9e,2024,15
a423b4ab-2557-4b83-9a7f-9e8e6bc490b6,2023,15
a423b4ab-2557-4b83-9a7f-9e8e6bc490b6,2024,355
a43ddbcd-b96e-4b68-940b-2f1bfa0f157b,2022,5
a43ddbcd-b96e-4b68-940b-2f1bfa0f157b,2023,20
a43ddbcd-b96e-4b68-940b-2f1bfa0f157b,2024,355
a441906a-cfc1-482d-98ab-81f7a49d12da,2020,5
a441906a-cfc1-482d-98ab-81f7a49d12da,2024,0
a44447c3-9acd-40aa-9ecb-345e6b36529b,2023,5
a44447c3-9acd-40aa-9ecb-345e6b36529b,2024,20
a449dae9-9a19-4d0e-a073-e3f11fe29dc7,2024,5
a49551e9-d0cd-4a28-acc6-e7af29066f0e,2023,0
a49551e9-d0cd-4a28-acc6-e7af29066f0e,2024,0
a4bbfcb1-3575-4d74-be33-d6d6a2665ac6,2021,0
a4bbfcb1-3575-4d74-be33-d6d6a2665ac6,2022,5
a5337dea-3ba4-4f68-84be-da8e0c01428d,2023,10
a5337dea-3ba4-4f68-84be-da8e0c01428d,2024,350
a53c482c-c479-41d1-b34e-cca2ee4a7107,2020,0
a53c482c-c479-41d1-b34e-cca2ee4a7107,2021,5
a53c482c-c479-41d1-b34e-cca2ee4a7107,2023,30
a54e7337-f9c3-4256-91c6-d7f4df8d41dc,2020,25
a54e7337-f9c3-4256-91c6-d7f4df8d41dc,2021,360
a54e7337-f9c3-4256-91c6-d7f4df8d41dc,2024,10
a5601f1a-c148-4667-948a-114fbcb630eb,2023,10
a582ff0f-1e83-4b97-97d8-dca944ae1913,2023,15
a582ff0f-1e83-4b97-97d8-dca944ae1913,2024,5
a5ca4d3f-56e8-4104-b0a8-cde09f60e4d7,2020,10
a5ca4d3f-56e8-4104-b0a8-cde09f60e4d7,2022,25
a5ca4d3f-56e8-4104-b0a8-cde09f60e4d7,2024,15
a5cce80b-0ffc-4a79-b0e3-08b32a1df4ab,2020,50
a5cce80b-0ffc-4a79-b0e3-08b32a1df4ab,2023,10
a5cce80b-0ffc-4a79-b0e3-08b32a1df4ab,2024,355
a5fa86ad-ff06-4c68-a600-dd5c17658134,2023,10
a60a6177-8b05-43e1-8622-7ca8ce47df63,2023,5
a60a6177-8b05-43e1-8622-7ca8ce47df63,2024,355
a61f07d8-7721-4f5a-9034-34d55200f3c7,2020,5
a61f07d8-7721-4f5a-9034-34d55200f3c7,2023,0
a61f07d8-7721-4f5a-9034-34d55200f3c7,2024,340
a64aa516-abf3-4273-b3d3-f9211d5d2b55,2020,5
a64aa516-abf3-4273-b3d3-f9211d5d2b55,2021,0
a64aa516-abf3-4273-b3d3-f9211d5d2b55,2024,0
a655f546-582e-40d0-9277-b29c007bacdf,2021,0
a655f546-582e-40d0-9277-b29c007bacdf,2022,0
a655f546-582e-40d0-9277-b29c007bacdf,2023,25
a67986af-d506-4eca-9d44-ca84657b2b63,2024,5
a6895f74-23f8-49ee-b2ef-1563dbd4c184,2020,10
a6a53ffc-ad8a-4396-83af-3e8acb42d3fc,2021,0
a6a53ffc-ad8a-4396-83af-3e8acb42d3fc,2022,5
a6a53ffc-ad8a-4396-83af-3e8acb42d3fc,2023,5
a6eae866-b55d-4d22-8d9a-0ce0a37c7a32,2021,0
a6eae866-b55d-4d22-8d9a-0ce0a37c7a32,2024,15
a7159713-540f-4063-833b-c0f218b7d220,2020,15
a7159713-540f-4063-833b-c0f218b7d220,2024,15
a72294c9-9e11-4726-8b19-92b4102d373c,2022,0
a72294c9-9e11-4726-8b19-92b4102d373c,2023,0
a72294c9-9e11-4726-8b19-92b4102d373c,2024,10
a73069ce-774c-4757-94b5-e580755a06ac,2023,5
a73069ce-774c-4757-94b5-e580755a06ac,2024,355
a730c8e7-8642-4a94-9813-372734012659,2020,0
a730c8e7-8642-4a94-9813-372734012659,2024,0
a7349cdf-491c-458d-a8bb-e53c48403135,2023,25
a7349cdf-491c-458d-a8bb-e53c48403135,2024,5
a735dffd-4d35-4496-a79c-2adc496b1aa8,2023,10
a77d682d-3b5e-47fd-93ce-8cb081cad1e1,2024,15
a79ad699-1739-4818-adab-6c1ef4b4ed34,2022,15
a7b42c22-9581-4f48-843b-efb6af61cc65,2020,5
a7b42c22-9581-4f48-843b-efb6af61cc65,2021,360
a7b42c22-9581-4f48-843b-efb6af61cc65,2022,5
a7c1ce15-693f-4875-815a-a56ed78fc785,2020,0
a7c1ce15-693f-4875-815a-a56ed78fc785,2023,20
a7c1ce15-693f-4875-815a-a56ed78fc785,2024,5
a7c7cec7-8a31-4768-bb33-3864085cd70a,2021,5
a7c7cec7-8a31-4768-bb33-3864085cd70a,2024,0
a7d05e12-7d72-49ee-8bde-e2ac738b67a7,2024,0
a7d67951-1f37-4fdd-a9cc-e977012f6a1b,2024,10
a80914f6-810c-4b99-a8f5-3c6243c78e09,2024,10
a814aab3-1626-42b8-bd9e-7dbdc405add5,2020,5
a837f20a-106c-4069-b9e0-815cc070fc01,2020,15
a837f20a-106c-4069-b9e0-815cc070fc01,2021,0
a837f20a-106c-4069-b9e0-815cc070fc01,2022,0
a837f20a-106c-4069-b9e0-815cc070fc01,2024,5
a84a3987-7642-4b39-9d43-30491272306a,2020,20
a87f0ec3-11be-461f-942e-4630fab7ec51,2023,15
a883b8fc-6bcd-495f-96a3-5115cbb67eeb,2021,0
a883b8fc-6bcd-495f-96a3-5115cbb67eeb,2022,5
a883b8fc-6bcd-495f-96a3-5115cbb67eeb,2023,30
a883b8fc-6bcd-495f-96a3-5115cbb67eeb,2024,250
a88be7a9-996e-48a0-b6e8-3abdf9c50e9a,2024,0
a88c9b9c-e03b-4308-94c1-3d720b4076e8,2023,5
a88c9b9c-e03b-4308-94c1-3d720b4076e8,2024,25
a89cec2d-3143-4c08-837d-10f5d6d67a5f,2020,5
a89cec2d-3143-4c08-837d-10f5d6d67a5f,2021,360
a89cec2d-3143-4c08-837d-10f5d6d67a5f,2022,5
a89cec2d-3143-4c08-837d-10f5d6d67a5f,2024,0
a8b60139-efe1-4912-b1aa-2b672ba37443,2020,0
a8b60139-efe1-4912-b1aa-2b672ba37443,2023,0
a8bd5ad5-82fe-4966-affb-5040469777a0,2021,10
a8bd5ad5-82fe-4966-affb-5040469777a0,2024,0
a8ec25c0-09c9-48e6-81ef-89ec4e2ec9d8,2023,0
a8ec25c0-09c9-48e6-81ef-89ec4e2ec9d8,2024,0
a900eb4b-918c-425a-a1cc-16dbf14b685b,2024,5
a902fac1-0818-4ea7-b824-5af450d5ce41,2021,5
a902fac1-0818-4ea7-b824-5af450d5ce41,2023,10
a9053985-eced-4433-a4b6-43e23d0b4d66,2020,0
a9053985-eced-4433-a4b6-43e23d0b4d66,2023,5
a9053985-eced-4433-a4b6-43e23d0b4d66,2024,360
a92ab34e-0ecb-45f5-a222-48f3154e09e5,2022,5
a92ab34e-0ecb-45f5-a222-48f3154e09e5,2023,20
a92ab34e-0ecb-45f5-a222-48f3154e09e5,2024,355
a92e1a4c-6c86-4ec9-be76-56ea66807c9e,2020,10
a92e1a4c-6c86-4ec9-be76-56ea66807c9e,2023,10
a92e1a4c-6c86-4ec9-be76-56ea66807c9e,2024,0
a957f5bd-7452-4c3b-af31-8e1f874bd9ee,2023,5
a957f5bd-7452-4c3b-af31-8e1f874bd9ee,2024,0
a95b4b58-4769-4c65-a4ce-1a4984b0cd85,2022,0
a95b4b58-4769-4c65-a4ce-1a4984b0cd85,2023,10
a98864d3-8f2d-4c85-8113-bf50352ac094,2021,0
a98864d3-8f2d-4c85-8113-bf50352ac094,2023,55
a98864d3-8f2d-4c85-8113-bf50352ac094,2024,15
a99098af-0e09-4ed4-be97-daad5098f413,2020,5
a99098af-0e09-4ed4-be97-daad5098f413,2023,5
a99098af-0e09-4ed4-be97-daad5098f413,2024,360
a9a31f93-40a4-4a7d-b8ef-0c878f9e3c21,2020,5
a9a31f93-40a4-4a7d-b8ef-0c878f9e3c21,2021,10
a9a31f93-40a4-4a7d-b8ef-0c878f9e3c21,2022,0
a9a7af52-3592-41ad-a08a-34bf493ca1a9,2021,0
a9a7af52-3592-41ad-a08a-34bf493ca1a9,2023,10
a9a7af52-3592-41ad-a08a-34bf493ca1a9,2024,0
a9a9ef87-6d50-4542-a421-faba733a9bd3,2021,0
a9a9ef87-6d50-4542-a421-faba733a9bd3,2022,5
a9ed8541-61d8-4132-934e-b15cae377584,2021,0
a9ed8541-61d8-4132-934e-b15cae377584,2022,25
a9ed8541-61d8-4132-934e-b15cae377584,2023,5
a9ed8541-61d8-4132-934e-b15cae377584,2024,360
aa0ff416-93dc-40dc-a783-c4d187a4475b,2020,10
aa0ff416-93dc-40dc-a783-c4d187a4475b,2023,0
aa199e9e-9b12-4c10-aa31-a445d7dcccba,2023,10
aa199e9e-9b12-4c10-aa31-a445d7dcccba,2024,5
aa1e2c58-67cf-47b9-b483-a4728c3b3331,2020,10
aa1e2c58-67cf-47b9-b483-a4728c3b3331,2021,0
aa1e2c58-67cf-47b9-b483-a4728c3b3331,2023,0
aa1e2c58-67cf-47b9-b483-a4728c3b3331,2024,355
aa29cd19-858e-4571-9a4c-d533406d4fb5,2020,5
aa29cd19-858e-4571-9a4c-d533406d4fb5,2022,5
aa29cd19-858e-4571-9a4c-d533406d4fb5,2024,0
aa369351-59d0-405a-840c-0d499d29c8bb,2020,10
aa369351-59d0-405a-840c-0d499d29c8bb,2023,10
aa369351-59d0-405a-840c-0d499d29c8bb,2024,35
aa7f8c3d-f2e3-4b6d-810f-757687216a62,2020,35
aa7f8c3d-f2e3-4b6d-810f-757687216a62,2021,0
aa7f8c3d-f2e3-4b6d-810f-757687216a62,2022,10
aa7f8c3d-f2e3-4b6d-810f-757687216a62,2024,340
aa82ef75-c861-4bb4-b2aa-8374781d847a,2023,5
aa82ef75-c861-4bb4-b2aa-8374781d847a,2024,225
aa9d387e-e5b2-46ba-a468-4b048215f6c9,2023,0
aabb93ab-2299-4e74-a325-9d7744d6ab36,2020,10
aabb93ab-2299-4e74-a325-9d7744d6ab36,2023,0
aabb93ab-2299-4e74-a325-9d7744d6ab36,2024,10
aaefe994-427a-4d07-9aa6-d47f186cc435,2021,10
aaefe994-427a-4d07-9aa6-d47f186cc435,2022,355
aaefe994-427a-4d07-9aa6-d47f186cc435,2024,270
ab000cfb-6745-4de7-8c34-dff7e5fe44df,2023,5
ab08988c-fc1f-4ab7-a1d6-49089b3407ae,2024,0
ab26e31a-3070-421f-9bae-9b77fe85d9ab,2023,0
ab29f624-f006-4c6f-936c-63d638a1a46e,2022,0
ab29f624-f006-4c6f-936c-63d638a1a46e,2023,15
ab390586-57ff-4c5d-b6a7-ec4ad866af33,2020,5
ab390586-57ff-4c5d-b6a7-ec4ad866af33,2023,5
ab390586-57ff-4c5d-b6a7-ec4ad866af33,2024,0
ab64cbd9-4e67-419e-91c7-1e98ebe717cd,2020,10
ab64cbd9-4e67-419e-91c7-1e98ebe717cd,2021,0
ab64cbd9-4e67-419e-91c7-1e98ebe717cd,2022,10
ab64cbd9-4e67-419e-91c7-1e98ebe717cd,2023,345
ab64cbd9-4e67-419e-91c7-1e98ebe717cd,2024,360
ab8418c4-b63e-410b-8601-05471da0ca5e,2021,0
ab8418c4-b63e-410b-8601-05471da0ca5e,2022,0
ab9eda35-3277-4162-bbc0-5ec02a258944,2023,20
aba12634-c2eb-4100-88db-04b5f2380b87,2024,5
aba89d68-d9c9-4f94-9fea-b26e9759fb1a,2023,5
abb81b7b-f592-4602-9713-97d4912046ef,2023,15
abb81b7b-f592-4602-9713-97d4912046ef,2024,5
abf79b1b-147a-47dd-b6f0-49220e44fc4a,2021,5
abf79b1b-147a-47dd-b6f0-49220e44fc4a,2023,0
ac066f1b-adc8-40bd-82d0-d836062d7333,2020,10
ac066f1b-adc8-40bd-82d0-d836062d7333,2021,0
ac2170d3-a062-4171-88eb-720743a85e56,2024,0
ac24015b-ea7f-46b5-a517-347971931c24,2020,10
ac24015b-ea7f-46b5-a517-347971931c24,2021,5
ac24015b-ea7f-46b5-a517-347971931c24,2024,270
ac2d42e1-139c-4faa-a51c-d14b0e507e66,2024,0
ac60da2c-95eb-4553-9cf5-25f2d179ece6,2021,10
ac60da2c-95eb-4553-9cf5-25f2d179ece6,2022,5
ac60da2c-95eb-4553-9cf5-25f2d179ece6,2024,5
ac79837e-8bf2-4c16-9f2b-3a9e275fea45,2022,0
ac79837e-8bf2-4c16-9f2b-3a9e275fea45,2023,10
ac79837e-8bf2-4c16-9f2b-3a9e275fea45,2024,25
ac7cca26-60ce-4eff-bb2a-0fe7b1ffcc6f,2020,5
ac7cca26-60ce-4eff-bb2a-0fe7b1ffcc6f,2021,0
ac7cca26-60ce-4eff-bb2a-0fe7b1ffcc6f,2022,10
ac7cca26-60ce-4eff-bb2a-0fe7b1ffcc6f,2024,5
ac810da3-06e4-4ed5-89d6-62f6c1f7181f,2020,5
ac810da3-06e4-4ed5-89d6-62f6c1f7181f,2023,10
ac9a4201-cfaf-4d98-a6a0-f5de509826cc,2021,0
ac9a4201-cfaf-4d98-a6a0-f5de509826cc,2022,0
aca02d2f-d02b-44d6-97e3-1485b00923ed,2022,0
aca02d2f-d02b-44d6-97e3-1485b00923ed,2023,5
aca02d2f-d02b-44d6-97e3-1485b00923ed,2024,10
acab5b2e-be11-4188-a640-d4fee70fce85,2022,0
acab5b2e-be11-4188-a640-d4fee70fce85,2023,360
acab5b2e-be11-4188-a640-d4fee70fce85,2024,0
acad4ce1-229a-4956-ad9c-596726bd8162,2020,0
acadced8-1a15-4523-ab97-a81a0439a4b4,2020,5
acadced8-1a15-4523-ab97-a81a0439a4b4,2023,45
acadced8-1a15-4523-ab97-a81a0439a4b4,2024,5
acd6c4f6-b61a-48bb-8352-a37ccdad2ef6,2021,5
acd6c4f6-b61a-48bb-8352-a37ccdad2ef6,2022,0
acd6c4f6-b61a-48bb-8352-a37ccdad2ef6,2023,10
acd6c4f6-b61a-48bb-8352-a37ccdad2ef6,2024,0
acf7422c-1574-4136-9341-7fb6ec8c1ab8,2023,15
ad0750f4-6a24-4384-a8a3-7853eb2b7bd5,2020,15
ad0750f4-6a24-4384-a8a3-7853eb2b7bd5,2021,240
ad0750f4-6a24-4384-a8a3-7853eb2b7bd5,2022,0
ad0750f4-6a24-4384-a8a3-7853eb2b7bd5,2023,25
ad161f35-249c-4d1d-a97b-65e38ba67c9c,2020,5
ad455964-1695-412b-abd2-0a8d03bf2462,2023,5
ad461e99-3c14-43ac-8d96-805264dde9e1,2021,5
ad461e99-3c14-43ac-8d96-805264dde9e1,2022,10
ad461e99-3c14-43ac-8d96-805264dde9e1,2023,0
ad461e99-3c14-43ac-8d96-805264dde9e1,2024,30
ad79b6ca-bd54-4712-a881-1d650ec6d3cf,2024,20
ad9bca48-6269-4d67-a48c-e7c4535a508c,2023,10
ad9bca48-6269-4d67-a48c-e7c4535a508c,2024,355
adad0114-d542-4203-b61f-3665fdbce2ee,2020,0
adad0114-d542-4203-b61f-3665fdbce2ee,2023,5
adaff031-0cb5-4865-9423-098b278b3f3b,2021,10
adcadc5b-628e-4dbc-a64f-331a45fcbd8c,2021,10
adcadc5b-628e-4dbc-a64f-331a45fcbd8c,2022,0
adcadc5b-628e-4dbc-a64f-331a45fcbd8c,2023,0
adec46d8-9c8e-4eca-8ca7-6d109754a6f6,2021,260
adec46d8-9c8e-4eca-8ca7-6d109754a6f6,2023,15
adec46d8-9c8e-4eca-8ca7-6d109754a6f6,2024,50
ae0de7c4-3965-41c2-aeed-ae0d65d7223a,2021,0
ae0de7c4-3965-41c2-aeed-ae0d65d7223a,2022,5
ae1135ad-5075-4c6f-93c2-f61cefdef00a,2020,10
ae1135ad-5075-4c6f-93c2-f61cefdef00a,2023,10
ae1135ad-5075-4c6f-93c2-f61cefdef00a,2024,5
ae4b4c16-7a72-4496-a535-6d6c50991b1e,2022,0
ae56abce-64fc-4822-8367-f914feac2c1b,2020,5
ae56abce-64fc-4822-8367-f914feac2c1b,2021,0
ae56abce-64fc-4822-8367-f914feac2c1b,2023,20
ae78d296-3bf8-4ddf-84c7-4d8772b5ed33,2021,5
ae78d296-3bf8-4ddf-84c7-4d8772b5ed33,2022,360
ae78d296-3bf8-4ddf-84c7-4d8772b5ed33,2023,10
ae884522-b57e-4626-9789-93ed3fe7259c,2023,15
aeb3d691-455b-4a75-b113-fa8f2704a4cf,2020,305
aeb3d691-455b-4a75-b113-fa8f2704a4cf,2021,325
aeb3d691-455b-4a75-b113-fa8f2704a4cf,2022,10
aeb3d691-455b-4a75-b113-fa8f2704a4cf,2023,20
aeb3d691-455b-4a75-b113-fa8f2704a4cf,2024,360
aebec41e-324b-4f38-b86f-c1138e39d44a,2024,0
aec3ed08-8e04-42ae-aa27-cecfdf87d8b1,2021,0
aec3ed08-8e04-42ae-aa27-cecfdf87d8b1,2022,5
aec3ed08-8e04-42ae-aa27-cecfdf87d8b1,2023,5
aed6fbc2-74b0-42a0-94bf-171a8772009c,2023,355
aed6fbc2-74b0-42a0-94bf-171a8772009c,2024,5
aef300b8-ab3b-4ec7-a673-1a92e660ed2b,2024,0
aef50c46-e7a8-4bb9-be0a-52b6aecfd44d,2024,10
af153d38-1bfb-496c-989f-152b1f554cbe,2024,5
af999f0e-8001-4074-87cc-2cdcbc9d515b,2024,0
afaea1a7-fdcb-435c-b950-9a9725452133,2024,0
afc823b9-c866-4d9c-b150-0bf7b72d4bd8,2021,5
afc823b9-c866-4d9c-b150-0bf7b72d4bd8,2022,0
afc8423f-7b50-4ede-b748-a7b67262fb27,2021,0
afd0bbad-047c-440a-a86c-434293ed22e2,2023,0
afd0bbad-047c-440a-a86c-434293ed22e2,2024,20
b02996a8-9c44-4d28-a8da-88d3929ef52d,2023,0
b02996a8-9c44-4d28-a8da-88d3929ef52d,2024,0
b05eb7eb-6f90-4691-838c-f26fb55f9ff0,2020,0
b05eb7eb-6f90-4691-838c-f26fb55f9ff0,2023,10
b0620883-965c-4309-aa82-8af7223ba849,2020,0
b0620883-965c-4309-aa82-8af7223ba849,2023,10
b07c7103-f3db-497b-97f8-750f479f81fd,2020,10
b07c7103-f3db-497b-97f8-750f479f81fd,2021,360
b07c7103-f3db-497b-97f8-750f479f81fd,2022,10
b08e623a-079a-4aef-a9c3-a0b7380dadf1,2024,15
b0a42ff3-8001-45c8-952b-90e7ca2e85ec,2020,10
b0a42ff3-8001-45c8-952b-90e7ca2e85ec,2021,0
b0a42ff3-8001-45c8-952b-90e7ca2e85ec,2022,0
b0a42ff3-8001-45c8-952b-90e7ca2e85ec,2023,5
b0a42ff3-8001-45c8-952b-90e7ca2e85ec,2024,360
b0d66687-ed0a-4617-9e77-49ca23d31633,2024,5
b0ed4a92-d5a5-43d4-9d27-d6ee1fa2c3aa,2024,10
b100e649-eba3-4ed6-b3b5-cf3e8b08a615,2023,20
b100e649-eba3-4ed6-b3b5-cf3e8b08a615,2024,350
b101f1f1-e53b-47ea-a669-bd637eec1042,2024,10
b10a39b5-c93f-45e4-b84d-c0b128224b35,2021,5
b10a39b5-c93f-45e4-b84d-c0b128224b35,2022,10
b10a39b5-c93f-45e4-b84d-c0b128224b35,2023,5
b10a39b5-c93f-45e4-b84d-c0b128224b35,2024,360
b11be10c-83ad-4ee2-96bd-890afeb7eb1f,2023,5
b11be10c-83ad-4ee2-96bd-890afeb7eb1f,2024,360
b12418c1-1979-45b2-92f9-b572e43b9a65,2024,0
b155df83-26a4-4472-8e5f-e3eca25a7650,2024,10
b1738ee1-3bf8-49ab-965e-433ce351d16b,2020,0
b1738ee1-3bf8-49ab-965e-433ce351d16b,2022,10
b1738ee1-3bf8-49ab-965e-433ce351d16b,2024,5
b1830c37-806b-4805-9c78-26fa771323c1,2023,15
b1830c37-806b-4805-9c78-26fa771323c1,2024,340
b1a267e0-fa49-49c4-a72d-b9dd1ff76059,2021,5
b1a267e0-fa49-49c4-a72d-b9dd1ff76059,2022,340
b1a267e0-fa49-49c4-a72d-b9dd1ff76059,2023,20
b1a267e0-fa49-49c4-a72d-b9dd1ff76059,2024,0
b1b0410c-e17e-4973-9e2b-ad0f23a84cfc,2024,10
b1b4c7b9-e0d7-49cf-a07a-4122f7b7d931,2024,5
b1b8034c-5cd6-4403-8e84-e2c434daba26,2023,15
b1b8034c-5cd6-4403-8e84-e2c434daba26,2024,5
b1e15d32-5c0d-44e2-9b4b-7e4a69d13bb8,2023,10
b1e15d32-5c0d-44e2-9b4b-7e4a69d13bb8,2024,0
b1f23219-87a3-4368-8ec2-5a3cf9783ba5,2020,5
b1f23219-87a3-4368-8ec2-5a3cf9783ba5,2021,10
b1f23219-87a3-4368-8ec2-5a3cf9783ba5,2022,0
b1f43dc0-7187-4070-8bc2-fb19aad23a5d,2020,355
b1f43dc0-7187-4070-8bc2-fb19aad23a5d,2021,360
b1f43dc0-7187-4070-8bc2-fb19aad23a5d,2022,55
b1f43dc0-7187-4070-8bc2-fb19aad23a5d,2023,0
b23ff525-b5f0-4dcc-bc2e-a30079c937ab,2024,0
b250d081-8e6f-4a73-9086-f55dcfcec972,2024,10
b253b808-9d14-4220-9b1d-9cf6157a8e63,2020,0
b253b808-9d14-4220-9b1d-9cf6157a8e63,2021,10
b253b808-9d14-4220-9b1d-9cf6157a8e63,2022,5
b253b808-9d14-4220-9b1d-9cf6157a8e63,2023,5
b257736e-6506-4e54-ba90-bc96bbfb555b,2020,0
b257736e-6506-4e54-ba90-bc96bbfb555b,2021,0
b257736e-6506-4e54-ba90-bc96bbfb555b,2023,30
b2633056-4b4e-4983-8f20-583ac4982009,2020,15
b2633056-4b4e-4983-8f20-583ac4982009,2021,10
b2633056-4b4e-4983-8f20-583ac4982009,2022,0
b265f136-118e-4c26-af9a-539982efcfeb,2020,15
b265f136-118e-4c26-af9a-539982efcfeb,2024,5
b275e165-687a-49c2-947c-8e112868c531,2024,0
b28c920d-22ae-40c0-83b4-d1ab0109eb73,2023,15
b29429e8-23be-4b9b-aa56-bfb88a0c0481,2020,0
b29b299f-97be-4db9-a189-91cd1ac01682,2020,10
b29b299f-97be-4db9-a189-91cd1ac01682,2024,10
b2a1cc6b-424d-4228-ab02-c93d49d78129,2023,55
b2a1cc6b-424d-4228-ab02-c93d49d78129,2024,0
b2a65f05-12a6-4e14-9bde-9b133b588ac4,2024,0
b2b348cd-28df-4bb2-8ab3-75685784cfcc,2020,0
b2b348cd-28df-4bb2-8ab3-75685784cfcc,2023,0
b2b348cd-28df-4bb2-8ab3-75685784cfcc,2024,355
b2b63693-22c6-403c-aa42-cb776331640e,2020,5
b2bf2012-bd4a-4d98-84c3-4ad39ad47fb7,2020,35
b2bf2012-bd4a-4d98-84c3-4ad39ad47fb7,2021,0
b2bf2012-bd4a-4d98-84c3-4ad39ad47fb7,2022,0
b2bf2012-bd4a-4d98-84c3-4ad39ad47fb7,2023,15
b2bf2012-bd4a-4d98-84c3-4ad39ad47fb7,2024,0
b2cf3e53-a429-440a-9c24-88940f6ce7b2,2024,0
b2dc1945-96cf-4946-8003-cd79fb2d8353,2020,0
b2dc1945-96cf-4946-8003-cd79fb2d8353,2021,5
b2ffab2b-b102-4a87-8cc7-3f9e5e00d5ed,2023,0
b2ffab2b-b102-4a87-8cc7-3f9e5e00d5ed,2024,5
b3069383-3321-4443-a496-fdb48c4f59d9,2020,15
b3069383-3321-4443-a496-fdb48c4f59d9,2021,5
b3069383-3321-4443-a496-fdb48c4f59d9,2024,10
b30e0a30-68c2-46ee-9393-5c09cb9cbdf6,2022,5
b30e0a30-68c2-46ee-9393-5c09cb9cbdf6,2023,15
b3239cd8-4ca5-4f96-9b04-d5f1eee2e77a,2023,15
b3239cd8-4ca5-4f96-9b04-d5f1eee2e77a,2024,35
b3601b11-d375-48d7-9de8-5efcec3476b0,2023,5
b3601b11-d375-48d7-9de8-5efcec3476b0,2024,360
b36287e4-8bc4-41fa-81a0-ccdd5dc2c5b0,2021,0
b36287e4-8bc4-41fa-81a0-ccdd5dc2c5b0,2022,0
b36287e4-8bc4-41fa-81a0-ccdd5dc2c5b0,2023,0
b36c6ccc-6e3d-443c-abb6-916b6f25e945,2021,0
b36c6ccc-6e3d-443c-abb6-916b6f25e945,2022,5
b36c6ccc-6e3d-443c-abb6-916b6f25e945,2023,0
b36c6ccc-6e3d-443c-abb6-916b6f25e945,2024,85
b3773fd0-db73-4f48-8bd5-9f07f0b32c43,2024,5
b3886544-1d80-43ae-825f-f8cf41552e99,2023,0
b3951d05-b683-4097-bbae-89c6f4fe6e0b,2023,10
b3951d05-b683-4097-bbae-89c6f4fe6e0b,2024,60
b3d22f65-5773-4a9d-a1bc-16225656b082,2021,5
b3d22f65-5773-4a9d-a1bc-16225656b082,2022,0
b3d22f65-5773-4a9d-a1bc-16225656b082,2024,15
b3e8b79c-fecc-4b41-845a-4d597184efa1,2021,0
b3e8b79c-fecc-4b41-845a-4d597184efa1,2022,5
b3e8b79c-fecc-4b41-845a-4d597184efa1,2023,20
b42e56a5-3e8d-49af-9083-3fa0802795ca,2021,0
b42e56a5-3e8d-49af-9083-3fa0802795ca,2022,0
b42e56a5-3e8d-49af-9083-3fa0802795ca,2023,355
b42e56a5-3e8d-49af-9083-3fa0802795ca,2024,10
b4348c70-1610-4f60-9419-9b9cbb4c8998,2021,355
b4348c70-1610-4f60-9419-9b9cbb4c8998,2022,10
b4348c70-1610-4f60-9419-9b9cbb4c8998,2023,5
b43f1a81-43f0-4665-bb10-d80a23ec6b57,2024,0
b45f1b5f-3a55-49ef-8fce-25def4b546be,2020,5
b45f1b5f-3a55-49ef-8fce-25def4b546be,2021,5
b45f1b5f-3a55-49ef-8fce-25def4b546be,2022,5
b45f1b5f-3a55-49ef-8fce-25def4b546be,2024,15
b4703137-7a4e-4a00-9841-d2eee54ca63b,2020,340
b4703137-7a4e-4a00-9841-d2eee54ca63b,2021,5
b4703137-7a4e-4a00-9841-d2eee54ca63b,2022,10
b4703137-7a4e-4a00-9841-d2eee54ca63b,2023,20
b486940b-ee5d-440b-bacf-b4b823ae9c64,2023,5
b48d6397-848d-494a-9503-45d0efb08ef4,2023,0
b4aa5acb-43b3-46cd-959b-88f10928b9a9,2020,5
b4aa5acb-43b3-46cd-959b-88f10928b9a9,2021,5
b4aa5acb-43b3-46cd-959b-88f10928b9a9,2022,10
b4aa5acb-43b3-46cd-959b-88f10928b9a9,2023,25
b4aa5acb-43b3-46cd-959b-88f10928b9a9,2024,0
b4c5ba78-0468-4391-8249-fceb15d77b93,2021,0
b4c5ba78-0468-4391-8249-fceb15d77b93,2022,10
b4de3335-332f-4f62-892d-de10b0e4156b,2020,0
b501e375-ec1f-4b96-b268-8ccd19d67036,2020,10
b501e375-ec1f-4b96-b268-8ccd19d67036,2021,5
b501e375-ec1f-4b96-b268-8ccd19d67036,2022,5
b501e375-ec1f-4b96-b268-8ccd19d67036,2023,30
b501e375-ec1f-4b96-b268-8ccd19d67036,2024,20
b507d04c-e0c7-4c51-ba7c-0d909076d9c4,2020,5
b507d04c-e0c7-4c51-ba7c-0d909076d9c4,2023,10
b507d04c-e0c7-4c51-ba7c-0d909076d9c4,2024,355
b518221a-28e3-4677-97b2-8d0c2c8ae1cf,2021,0
b518221a-28e3-4677-97b2-8d0c2c8ae1cf,2022,5
b518221a-28e3-4677-97b2-8d0c2c8ae1cf,2023,20
b5312f8c-7a08-4a82-9356-d55c2b4b0198,2021,5
b5312f8c-7a08-4a82-9356-d55c2b4b0198,2022,0
b5312f8c-7a08-4a82-9356-d55c2b4b0198,2024,0
b5341661-32bf-45b3-bc9a-f833a4c1f1ce,2020,5
b540bbf7-5500-4459-885f-4f296c76d9ad,2023,10
b540bbf7-5500-4459-885f-4f296c76d9ad,2024,5
b56a4d3e-4a75-4464-a071-95d05dec9d88,2023,20
b57154a1-e80c-45fd-9152-04fbabedfb8f,2022,0
b57154a1-e80c-45fd-9152-04fbabedfb8f,2024,0
b579252a-e509-4713-897b-bd5577e4816e,2024,0
b58d7dcc-4e53-4e03-acee-dd05c4bb43ab,2020,70
b58d7dcc-4e53-4e03-acee-dd05c4bb43ab,2021,0
b58d7dcc-4e53-4e03-acee-dd05c4bb43ab,2022,355
b58d7dcc-4e53-4e03-acee-dd05c4bb43ab,2024,335
b59b9d99-dfce-4506-9fc7-91fe4408b016,2020,0
b59b9d99-dfce-4506-9fc7-91fe4408b016,2021,5
b59b9d99-dfce-4506-9fc7-91fe4408b016,2023,50
b59b9d99-dfce-4506-9fc7-91fe4408b016,2024,15
b59cb0da-d635-4c0c-a17d-9ba440f1bcbb,2020,10
b59cb0da-d635-4c0c-a17d-9ba440f1bcbb,2021,5
b59cb0da-d635-4c0c-a17d-9ba440f1bcbb,2022,360
b5cb04f6-c2d6-4eaf-8e15-aecd4744d8a9,2020,10
b5cb04f6-c2d6-4eaf-8e15-aecd4744d8a9,2021,10
b5cb04f6-c2d6-4eaf-8e15-aecd4744d8a9,2022,5
b5cb04f6-c2d6-4eaf-8e15-aecd4744d8a9,2023,0
b5cb04f6-c2d6-4eaf-8e15-aecd4744d8a9,2024,5
b6106ff6-46a1-4aa9-aa6f-a809548ac352,2022,5
b6106ff6-46a1-4aa9-aa6f-a809548ac352,2023,25
b6106ff6-46a1-4aa9-aa6f-a809548ac352,2024,0
b617352c-b2f7-4b96-a843-718f71807801,2020,5
b617352c-b2f7-4b96-a843-718f71807801,2021,360
b617352c-b2f7-4b96-a843-718f71807801,2022,0
b617352c-b2f7-4b96-a843-718f71807801,2023,10
b6428fb3-05dc-4f82-8b31-b251daae9e25,2024,360
b6589fc0-b9d5-4249-b47d-973b09683d78,2020,5
b6589fc0-b9d5-4249-b47d-973b09683d78,2023,15
b6589fc0-b9d5-4249-b47d-973b09683d78,2024,75
b68556a1-9896-426e-ad8e-a0627d9d4bed,2020,10
b68556a1-9896-426e-ad8e-a0627d9d4bed,2021,0
b68556a1-9896-426e-ad8e-a0627d9d4bed,2022,5
b688ff8d-f017-4c81-bd84-968984640b71,2023,20
b69d36e8-89c8-4349-967a-b587d639bf80,2023,5
b6d48077-b31a-4bfc-9819-3accbd87c6e6,2021,0
b6d48077-b31a-4bfc-9819-3accbd87c6e6,2022,5
b6d48077-b31a-4bfc-9819-3accbd87c6e6,2023,30
b6e11484-b16e-4d40-a266-cf55d6ebb268,2021,5
b6e11484-b16e-4d40-a266-cf55d6ebb268,2023,355
b6ec6024-4706-4944-956c-4d0a238161f2,2021,0
b6ec6024-4706-4944-956c-4d0a238161f2,2022,0
b6edd791-e53f-4f20-8eca-3a9bad2dd8b2,2024,0
b6f0cfd2-aeb1-4007-b498-b379a4f06179,2020,5
b6f0cfd2-aeb1-4007-b498-b379a4f06179,2021,0
b6f0cfd2-aeb1-4007-b498-b379a4f06179,2022,10
b6f0cfd2-aeb1-4007-b498-b379a4f06179,2023,0
b6f0cfd2-aeb1-4007-b498-b379a4f06179,2024,0
b720f3a7-b60f-4d90-ab25-518672225f18,2021,0
b720f3a7-b60f-4d90-ab25-518672225f18,2022,5
b720f3a7-b60f-4d90-ab25-518672225f18,2023,0
b720f3a7-b60f-4d90-ab25-518672225f18,2024,355
b723b7cd-62f7-4dc1-900e-caa945241e4d,2024,0
b741cc1d-9f47-40b6-a07e-dc9126555bb8,2024,15
b74b48bb-39cd-4171-af18-1b2126cbdb46,2024,0
b75f328e-0ddc-4df6-866c-b1a329a7540b,2021,20
b75f328e-0ddc-4df6-866c-b1a329a7540b,2023,10
b77838fc-3268-49c5-a115-4dfae56c768b,2020,5
b77838fc-3268-49c5-a115-4dfae56c768b,2024,5
b798e277-d797-48d0-aaa3-97f082e8a06b,2020,5
b798e277-d797-48d0-aaa3-97f082e8a06b,2021,350
b798e277-d797-48d0-aaa3-97f082e8a06b,2022,5
b798e277-d797-48d0-aaa3-97f082e8a06b,2023,0
b7b5a3e8-309e-4511-8741-cb94ae0e9e93,2020,10
b7b5a3e8-309e-4511-8741-cb94ae0e9e93,2021,355
b7b5a3e8-309e-4511-8741-cb94ae0e9e93,2022,25
b7b5a3e8-309e-4511-8741-cb94ae0e9e93,2024,5
b7c4a65e-02dc-4dfc-b98c-3c257ff799f1,2023,10
b7c4a65e-02dc-4dfc-b98c-3c257ff799f1,2024,350
b7f16907-1939-4ef2-9b6f-2594d2e17701,2020,5
b7f16907-1939-4ef2-9b6f-2594d2e17701,2021,5
b806a6f1-0f0d-4acb-a624-cb6508b86f9a,2020,10
b809ef26-c909-4a36-9533-bc0811e12244,2020,10
b809ef26-c909-4a36-9533-bc0811e12244,2021,360
b809ef26-c909-4a36-9533-bc0811e12244,2022,5
b809ef26-c909-4a36-9533-bc0811e12244,2024,0
b85dc644-b0cc-4d10-aed1-a314ef0af8ce,2020,5
b85dc644-b0cc-4d10-aed1-a314ef0af8ce,2021,0
b85dc644-b0cc-4d10-aed1-a314ef0af8ce,2022,10
b85dc644-b0cc-4d10-aed1-a314ef0af8ce,2023,25
b85dc644-b0cc-4d10-aed1-a314ef0af8ce,2024,350
b87e0110-28da-46ba-b886-032fc86a3110,2020,10
b87e0110-28da-46ba-b886-032fc86a3110,2021,0
b87e0110-28da-46ba-b886-032fc86a3110,2022,5
b87e0110-28da-46ba-b886-032fc86a3110,2024,360
b890fd2e-3ae1-4d0d-b899-8f7f067a0495,2023,0
b890fd2e-3ae1-4d0d-b899-8f7f067a0495,2024,355
b8c1ad13-824a-4348-905c-6cceaf55926f,2024,20
b8cab2b8-4a73-477a-a10c-3655075d4581,2020,20
b8cab2b8-4a73-477a-a10c-3655075d4581,2021,10
b8cab2b8-4a73-477a-a10c-3655075d4581,2022,15
b8cab2b8-4a73-477a-a10c-3655075d4581,2024,10
b8fa780d-4528-4916-8338-6f3fda8c3451,2020,30
b8fa780d-4528-4916-8338-6f3fda8c3451,2021,15
b8fa780d-4528-4916-8338-6f3fda8c3451,2022,35
b8ff8297-a808-46ca-b2e7-b73d43094e6e,2023,55
b92a044f-374a-41cc-80ee-c250107ce371,2022,20
b92a044f-374a-41cc-80ee-c250107ce371,2023,10
b9524052-68ab-4623-97ff-d25af779fe6a,2020,340
b9524052-68ab-4623-97ff-d25af779fe6a,2021,5
b9524052-68ab-4623-97ff-d25af779fe6a,2022,360
b9524052-68ab-4623-97ff-d25af779fe6a,2023,25
b955453e-40f7-469c-8b3b-e252b3265d12,2020,5
b955453e-40f7-469c-8b3b-e252b3265d12,2021,5
b955453e-40f7-469c-8b3b-e252b3265d12,2022,10
b955453e-40f7-469c-8b3b-e252b3265d12,2024,10
b95640ec-8efe-480c-8a8e-180c0b9ebe03,2023,10
b9764041-2a0c-4f82-88a0-7db91943ec00,2021,5
b9764041-2a0c-4f82-88a0-7db91943ec00,2022,0
b9b55c19-0828-4bbe-ba4d-d2a3ec8c9b7c,2023,0
b9b55c19-0828-4bbe-ba4d-d2a3ec8c9b7c,2024,0
b9e28242-5fb4-45ad-b828-24408899099e,2022,0
b9fba9c2-319e-4687-81f5-886c1b967ae6,2020,10
ba3e0aee-f89c-4469-bc5f-fa3d9192844c,2020,10
ba3e0aee-f89c-4469-bc5f-fa3d9192844c,2021,360
ba3e0aee-f89c-4469-bc5f-fa3d9192844c,2022,5
ba3e0aee-f89c-4469-bc5f-fa3d9192844c,2023,15
ba3e0aee-f89c-4469-bc5f-fa3d9192844c,2024,5
ba3ead8f-f6f0-4fe9-911e-c95e8f1b8b6e,2021,5
ba623dce-e3d9-4789-9ae4-49c89cc6bd27,2020,5
ba623dce-e3d9-4789-9ae4-49c89cc6bd27,2021,5
ba623dce-e3d9-4789-9ae4-49c89cc6bd27,2022,0
ba623dce-e3d9-4789-9ae4-49c89cc6bd27,2023,20
ba623dce-e3d9-4789-9ae4-49c89cc6bd27,2024,20
ba89b121-d685-4ae7-a9e0-299d5ef9f73a,2020,5
ba89b121-d685-4ae7-a9e0-299d5ef9f73a,2023,20
ba89b121-d685-4ae7-a9e0-299d5ef9f73a,2024,355
ba8b876e-b0fb-48f4-a01a-acf00ca3f49e,2024,0
ba923291-63f0-4843-b89f-d3e3ab92da2e,2023,5
ba923291-63f0-4843-b89f-d3e3ab92da2e,2024,0
ba99d5fe-bda0-4f87-84bf-2a62621188f9,2020,10
bab7bf66-9a6c-452c-835f-cf86a678d77f,2024,0
bac302bf-d86c-411b-b2da-7ee237e31b16,2020,5
bac302bf-d86c-411b-b2da-7ee237e31b16,2024,0
baee61ed-50c4-4cae-87d0-a9cd0d2697a1,2020,5
bb144d42-e453-4104-9d95-c08819b05d0f,2023,5
bb3d97cc-a38e-4c15-969d-b0b8493e341e,2020,285
bb3d97cc-a38e-4c15-969d-b0b8493e341e,2021,0
bb3d97cc-a38e-4c15-969d-b0b8493e341e,2022,10
bb3d97cc-a38e-4c15-969d-b0b8493e341e,2024,15
bb41029c-4b47-4de1-b08e-f88482af5208,2021,5
bb41029c-4b47-4de1-b08e-f88482af5208,2022,15
bb41029c-4b47-4de1-b08e-f88482af5208,2024,0
bb4c5060-8669-4e43-aa79-de1b7920c43f,2020,20
bb4c5060-8669-4e43-aa79-de1b7920c43f,2021,5
bb4c5060-8669-4e43-aa79-de1b7920c43f,2023,5
bb4c5060-8669-4e43-aa79-de1b7920c43f,2024,340
bb5ebbd4-6e57-4c52-9e5f-1a15ba3d6cd2,2020,0
bb5ebbd4-6e57-4c52-9e5f-1a15ba3d6cd2,2021,20
bb5ebbd4-6e57-4c52-9e5f-1a15ba3d6cd2,2022,5
bb5ebbd4-6e57-4c52-9e5f-1a15ba3d6cd2,2024,5
bb660b13-9006-4be2-b4b3-2521f5c632d1,2022,0
bb7af26f-6c31-4967-8176-52a48c966bc1,2023,15
bb815834-b668-4038-a02a-e61242d6c297,2024,10
bb8d158f-5597-42ce-8d90-5ea20d009af1,2021,0
bb8d158f-5597-42ce-8d90-5ea20d009af1,2022,10
bb8d158f-5597-42ce-8d90-5ea20d009af1,2023,25
bb8d158f-5597-42ce-8d90-5ea20d009af1,2024,350
bc2de71f-d418-433a-8ddc-d8901a0f24e9,2020,5
bc2de71f-d418-433a-8ddc-d8901a0f24e9,2021,0
bc617bee-61ef-41df-88f3-2214b987d8f1,2020,0
bc617bee-61ef-41df-88f3-2214b987d8f1,2023,5
bc617bee-61ef-41df-88f3-2214b987d8f1,2024,0
bc6b5dc3-215e-4e5f-a39c-e48288dca263,2023,10
bc6b5dc3-215e-4e5f-a39c-e48288dca263,2024,25
bc70bd04-8592-449f-9282-7676bd65f3f5,2021,5
bc70bd04-8592-449f-9282-7676bd65f3f5,2022,0
bc70bd04-8592-449f-9282-7676bd65f3f5,2023,5
bcd41d91-c669-45c5-8b1c-d6441dbcef46,2023,10
bcd41d91-c669-45c5-8b1c-d6441dbcef46,2024,360
bcde19c5-d9ff-4b6f-89df-6e69504a3854,2020,15
bcde19c5-d9ff-4b6f-89df-6e69504a3854,2023,20
bcde19c5-d9ff-4b6f-89df-6e69504a3854,2024,15
bcf4508b-1e49-4677-8524-8d797ff2e775,2020,355
bcf4508b-1e49-4677-8524-8d797ff2e775,2021,360
bcf4508b-1e49-4677-8524-8d797ff2e775,2022,20
bcf4508b-1e49-4677-8524-8d797ff2e775,2023,0
bcf4508b-1e49-4677-8524-8d797ff2e775,2024,5
bd0df131-08b4-463f-9917-368dd3b1ea2b,2020,15
bd0df131-08b4-463f-9917-368dd3b1ea2b,2024,0
bd127502-de17-4236-8ddd-61d2c876709a,2020,5
bd19541c-e7f7-4822-baa1-24229f99787c,2020,10
bd19541c-e7f7-4822-baa1-24229f99787c,2022,10
bd19541c-e7f7-4822-baa1-24229f99787c,2023,25
bd19541c-e7f7-4822-baa1-24229f99787c,2024,0
bd61740e-d26c-4dad-896a-b57227933424,2021,0
bd61740e-d26c-4dad-896a-b57227933424,2022,5
bd61740e-d26c-4dad-896a-b57227933424,2024,5
bd6bc247-5d4f-4f6a-8a2c-b391aa31185b,2020,15
bd9c4ac4-c030-4780-99d8-13278e4ce0c2,2020,30
bdc49449-d684-4518-aba7-e45b05ea8070,2024,5
bddaf1ed-f8dd-40f7-bc93-974620c39f55,2023,0
be1dbb1a-cb11-47e3-984c-3b9797e2b3d1,2023,5
be1dbb1a-cb11-47e3-984c-3b9797e2b3d1,2024,340
be888341-1fe8-46c6-9a74-134e2a584915,2023,5
be888341-1fe8-46c6-9a74-134e2a584915,2024,355
bebafea7-f650-473b-86b7-d1253c04e8a9,2023,5
bebfed2d-f761-4a3f-8970-b7eb310600c5,2023,15
bebfed2d-f761-4a3f-8970-b7eb310600c5,2024,360
bef02495-d94a-41ee-aac0-3cf4d46ccfc9,2022,0
bef02495-d94a-41ee-aac0-3cf4d46ccfc9,2023,5
bef29ea4-cb0c-4dec-bc71-62bb405738c7,2024,0
befbaa39-ddc6-4764-8068-772892ebf103,2020,25
befbaa39-ddc6-4764-8068-772892ebf103,2021,10
befbaa39-ddc6-4764-8068-772892ebf103,2023,30
bf0294e5-277a-4c19-908a-661c2b5ab633,2023,15
bf0294e5-277a-4c19-908a-661c2b5ab633,2024,0
bf178662-e960-465c-a997-e3c175b74d45,2023,20
bf178662-e960-465c-a997-e3c175b74d45,2024,360
bf1a9030-f552-4424-8254-6a478e1723be,2020,5
bf1a9030-f552-4424-8254-6a478e1723be,2021,360
bf1a9030-f552-4424-8254-6a478e1723be,2022,10
bf1a9030-f552-4424-8254-6a478e1723be,2024,230
bf415a0f-d929-4cec-8f7e-82c725c5a20f,2023,0
bf415a0f-d929-4cec-8f7e-82c725c5a20f,2024,340
bf8b3aeb-9411-424e-8969-06eec08bcbfd,2021,5
bf8b3aeb-9411-424e-8969-06eec08bcbfd,2022,0
bf8b3aeb-9411-424e-8969-06eec08bcbfd,2023,55
bfac3688-df06-4aa6-a771-8b7f09472084,2020,0
bfac3688-df06-4aa6-a771-8b7f09472084,2021,0
bfac3688-df06-4aa6-a771-8b7f09472084,2022,5
bfb77c24-e603-4af3-8fa5-37e7dea25ba9,2023,5
bfb77c24-e603-4af3-8fa5-37e7dea25ba9,2024,235
bfd07ad7-28b5-4539-ac96-06dbfff61b3e,2021,15
bfd07ad7-28b5-4539-ac96-06dbfff61b3e,2023,5
bfd07ad7-28b5-4539-ac96-06dbfff61b3e,2024,5
bfdacd84-4116-44d2-afa1-c7a3f5e0285b,2020,300
bfdacd84-4116-44d2-afa1-c7a3f5e0285b,2024,85
c062460e-d8b2-4b94-a7e8-2f899eb280b8,2024,350
c07d0afc-ae4f-463e-acaf-d5cc51a955ae,2021,10
c07d0afc-ae4f-463e-acaf-d5cc51a955ae,2022,360
c08025f1-361c-48d5-ad7f-5be664656d1f,2024,0
c0812400-969b-46bb-b0b3-1e9c5007d0e9,2023,5
c0812400-969b-46bb-b0b3-1e9c5007d0e9,2024,20
c08ee33f-cc81-4387-9487-8a31e30a65c9,2021,5
c08ee33f-cc81-4387-9487-8a31e30a65c9,2023,5
c097bd07-fa6c-4b8d-8deb-61b5c993e57a,2021,0
c097bd07-fa6c-4b8d-8deb-61b5c993e57a,2022,10
c0a1947a-591f-4d77-b694-156de53ac356,2020,40
c0a1947a-591f-4d77-b694-156de53ac356,2022,0
c0d38c29-4a85-4454-a356-ef1081922e06,2023,10
c0dcf55f-3704-4a61-80c9-1b2a170a39cb,2024,15
c0fc6bf1-d0fe-4366-9d84-01aaf2d1973c,2023,5
c0fe54c4-fc71-4511-9087-d7aa93793d64,2020,10
c0fe54c4-fc71-4511-9087-d7aa93793d64,2021,355
c0fe54c4-fc71-4511-9087-d7aa93793d64,2024,0
c0ff5ca4-cab1-4e5d-9701-15dc81647ffd,2024,5
c113a669-e8ac-472e-9dc2-a90408984195,2020,0
c113a669-e8ac-472e-9dc2-a90408984195,2022,5
c13ddd64-f254-4507-b988-6d717cb91883,2024,80
c14e5a2e-01a0-4133-bebc-cfa6ee1cc032,2024,10
c1597ba0-266e-4a1b-bbd2-bd6093325ade,2020,5
c1597ba0-266e-4a1b-bbd2-bd6093325ade,2021,5
c1597ba0-266e-4a1b-bbd2-bd6093325ade,2022,10
c1597ba0-266e-4a1b-bbd2-bd6093325ade,2023,25
c1597ba0-266e-4a1b-bbd2-bd6093325ade,2024,355
c19c45c3-ecd4-4405-bc38-2dd4382820c7,2023,10
c1beb7c3-da84-4344-bbde-254d0be60239,2023,0
c1beb7c3-da84-4344-bbde-254d0be60239,2024,60
c1d83640-4eef-4edb-bf36-c5803c439a8a,2020,5
c1d83640-4eef-4edb-bf36-c5803c439a8a,2021,5
c1d83640-4eef-4edb-bf36-c5803c439a8a,2022,15
c1df4234-d952-4ec6-8b76-3bb406c74e18,2020,5
c1df4234-d952-4ec6-8b76-3bb406c74e18,2021,0
c1df4234-d952-4ec6-8b76-3bb406c74e18,2022,5
c1df4234-d952-4ec6-8b76-3bb406c74e18,2023,35
c21b97ef-dd79-4980-83e5-f69bfa82b0e4,2024,0
c22eb004-7808-4ec0-988e-a85905432e9f,2023,5
c22eb004-7808-4ec0-988e-a85905432e9f,2024,0
c23ef688-c45d-43bd-b9a3-397ffc3a6882,2021,0
c23ef688-c45d-43bd-b9a3-397ffc3a6882,2022,0
c23ef688-c45d-43bd-b9a3-397ffc3a6882,2023,5
c240c06d-9cb5-40bf-9a53-e745bc206e7d,2020,5
c240c06d-9cb5-40bf-9a53-e745bc206e7d,2023,5
c240c06d-9cb5-40bf-9a53-e745bc206e7d,2024,335
c25df575-9e0b-4f1a-848d-c55121ca4b78,2023,0
c2627c6c-c1ee-49d1-92ed-a2dc1dc773af,2023,0
c2850694-05ca-4fce-9af4-81fc28c21290,2021,0
c2850694-05ca-4fce-9af4-81fc28c21290,2022,5
c2850694-05ca-4fce-9af4-81fc28c21290,2023,25
c2850694-05ca-4fce-9af4-81fc28c21290,2024,355
c28d17b3-7c97-4baa-b674-19caa95f8e25,2021,10
c28d17b3-7c97-4baa-b674-19caa95f8e25,2022,0
c28d17b3-7c97-4baa-b674-19caa95f8e25,2023,0
c2ce0e10-618d-4cc1-af1c-3a1fcdf3e631,2024,10
c2dd05e8-87e3-4365-91ac-0a3672970c97,2020,5
c2dd05e8-87e3-4365-91ac-0a3672970c97,2021,5
c2dd05e8-87e3-4365-91ac-0a3672970c97,2022,0
c2dd05e8-87e3-4365-91ac-0a3672970c97,2024,5
c32437a6-6bae-4f15-af75-c95c5f534153,2023,0
c3604990-3fdc-436e-b1f4-f297329af14d,2024,0
c38d9d0e-07db-4507-a0cc-4b40b709e91b,2021,5
c38d9d0e-07db-4507-a0cc-4b40b709e91b,2023,15
c3bd7832-4a5a-4065-88cf-dffa974a0019,2020,0
c3bd7832-4a5a-4065-88cf-dffa974a0019,2024,0
c3c210cf-f4b4-484c-a0dc-b41ee3d19f31,2023,5
c3c210cf-f4b4-484c-a0dc-b41ee3d19f31,2024,360
c3cb23d0-40f2-41d2-9013-83998d6b4f3e,2020,10
c3cb23d0-40f2-41d2-9013-83998d6b4f3e,2024,0
c3e6a2a9-1af3-4763-b660-61d0e8710b52,2020,350
c3e6a2a9-1af3-4763-b660-61d0e8710b52,2021,10
c3e6a2a9-1af3-4763-b660-61d0e8710b52,2022,5
c3e6a2a9-1af3-4763-b660-61d0e8710b52,2024,0
c40071ef-9441-4db5-9783-fb6897e9ef7c,2024,10
c4081ee2-96f8-4671-a0b8-a4bb4bfa0ad7,2024,0
c41c15bd-9576-41dc-be17-eb8543cd80c9,2020,10
c41c15bd-9576-41dc-be17-eb8543cd80c9,2023,15
c41c15bd-9576-41dc-be17-eb8543cd80c9,2024,0
c42b08ac-6e7a-4a70-8b0d-a202624b10a9,2024,5
c42b2ae6-a5f6-4d72-b0d1-f814bffe5e6d,2021,10
c42b2ae6-a5f6-4d72-b0d1-f814bffe5e6d,2022,20
c42b2ae6-a5f6-4d72-b0d1-f814bffe5e6d,2023,10
c42b2ae6-a5f6-4d72-b0d1-f814bffe5e6d,2024,5
c437b145-5c30-4d92-a0cb-d74ff4fb0c0d,2021,0
c437b145-5c30-4d92-a0cb-d74ff4fb0c0d,2022,5
c437b145-5c30-4d92-a0cb-d74ff4fb0c0d,2023,20
c459a45c-c5c5-416f-bc29-297d472bccef,2024,360
c46b1e6e-2a22-4838-95c6-76d11436199e,2020,15
c46b1e6e-2a22-4838-95c6-76d11436199e,2023,15
c46b1e6e-2a22-4838-95c6-76d11436199e,2024,360
c47cb879-fb77-44a1-be0b-81045fb9f8f7,2022,5
c47cb879-fb77-44a1-be0b-81045fb9f8f7,2023,0
c47cb879-fb77-44a1-be0b-81045fb9f8f7,2024,360
c48972b9-7806-435e-94d8-3de96314c5e2,2024,245
c4af1d23-2a76-4e79-825e-32b63ed6863e,2024,0
c4e6b278-dfd0-427f-8394-292d7f6b121e,2023,10
c4e6b278-dfd0-427f-8394-292d7f6b121e,2024,0
c4ffe5e1-251c-4a08-a427-0e6a4f8ce5cc,2020,5
c4ffe5e1-251c-4a08-a427-0e6a4f8ce5cc,2023,20
c514953b-a4e7-4796-b33a-67821d13ea89,2024,15
c58af38b-2c16-4ffb-8baa-ab1b37356ebb,2020,0
c58af38b-2c16-4ffb-8baa-ab1b37356ebb,2021,5
c58af38b-2c16-4ffb-8baa-ab1b37356ebb,2022,360
c58af38b-2c16-4ffb-8baa-ab1b37356ebb,2023,360
c58af38b-2c16-4ffb-8baa-ab1b37356ebb,2024,340
c5a6d6b9-2404-4267-9809-0d1384eeb1eb,2020,10
c5a6d6b9-2404-4267-9809-0d1384eeb1eb,2021,5
c5a6d6b9-2404-4267-9809-0d1384eeb1eb,2022,5
c5a6d6b9-2404-4267-9809-0d1384eeb1eb,2023,15
c5a6d6b9-2404-4267-9809-0d1384eeb1eb,2024,5
c5b407e4-d7ee-4a48-af11-571e8dbeae12,2023,5
c5b407e4-d7ee-4a48-af11-571e8dbeae12,2024,20
c5d8f257-4caf-4de3-8c28-71bc4df14654,2023,5
c5d8f257-4caf-4de3-8c28-71bc4df14654,2024,5
c62eb2ac-31bb-4d5c-8edb-7342db3b5968,2021,0
c62eb2ac-31bb-4d5c-8edb-7342db3b5968,2022,0
c63aaf2c-fb08-4e7e-b5d5-4bc5ccdccd45,2023,0
c64cae6b-ff9d-4fa8-9883-80ddd374079a,2020,10
c64cae6b-ff9d-4fa8-9883-80ddd374079a,2021,0
c64cae6b-ff9d-4fa8-9883-80ddd374079a,2022,10
c64cae6b-ff9d-4fa8-9883-80ddd374079a,2023,15
c6a47364-e53d-4277-ae0e-6761c52feb47,2023,15
c6a47364-e53d-4277-ae0e-6761c52feb47,2024,0
c6b59654-fc9a-4d05-89d8-32c07993289f,2023,15
c6b59654-fc9a-4d05-89d8-32c07993289f,2024,0
c6e65b95-a31f-4ec6-b1d4-4528d88c04ef,2023,15
c70336f4-715a-4d86-bbe2-c3f4c90f2582,2023,15
c70336f4-715a-4d86-bbe2-c3f4c90f2582,2024,0
c708bd25-5272-4681-83a9-460c2d979ec7,2023,5
c708bd25-5272-4681-83a9-460c2d979ec7,2024,0
c744d667-1113-4be6-96a2-9579e86ff8e3,2021,0
c744d667-1113-4be6-96a2-9579e86ff8e3,2022,0
c76e72c1-867e-4ce8-989e-2754cc1ae623,2020,15
c76e72c1-867e-4ce8-989e-2754cc1ae623,2021,5
c76e72c1-867e-4ce8-989e-2754cc1ae623,2022,350
c76e72c1-867e-4ce8-989e-2754cc1ae623,2023,35
c76e72c1-867e-4ce8-989e-2754cc1ae623,2024,15
c782108e-6b26-4b97-af31-398e402da020,2022,0
c798c24e-8a27-4e00-9dfe-a7f51e18e1a4,2021,360
c798c24e-8a27-4e00-9dfe-a7f51e18e1a4,2022,10
c798c24e-8a27-4e00-9dfe-a7f51e18e1a4,2023,150
c7bd048a-8460-4901-b614-1aef0d01bbb6,2020,15
c7bd048a-8460-4901-b614-1aef0d01bbb6,2023,10
c810e1de-7dc4-4a99-bc16-1e22258e0c67,2021,10
c810e1de-7dc4-4a99-bc16-1e22258e0c67,2022,10
c810e1de-7dc4-4a99-bc16-1e22258e0c67,2024,0
c826c39c-4a24-4ccc-bff6-aa7f9079ab64,2021,5
c826c39c-4a24-4ccc-bff6-aa7f9079ab64,2023,5
c826c39c-4a24-4ccc-bff6-aa7f9079ab64,2024,0
c82f4adb-b376-4d70-a314-a7bd4e657d47,2020,5
c82f4adb-b376-4d70-a314-a7bd4e657d47,2022,25
c82f4adb-b376-4d70-a314-a7bd4e657d47,2024,15
c83f0548-3eb1-495a-a4d1-9d7d30bd571f,2020,5
c83f0548-3eb1-495a-a4d1-9d7d30bd571f,2024,15
c89984ab-9309-4ee7-b7fd-c6d2afffdfd7,2020,0
c89984ab-9309-4ee7-b7fd-c6d2afffdfd7,2022,10
c8b07400-93e7-4262-91b9-5fb2c7d65e3e,2024,15
c8c0597d-ae18-4553-8bc1-c0a2a674e390,2022,15
c8c0597d-ae18-4553-8bc1-c0a2a674e390,2024,0
c8cd7125-81be-4811-84e2-f281b8189878,2020,10
c8cd7125-81be-4811-84e2-f281b8189878,2023,10
c8d3836d-57be-4581-b309-087734cd98a6,2023,0
c8d3836d-57be-4581-b309-087734cd98a6,2024,10
c8fa5aa1-666b-4b1a-9f9c-f5626109393c,2024,5
c9317ee2-4aa6-47bb-baa0-2df9f62d5382,2024,0
c9432a9f-4781-40ec-bfc2-bf8c24ec17d6,2023,10
c9432a9f-4781-40ec-bfc2-bf8c24ec17d6,2024,5
c947993a-07e4-45a9-9495-394a41fc629d,2024,0
c94b0329-7ae2-4f3c-9fb9-247d026cac89,2023,5
c94b0329-7ae2-4f3c-9fb9-247d026cac89,2024,0
c95a2a54-2d7e-4aab-84cd-2fb995078faa,2020,10
c95a2a54-2d7e-4aab-84cd-2fb995078faa,2021,5
c95a2a54-2d7e-4aab-84cd-2fb995078faa,2022,0
c95a2a54-2d7e-4aab-84cd-2fb995078faa,2023,15
c95a2a54-2d7e-4aab-84cd-2fb995078faa,2024,360
c99df747-fc43-4986-be64-515eb6af50f0,2020,345
c99df747-fc43-4986-be64-515eb6af50f0,2024,250
c9efed16-b5d5-416f-b6d9-6b35be050806,2023,10
ca107ab7-1b98-4118-af36-b53aa67ff3d5,2022,0
ca21a948-e14a-4dbc-a34e-73c206711901,2021,0
ca21a948-e14a-4dbc-a34e-73c206711901,2022,0
ca21a948-e14a-4dbc-a34e-73c206711901,2024,5
ca3f9a35-cc63-4033-9ceb-3fec5f7739cb,2020,0
ca3f9a35-cc63-4033-9ceb-3fec5f7739cb,2023,20
ca3f9a35-cc63-4033-9ceb-3fec5f7739cb,2024,5
ca436cdb-47b8-47e2-8c0f-3ea302d1a6fc,2023,0
ca6be188-7e60-407c-8393-4920a18387eb,2023,5
ca6c8d7f-e676-413c-97bc-f7ed2f643488,2023,20
ca757d78-df98-4d0f-96f8-599a5327c636,2020,0
ca757d78-df98-4d0f-96f8-599a5327c636,2021,5
ca757d78-df98-4d0f-96f8-599a5327c636,2022,10
ca757d78-df98-4d0f-96f8-599a5327c636,2023,5
ca757d78-df98-4d0f-96f8-599a5327c636,2024,360
cabb7201-296d-4e5d-bf2f-61e055112296,2024,5
cac5ce61-c36d-4e4b-b205-f476448fd56d,2021,5
cac5ce61-c36d-4e4b-b205-f476448fd56d,2023,5
cac76c87-bc07-48ea-87f3-b6d8409a2d80,2024,10
cb0e6f4e-6ac8-4995-8632-a3e73310d383,2024,0
cb28661c-27c2-4437-be83-655ca587d9a7,2024,0
cb2f95c3-945d-437d-93ea-265f0ef0a8f8,2023,20
cb2f95c3-945d-437d-93ea-265f0ef0a8f8,2024,15
cb43bb0d-15f2-4973-90fe-72bee1144e6b,2021,0
cb43bb0d-15f2-4973-90fe-72bee1144e6b,2023,10
cb43bb0d-15f2-4973-90fe-72bee1144e6b,2024,0
cb4e4865-7a27-4021-a71c-0c27eadffc42,2020,15
cb4e4865-7a27-4021-a71c-0c27eadffc42,2024,15
cbc6201c-911b-4efc-967e-25ae949aaaa5,2020,0
cbc6201c-911b-4efc-967e-25ae949aaaa5,2024,0
cbc7be52-2f94-4c99-9f2f-47ec37f49ed7,2023,10
cc0dd7cf-b1ce-4548-9b72-feec327be253,2023,20
cc66f5e0-7987-44eb-aecd-c04b118d12f0,2024,20
cc6b20ce-f2f5-4395-b2fd-03ebcbb060ce,2024,5
cc7e18da-5889-41a3-a648-8d9aac96c471,2020,355
cc7e18da-5889-41a3-a648-8d9aac96c471,2021,45
cc7e18da-5889-41a3-a648-8d9aac96c471,2022,95
cc828b60-074d-4dd7-840b-7d374df80e11,2023,15
cc90bccf-5b75-445c-92d5-d73705684c1d,2020,5
cc90bccf-5b75-445c-92d5-d73705684c1d,2022,10
cc90bccf-5b75-445c-92d5-d73705684c1d,2023,15
cc90bccf-5b75-445c-92d5-d73705684c1d,2024,0
cca518ec-4d38-4dd3-9992-8fbfdddfa000,2021,20
cca518ec-4d38-4dd3-9992-8fbfdddfa000,2022,10
cca518ec-4d38-4dd3-9992-8fbfdddfa000,2023,15
ccc0d2fa-fccb-4143-9c1a-a6016a285a9d,2022,0
ccc0d2fa-fccb-4143-9c1a-a6016a285a9d,2024,0
ccd85c0e-c148-4fcd-8a8a-f37aee4c8158,2024,5
ccded018-71e9-450f-bd95-1bbd209fa315,2020,5
cd0e6fda-6b81-400a-9ca1-002ecee15921,2023,5
cd0e6fda-6b81-400a-9ca1-002ecee15921,2024,360
cd6efe54-7776-45ac-a928-0d99eab1976b,2023,5
cda53e01-0df0-496c-88ea-9ae06b445031,2020,5
cda53e01-0df0-496c-88ea-9ae06b445031,2021,360
cda53e01-0df0-496c-88ea-9ae06b445031,2022,5
cda53e01-0df0-496c-88ea-9ae06b445031,2023,355
cda53e01-0df0-496c-88ea-9ae06b445031,2024,350
cdb2674d-07c7-402b-8429-796ffa574aa2,2021,10
cdb2674d-07c7-402b-8429-796ffa574aa2,2024,5
cdcdea29-0faa-4ef5-bbe2-58cc7020d49c,2021,10
cdcdea29-0faa-4ef5-bbe2-58cc7020d49c,2022,10
cde3a11c-e0e1-4a8b-814f-634af872aa6c,2021,0
cde3a11c-e0e1-4a8b-814f-634af872aa6c,2022,0
cde3a11c-e0e1-4a8b-814f-634af872aa6c,2024,0
cdf76222-a48c-4b2d-8f10-8145d46370c2,2023,15
cdf76222-a48c-4b2d-8f10-8145d46370c2,2024,0
ce1bd905-ae33-4bf9-8ca4-97dbf63e2892,2021,0
ce1bd905-ae33-4bf9-8ca4-97dbf63e2892,2022,0
ce1bd905-ae33-4bf9-8ca4-97dbf63e2892,2024,0
ce1d153d-29fe-4272-90ca-634ed15bc406,2023,0
ce1d153d-29fe-4272-90ca-634ed15bc406,2024,0
ce20755b-f226-4d0f-b366-687d2e5756a9,2020,0
ce20755b-f226-4d0f-b366-687d2e5756a9,2021,0
ce20755b-f226-4d0f-b366-687d2e5756a9,2022,0
ce73b1e6-d1b9-461e-b918-12f470884123,2024,335
ce758bfc-4925-480b-8342-cbd76ed366c7,2023,15
ce758bfc-4925-480b-8342-cbd76ed366c7,2024,10
ce77642b-d2a1-43fe-b141-08f987e7b71d,2021,0
ce77642b-d2a1-43fe-b141-08f987e7b71d,2022,5
cea1897c-2bf5-4560-b83c-c80eb0e15976,2023,15
ceb7b23e-f507-442c-833e-574f985f28dc,2021,0
ceb7b23e-f507-442c-833e-574f985f28dc,2022,5
cee2e68d-17a3-4911-909f-99b6a2248147,2022,5
cee2e68d-17a3-4911-909f-99b6a2248147,2024,0
cee3ec4b-31a2-4112-a9ee-8302236ff359,2020,0
cee3ec4b-31a2-4112-a9ee-8302236ff359,2021,5
cee3ec4b-31a2-4112-a9ee-8302236ff359,2022,15
cee3ec4b-31a2-4112-a9ee-8302236ff359,2023,15
cefc44b3-77f1-4e73-ad9f-c46e4e405114,2021,0
cefc44b3-77f1-4e73-ad9f-c46e4e405114,2022,0
cf1b00f1-5955-4254-b552-c156b20b5123,2021,0
cf1b00f1-5955-4254-b552-c156b20b5123,2022,5
cf1b00f1-5955-4254-b552-c156b20b5123,2023,5
cf1b00f1-5955-4254-b552-c156b20b5123,2024,0
cf27c157-dbb0-408b-90a2-1ed2caef9b9c,2023,15
cf2cd869-05b9-48fe-8a92-7907e6e00456,2023,15
cf2cd869-05b9-48fe-8a92-7907e6e00456,2024,350
cf4850ee-21bb-421a-8260-a34e3bfa0565,2023,20
cf4850ee-21bb-421a-8260-a34e3bfa0565,2024,5
cf5de200-90f9-4c28-aa5a-48e7acce9db7,2021,0
cf5de200-90f9-4c28-aa5a-48e7acce9db7,2022,0
cf5de200-90f9-4c28-aa5a-48e7acce9db7,2023,25
cf5de200-90f9-4c28-aa5a-48e7acce9db7,2024,15
cf73888e-686a-46a2-a8f4-895cc0574de6,2020,10
cf73888e-686a-46a2-a8f4-895cc0574de6,2021,5
cf73888e-686a-46a2-a8f4-895cc0574de6,2022,0
cf73888e-686a-46a2-a8f4-895cc0574de6,2024,0
cf92d012-2ae2-4a49-9d77-773f40e8208b,2020,10
cf92d012-2ae2-4a49-9d77-773f40e8208b,2024,0
cf9526da-5fd6-44fa-aaad-c334a0fd2074,2023,0
cfafefde-b209-4c5c-a520-b1cf55911c42,2020,0
cfafefde-b209-4c5c-a520-b1cf55911c42,2021,0
cfafefde-b209-4c5c-a520-b1cf55911c42,2022,0
cfafefde-b209-4c5c-a520-b1cf55911c42,2023,20
cfafefde-b209-4c5c-a520-b1cf55911c42,2024,0
cfc4891b-4dc0-4ec2-a877-5dfd51a89ccf,2020,0
cfc4891b-4dc0-4ec2-a877-5dfd51a89ccf,2021,5
cfc4891b-4dc0-4ec2-a877-5dfd51a89ccf,2024,0
d01be974-658f-4622-8c3c-ffd975c459b9,2020,0
d01be974-658f-4622-8c3c-ffd975c459b9,2021,5
d01be974-658f-4622-8c3c-ffd975c459b9,2023,25
d01be974-658f-4622-8c3c-ffd975c459b9,2024,360
d0279652-fd48-4dee-87d8-ff13be616432,2023,20
d0279652-fd48-4dee-87d8-ff13be616432,2024,0
d03a469e-2b2b-48ef-ab53-0b4f2c7137f2,2020,20
d03a469e-2b2b-48ef-ab53-0b4f2c7137f2,2022,5
d04c8bfe-4d53-4deb-b411-57806295c84e,2024,5
d054b1bc-b1d8-4c55-92f2-bb5e3b5dd302,2020,310
d054b1bc-b1d8-4c55-92f2-bb5e3b5dd302,2021,10
d054b1bc-b1d8-4c55-92f2-bb5e3b5dd302,2022,10
d054b1bc-b1d8-4c55-92f2-bb5e3b5dd302,2023,20
d054b1bc-b1d8-4c55-92f2-bb5e3b5dd302,2024,350
d0568387-7337-41cd-91e0-8e1a4bb4d241,2021,5
d0568387-7337-41cd-91e0-8e1a4bb4d241,2023,5
d06b7691-f482-49d5-9aba-06506f679bff,2020,5
d06b7691-f482-49d5-9aba-06506f679bff,2023,25
d06b7691-f482-49d5-9aba-06506f679bff,2024,0
d08c5b1d-146a-4657-b1ca-24c86b28d223,2022,5
d08c5b1d-146a-4657-b1ca-24c86b28d223,2023,20
d08c5b1d-146a-4657-b1ca-24c86b28d223,2024,0
d098a543-d68c-4aa6-88d7-0b603c349f63,2020,0
d0bc71bb-0025-44d8-ae0a-6fe4f46ea416,2020,10
d0bc71bb-0025-44d8-ae0a-6fe4f46ea416,2021,0
d0e5b2be-539f-45dd-884d-006195eeb7ea,2024,10
d0fe6298-3c5a-4e36-9d3e-64ce001eaa59,2024,0
d126196e-eda4-4b3d-b184-a36b5340efdf,2023,20
d126196e-eda4-4b3d-b184-a36b5340efdf,2024,350
d12ee417-89d9-48bb-95f1-fb891c26eaff,2023,20
d1393623-1410-4930-8840-ffe70daccd3d,2021,0
d1393623-1410-4930-8840-ffe70daccd3d,2022,5
d1393623-1410-4930-8840-ffe70daccd3d,2024,0
d13c01fb-6fb3-425a-aacf-6904ee4517d9,2020,0
d13c01fb-6fb3-425a-aacf-6904ee4517d9,2023,25
d13c01fb-6fb3-425a-aacf-6904ee4517d9,2024,0
d1d6a2f6-38ab-438e-803c-be94205bd741,2023,15
d1d82cbd-cdc6-434f-b71d-b63a2939b508,2020,0
d1d82cbd-cdc6-434f-b71d-b63a2939b508,2023,25
d1d82cbd-cdc6-434f-b71d-b63a2939b508,2024,355
d1df3e88-f06a-43af-a2be-a244cd1a8c20,2022,0
d21344b9-9ae4-46cb-9a5a-03ee2f4a9fa2,2021,5
d21344b9-9ae4-46cb-9a5a-03ee2f4a9fa2,2022,0
d21344b9-9ae4-46cb-9a5a-03ee2f4a9fa2,2023,5
d21344b9-9ae4-46cb-9a5a-03ee2f4a9fa2,2024,0
d219a918-a222-4925-bee1-c5797565d8ce,2024,0
d2217fb3-afb7-4a6e-8084-07e4071f8d07,2024,5
d227c7c8-666c-4eb2-8ecb-a37b7d5161e3,2023,15
d233e9d5-97e3-49f4-8945-c59cbc86ed48,2020,0
d233e9d5-97e3-49f4-8945-c59cbc86ed48,2021,15
d233e9d5-97e3-49f4-8945-c59cbc86ed48,2022,0
d233e9d5-97e3-49f4-8945-c59cbc86ed48,2023,10
d248a03c-00ca-479f-9e87-9dc09f669af8,2021,315
d248a03c-00ca-479f-9e87-9dc09f669af8,2023,5
d252d1ec-497c-40d1-8d5b-e80a1d2c1968,2020,5
d275950d-c6a2-4a7e-b65e-7a2087a5981e,2023,20
d275950d-c6a2-4a7e-b65e-7a2087a5981e,2024,0
d2a971fa-ee9e-49d7-b801-947d4807cc65,2024,0
d2b13bf4-dda8-4a9b-a900-073e5ee06f9f,2021,0
d2b13bf4-dda8-4a9b-a900-073e5ee06f9f,2022,5
d2b13bf4-dda8-4a9b-a900-073e5ee06f9f,2023,5
d2b13bf4-dda8-4a9b-a900-073e5ee06f9f,2024,15
d2ea8944-13bf-4dc9-8169-9f3ad3ab9080,2020,0
d2f62b63-ac11-4041-ba73-c7f6a611255d,2024,0
d3014521-ae17-44fa-952d-b4640d164fc3,2023,10
d32c2529-8fa4-4fe4-bf03-ccd6f5591973,2023,55
d32c2529-8fa4-4fe4-bf03-ccd6f5591973,2024,0
d3300d71-976d-4a49-9b97-5270e3dcc0ee,2024,20
d37990d1-00b4-4d7d-bc13-654eb3b4a5ce,2021,5
d37990d1-00b4-4d7d-bc13-654eb3b4a5ce,2022,0
d37990d1-00b4-4d7d-bc13-654eb3b4a5ce,2023,5
d3979eff-dff9-4d61-8b3d-280a3e713f0d,2024,10
d397c2d2-1abc-40f9-9407-c182d24fd564,2024,0
d3a4ed9a-2aea-4012-9a57-f8e2c671f630,2023,15
d3a8d106-816d-4125-b5ff-493a4caf0249,2021,5
d3a8d106-816d-4125-b5ff-493a4caf0249,2023,5
d3a8d106-816d-4125-b5ff-493a4caf0249,2024,360
d3d6a417-5daf-4b46-ae24-55c528fb0536,2023,15
d3d6a417-5daf-4b46-ae24-55c528fb0536,2024,0
d3f11b9e-498a-49df-aba5-28cc1d25cb7f,2022,0
d3f11b9e-498a-49df-aba5-28cc1d25cb7f,2023,5
d3f11b9e-498a-49df-aba5-28cc1d25cb7f,2024,0
d41026bc-b438-4a37-bf8c-48c9a5f0a7bb,2020,30
d41026bc-b438-4a37-bf8c-48c9a5f0a7bb,2021,5
d41026bc-b438-4a37-bf8c-48c9a5f0a7bb,2022,10
d41026bc-b438-4a37-bf8c-48c9a5f0a7bb,2024,0
d4344ee4-835b-4825-9bf4-6c9e2d123dca,2020,0
d4778e1f-1f12-4540-854c-d751ab967c1a,2023,20
d4778e1f-1f12-4540-854c-d751ab967c1a,2024,0
d48e9802-fa2b-424d-a15a-f072327823b8,2020,0
d48e9802-fa2b-424d-a15a-f072327823b8,2023,0
d48e9802-fa2b-424d-a15a-f072327823b8,2024,10
d4936153-8f8d-4791-8719-713ebd4ec0f1,2020,10
d4936153-8f8d-4791-8719-713ebd4ec0f1,2021,0
d4936153-8f8d-4791-8719-713ebd4ec0f1,2024,15
d4ae0185-565a-46b5-a3d1-9e0acea049bb,2023,10
d4ae0185-565a-46b5-a3d1-9e0acea049bb,2024,0
d4c309d7-1eae-44eb-97be-443a73f1e245,2024,0
d4e3724e-13b9-4e92-baa8-6f594ae85ebc,2024,5
d4fc4f7b-8e0d-4bb2-bf3d-be54b81c6b73,2021,10
d4fc4f7b-8e0d-4bb2-bf3d-be54b81c6b73,2022,0
d4fc4f7b-8e0d-4bb2-bf3d-be54b81c6b73,2023,10
d52c57c9-8e4d-4478-8c76-841b506c111e,2021,0
d53c4c3f-1202-481c-9846-65c1f8fa3e22,2020,355
d53c4c3f-1202-481c-9846-65c1f8fa3e22,2021,360
d53c4c3f-1202-481c-9846-65c1f8fa3e22,2022,0
d53c4c3f-1202-481c-9846-65c1f8fa3e22,2024,0
d5474f34-b584-47f9-9d68-d89506b87276,2023,15
d5474f34-b584-47f9-9d68-d89506b87276,2024,360
d554cc7a-cfd7-4d78-aad5-e919d7afb71f,2023,15
d55cc57d-163b-46bc-9a4f-fd399c000926,2020,15
d55cc57d-163b-46bc-9a4f-fd399c000926,2021,0
d55cc57d-163b-46bc-9a4f-fd399c000926,2022,10
d55cc57d-163b-46bc-9a4f-fd399c000926,2023,5
d56ee200-231b-4141-a1a3-2ec99bbb3010,2021,0
d56ee200-231b-4141-a1a3-2ec99bbb3010,2022,10
d584e9ee-a269-4890-adec-b09d30c6a2c0,2020,0
d584e9ee-a269-4890-adec-b09d30c6a2c0,2021,0
d584e9ee-a269-4890-adec-b09d30c6a2c0,2022,5
d584e9ee-a269-4890-adec-b09d30c6a2c0,2023,15
d584e9ee-a269-4890-adec-b09d30c6a2c0,2024,5
d5972771-d3f5-4443-85fa-a00349859fa4,2023,5
d5972771-d3f5-4443-85fa-a00349859fa4,2024,360
d599e83e-6709-4a16-afa9-ab0362317fbd,2023,5
d599e83e-6709-4a16-afa9-ab0362317fbd,2024,10
d5c319f9-7bcd-4188-aa5d-2cfd3c7ce1b5,2022,0
d5c319f9-7bcd-4188-aa5d-2cfd3c7ce1b5,2024,0
d5e35aa5-4af8-4cef-9492-eb7803b90e07,2021,10
d5e35aa5-4af8-4cef-9492-eb7803b90e07,2023,20
d5ebc34d-d584-4181-b180-ad21fce3c17b,2024,0
d61fa388-ea7d-4d01-baea-d736b2281696,2020,0
d61fa388-ea7d-4d01-baea-d736b2281696,2021,5
d61fa388-ea7d-4d01-baea-d736b2281696,2022,0
d61fa388-ea7d-4d01-baea-d736b2281696,2023,30
d61fa388-ea7d-4d01-baea-d736b2281696,2024,5
d647a56c-9d36-4874-a28c-1b569259fcdb,2023,20
d647cdce-15b0-45fa-aaad-dfd8e5e9923f,2024,5
d64bcca0-939c-4e5e-9aff-19a8b4e8972d,2020,0
d64bcca0-939c-4e5e-9aff-19a8b4e8972d,2021,0
d64bcca0-939c-4e5e-9aff-19a8b4e8972d,2022,10
d64bcca0-939c-4e5e-9aff-19a8b4e8972d,2024,5
d6526268-36cd-4f60-952d-27417ba18525,2020,15
d6526268-36cd-4f60-952d-27417ba18525,2021,335
d6526268-36cd-4f60-952d-27417ba18525,2022,15
d6526268-36cd-4f60-952d-27417ba18525,2024,0
d65a576a-6d4a-4eea-8b72-efa0fb886e67,2024,10
d66dd35f-d506-41de-9d77-d54069ed02b2,2020,5
d66dd35f-d506-41de-9d77-d54069ed02b2,2021,5
d66dd35f-d506-41de-9d77-d54069ed02b2,2022,0
d66dd35f-d506-41de-9d77-d54069ed02b2,2024,5
d6780f38-c83b-47b3-a03c-c5755bbc9cff,2020,10
d6780f38-c83b-47b3-a03c-c5755bbc9cff,2021,0
d6780f38-c83b-47b3-a03c-c5755bbc9cff,2022,5
d6780f38-c83b-47b3-a03c-c5755bbc9cff,2023,10
d6780f38-c83b-47b3-a03c-c5755bbc9cff,2024,325
d6b896c5-b51e-4d8c-8ad2-243b721bc010,2020,0
d7117135-5866-42e2-bb27-e9cf7ecfc3e3,2021,0
d7117135-5866-42e2-bb27-e9cf7ecfc3e3,2022,0
d7117135-5866-42e2-bb27-e9cf7ecfc3e3,2023,30
d7117135-5866-42e2-bb27-e9cf7ecfc3e3,2024,0
d71883ff-383f-4983-9166-e02a764a94c7,2024,5
d719b2a7-2537-4959-a093-38a23eb52f04,2021,0
d719b2a7-2537-4959-a093-38a23eb52f04,2022,0
d71f00d4-d0fe-46d1-8c49-a71a6db690b2,2023,15
d72f0f3d-26a9-4312-93e5-a427f7e0531c,2024,0
d73023ac-e021-48e7-9058-883bcb4ee692,2021,10
d73023ac-e021-48e7-9058-883bcb4ee692,2022,0
d73023ac-e021-48e7-9058-883bcb4ee692,2024,0
d78560a1-42f7-4362-ad37-2c09fbef7549,2020,5
d78560a1-42f7-4362-ad37-2c09fbef7549,2021,360
d78560a1-42f7-4362-ad37-2c09fbef7549,2023,20
d78560a1-42f7-4362-ad37-2c09fbef7549,2024,5
d79d29ec-08d1-4464-b7ac-faa649f06693,2021,0
d79d29ec-08d1-4464-b7ac-faa649f06693,2022,5
d79d29ec-08d1-4464-b7ac-faa649f06693,2023,25
d7a60b2f-ff5c-400d-9d69-585c4c99bbb9,2024,5
d7d92110-1c1d-4223-99cf-4380c1d6d1b8,2021,5
d7d92110-1c1d-4223-99cf-4380c1d6d1b8,2022,0
d7d92110-1c1d-4223-99cf-4380c1d6d1b8,2023,5
d7dc7895-7e34-4a37-bbc5-dc84f3880071,2023,5
d7e26636-a916-4c41-acd8-b2984b1d7969,2020,10
d7e26636-a916-4c41-acd8-b2984b1d7969,2021,0
d7e26636-a916-4c41-acd8-b2984b1d7969,2022,5
d7eec541-2a7f-46d6-a8f8-484e73e62616,2021,5
d7eec541-2a7f-46d6-a8f8-484e73e62616,2023,15
d7eec541-2a7f-46d6-a8f8-484e73e62616,2024,0
d8058cd0-3b7d-4ba2-a142-969daaf2a338,2024,10
d80b5f9d-54ad-4747-ac14-3cf3ae6823e5,2020,5
d80b5f9d-54ad-4747-ac14-3cf3ae6823e5,2024,0
d8496e48-1c9c-4e6b-a325-19131009d5c9,2020,0
d861e1f1-c6d1-47f9-a6c3-ba94fff689a7,2023,5
d861e1f1-c6d1-47f9-a6c3-ba94fff689a7,2024,5
d890f45d-37ca-45ea-8c0b-b01c74f049c6,2023,0
d890f45d-37ca-45ea-8c0b-b01c74f049c6,2024,5
d898bf3e-584f-4c87-a15b-3dce809ad31b,2021,5
d89db671-0190-44a7-9a24-6814bdd1232f,2023,0
d8bb4b00-4864-47ee-a3c3-6fb9553f79cf,2023,0
d8c1a634-d543-4d18-b820-5ad905033237,2020,50
d8c1a634-d543-4d18-b820-5ad905033237,2021,5
d8c1a634-d543-4d18-b820-5ad905033237,2022,10
d8c1a634-d543-4d18-b820-5ad905033237,2023,20
d8c1a634-d543-4d18-b820-5ad905033237,2024,340
d8c1d084-2b39-4f0d-9450-b04a3738741a,2021,10
d8c1d084-2b39-4f0d-9450-b04a3738741a,2022,10
d929019d-9779-4b71-a822-ae30279eadf5,2023,30
d929019d-9779-4b71-a822-ae30279eadf5,2024,10
d92a5796-77f1-49ec-9efa-32c81bda15ba,2020,25
d92a5796-77f1-49ec-9efa-32c81bda15ba,2021,10
d92a5796-77f1-49ec-9efa-32c81bda15ba,2022,0
d92a5796-77f1-49ec-9efa-32c81bda15ba,2024,0
d948b4df-52b6-4c28-a141-da0eb4f30317,2021,5
d948b4df-52b6-4c28-a141-da0eb4f30317,2022,5
d948b4df-52b6-4c28-a141-da0eb4f30317,2023,25
d948b4df-52b6-4c28-a141-da0eb4f30317,2024,325
d94f59e9-92d0-48e1-87b9-5cb9f9ad3678,2021,5
d94f59e9-92d0-48e1-87b9-5cb9f9ad3678,2023,20
d94f59e9-92d0-48e1-87b9-5cb9f9ad3678,2024,0
d9695cd9-89f3-4d83-abf7-dd9092bc0af3,2020,0
d9695cd9-89f3-4d83-abf7-dd9092bc0af3,2023,0
d9695cd9-89f3-4d83-abf7-dd9092bc0af3,2024,15
d98d59a4-5bea-4022-8c7e-ceb58d01bdc1,2020,10
d98d59a4-5bea-4022-8c7e-ceb58d01bdc1,2024,10
d9969028-a541-4f5d-99d3-f2d278751d1a,2020,20
d9969028-a541-4f5d-99d3-f2d278751d1a,2021,360
d9969028-a541-4f5d-99d3-f2d278751d1a,2022,10
d99cdc6c-24ea-4d21-9bcb-3b9515793b95,2020,25
d99cdc6c-24ea-4d21-9bcb-3b9515793b95,2021,5
d99cdc6c-24ea-4d21-9bcb-3b9515793b95,2022,5
d99cdc6c-24ea-4d21-9bcb-3b9515793b95,2023,5
d9c3603f-1233-499f-96b5-db22967620f1,2021,0
d9c3603f-1233-499f-96b5-db22967620f1,2022,0
d9dae912-fdd5-4954-916a-11103be84348,2024,5
da0b4a88-4c7e-4c63-9425-f1a721e231d9,2021,145
da0b4a88-4c7e-4c63-9425-f1a721e231d9,2022,0
da0b4a88-4c7e-4c63-9425-f1a721e231d9,2023,5
da0b4a88-4c7e-4c63-9425-f1a721e231d9,2024,15
da338cfb-ba12-45e7-9d70-929c7cd11d28,2020,205
da3ba831-2b37-4e2e-92e5-aeed655c2da4,2023,10
da5c7b80-6698-4c43-997a-941bc79894d5,2024,5
da5d783c-d48b-486c-accf-f14722d2a73f,2021,0
da5d783c-d48b-486c-accf-f14722d2a73f,2022,5
da68e70d-9195-47d0-a9e3-f28a31700b85,2024,5
da79117a-3aac-4458-a1e1-6c817f95bf4f,2023,0
da79117a-3aac-4458-a1e1-6c817f95bf4f,2024,0
dacc0154-a71c-471a-95d9-5c8ab5ad61e5,2020,15
daeded55-e3c8-4ea1-8479-96e21463cd09,2021,5
daeded55-e3c8-4ea1-8479-96e21463cd09,2022,10
daeded55-e3c8-4ea1-8479-96e21463cd09,2023,0
daeded55-e3c8-4ea1-8479-96e21463cd09,2024,5
daf6f704-a4ff-416e-9522-6a5e1fa214c8,2020,5
daf6f704-a4ff-416e-9522-6a5e1fa214c8,2021,15
daf6f704-a4ff-416e-9522-6a5e1fa214c8,2022,360
daf6f704-a4ff-416e-9522-6a5e1fa214c8,2023,360
daf6f704-a4ff-416e-9522-6a5e1fa214c8,2024,0
dafd8f8e-153d-4654-bf9d-268eb829f10b,2020,0
dafd8f8e-153d-4654-bf9d-268eb829f10b,2023,5
dafd8f8e-153d-4654-bf9d-268eb829f10b,2024,10
db02b61f-db85-4a40-b473-5efc8f29f1ea,2023,0
db22291d-1dba-4a69-bcaf-a2725ac65f84,2024,0
db44db47-ae8f-4d62-aa8f-bd17025ebc46,2020,10
db44db47-ae8f-4d62-aa8f-bd17025ebc46,2021,5
db44db47-ae8f-4d62-aa8f-bd17025ebc46,2022,0
db44db47-ae8f-4d62-aa8f-bd17025ebc46,2023,5
db44db47-ae8f-4d62-aa8f-bd17025ebc46,2024,0
db4f68d8-5b75-43dd-aff0-c0582bae6d84,2020,355
db4f68d8-5b75-43dd-aff0-c0582bae6d84,2021,155
db4f68d8-5b75-43dd-aff0-c0582bae6d84,2022,350
db4f68d8-5b75-43dd-aff0-c0582bae6d84,2023,340
db4f68d8-5b75-43dd-aff0-c0582bae6d84,2024,200
db534a2f-4a48-4275-90e8-96dba39db4db,2023,10
db534a2f-4a48-4275-90e8-96dba39db4db,2024,25
db8a91c0-5d18-4f94-ae3a-8a80acbf96bd,2023,0
db8a91c0-5d18-4f94-ae3a-8a80acbf96bd,2024,360
dba54163-21b9-4cf3-a644-84d91e78c5ef,2021,0
dbb77cd0-d164-46dd-8350-9158d67538c5,2024,0
dbbf1e61-ff54-4247-8de0-e27b59612511,2021,0
dbbf1e61-ff54-4247-8de0-e27b59612511,2022,0
dbff1101-17fc-44e6-8501-c602e31f2d2a,2021,5
dbff1101-17fc-44e6-8501-c602e31f2d2a,2022,0
dc018a41-d45d-43bf-ae77-7fae8bd9ce6f,2020,10
dc018a41-d45d-43bf-ae77-7fae8bd9ce6f,2021,0
dc018a41-d45d-43bf-ae77-7fae8bd9ce6f,2022,10
dc018a41-d45d-43bf-ae77-7fae8bd9ce6f,2023,25
dc018a41-d45d-43bf-ae77-7fae8bd9ce6f,2024,5
dc19da9c-9a04-4d47-9c10-c889b59e7c8c,2020,5
dc1f8dbb-7eb0-4ce6-a967-a868061ee709,2024,15
dc9a3315-4708-40df-b7aa-626d80e8ba5b,2020,5
dc9a3315-4708-40df-b7aa-626d80e8ba5b,2021,5
dc9a3315-4708-40df-b7aa-626d80e8ba5b,2022,0
dc9a3315-4708-40df-b7aa-626d80e8ba5b,2024,0
dca23f77-5896-49e4-8601-ab601b2a3efc,2022,5
dcaadf8b-24b1-4f47-851c-98303721b6a6,2021,5
dcaadf8b-24b1-4f47-851c-98303721b6a6,2022,5
dcaadf8b-24b1-4f47-851c-98303721b6a6,2023,5
dcaadf8b-24b1-4f47-851c-98303721b6a6,2024,5
dcab1077-b512-4799-a7b0-233bc37e4c5d,2021,0
dcab1077-b512-4799-a7b0-233bc37e4c5d,2022,5
dcab1077-b512-4799-a7b0-233bc37e4c5d,2024,0
dcade397-4742-41c4-b2fa-eca90b0e419e,2020,0
dcade397-4742-41c4-b2fa-eca90b0e419e,2021,5
dcade397-4742-41c4-b2fa-eca90b0e419e,2022,5
dcade397-4742-41c4-b2fa-eca90b0e419e,2024,5
dcb93302-c0da-4973-912c-949668cefcef,2021,10
dcd3446d-fe0c-4bdd-9fd1-ceec4d1c2365,2024,15
dcdba785-4572-4267-ab7b-29f644c4ee1d,2023,25
dcdba785-4572-4267-ab7b-29f644c4ee1d,2024,10
dce9ac31-9fc1-4347-b560-b064f399b718,2022,10
dce9ac31-9fc1-4347-b560-b064f399b718,2024,0
dcffd279-06d5-4520-a720-3010253f5a32,2024,10
dd326b28-1fe0-42c6-b9f2-fb2e522693a6,2020,5
dd326b28-1fe0-42c6-b9f2-fb2e522693a6,2022,0
dd326b28-1fe0-42c6-b9f2-fb2e522693a6,2023,5
dd326b28-1fe0-42c6-b9f2-fb2e522693a6,2024,0
dd3d423f-a917-4e43-bbd8-7438ebece5a1,2021,0
dd52e074-1c6e-4293-9052-8c87949deaf7,2023,5
dd52e074-1c6e-4293-9052-8c87949deaf7,2024,360
dd8f2610-211a-455c-a051-8849c0a30c66,2020,0
dd8f2610-211a-455c-a051-8849c0a30c66,2022,10
dd8f2610-211a-455c-a051-8849c0a30c66,2023,20
dd8f2610-211a-455c-a051-8849c0a30c66,2024,355
dda7d93e-2c82-4649-998e-42e5075b2d43,2021,5
dda7d93e-2c82-4649-998e-42e5075b2d43,2022,0
dda7d93e-2c82-4649-998e-42e5075b2d43,2024,0
ddb19bda-9b33-4f49-88bf-ad33de74abbc,2020,10
ddb19bda-9b33-4f49-88bf-ad33de74abbc,2021,0
ddbbdd18-5ef4-4983-962e-e22ce640eef0,2020,15
ddbbdd18-5ef4-4983-962e-e22ce640eef0,2021,5
ddbbdd18-5ef4-4983-962e-e22ce640eef0,2022,5
ddbbdd18-5ef4-4983-962e-e22ce640eef0,2023,15
ddcb9b54-fbca-4ec0-9b44-f0d55876fa6e,2024,10
dde76f7b-9a6d-47ff-8b14-548250f1c977,2024,5
dde8c8c8-1da1-4fac-8102-46bae6ba57e2,2020,0
dde8c8c8-1da1-4fac-8102-46bae6ba57e2,2021,0
dde8c8c8-1da1-4fac-8102-46bae6ba57e2,2022,0
dde8c8c8-1da1-4fac-8102-46bae6ba57e2,2023,20
dde8c8c8-1da1-4fac-8102-46bae6ba57e2,2024,360
ddee96cc-f438-4174-818a-fd42823400a0,2024,10
ddf68216-c5a4-49ee-a0be-63fb0d1d9a47,2020,20
ddf68216-c5a4-49ee-a0be-63fb0d1d9a47,2021,355
ddf68216-c5a4-49ee-a0be-63fb0d1d9a47,2022,360
ddf68216-c5a4-49ee-a0be-63fb0d1d9a47,2023,355
ddf68216-c5a4-49ee-a0be-63fb0d1d9a47,2024,10
de060ffb-8753-4dca-8bb7-acbe6abc4064,2024,10
de331bdc-1e86-43ee-9ea7-b620da82a513,2024,0
de60da77-e5a6-40cc-bf49-d52b95fd320d,2021,5
de60da77-e5a6-40cc-bf49-d52b95fd320d,2022,5
de81340d-52ba-40e1-bb7c-9ad7dd2f997a,2023,10
de81340d-52ba-40e1-bb7c-9ad7dd2f997a,2024,340
df0be434-5ec0-42a6-9539-9c5e7d15e5b3,2024,0
df108d68-a937-43c8-beb3-58b0a7ac8d7a,2020,0
df108d68-a937-43c8-beb3-58b0a7ac8d7a,2022,10
df23d71b-44ec-476c-a8a3-a659bfa291d1,2020,0
df23d71b-44ec-476c-a8a3-a659bfa291d1,2024,0
df57e886-c718-42c7-86d7-fd60e239e65b,2023,0
df57e886-c718-42c7-86d7-fd60e239e65b,2024,0
df9a8891-0e3b-4bd2-b4b7-d3b8dd73f1ba,2020,305
df9a8891-0e3b-4bd2-b4b7-d3b8dd73f1ba,2021,10
df9a8891-0e3b-4bd2-b4b7-d3b8dd73f1ba,2022,20
df9a8891-0e3b-4bd2-b4b7-d3b8dd73f1ba,2023,0
df9a8891-0e3b-4bd2-b4b7-d3b8dd73f1ba,2024,360
dfa03105-bb31-43d6-89ec-784be5520b4c,2020,350
dfa03105-bb31-43d6-89ec-784be5520b4c,2021,5
dfa03105-bb31-43d6-89ec-784be5520b4c,2022,10
dfc2539e-4c0c-42a1-a1d1-d7133874b81b,2020,0
dfce003d-d4d3-4d02-8188-20cbc3bb0a27,2021,5
dfce003d-d4d3-4d02-8188-20cbc3bb0a27,2022,0
e00da786-7f3e-4d19-8484-d8fd9de1a978,2023,5
e03d2e4f-a644-44ea-ae04-d946ac3b5f7c,2023,5
e052e87b-44bf-484f-9b8f-cadb53706a1b,2024,5
e072db73-a871-4cde-8c92-28f7c9400915,2021,5
e072db73-a871-4cde-8c92-28f7c9400915,2022,0
e0842a55-1ef5-4d21-819f-ea79c140311e,2020,275
e0e7f04c-da00-49e4-bb60-fd1eeb049be2,2020,5
e0e7f04c-da00-49e4-bb60-fd1eeb049be2,2021,360
e0e7f04c-da00-49e4-bb60-fd1eeb049be2,2022,360
e0e7f04c-da00-49e4-bb60-fd1eeb049be2,2023,355
e0e7f04c-da00-49e4-bb60-fd1eeb049be2,2024,0
e0ee227e-3dd7-4d1c-b9b8-7190aaa711c7,2020,335
e0ee227e-3dd7-4d1c-b9b8-7190aaa711c7,2021,0
e0ee227e-3dd7-4d1c-b9b8-7190aaa711c7,2022,10
e0ee227e-3dd7-4d1c-b9b8-7190aaa711c7,2023,15
e0ee227e-3dd7-4d1c-b9b8-7190aaa711c7,2024,0
e0f186fe-a84c-4a2b-8177-b3fbb06202b9,2023,0
e1062bd0-9e5b-4d61-8bcd-c7c056e4241f,2020,0
e1062bd0-9e5b-4d61-8bcd-c7c056e4241f,2023,15
e1062bd0-9e5b-4d61-8bcd-c7c056e4241f,2024,10
e1335b6f-a2df-48d2-a536-62da8f39041a,2023,5
e1335b6f-a2df-48d2-a536-62da8f39041a,2024,5
e1375bd8-1a06-4a82-85ac-2aaa4f1f5538,2023,15
e16f4ede-02ce-48b5-84b5-553f5b11bee3,2024,0
e177bbdb-7f24-4db2-9811-d2f2664b061b,2022,0
e177bbdb-7f24-4db2-9811-d2f2664b061b,2023,0
e177bbdb-7f24-4db2-9811-d2f2664b061b,2024,10
e193d385-5f88-4246-b6d1-b9d724c5bc2a,2020,15
e19baa67-dfc5-41b2-8fda-964f3f7fad67,2023,0
e19baa67-dfc5-41b2-8fda-964f3f7fad67,2024,255
e1a669ad-41c2-48f8-b4c4-f2bf0aeea9a5,2023,0
e1ae4abe-3b04-47ea-b28c-3f70567466d7,2023,0
e2094b6b-8f54-4ad0-a044-1fa5bc305797,2020,5
e24f4ec6-e3eb-4219-9a4e-56f7bc7b92e5,2024,0
e2549a7a-601d-46ac-a4e0-7afdf7e605f0,2020,20
e2549a7a-601d-46ac-a4e0-7afdf7e605f0,2021,5
e2549a7a-601d-46ac-a4e0-7afdf7e605f0,2022,5
e2549a7a-601d-46ac-a4e0-7afdf7e605f0,2023,30
e2549a7a-601d-46ac-a4e0-7afdf7e605f0,2024,350
e282d478-7ade-44e2-8256-c77f1238c3e9,2020,0
e284b05b-05ed-4d29-bdf2-b7f32832d63e,2021,5
e284b05b-05ed-4d29-bdf2-b7f32832d63e,2022,15
e284b05b-05ed-4d29-bdf2-b7f32832d63e,2023,10
e2a19638-eaf0-4785-827a-97f671ecac93,2023,0
e2a19638-eaf0-4785-827a-97f671ecac93,2024,10
e2c2ae53-189a-4b47-acf9-9fe066bcde6e,2023,5
e2c2ae53-189a-4b47-acf9-9fe066bcde6e,2024,5
e2d39b52-76a8-4ec9-9862-bfee815e3f3f,2023,5
e2d39b52-76a8-4ec9-9862-bfee815e3f3f,2024,345
e2e8a387-d966-47fd-b73b-c73655a77dc0,2022,10
e2e8a387-d966-47fd-b73b-c73655a77dc0,2023,25
e2e8a387-d966-47fd-b73b-c73655a77dc0,2024,0
e32fef07-37c7-4473-8384-31201c57ed7c,2020,5
e33a322f-3aaa-4a38-9461-517ac86da535,2024,10
e33db9df-5960-4e21-8f18-b773d59adada,2021,5
e33db9df-5960-4e21-8f18-b773d59adada,2022,10
e33db9df-5960-4e21-8f18-b773d59adada,2023,30
e33db9df-5960-4e21-8f18-b773d59adada,2024,355
e344bfdd-fd2f-4c40-8c08-b7614a5d734f,2021,0
e344bfdd-fd2f-4c40-8c08-b7614a5d734f,2022,0
e35230f7-25f2-4c42-97c0-812341a3c440,2024,5
e35841ff-72cc-44a7-8aa0-761dd1898218,2024,10
e368e400-b0ee-488a-b5a0-ae6a2df24fce,2023,0
e368e400-b0ee-488a-b5a0-ae6a2df24fce,2024,0
e389d15f-79b7-4894-978a-0cd526ab72d2,2021,5
e389d15f-79b7-4894-978a-0cd526ab72d2,2022,5
e389d15f-79b7-4894-978a-0cd526ab72d2,2023,50
e3b6b5f8-b824-430b-907f-3752f3c14c30,2024,5
e3b8c6cf-f3ff-42ed-8e53-048fb8ab9f5c,2021,10
e3b8c6cf-f3ff-42ed-8e53-048fb8ab9f5c,2022,5
e3b8c6cf-f3ff-42ed-8e53-048fb8ab9f5c,2023,0
e3b8c6cf-f3ff-42ed-8e53-048fb8ab9f5c,2024,0
e3befe4f-cb0f-464b-b2e9-cee9a56f0336,2021,0
e3befe4f-cb0f-464b-b2e9-cee9a56f0336,2022,0
e4262b3f-c4b3-44bb-a73a-08037ed0485d,2023,10
e4262b3f-c4b3-44bb-a73a-08037ed0485d,2024,350
e433bf6a-52b2-49cd-985e-5eaeac20e312,2020,10
e433bf6a-52b2-49cd-985e-5eaeac20e312,2024,15
e43d20f9-6b01-4b5b-b35e-af95c9ca2974,2024,235
e44d8c0e-b17c-4ade-94c2-61e9b3435565,2023,5
e44f2f23-25d6-492d-8fb0-aea833e8f37f,2021,0
e44f2f23-25d6-492d-8fb0-aea833e8f37f,2022,10
e451d6f5-4ff2-4e82-83ae-21cacc62dd9a,2020,5
e4667924-93f1-4739-83c9-271c7c8a293e,2023,10
e4667924-93f1-4739-83c9-271c7c8a293e,2024,355
e4c36b14-13e9-4aa2-af4b-e1c420c5ed9e,2021,5
e4c36b14-13e9-4aa2-af4b-e1c420c5ed9e,2022,360
e4c36b14-13e9-4aa2-af4b-e1c420c5ed9e,2023,0
e4c43553-2b72-4889-9b2a-9b840b40475d,2021,0
e4c43553-2b72-4889-9b2a-9b840b40475d,2022,5
e4c43553-2b72-4889-9b2a-9b840b40475d,2023,20
e4c43553-2b72-4889-9b2a-9b840b40475d,2024,0
e4da7b7c-dd69-4140-8658-4d6f6d483a2f,2023,25
e4da7b7c-dd69-4140-8658-4d6f6d483a2f,2024,20
e5002a96-f8b9-4d78-998a-7c1bae43f7ec,2023,10
e50fdfeb-36b9-4511-89f9-eb8594e3059c,2021,0
e50fdfeb-36b9-4511-89f9-eb8594e3059c,2022,0
e51883df-68b6-4325-b744-ad382bc175aa,2020,5
e51883df-68b6-4325-b744-ad382bc175aa,2021,5
e51883df-68b6-4325-b744-ad382bc175aa,2022,360
e51883df-68b6-4325-b744-ad382bc175aa,2023,355
e51883df-68b6-4325-b744-ad382bc175aa,2024,360
e52767c3-62b3-4107-8ab1-98533ae7f2c3,2023,15
e5341b82-509b-44b6-b6c2-d73212dc46f1,2020,10
e54a552a-afb5-4961-9892-8bf20e57b210,2023,5
e570cb47-411e-41b4-a122-e64f95f141cd,2021,5
e570cb47-411e-41b4-a122-e64f95f141cd,2022,5
e570cb47-411e-41b4-a122-e64f95f141cd,2023,20
e5737097-32f4-4768-b637-9c519b4099ec,2021,5
e5737097-32f4-4768-b637-9c519b4099ec,2022,5
e5807d69-17cd-4cab-9fb4-ad0817bd0e05,2020,15
e5807d69-17cd-4cab-9fb4-ad0817bd0e05,2021,5
e5807d69-17cd-4cab-9fb4-ad0817bd0e05,2022,350
e5807d69-17cd-4cab-9fb4-ad0817bd0e05,2024,5
e5b2f2a3-2bcd-42c6-abee-ed9d1b9c7879,2021,0
e5b2f2a3-2bcd-42c6-abee-ed9d1b9c7879,2024,5
e5ce58fe-ecc6-4c26-94a3-5d1e3fa12249,2021,5
e5ce58fe-ecc6-4c26-94a3-5d1e3fa12249,2022,5
e5ce58fe-ecc6-4c26-94a3-5d1e3fa12249,2024,5
e5d61530-3a93-42a0-a049-5d6946cf0d0f,2023,10
e5d61530-3a93-42a0-a049-5d6946cf0d0f,2024,210
e5d8ceef-14e0-4cfc-aed8-810d1031c2e6,2023,10
e5d8ceef-14e0-4cfc-aed8-810d1031c2e6,2024,0
e61d0459-5334-4024-913a-f0ab373a1b27,2024,5
e64f7af9-4b86-45c0-a2ed-a70059b0cde3,2023,5
e64f7af9-4b86-45c0-a2ed-a70059b0cde3,2024,355
e66e36b4-7290-4256-8fb6-2271d62035f0,2020,305
e66e36b4-7290-4256-8fb6-2271d62035f0,2021,5
e66e36b4-7290-4256-8fb6-2271d62035f0,2022,20
e66e36b4-7290-4256-8fb6-2271d62035f0,2023,10
e66e36b4-7290-4256-8fb6-2271d62035f0,2024,360
e67eca6a-1d1e-4b9e-b90a-29674b5829b0,2020,5
e67eca6a-1d1e-4b9e-b90a-29674b5829b0,2023,5
e67eca6a-1d1e-4b9e-b90a-29674b5829b0,2024,340
e6a2fb62-28bb-4b85-b16f-9f11b46b19c0,2021,5
e6a2fb62-28bb-4b85-b16f-9f11b46b19c0,2022,10
e6a2fb62-28bb-4b85-b16f-9f11b46b19c0,2023,25
e6a2fb62-28bb-4b85-b16f-9f11b46b19c0,2024,350
e6ac4cc9-25f8-4765-96ea-0f7c80515e36,2021,5
e6ac4cc9-25f8-4765-96ea-0f7c80515e36,2022,10
e6ac4cc9-25f8-4765-96ea-0f7c80515e36,2024,5
e6b2a3a5-e301-43d6-b933-6f86dee55a7b,2024,0
e6b5e3e4-0974-47ef-a447-d551e704394f,2023,20
e6b5e3e4-0974-47ef-a447-d551e704394f,2024,350
e6cfdc38-b4e4-428e-a2e7-4931162c03b8,2020,5
e6cfdc38-b4e4-428e-a2e7-4931162c03b8,2021,0
e6cfdc38-b4e4-428e-a2e7-4931162c03b8,2022,5
e6cfdc38-b4e4-428e-a2e7-4931162c03b8,2023,20
e6cfdc38-b4e4-428e-a2e7-4931162c03b8,2024,350
e6f3bb00-e1a4-44db-9fc5-145652197111,2020,355
e6f3bb00-e1a4-44db-9fc5-145652197111,2021,360
e6f3bb00-e1a4-44db-9fc5-145652197111,2022,360
e6f3bb00-e1a4-44db-9fc5-145652197111,2023,155
e6f60af5-2c66-4fdc-a654-a09531a7ffcd,2023,5
e6f60af5-2c66-4fdc-a654-a09531a7ffcd,2024,355
e6f8c27a-04b6-4f9d-a30e-23c21446bd40,2021,0
e6f8c27a-04b6-4f9d-a30e-23c21446bd40,2022,5
e6f8c27a-04b6-4f9d-a30e-23c21446bd40,2024,5
e71c7d89-5937-4cf0-8018-0a7c85097fbb,2024,5
e72c02b5-5658-4f90-81af-ea5ae6d05a65,2020,350
e72c02b5-5658-4f90-81af-ea5ae6d05a65,2021,0
e72c02b5-5658-4f90-81af-ea5ae6d05a65,2022,25
e72c02b5-5658-4f90-81af-ea5ae6d05a65,2024,15
e72f64bc-ea64-43e5-acbb-3a0e10ba040c,2020,5
e72f64bc-ea64-43e5-acbb-3a0e10ba040c,2023,20
e72f64bc-ea64-43e5-acbb-3a0e10ba040c,2024,5
e735e76c-5e31-46d2-aaea-334a765976e0,2023,5
e735e76c-5e31-46d2-aaea-334a765976e0,2024,0
e73c0e5e-4c05-46f7-a1ff-d848c35f3258,2023,0
e762df6d-0420-4bbe-bae1-5da59c08baef,2021,0
e762df6d-0420-4bbe-bae1-5da59c08baef,2022,5
e762df6d-0420-4bbe-bae1-5da59c08baef,2023,20
e7698df4-3379-4aaa-802b-83bc7931799e,2020,10
e7698df4-3379-4aaa-802b-83bc7931799e,2021,115
e7698df4-3379-4aaa-802b-83bc7931799e,2023,0
e771fd37-1e76-4416-8f87-fbd79c5c83f0,2023,5
e771fd37-1e76-4416-8f87-fbd79c5c83f0,2024,0
e790af84-a2d0-43a8-91f9-2f1b00320872,2021,0
e790af84-a2d0-43a8-91f9-2f1b00320872,2022,5
e790af84-a2d0-43a8-91f9-2f1b00320872,2023,15
e7a200a6-6188-4c6d-a3d0-6ea0802e73a3,2023,5
e7a200a6-6188-4c6d-a3d0-6ea0802e73a3,2024,0
e7b3bdf3-afa0-4c9c-b6c9-d95f3605c4ad,2023,20
e7b3bdf3-afa0-4c9c-b6c9-d95f3605c4ad,2024,350
e7cc4d39-da29-4262-9cc0-3a8509f36e18,2023,0
e7cc4d39-da29-4262-9cc0-3a8509f36e18,2024,25
e7cf377a-5a5a-4340-a010-be3f7a9b0c1c,2023,0
e7cf377a-5a5a-4340-a010-be3f7a9b0c1c,2024,5
e7e152af-ba89-47f0-9528-e91f2b046c8d,2023,10
e7e7361e-252b-4d59-bbfc-1f5d12874a51,2021,5
e7e7361e-252b-4d59-bbfc-1f5d12874a51,2022,5
e7f0bb90-d1fa-440f-855b-0d8de2202e62,2024,10
e803cc4c-29d7-4e31-8590-b4f7320ca46a,2020,0
e803cc4c-29d7-4e31-8590-b4f7320ca46a,2024,5
e818a90a-b4fe-4538-88cc-b494904a7da0,2021,5
e818a90a-b4fe-4538-88cc-b494904a7da0,2022,225
e818a90a-b4fe-4538-88cc-b494904a7da0,2023,20
e818a90a-b4fe-4538-88cc-b494904a7da0,2024,0
e82f281f-8525-41cb-946c-73afda84dd73,2020,15
e82f281f-8525-41cb-946c-73afda84dd73,2021,5
e82f281f-8525-41cb-946c-73afda84dd73,2022,5
e82f281f-8525-41cb-946c-73afda84dd73,2023,10
e82f281f-8525-41cb-946c-73afda84dd73,2024,0
e8693668-78eb-49db-b2f6-6394a897d405,2020,15
e8693668-78eb-49db-b2f6-6394a897d405,2024,0
e87625ea-80d2-43a4-93b3-b4fc93d993cd,2020,15
e87625ea-80d2-43a4-93b3-b4fc93d993cd,2021,5
e87625ea-80d2-43a4-93b3-b4fc93d993cd,2022,5
e87625ea-80d2-43a4-93b3-b4fc93d993cd,2023,20
e89b62cd-3b61-4e87-9ee4-01906971664d,2023,10
e89b62cd-3b61-4e87-9ee4-01906971664d,2024,5
e8a95bc2-4135-49c3-aebf-2a0bd27db23b,2021,0
e8a95bc2-4135-49c3-aebf-2a0bd27db23b,2023,5
e8ba3c0c-96bd-4d07-a809-be61a5e07a62,2023,10
e8c4c491-ded2-4749-9082-9de6a38443c2,2024,0
e8cacd8c-bf95-45ee-8c07-92fb9967e6bd,2021,15
e8cacd8c-bf95-45ee-8c07-92fb9967e6bd,2022,360
e8cacd8c-bf95-45ee-8c07-92fb9967e6bd,2023,5
e8d4fb1b-f7c0-4e03-abae-eef0e753e3c7,2020,5
e8f8b5ed-4b16-45ea-8e40-3cc42d30fadc,2023,10
e8f8b5ed-4b16-45ea-8e40-3cc42d30fadc,2024,5
e91a6d45-9b40-4dca-b6f1-fd1893f4fc97,2020,355
e91a6d45-9b40-4dca-b6f1-fd1893f4fc97,2021,0
e91a6d45-9b40-4dca-b6f1-fd1893f4fc97,2022,5
e91a6d45-9b40-4dca-b6f1-fd1893f4fc97,2023,0
e91a6d45-9b40-4dca-b6f1-fd1893f4fc97,2024,0
e93113d2-c809-47e0-a759-9052f8f3c037,2024,5
e937d2a6-dc17-4f6c-8fe1-25ed6df37310,2023,10
e937e66e-2b92-4138-bb71-f1facb11d20b,2021,0
e937e66e-2b92-4138-bb71-f1facb11d20b,2023,5
e9451537-9367-4171-a4e1-82b05795324f,2021,5
e9451537-9367-4171-a4e1-82b05795324f,2023,20
e9451537-9367-4171-a4e1-82b05795324f,2024,360
e960238b-1a63-4021-a051-77adba186512,2020,0
e961b6da-2301-4f9e-ad59-18cddce9d4a7,2023,15
e9c4acd2-a5e6-446e-9981-63532ab66291,2023,15
e9c4acd2-a5e6-446e-9981-63532ab66291,2024,355
e9d7825e-ad0d-41d9-b8d4-3fabd44889cf,2020,5
e9dfa0cb-37bd-4579-afda-c6cdce2bcf94,2023,25
e9dfa0cb-37bd-4579-afda-c6cdce2bcf94,2024,0
e9fba15d-4365-49c7-8551-fef68372cf56,2022,0
e9fba15d-4365-49c7-8551-fef68372cf56,2024,245
ea27d8c1-3987-4903-babf-a1a011eb4ace,2024,10
ea6be118-6ad9-4350-b659-dab34217e962,2023,10
ea6be118-6ad9-4350-b659-dab34217e962,2024,0
ea7004b4-c7f1-46be-9c28-a553596f2e1f,2020,10
ea7004b4-c7f1-46be-9c28-a553596f2e1f,2021,5
ea7004b4-c7f1-46be-9c28-a553596f2e1f,2022,5
ea7004b4-c7f1-46be-9c28-a553596f2e1f,2024,0
ea791cee-5063-4578-b084-2a8b3875ef2f,2024,0
ea7a00ff-673d-442d-9865-8716f6731baf,2024,0
ea9ab5a8-f854-4391-860f-d64a3dfabf3b,2021,5
ea9ab5a8-f854-4391-860f-d64a3dfabf3b,2024,0
eaa2a611-b8c0-4300-ac47-fef1e8f0abc6,2023,10
eaa2a611-b8c0-4300-ac47-fef1e8f0abc6,2024,10
eace09e7-bcb2-4b5c-b971-de43af058fa8,2021,0
eace09e7-bcb2-4b5c-b971-de43af058fa8,2022,0
eace09e7-bcb2-4b5c-b971-de43af058fa8,2023,20
ead70fbc-e67d-47d0-bc1d-de509b52fac4,2020,10
eafaf0f9-1f86-4bea-bc56-8a17e7e75a70,2023,5
eafaf0f9-1f86-4bea-bc56-8a17e7e75a70,2024,5
eb0b7f87-077f-4c85-9446-6cb99bc18aaf,2020,5
eb0b7f87-077f-4c85-9446-6cb99bc18aaf,2021,0
eb0b7f87-077f-4c85-9446-6cb99bc18aaf,2022,0
eb0b7f87-077f-4c85-9446-6cb99bc18aaf,2023,10
eb0b7f87-077f-4c85-9446-6cb99bc18aaf,2024,15
eb20d233-cd9e-4fa2-8fde-b101aff04b1b,2020,5
eb20d233-cd9e-4fa2-8fde-b101aff04b1b,2021,0
eb20d233-cd9e-4fa2-8fde-b101aff04b1b,2022,0
eb20d233-cd9e-4fa2-8fde-b101aff04b1b,2024,15
eb2156e2-5c4c-4afd-afef-05742e877cfe,2020,250
eb2156e2-5c4c-4afd-afef-05742e877cfe,2021,360
eb2156e2-5c4c-4afd-afef-05742e877cfe,2022,360
eb2156e2-5c4c-4afd-afef-05742e877cfe,2023,355
eb2156e2-5c4c-4afd-afef-05742e877cfe,2024,360
eb2e79be-93ce-4a2f-811e-e9581201bca0,2024,10
eb51e4b0-0c64-4990-a3eb-1f01bee7fae0,2024,0
eb5cff1c-973c-4f7e-9fc8-f91109b21ac7,2022,10
eb5cff1c-973c-4f7e-9fc8-f91109b21ac7,2023,10
eb5cff1c-973c-4f7e-9fc8-f91109b21ac7,2024,20
eb668425-703e-42cc-ab48-5e8f76f63b4d,2023,0
eb668425-703e-42cc-ab48-5e8f76f63b4d,2024,70
eb7d369c-0c1e-4e96-88f0-1c19c776d063,2021,5
eb7d369c-0c1e-4e96-88f0-1c19c776d063,2022,0
eb7d369c-0c1e-4e96-88f0-1c19c776d063,2023,5
eb9eb95e-a31a-4b4a-8c70-156d4a8d0e4f,2023,10
eb9eb95e-a31a-4b4a-8c70-156d4a8d0e4f,2024,0
eba852dd-cdfc-452c-92fb-acd4bbbd4dea,2023,5
eba852dd-cdfc-452c-92fb-acd4bbbd4dea,2024,0
ebd7cae6-d21d-4c9b-b7f5-b44bf60b38ba,2020,10
ebd7cae6-d21d-4c9b-b7f5-b44bf60b38ba,2024,5
ebdc86e4-0be9-4bf6-9153-9664416a1bc4,2023,0
ebdc86e4-0be9-4bf6-9153-9664416a1bc4,2024,0
ebe18a0c-5cd8-41b2-bc71-ac3a81490443,2020,0
ebe18a0c-5cd8-41b2-bc71-ac3a81490443,2024,0
ebe850e9-4221-4175-8a88-c1aab3cca7d2,2020,15
ebe850e9-4221-4175-8a88-c1aab3cca7d2,2023,45
ec05ec3f-251b-415a-a783-478ba36b6041,2024,0
ec0c981b-815b-4482-859f-6edfabff36bb,2021,0
ec0c981b-815b-4482-859f-6edfabff36bb,2022,5
ec0c981b-815b-4482-859f-6edfabff36bb,2023,0
ec12fb13-fec0-4811-94ac-b9c8b94380c4,2020,25
ec12fb13-fec0-4811-94ac-b9c8b94380c4,2021,45
ec12fb13-fec0-4811-94ac-b9c8b94380c4,2022,360
ec12fb13-fec0-4811-94ac-b9c8b94380c4,2023,0
ec25ce93-bb0c-4518-8d92-67d949e005ea,2023,25
ec410b3c-a353-4d25-8df6-de5da7be7f60,2022,10
ec410b3c-a353-4d25-8df6-de5da7be7f60,2023,340
ec6445d4-775a-41b7-b824-c6a16322fec3,2021,5
ec6445d4-775a-41b7-b824-c6a16322fec3,2024,5
ec7b66bf-d6ba-4610-847f-636d74736cd3,2024,10
ecadb05b-6cd9-4916-8591-c64fe0e8be85,2021,360
ecadb05b-6cd9-4916-8591-c64fe0e8be85,2022,305
ecadb05b-6cd9-4916-8591-c64fe0e8be85,2023,150
ecadb05b-6cd9-4916-8591-c64fe0e8be85,2024,325
eccad74a-83aa-44e0-ac37-5aa03e77667f,2020,0
eccad74a-83aa-44e0-ac37-5aa03e77667f,2023,10
eccad74a-83aa-44e0-ac37-5aa03e77667f,2024,5
ed15185e-f18a-4c0e-b522-4d78bcfef915,2023,5
ed15185e-f18a-4c0e-b522-4d78bcfef915,2024,5
ed1d34a5-e24c-4857-a777-24d775ab7bae,2021,15
ed1d34a5-e24c-4857-a777-24d775ab7bae,2022,0
ed287696-6309-4a19-809a-ae8623d3f91b,2020,240
ed287696-6309-4a19-809a-ae8623d3f91b,2023,330
ed287696-6309-4a19-809a-ae8623d3f91b,2024,270
ed296711-1599-4868-a96d-ffebc3705937,2024,0
ed29ace5-915d-4f92-8abb-d8ff8edbac47,2020,20
ed29ace5-915d-4f92-8abb-d8ff8edbac47,2022,10
ed29ace5-915d-4f92-8abb-d8ff8edbac47,2023,0
edb13aad-4cf4-45f9-858b-07fe303d3b67,2023,20
edc59e0d-a192-4994-9e2a-8b45f64360d8,2023,10
edd83f1b-6a40-43dd-8880-9f5c86936d36,2024,5
eddf6121-b3b9-4f7c-b1a6-a5345ac058c0,2024,0
ee38b8da-099d-42ba-b8bf-8aa6755496c5,2023,10
ee38b8da-099d-42ba-b8bf-8aa6755496c5,2024,360
ee3fe0f0-7101-4092-bbf3-2ffc06893126,2022,0
ee3fe0f0-7101-4092-bbf3-2ffc06893126,2023,15
ee692cbf-c0e3-4e9e-886a-0c33103bfd98,2020,10
ee692cbf-c0e3-4e9e-886a-0c33103bfd98,2021,5
ee692cbf-c0e3-4e9e-886a-0c33103bfd98,2022,5
ee692cbf-c0e3-4e9e-886a-0c33103bfd98,2023,20
ee692cbf-c0e3-4e9e-886a-0c33103bfd98,2024,255
ee7fdf46-af50-47ee-bcf6-6fc9fe068f30,2020,15
ee7fdf46-af50-47ee-bcf6-6fc9fe068f30,2023,15
eeb54bbd-8e94-4de4-bea4-ccc6718bdc49,2021,5
eeb54bbd-8e94-4de4-bea4-ccc6718bdc49,2022,0
eedf0061-647d-4d70-abea-859f141d873b,2020,315
eedf0061-647d-4d70-abea-859f141d873b,2021,5
eedf0061-647d-4d70-abea-859f141d873b,2022,10
eedf0061-647d-4d70-abea-859f141d873b,2023,25
eee85c7e-7cc9-4127-a98f-1c40cc26b9b4,2020,10
ef0df557-475e-4d0a-a90a-4436a89916ef,2020,5
ef0df557-475e-4d0a-a90a-4436a89916ef,2023,25
ef0df557-475e-4d0a-a90a-4436a89916ef,2024,355
ef142f9b-e02b-4910-9509-dc8cfa312944,2023,340
ef20db14-0b3b-4316-8e2a-8406afd423f4,2022,0
ef20db14-0b3b-4316-8e2a-8406afd423f4,2024,10
ef45c75f-2090-4475-9dbd-98a569ba3f54,2020,5
ef4869bf-5f6e-4bae-a6de-b0ebbb32277c,2023,0
ef4869bf-5f6e-4bae-a6de-b0ebbb32277c,2024,250
ef5461c2-e26f-42a8-83bb-d3b8bc9a36d5,2020,0
ef5e2ec7-ba18-4291-a838-6dda80faccb9,2024,5
ef711e36-ddce-4914-9a49-673338ee155f,2024,0
ef7200bc-46fb-48d6-960b-1a5547c1f0fc,2024,15
ef7e5c98-91b0-431d-a729-26a9e14f64d5,2023,5
ef7e5c98-91b0-431d-a729-26a9e14f64d5,2024,340
ef9696dc-364a-490c-989d-44f40cf0da4b,2023,0
ef9696dc-364a-490c-989d-44f40cf0da4b,2024,360
ef9ba3e7-7290-4ed3-b3b3-fb8d83a69551,2020,5
efcc771a-b251-4909-bed1-0d632217c6d8,2020,0
efcc771a-b251-4909-bed1-0d632217c6d8,2021,0
efcc771a-b251-4909-bed1-0d632217c6d8,2022,10
efcc771a-b251-4909-bed1-0d632217c6d8,2024,5
efdf4341-4b32-47b9-ab38-a36cf000be7a,2023,0
efdf4341-4b32-47b9-ab38-a36cf000be7a,2024,355
eff7d32e-04ad-4ce0-902f-155efee266c3,2023,5
f027ef1c-7b5a-4265-8b69-6327104e7ff6,2020,15
f027ef1c-7b5a-4265-8b69-6327104e7ff6,2023,10
f027ef1c-7b5a-4265-8b69-6327104e7ff6,2024,5
f035fd24-f806-49e0-8f38-bdd0f1003944,2023,0
f035fd24-f806-49e0-8f38-bdd0f1003944,2024,15
f04b08c7-8354-4d0d-bd6a-4f9a21d6bbfe,2023,10
f04b08c7-8354-4d0d-bd6a-4f9a21d6bbfe,2024,0
f05566ba-b600-4f22-844b-911d2376f843,2020,0
f05566ba-b600-4f22-844b-911d2376f843,2023,0
f05566ba-b600-4f22-844b-911d2376f843,2024,0
f068cb1a-e62f-4e9e-ae02-c8ee2bf5944b,2020,5
f068cb1a-e62f-4e9e-ae02-c8ee2bf5944b,2022,15
f071f032-ed4e-461c-abdb-1fd6bfcfa9e9,2023,0
f119cf59-fe63-4ec8-91a5-1c6237780aa5,2023,5
f136ceda-cc08-4be5-9043-776760ed2c44,2020,180
f136ceda-cc08-4be5-9043-776760ed2c44,2021,360
f136ceda-cc08-4be5-9043-776760ed2c44,2022,360
f136ceda-cc08-4be5-9043-776760ed2c44,2023,5
f136ceda-cc08-4be5-9043-776760ed2c44,2024,335
f137835f-ec19-417c-8355-d45815f41fdb,2020,5
f137835f-ec19-417c-8355-d45815f41fdb,2023,0
f137835f-ec19-417c-8355-d45815f41fdb,2024,5
f13cb05f-c4f4-48a5-aea1-ded48cad41dd,2023,15
f13cb05f-c4f4-48a5-aea1-ded48cad41dd,2024,5
f1499a64-7dc0-4dd7-8cbb-cdc24b1c0cb1,2023,10
f1499a64-7dc0-4dd7-8cbb-cdc24b1c0cb1,2024,340
f1542152-fd15-43d2-90c6-b3a98dcf9588,2020,0
f1542152-fd15-43d2-90c6-b3a98dcf9588,2021,15
f1542152-fd15-43d2-90c6-b3a98dcf9588,2023,355
f16d8a65-1b67-48da-bfa8-8a84d6bf1495,2022,5
f16d8a65-1b67-48da-bfa8-8a84d6bf1495,2024,5
f17654eb-6650-400b-8105-abcfd5e849a7,2021,345
f17654eb-6650-400b-8105-abcfd5e849a7,2022,5
f17654eb-6650-400b-8105-abcfd5e849a7,2023,0
f17654eb-6650-400b-8105-abcfd5e849a7,2024,0
f178165a-0a8d-4e6e-875e-07b557d37af2,2020,0
f178165a-0a8d-4e6e-875e-07b557d37af2,2021,360
f178165a-0a8d-4e6e-875e-07b557d37af2,2022,5
f178165a-0a8d-4e6e-875e-07b557d37af2,2023,30
f1e8a9a1-4930-45e1-bf5c-ed7641a8273f,2023,10
f1e8a9a1-4930-45e1-bf5c-ed7641a8273f,2024,355
f1f3533c-1ef6-4475-97e5-9787b53a48a9,2020,5
f20f3f46-ccf1-4ac8-85ac-c72a77d83fc6,2021,0
f20f3f46-ccf1-4ac8-85ac-c72a77d83fc6,2022,10
f2246a12-2820-4ce1-8be3-44814187b833,2024,0
f254b9de-807b-4152-95f2-9d9ec2272e83,2024,15
f25725b0-61af-4408-ae9d-c1b8d02b43fb,2024,5
f2748af5-c2e4-4777-9f71-4b22af4ce173,2023,0
f2768c18-23dd-45c6-abf7-09cd9e6c697d,2021,10
f2768c18-23dd-45c6-abf7-09cd9e6c697d,2022,0
f2768c18-23dd-45c6-abf7-09cd9e6c697d,2024,10
f2bb58c0-40ec-4314-8688-e610aa792009,2020,15
f2bb58c0-40ec-4314-8688-e610aa792009,2021,0
f2bb58c0-40ec-4314-8688-e610aa792009,2022,0
f2caf7f3-56fb-4ef2-a2d2-5533a0ab1d34,2023,0
f32136b4-a9ff-4b15-a028-6b23eb40fa46,2024,355
f331c8ed-9912-4352-85e1-02e7d26e9bb2,2024,0
f35af82f-fb65-4819-ad26-404e0f2a0481,2020,10
f35af82f-fb65-4819-ad26-404e0f2a0481,2022,5
f3ccd07a-b617-49ac-92da-fe0542e36807,2020,25
f3ccd07a-b617-49ac-92da-fe0542e36807,2024,15
f3face08-6504-432a-8846-506d4a12eb07,2020,5
f3face08-6504-432a-8846-506d4a12eb07,2023,5
f4216740-8fe1-470b-a8e0-db39b87f3167,2022,15
f44fdc04-0a62-4e6f-b6d5-2f29000e1d17,2023,0
f44fdc04-0a62-4e6f-b6d5-2f29000e1d17,2024,360
f4526c7b-db6a-4669-aa62-5effe4c09ae2,2024,0
f4625033-f18f-40e3-97d4-b8fa7304d562,2020,5
f4625033-f18f-40e3-97d4-b8fa7304d562,2021,5
f47ae7ef-8a66-4982-bd8f-f80d6338f91a,2024,0
f4a215b1-cf10-439f-8072-dfde80f347eb,2023,0
f4dfce12-f52c-40d0-80cf-17f3c2cddecb,2021,5
f4dfce12-f52c-40d0-80cf-17f3c2cddecb,2022,0
f4f94da7-2d70-428e-9218-2381c3112e3d,2023,10
f4f94da7-2d70-428e-9218-2381c3112e3d,2024,5
f4fd5198-c16c-42fd-9ac1-7320807d53b7,2022,10
f5271b62-277b-4880-a305-4b81c4e4264e,2020,0
f5271b62-277b-4880-a305-4b81c4e4264e,2021,5
f5271b62-277b-4880-a305-4b81c4e4264e,2022,360
f5271b62-277b-4880-a305-4b81c4e4264e,2023,20
f5271b62-277b-4880-a305-4b81c4e4264e,2024,360
f54a0d73-b27a-424c-8372-7f22c8781150,2020,25
f54a0d73-b27a-424c-8372-7f22c8781150,2021,10
f56a5c98-b018-4209-8690-5b8bd37b9c26,2023,15
f56a5c98-b018-4209-8690-5b8bd37b9c26,2024,355
f57f33ca-1a08-44a3-b41f-a7aeb8acc339,2021,0
f57f33ca-1a08-44a3-b41f-a7aeb8acc339,2022,10
f57f33ca-1a08-44a3-b41f-a7aeb8acc339,2023,360
f57f33ca-1a08-44a3-b41f-a7aeb8acc339,2024,0
f5828d4e-a5af-4b6d-8ae7-124e1581b352,2023,5
f5828d4e-a5af-4b6d-8ae7-124e1581b352,2024,360
f59ba52e-d9ef-49ed-8372-09b7da1fab38,2024,10
f59febb3-91cd-42ca-b6a7-04a6e0d558b8,2020,10
f5b422fc-b89a-4c78-887d-52c2711b4eaa,2021,0
f5b422fc-b89a-4c78-887d-52c2711b4eaa,2022,5
f5b422fc-b89a-4c78-887d-52c2711b4eaa,2023,25
f5c7e96c-f0a5-4376-99dd-0cdc3777c9ff,2024,5
f5cf6571-eb99-48a9-92bb-ce046c1c00bc,2021,0
f5cf6571-eb99-48a9-92bb-ce046c1c00bc,2022,5
f5cf6571-eb99-48a9-92bb-ce046c1c00bc,2024,5
f5d0d771-aefa-4b1e-aa99-c1afe25b5fe2,2023,0
f5d0d771-aefa-4b1e-aa99-c1afe25b5fe2,2024,0
f5d7f20e-4ed4-4221-b430-35ecd70bd0ac,2021,0
f5d7f20e-4ed4-4221-b430-35ecd70bd0ac,2022,5
f5d7f20e-4ed4-4221-b430-35ecd70bd0ac,2023,10
f5d7f20e-4ed4-4221-b430-35ecd70bd0ac,2024,325
f5e34ddd-b16f-4f72-92f6-6009d8067739,2023,20
f5e8d9cb-fd92-49d5-8eeb-c40e8c39758b,2024,5
f62f5fb9-9f47-4075-baf5-9babb504b299,2020,35
f63d62e0-36d4-42d5-a374-b2305ec67f6b,2020,355
f63d62e0-36d4-42d5-a374-b2305ec67f6b,2021,155
f63d62e0-36d4-42d5-a374-b2305ec67f6b,2023,360
f63d62e0-36d4-42d5-a374-b2305ec67f6b,2024,350
f63e7c56-eb0f-4b6c-9e85-61d8e5104c19,2020,15
f6466c85-4911-440a-be31-6ff7f98806a0,2020,25
f6466c85-4911-440a-be31-6ff7f98806a0,2021,0
f6466c85-4911-440a-be31-6ff7f98806a0,2022,0
f6466c85-4911-440a-be31-6ff7f98806a0,2024,0
f659bef4-0e9c-419b-a69f-d014412d2731,2024,0
f65ca129-bc18-427e-b10f-27d4413ac421,2020,95
f65ca129-bc18-427e-b10f-27d4413ac421,2021,0
f65ca129-bc18-427e-b10f-27d4413ac421,2022,10
f65ca129-bc18-427e-b10f-27d4413ac421,2024,5
f686c3ff-b8c5-419a-8bef-490cca81bde7,2024,0
f68dfd2f-8976-4fdc-8212-46bced89a1e4,2020,5
f68dfd2f-8976-4fdc-8212-46bced89a1e4,2023,10
f68dfd2f-8976-4fdc-8212-46bced89a1e4,2024,115
f690301b-9565-4d81-a733-d94be02d410e,2022,0
f690301b-9565-4d81-a733-d94be02d410e,2023,0
f690301b-9565-4d81-a733-d94be02d410e,2024,0
f6fbfa1d-f042-42cb-829e-0b45d69b335b,2020,345
f6fbfa1d-f042-42cb-829e-0b45d69b335b,2021,45
f6fbfa1d-f042-42cb-829e-0b45d69b335b,2022,350
f6fbfa1d-f042-42cb-829e-0b45d69b335b,2023,340
f6fbfa1d-f042-42cb-829e-0b45d69b335b,2024,65
f72155a8-dca1-435c-abba-1adf205502ed,2023,50
f72155a8-dca1-435c-abba-1adf205502ed,2024,0
f7223b8a-ccd7-4fb9-b52f-1fd2ff167f59,2023,5
f7223b8a-ccd7-4fb9-b52f-1fd2ff167f59,2024,355
f741a104-eae5-4f69-8098-3bc59162318a,2020,10
f741a104-eae5-4f69-8098-3bc59162318a,2022,0
f741a104-eae5-4f69-8098-3bc59162318a,2023,20
f759c909-7752-4366-80de-3e3cdffcfd31,2020,0
f76d154f-dd8c-491d-a1f0-18de18a47de0,2024,0
f7c12641-b2a4-4796-9e1f-23b26be0b23b,2023,10
f7c12641-b2a4-4796-9e1f-23b26be0b23b,2024,15
f7ce7993-4bf4-4d0b-8440-b7f4241af561,2023,10
f7ce7993-4bf4-4d0b-8440-b7f4241af561,2024,0
f7d43f99-25a0-460d-80ff-cf5fa0eb63c5,2021,5
f7e3530e-f622-402c-91e4-b81826c05513,2022,10
f7e3530e-f622-402c-91e4-b81826c05513,2023,15
f7e3530e-f622-402c-91e4-b81826c05513,2024,355
f7e447d9-2ada-41b3-9a4a-652ebf000e0f,2020,20
f7e447d9-2ada-41b3-9a4a-652ebf000e0f,2022,10
f7e9b35a-b797-4fb0-9036-82004a60203a,2023,0
f7e9b35a-b797-4fb0-9036-82004a60203a,2024,0
f818b713-1473-465b-9e57-180a7c21f7d6,2020,5
f829aed1-5244-445f-87d2-b9b02d19639a,2020,0
f829aed1-5244-445f-87d2-b9b02d19639a,2021,0
f829aed1-5244-445f-87d2-b9b02d19639a,2022,5
f829aed1-5244-445f-87d2-b9b02d19639a,2023,5
f82b31ba-6ea9-47e6-9737-f051b744acf0,2020,10
f82fa147-3d4f-47ff-873a-a992a78f1111,2022,5
f82fa147-3d4f-47ff-873a-a992a78f1111,2024,5
f84270cd-d97d-43c6-ad69-a3cbe9955815,2021,10
f84270cd-d97d-43c6-ad69-a3cbe9955815,2022,10
f84270cd-d97d-43c6-ad69-a3cbe9955815,2023,20
f84270cd-d97d-43c6-ad69-a3cbe9955815,2024,5
f8511091-4d43-4fba-b07a-5ff8e83c345c,2021,0
f8511091-4d43-4fba-b07a-5ff8e83c345c,2022,0
f861b918-d330-44b0-a41c-c27064ae014c,2023,15
f861b918-d330-44b0-a41c-c27064ae014c,2024,0
f88d15ee-6f37-4ead-94b6-5ac7a59e7afc,2021,5
f88d15ee-6f37-4ead-94b6-5ac7a59e7afc,2022,0
f88d15ee-6f37-4ead-94b6-5ac7a59e7afc,2023,10
f88d15ee-6f37-4ead-94b6-5ac7a59e7afc,2024,5
f894da1a-93aa-4138-a01d-1d2466de04ed,2024,0
f8a28676-a228-4830-bd78-bb359501a3bf,2021,0
f8a28676-a228-4830-bd78-bb359501a3bf,2022,0
f8ba8ee1-5a96-4384-a3b8-fd6888560c20,2020,5
f8ba8ee1-5a96-4384-a3b8-fd6888560c20,2023,20
f8ba8ee1-5a96-4384-a3b8-fd6888560c20,2024,0
f8dbc1b9-5e9b-44f2-b735-5ae2119edcf5,2023,10
f8dbc1b9-5e9b-44f2-b735-5ae2119edcf5,2024,345
f8de3c9b-8224-4b84-8e9d-24e2c5687c0b,2021,355
f8de3c9b-8224-4b84-8e9d-24e2c5687c0b,2024,5
f8f5c821-a2bb-4b06-b19e-4b35233eaaf3,2020,5
f90ddf9c-35ee-4b87-ba00-36308b8e93a5,2020,5
f90ddf9c-35ee-4b87-ba00-36308b8e93a5,2021,15
f90ddf9c-35ee-4b87-ba00-36308b8e93a5,2022,5
f90ddf9c-35ee-4b87-ba00-36308b8e93a5,2023,5
f91e8f3c-b8df-460b-8577-7ac76b734644,2023,10
f943ca4c-b542-49ed-83c1-b523f0bfd061,2020,10
f943ca4c-b542-49ed-83c1-b523f0bfd061,2021,5
f943ca4c-b542-49ed-83c1-b523f0bfd061,2023,15
f968898b-4716-46f8-a553-fcf817f02e87,2020,15
f968898b-4716-46f8-a553-fcf817f02e87,2021,30
f968898b-4716-46f8-a553-fcf817f02e87,2024,0
f96af68a-a2e9-4048-a2ae-ca698dc60c57,2020,0
f96af68a-a2e9-4048-a2ae-ca698dc60c57,2021,0
f96af68a-a2e9-4048-a2ae-ca698dc60c57,2022,25
f96af68a-a2e9-4048-a2ae-ca698dc60c57,2024,5
f9706f80-7c52-46bb-bd15-0f50ff4c7f58,2020,5
f9706f80-7c52-46bb-bd15-0f50ff4c7f58,2022,5
f994ea92-218f-4d9c-b5e7-84f5248cf8a7,2023,25
f994ea92-218f-4d9c-b5e7-84f5248cf8a7,2024,325
f99f882b-31d1-46bf-a232-59ea7a12aecf,2020,5
f99f882b-31d1-46bf-a232-59ea7a12aecf,2021,10
f99f882b-31d1-46bf-a232-59ea7a12aecf,2022,10
f99f882b-31d1-46bf-a232-59ea7a12aecf,2024,15
f9af5fca-6ecb-4168-bb11-7738ea4c83f4,2023,5
f9afea1a-aa4f-4354-81d4-2775e1c7bb67,2021,5
f9afea1a-aa4f-4354-81d4-2775e1c7bb67,2024,0
f9cdf0be-6ae9-47cc-b543-be3992561952,2021,15
f9cdf0be-6ae9-47cc-b543-be3992561952,2024,10
f9f9526f-7186-4385-9c20-715cd1b3693c,2020,290
f9f9526f-7186-4385-9c20-715cd1b3693c,2021,330
f9f9526f-7186-4385-9c20-715cd1b3693c,2022,5
f9fb4154-df21-4ae9-9740-3850bbbd11c4,2021,5
f9fb4154-df21-4ae9-9740-3850bbbd11c4,2022,0
fa030957-ff71-46f6-bba9-7791399327f6,2024,0
fa60bae0-4064-4754-99de-732e11e4469c,2024,0
fa67a7fb-4c66-452f-92be-68c2ca6743fe,2020,0
fa67a7fb-4c66-452f-92be-68c2ca6743fe,2023,5
fa67a7fb-4c66-452f-92be-68c2ca6743fe,2024,0
fac01622-b06e-4a10-a8eb-c08ddbdd2993,2023,20
fac01622-b06e-4a10-a8eb-c08ddbdd2993,2024,5
fac0744a-d6c5-4e98-9c2b-546b6b8ba329,2023,0
fac0744a-d6c5-4e98-9c2b-546b6b8ba329,2024,360
faef1764-1d64-46a7-82b2-07eac2bfd207,2020,0
fafe1cc0-69c4-487d-91ff-8bce4f966301,2020,5
fafe1cc0-69c4-487d-91ff-8bce4f966301,2024,0
fb08ddaa-6a81-4afb-9dd6-3a8ce3fa5e55,2024,0
fb49d7a8-fa98-4cc2-8ebf-844d4393725e,2023,5
fb49d7a8-fa98-4cc2-8ebf-844d4393725e,2024,5
fb54aed9-0c57-47f2-a4e3-353ff314813d,2021,25
fb6382ef-d463-40e5-9579-2f67a197e1c7,2024,0
fb667591-a545-4704-9cc2-ccb7445f9f2c,2023,0
fb667591-a545-4704-9cc2-ccb7445f9f2c,2024,0
fb7e216e-9450-4d2c-84ff-ef02e25eed7f,2022,5
fc0257a7-f3c2-4a90-9975-28cc7f5c6cec,2020,5
fc143c78-dcee-4a43-a6a6-ea95ead5e554,2023,0
fc39e4d6-7056-47f0-9abb-143136062e03,2024,355
fc45f9ad-b9d5-4648-9812-227b413a83fb,2024,0
fc764484-c3a6-4270-be80-cdbaa38ec24c,2021,5
fc764484-c3a6-4270-be80-cdbaa38ec24c,2022,5
fc764484-c3a6-4270-be80-cdbaa38ec24c,2024,5
fc77faf2-8fc8-483a-91e7-61ba124e6efa,2020,15
fc77faf2-8fc8-483a-91e7-61ba124e6efa,2023,20
fce942c5-b7a7-4950-890b-9da59c939013,2023,15
fce942c5-b7a7-4950-890b-9da59c939013,2024,5
fcfddae8-81a3-434b-8247-1eb4516006df,2023,5
fcff40c4-8775-4cab-9b3e-1c31bd54ec76,2021,0
fcff40c4-8775-4cab-9b3e-1c31bd54ec76,2024,0
fd271239-4a96-42ef-a358-d1dbe58bf2e4,2020,10
fd271239-4a96-42ef-a358-d1dbe58bf2e4,2021,5
fd271239-4a96-42ef-a358-d1dbe58bf2e4,2022,15
fd4b9eb5-e7ea-4ebd-9108-61d5e5435a08,2024,0
fd4fc5ab-1eed-4479-9371-2daa3eb8fe71,2022,5
fd4fc5ab-1eed-4479-9371-2daa3eb8fe71,2023,20
fd649260-570d-415c-a236-028aa7c97611,2023,10
fd649260-570d-415c-a236-028aa7c97611,2024,360
fd6b1c1e-1dbe-4fe9-90f9-0858d941f42c,2020,10
fd70a44a-d92c-4c2b-8a8f-aaf5fed1b873,2024,5
fd75e11b-2ee6-4716-8b7c-b9c601a549fe,2022,0
fd75e11b-2ee6-4716-8b7c-b9c601a549fe,2024,0
fd8d6ed1-2926-4ad2-b475-7c77fc94a01c,2023,5
fd8d6ed1-2926-4ad2-b475-7c77fc94a01c,2024,0
fdba5f92-a677-4edc-ae78-8dc34a5cee84,2020,10
fdba5f92-a677-4edc-ae78-8dc34a5cee84,2021,5
fdba5f92-a677-4edc-ae78-8dc34a5cee84,2022,10
fdba5f92-a677-4edc-ae78-8dc34a5cee84,2023,10
fdbb9b2c-abb5-4eda-90d4-d31d380929ee,2023,5
fdeedab9-e5d7-43e0-85a4-02a15a09bb45,2024,0
fe02d920-a1af-4801-b957-bcd6c2f963d7,2020,5
fe02d920-a1af-4801-b957-bcd6c2f963d7,2021,5
fe02d920-a1af-4801-b957-bcd6c2f963d7,2023,20
fe1425a1-bb5c-450e-8919-5685859e89c8,2023,10
fe1425a1-bb5c-450e-8919-5685859e89c8,2024,15
fe27e1e6-5dc0-4a80-85a2-768101341fa9,2020,0
fe27e1e6-5dc0-4a80-85a2-768101341fa9,2021,0
fe27e1e6-5dc0-4a80-85a2-768101341fa9,2022,0
fe27e1e6-5dc0-4a80-85a2-768101341fa9,2023,5
fe27e1e6-5dc0-4a80-85a2-768101341fa9,2024,0
fe31f07a-72a2-485d-98e6-047643e92ddc,2024,0
fe349e3a-5de9-41c6-a7c1-0eb728918bc9,2020,10
fe349e3a-5de9-41c6-a7c1-0eb728918bc9,2021,15
fe349e3a-5de9-41c6-a7c1-0eb728918bc9,2022,0
fe349e3a-5de9-41c6-a7c1-0eb728918bc9,2023,30
fe349e3a-5de9-41c6-a7c1-0eb728918bc9,2024,5
fe40ad22-b741-4933-a8fa-9351d339b61b,2022,10
fe40ad22-b741-4933-a8fa-9351d339b61b,2024,5
fe5287e5-5246-4156-9f10-9976406dd184,2023,0
fe5287e5-5246-4156-9f10-9976406dd184,2024,90
fe70a5a8-e699-49a2-bebe-d6e9a184a5ed,2021,10
fe70a5a8-e699-49a2-bebe-d6e9a184a5ed,2022,0
fe70a5a8-e699-49a2-bebe-d6e9a184a5ed,2023,15
fe7176bc-ae18-4014-aac9-69cd5cd55886,2022,15
fe9e2b1a-81c2-4e58-b791-dbc3d91d21dd,2020,5
feb99da0-a6e3-46d5-aae3-c7c41bcca0ae,2024,5
fec86706-015d-4b2a-bea5-4ec039c7fa35,2024,0
ff039341-8ae3-455b-819d-c38a37d0a060,2023,10
ff039341-8ae3-455b-819d-c38a37d0a060,2024,360
ff09e448-8431-4001-bcc4-6d22ad3fcec4,2020,0
ff2052ac-18bd-454d-905a-44a738e433d2,2021,0
ff2052ac-18bd-454d-905a-44a738e433d2,2022,5
ff2052ac-18bd-454d-905a-44a738e433d2,2024,5
ff31eabe-d09b-440f-8cf1-2838afcb0eb2,2024,0
ff372d25-8de5-4cb1-a90f-ddef90843366,2024,10
ff6ac763-6224-4abb-bdd4-c587d4863b3d,2023,10
ff6ac763-6224-4abb-bdd4-c587d4863b3d,2024,355
ff7f3da6-492b-4a4f-a089-7604f8566186,2020,255
ff7f3da6-492b-4a4f-a089-7604f8566186,2024,10
ff8ed672-3a75-4e4b-a895-d01531ea61d5,2024,335
ffa59e0a-cdb5-4cd5-909f-04cf6fae6087,2021,5
ffa59e0a-cdb5-4cd5-909f-04cf6fae6087,2022,5
ffa59e0a-cdb5-4cd5-909f-04cf6fae6087,2024,10
ffc76027-c5f5-4292-99e9-e1b355931d0c,2021,0
ffc76027-c5f5-4292-99e9-e1b355931d0c,2022,10
