{
  "0": {
    "precision": 0.9138010087116002,
    "recall": 0.9104613978985838,
    "f1-score": 0.9121281464530893,
    "support": 2189.0
  },
  "1": {
    "precision": 0.7348484848484849,
    "recall": 0.7911908646003263,
    "f1-score": 0.7619795758051846,
    "support": 1839.0
  },
  "2": {
    "precision": 0.8323586744639376,
    "recall": 0.8259187620889749,
    "f1-score": 0.829126213592233,
    "support": 517.0
  },
  "3": {
    "precision": 0.7936267071320182,
    "recall": 0.6637055837563451,
    "f1-score": 0.7228749136143746,
    "support": 788.0
  },
  "accuracy": 0.8246765422838928,
  "macro avg": {
    "precision": 0.8186587187890102,
    "recall": 0.7978191520860576,
    "f1-score": 0.8065272123662204,
    "support": 5333.0
  },
  "weighted avg": {
    "precision": 0.8264399121740001,
    "recall": 0.8246765422838928,
    "f1-score": 0.8243413907457074,
    "support": 5333.0
  }
}