{
  "0": {
    "precision": 0.9064796259185037,
    "recall": 0.8898360655737705,
    "f1-score": 0.8980807412309728,
    "support": 1525.0
  },
  "1": {
    "precision": 0.7046742209631728,
    "recall": 0.7515105740181269,
    "f1-score": 0.7273391812865497,
    "support": 1324.0
  },
  "2": {
    "precision": 0.8197115384615384,
    "recall": 0.8276699029126213,
    "f1-score": 0.8236714975845411,
    "support": 412.0
  },
  "3": {
    "precision": 0.7360308285163777,
    "recall": 0.6552315608919382,
    "f1-score": 0.6932849364791288,
    "support": 583.0
  },
  "accuracy": 0.7999479708636836,
  "macro avg": {
    "precision": 0.7917240534648982,
    "recall": 0.7810620258491142,
    "f1-score": 0.785594089145298,
    "support": 3844.0
  },
  "weighted avg": {
    "precision": 0.8018202978543603,
    "recall": 0.7999479708636836,
    "f1-score": 0.8002362074330875,
    "support": 3844.0
  }
}