{
  "0": {
    "precision": 0.9105367793240556,
    "recall": 0.9009836065573771,
    "f1-score": 0.9057350032959789,
    "support": 1525.0
  },
  "1": {
    "precision": 0.7250883392226148,
    "recall": 0.7749244712990937,
    "f1-score": 0.7491785323110625,
    "support": 1324.0
  },
  "2": {
    "precision": 0.8238095238095238,
    "recall": 0.8398058252427184,
    "f1-score": 0.8317307692307693,
    "support": 412.0
  },
  "3": {
    "precision": 0.784,
    "recall": 0.6723842195540308,
    "f1-score": 0.7239150507848569,
    "support": 583.0
  },
  "accuracy": 0.8163371488033299,
  "macro avg": {
    "precision": 0.8108586605890484,
    "recall": 0.797024530663305,
    "f1-score": 0.8026398389056668,
    "support": 3844.0
  },
  "weighted avg": {
    "precision": 0.8181756174322192,
    "recall": 0.8163371488033299,
    "f1-score": 0.8163043205871132,
    "support": 3844.0
  }
}