{
  "0": {
    "precision": 0.9089655172413793,
    "recall": 0.9031521242576519,
    "f1-score": 0.9060494958753437,
    "support": 2189.0
  },
  "1": {
    "precision": 0.729103726082578,
    "recall": 0.7873844480696031,
    "f1-score": 0.757124183006536,
    "support": 1839.0
  },
  "2": {
    "precision": 0.8448979591836735,
    "recall": 0.8007736943907157,
    "f1-score": 0.8222442899702085,
    "support": 517.0
  },
  "3": {
    "precision": 0.7873900293255132,
    "recall": 0.6814720812182741,
    "f1-score": 0.7306122448979592,
    "support": 788.0
  },
  "accuracy": 0.8205512844552785,
  "macro avg": {
    "precision": 0.8175893079582859,
    "recall": 0.7931955869840612,
    "f1-score": 0.8040075534375118,
    "support": 5333.0
  },
  "weighted avg": {
    "precision": 0.8227682087968692,
    "recall": 0.8205512844552785,
    "f1-score": 0.8206481278669298,
    "support": 5333.0
  }
}