{
  "0": {
    "precision": 0.9130723291307233,
    "recall": 0.9022950819672131,
    "f1-score": 0.9076517150395779,
    "support": 1525.0
  },
  "1": {
    "precision": 0.7277263007840342,
    "recall": 0.7711480362537765,
    "f1-score": 0.7488082141547489,
    "support": 1324.0
  },
  "2": {
    "precision": 0.8214285714285714,
    "recall": 0.837378640776699,
    "f1-score": 0.8293269230769231,
    "support": 412.0
  },
  "3": {
    "precision": 0.7684824902723736,
    "recall": 0.6775300171526587,
    "f1-score": 0.7201458523245214,
    "support": 583.0
  },
  "accuracy": 0.8160770031217481,
  "macro avg": {
    "precision": 0.8076774229039256,
    "recall": 0.7970879440375869,
    "f1-score": 0.8014831761489429,
    "support": 3844.0
  },
  "weighted avg": {
    "precision": 0.8174814743547814,
    "recall": 0.8160770031217481,
    "f1-score": 0.816107873358255,
    "support": 3844.0
  }
}