{
  "0": {
    "precision": 0.9153244362632306,
    "recall": 0.9086340794883508,
    "f1-score": 0.9119669876203577,
    "support": 2189.0
  },
  "1": {
    "precision": 0.7368421052631579,
    "recall": 0.7765089722675367,
    "f1-score": 0.756155679110405,
    "support": 1839.0
  },
  "2": {
    "precision": 0.8241965973534972,
    "recall": 0.8433268858800773,
    "f1-score": 0.8336520076481836,
    "support": 517.0
  },
  "3": {
    "precision": 0.7777777777777778,
    "recall": 0.684010152284264,
    "f1-score": 0.7278865631330182,
    "support": 788.0
  },
  "accuracy": 0.823551471966998,
  "macro avg": {
    "precision": 0.8135352291644158,
    "recall": 0.8031200224800572,
    "f1-score": 0.8074153093779911,
    "support": 5333.0
  },
  "weighted avg": {
    "precision": 0.8246196047777622,
    "recall": 0.823551471966998,
    "f1-score": 0.8234462271681844,
    "support": 5333.0
  }
}