{
  "0": {
    "precision": 0.9011936339522546,
    "recall": 0.8911475409836066,
    "f1-score": 0.8961424332344213,
    "support": 1525.0
  },
  "1": {
    "precision": 0.7074047447879224,
    "recall": 0.743202416918429,
    "f1-score": 0.7248618784530386,
    "support": 1324.0
  },
  "2": {
    "precision": 0.8144578313253013,
    "recall": 0.8203883495145631,
    "f1-score": 0.8174123337363967,
    "support": 412.0
  },
  "3": {
    "precision": 0.7415094339622641,
    "recall": 0.6740994854202401,
    "f1-score": 0.706199460916442,
    "support": 583.0
  },
  "accuracy": 0.799687825182102,
  "macro avg": {
    "precision": 0.7911414110069356,
    "recall": 0.7822094482092097,
    "f1-score": 0.7861540265850747,
    "support": 3844.0
  },
  "weighted avg": {
    "precision": 0.8009315297560932,
    "recall": 0.799687825182102,
    "f1-score": 0.7999017962976058,
    "support": 3844.0
  }
}