{
  "0": {
    "precision": 0.8763523956723338,
    "recall": 0.8763523956723338,
    "f1-score": 0.8763523956723338,
    "support": 647.0
  },
  "1": {
    "precision": 0.6477611940298508,
    "recall": 0.71499176276771,
    "f1-score": 0.6797180892717306,
    "support": 607.0
  },
  "2": {
    "precision": 0.8134715025906736,
    "recall": 0.7302325581395349,
    "f1-score": 0.7696078431372549,
    "support": 215.0
  },
  "3": {
    "precision": 0.7666666666666667,
    "recall": 0.6882793017456359,
    "f1-score": 0.7253613666228647,
    "support": 401.0
  },
  "accuracy": 0.7668449197860963,
  "macro avg": {
    "precision": 0.7760629397398813,
    "recall": 0.7524640045813036,
    "f1-score": 0.7627599236760461,
    "support": 1870.0
  },
  "weighted avg": {
    "precision": 0.7714014712120042,
    "recall": 0.7668449197860963,
    "f1-score": 0.7678740505231118,
    "support": 1870.0
  }
}