{
  "0": {
    "precision": 0.9057239057239057,
    "recall": 0.8819672131147541,
    "f1-score": 0.893687707641196,
    "support": 1525.0
  },
  "1": {
    "precision": 0.736753574432296,
    "recall": 0.6616314199395771,
    "f1-score": 0.697174691603661,
    "support": 1324.0
  },
  "2": {
    "precision": 0.7377690802348337,
    "recall": 0.9150485436893204,
    "f1-score": 0.8169014084507042,
    "support": 412.0
  },
  "3": {
    "precision": 0.6783004552352049,
    "recall": 0.7667238421955404,
    "f1-score": 0.7198067632850241,
    "support": 583.0
  },
  "accuracy": 0.7921436004162331,
  "macro avg": {
    "precision": 0.76463675390656,
    "recall": 0.806342754734798,
    "f1-score": 0.7818926427451464,
    "support": 3844.0
  },
  "weighted avg": {
    "precision": 0.7950314035473965,
    "recall": 0.7921436004162331,
    "f1-score": 0.7914005642853617,
    "support": 3844.0
  }
}