{
  "0": {
    "precision": 0.9118861863240019,
    "recall": 0.9077204202832344,
    "f1-score": 0.9097985347985348,
    "support": 2189.0
  },
  "1": {
    "precision": 0.7333333333333333,
    "recall": 0.7716150081566069,
    "f1-score": 0.7519872813990461,
    "support": 1839.0
  },
  "2": {
    "precision": 0.8208092485549133,
    "recall": 0.8239845261121856,
    "f1-score": 0.8223938223938224,
    "support": 517.0
  },
  "3": {
    "precision": 0.7771428571428571,
    "recall": 0.6903553299492385,
    "f1-score": 0.7311827956989247,
    "support": 788.0
  },
  "accuracy": 0.8205512844552785,
  "macro avg": {
    "precision": 0.8107929063387764,
    "recall": 0.7984188211253164,
    "f1-score": 0.803840608572582,
    "support": 5333.0
  },
  "weighted avg": {
    "precision": 0.8215761887858056,
    "recall": 0.8205512844552785,
    "f1-score": 0.8205143919660974,
    "support": 5333.0
  }
}