{
  "0": {
    "precision": 0.908612754766601,
    "recall": 0.9062295081967213,
    "f1-score": 0.9074195666447801,
    "support": 1525.0
  },
  "1": {
    "precision": 0.7267525035765379,
    "recall": 0.7673716012084593,
    "f1-score": 0.7465099191770757,
    "support": 1324.0
  },
  "2": {
    "precision": 0.8199052132701422,
    "recall": 0.8398058252427184,
    "f1-score": 0.829736211031175,
    "support": 412.0
  },
  "3": {
    "precision": 0.7733598409542743,
    "recall": 0.6672384219554031,
    "f1-score": 0.716390423572744,
    "support": 583.0
  },
  "accuracy": 0.8150364203954215,
  "macro avg": {
    "precision": 0.8071575781418888,
    "recall": 0.7951613391508254,
    "f1-score": 0.8000140301064437,
    "support": 3844.0
  },
  "weighted avg": {
    "precision": 0.8159533040837782,
    "recall": 0.8150364203954215,
    "f1-score": 0.8146984672246336,
    "support": 3844.0
  }
}