{
  "0": {
    "precision": 0.9067629678266579,
    "recall": 0.9055737704918033,
    "f1-score": 0.9061679790026247,
    "support": 1525.0
  },
  "1": {
    "precision": 0.7234957020057307,
    "recall": 0.7628398791540786,
    "f1-score": 0.7426470588235294,
    "support": 1324.0
  },
  "2": {
    "precision": 0.8160377358490566,
    "recall": 0.8398058252427184,
    "f1-score": 0.8277511961722488,
    "support": 412.0
  },
  "3": {
    "precision": 0.7704590818363274,
    "recall": 0.6620926243567753,
    "f1-score": 0.7121771217712177,
    "support": 583.0
  },
  "accuracy": 0.8124349635796045,
  "macro avg": {
    "precision": 0.8041888718794431,
    "recall": 0.7925780248113439,
    "f1-score": 0.7971858389424051,
    "support": 3844.0
  },
  "weighted avg": {
    "precision": 0.8132432433068758,
    "recall": 0.8124349635796045,
    "f1-score": 0.8120196744737102,
    "support": 3844.0
  }
}