{
  "0": {
    "precision": 0.9075297225891678,
    "recall": 0.9009836065573771,
    "f1-score": 0.9042448173741362,
    "support": 1525.0
  },
  "1": {
    "precision": 0.7204225352112676,
    "recall": 0.7726586102719033,
    "f1-score": 0.7456268221574344,
    "support": 1324.0
  },
  "2": {
    "precision": 0.8425,
    "recall": 0.8179611650485437,
    "f1-score": 0.8300492610837439,
    "support": 412.0
  },
  "3": {
    "precision": 0.7686274509803922,
    "recall": 0.6723842195540308,
    "f1-score": 0.717291857273559,
    "support": 583.0
  },
  "accuracy": 0.8132154006243496,
  "macro avg": {
    "precision": 0.8097699271952068,
    "recall": 0.7909969003579638,
    "f1-score": 0.7993031894722183,
    "support": 3844.0
  },
  "weighted avg": {
    "precision": 0.8150473640712195,
    "recall": 0.8132154006243496,
    "f1-score": 0.8133050747630043,
    "support": 3844.0
  }
}