{
  "0": {
    "precision": 0.8992146596858639,
    "recall": 0.9009836065573771,
    "f1-score": 0.9000982640026204,
    "support": 1525.0
  },
  "1": {
    "precision": 0.715782122905028,
    "recall": 0.7741691842900302,
    "f1-score": 0.7438316400580551,
    "support": 1324.0
  },
  "2": {
    "precision": 0.8184019370460048,
    "recall": 0.8203883495145631,
    "f1-score": 0.8193939393939393,
    "support": 412.0
  },
  "3": {
    "precision": 0.8046709129511678,
    "recall": 0.6500857632933105,
    "f1-score": 0.7191650853889943,
    "support": 583.0
  },
  "accuracy": 0.8106139438085328,
  "macro avg": {
    "precision": 0.8095174081470161,
    "recall": 0.7864067259138202,
    "f1-score": 0.7956222322109023,
    "support": 3844.0
  },
  "weighted avg": {
    "precision": 0.8130339820657347,
    "recall": 0.8106139438085328,
    "f1-score": 0.8101837908046171,
    "support": 3844.0
  }
}