{
  "0": {
    "precision": 0.9007832898172323,
    "recall": 0.9049180327868852,
    "f1-score": 0.9028459273797841,
    "support": 1525.0
  },
  "1": {
    "precision": 0.7221022318214543,
    "recall": 0.7575528700906344,
    "f1-score": 0.7394028750460745,
    "support": 1324.0
  },
  "2": {
    "precision": 0.812206572769953,
    "recall": 0.8398058252427184,
    "f1-score": 0.8257756563245824,
    "support": 412.0
  },
  "3": {
    "precision": 0.772635814889336,
    "recall": 0.6586620926243568,
    "f1-score": 0.7111111111111111,
    "support": 583.0
  },
  "accuracy": 0.8098335067637877,
  "macro avg": {
    "precision": 0.801931977324494,
    "recall": 0.7902347051861487,
    "f1-score": 0.794783892465388,
    "support": 3844.0
  },
  "weighted avg": {
    "precision": 0.8103105254850645,
    "recall": 0.8098335067637877,
    "f1-score": 0.8092109245574088,
    "support": 3844.0
  }
}