{
  "0": {
    "precision": 0.9155514536225197,
    "recall": 0.9063499314755596,
    "f1-score": 0.9109274563820018,
    "support": 2189.0
  },
  "1": {
    "precision": 0.7410852713178294,
    "recall": 0.7797716150081566,
    "f1-score": 0.7599364069952306,
    "support": 1839.0
  },
  "2": {
    "precision": 0.8214285714285714,
    "recall": 0.8452611218568665,
    "f1-score": 0.8331744518589133,
    "support": 517.0
  },
  "3": {
    "precision": 0.7839771101573677,
    "recall": 0.6954314720812182,
    "f1-score": 0.7370544720914594,
    "support": 788.0
  },
  "accuracy": 0.825614100881305,
  "macro avg": {
    "precision": 0.8155106016315721,
    "recall": 0.8067035351054502,
    "f1-score": 0.8102731968319012,
    "support": 5333.0
  },
  "weighted avg": {
    "precision": 0.8268236415086744,
    "recall": 0.825614100881305,
    "f1-score": 0.8256316088699716,
    "support": 5333.0
  }
}