{
  "0": {
    "precision": 0.9077733860342556,
    "recall": 0.9036065573770492,
    "f1-score": 0.9056851790995728,
    "support": 1525.0
  },
  "1": {
    "precision": 0.7246273953158269,
    "recall": 0.7711480362537765,
    "f1-score": 0.7471642883278449,
    "support": 1324.0
  },
  "2": {
    "precision": 0.8242280285035629,
    "recall": 0.8422330097087378,
    "f1-score": 0.8331332533013205,
    "support": 412.0
  },
  "3": {
    "precision": 0.782258064516129,
    "recall": 0.6655231560891939,
    "f1-score": 0.7191844300278035,
    "support": 583.0
  },
  "accuracy": 0.8152965660770031,
  "macro avg": {
    "precision": 0.8097217185924436,
    "recall": 0.7956276898571893,
    "f1-score": 0.8012917876891353,
    "support": 3844.0
  },
  "weighted avg": {
    "precision": 0.8167012186411983,
    "recall": 0.8152965660770031,
    "f1-score": 0.8150236313577702,
    "support": 3844.0
  }
}