{
  "0": {
    "precision": 0.8955425484016208,
    "recall": 0.9086340794883508,
    "f1-score": 0.9020408163265307,
    "support": 2189.0
  },
  "1": {
    "precision": 0.7290192113245703,
    "recall": 0.7841218053289831,
    "f1-score": 0.755567199371234,
    "support": 1839.0
  },
  "2": {
    "precision": 0.8421052631578947,
    "recall": 0.804642166344294,
    "f1-score": 0.8229475766567754,
    "support": 517.0
  },
  "3": {
    "precision": 0.8109375,
    "recall": 0.6586294416243654,
    "f1-score": 0.726890756302521,
    "support": 788.0
  },
  "accuracy": 0.8186761672604538,
  "macro avg": {
    "precision": 0.8194011307210215,
    "recall": 0.7890068731964984,
    "f1-score": 0.8018615871642653,
    "support": 5333.0
  },
  "weighted avg": {
    "precision": 0.8204380534651536,
    "recall": 0.8186761672604538,
    "f1-score": 0.8179841064467306,
    "support": 5333.0
  }
}