{
  "0": {
    "precision": 0.9035977859778598,
    "recall": 0.8949291914116034,
    "f1-score": 0.899242598117971,
    "support": 2189.0
  },
  "1": {
    "precision": 0.7376381617219313,
    "recall": 0.689505165851006,
    "f1-score": 0.7127599775154582,
    "support": 1839.0
  },
  "2": {
    "precision": 0.7574692442882249,
    "recall": 0.8336557059961315,
    "f1-score": 0.7937384898710865,
    "support": 517.0
  },
  "3": {
    "precision": 0.6738882554161916,
    "recall": 0.75,
    "f1-score": 0.7099099099099099,
    "support": 788.0
  },
  "accuracy": 0.7967372960810051,
  "macro avg": {
    "precision": 0.768148361851052,
    "recall": 0.7920225158146852,
    "f1-score": 0.7789127438536064,
    "support": 5333.0
  },
  "weighted avg": {
    "precision": 0.7982613308601423,
    "recall": 0.7967372960810051,
    "f1-score": 0.7967334435033803,
    "support": 5333.0
  }
}