{
  "0": {
    "precision": 0.9093915343915344,
    "recall": 0.9016393442622951,
    "f1-score": 0.9054988475469213,
    "support": 1525.0
  },
  "1": {
    "precision": 0.7254623044096729,
    "recall": 0.770392749244713,
    "f1-score": 0.7472527472527473,
    "support": 1324.0
  },
  "2": {
    "precision": 0.8226950354609929,
    "recall": 0.8446601941747572,
    "f1-score": 0.8335329341317366,
    "support": 412.0
  },
  "3": {
    "precision": 0.7753479125248509,
    "recall": 0.6689536878216124,
    "f1-score": 0.7182320441988951,
    "support": 583.0
  },
  "accuracy": 0.8150364203954215,
  "macro avg": {
    "precision": 0.8082241966967627,
    "recall": 0.7964114938758444,
    "f1-score": 0.801129143282575,
    "support": 3844.0
  },
  "weighted avg": {
    "precision": 0.8164184101450089,
    "recall": 0.8150364203954215,
    "f1-score": 0.8148785719307814,
    "support": 3844.0
  }
}