{
  "0": {
    "precision": 0.9097544790975448,
    "recall": 0.899016393442623,
    "f1-score": 0.9043535620052771,
    "support": 1525.0
  },
  "1": {
    "precision": 0.7171428571428572,
    "recall": 0.7583081570996979,
    "f1-score": 0.737151248164464,
    "support": 1324.0
  },
  "2": {
    "precision": 0.8269230769230769,
    "recall": 0.8349514563106796,
    "f1-score": 0.8309178743961353,
    "support": 412.0
  },
  "3": {
    "precision": 0.746641074856046,
    "recall": 0.6672384219554031,
    "f1-score": 0.7047101449275363,
    "support": 583.0
  },
  "accuracy": 0.8085327783558793,
  "macro avg": {
    "precision": 0.8001153720048813,
    "recall": 0.7898786072021009,
    "f1-score": 0.7942832073733531,
    "support": 3844.0
  },
  "weighted avg": {
    "precision": 0.8097962481306663,
    "recall": 0.8085327783558793,
    "f1-score": 0.8086138432288655,
    "support": 3844.0
  }
}