{
  "0": {
    "precision": 0.9063324538258575,
    "recall": 0.9009836065573771,
    "f1-score": 0.9036501150937192,
    "support": 1525.0
  },
  "1": {
    "precision": 0.7203389830508474,
    "recall": 0.770392749244713,
    "f1-score": 0.7445255474452555,
    "support": 1324.0
  },
  "2": {
    "precision": 0.8288508557457213,
    "recall": 0.8228155339805825,
    "f1-score": 0.8258221680876979,
    "support": 412.0
  },
  "3": {
    "precision": 0.7733598409542743,
    "recall": 0.6672384219554031,
    "f1-score": 0.716390423572744,
    "support": 583.0
  },
  "accuracy": 0.8121748178980229,
  "macro avg": {
    "precision": 0.8072205333941751,
    "recall": 0.7903575779345189,
    "f1-score": 0.7975970635498542,
    "support": 3844.0
  },
  "weighted avg": {
    "precision": 0.8137984249446759,
    "recall": 0.8121748178980229,
    "f1-score": 0.8121000521671388,
    "support": 3844.0
  }
}