{
  "0": {
    "precision": 0.9145695364238411,
    "recall": 0.9055737704918033,
    "f1-score": 0.9100494233937397,
    "support": 1525.0
  },
  "1": {
    "precision": 0.7280393534785664,
    "recall": 0.7824773413897281,
    "f1-score": 0.7542773935202038,
    "support": 1324.0
  },
  "2": {
    "precision": 0.8305084745762712,
    "recall": 0.8325242718446602,
    "f1-score": 0.8315151515151515,
    "support": 412.0
  },
  "3": {
    "precision": 0.7811244979919679,
    "recall": 0.6672384219554031,
    "f1-score": 0.7197039777983348,
    "support": 583.0
  },
  "accuracy": 0.8191987513007284,
  "macro avg": {
    "precision": 0.8135604656176616,
    "recall": 0.7969534514203986,
    "f1-score": 0.8038864865568575,
    "support": 3844.0
  },
  "weighted avg": {
    "precision": 0.8210738087686578,
    "recall": 0.8191987513007284,
    "f1-score": 0.8191103801188538,
    "support": 3844.0
  }
}