{
  "0": {
    "precision": 0.895800933125972,
    "recall": 0.8902627511591963,
    "f1-score": 0.8930232558139535,
    "support": 647.0
  },
  "1": {
    "precision": 0.6719745222929936,
    "recall": 0.6952224052718287,
    "f1-score": 0.6834008097165992,
    "support": 607.0
  },
  "2": {
    "precision": 0.7963800904977375,
    "recall": 0.8186046511627907,
    "f1-score": 0.8073394495412844,
    "support": 215.0
  },
  "3": {
    "precision": 0.7566137566137566,
    "recall": 0.713216957605985,
    "f1-score": 0.7342747111681643,
    "support": 401.0
  },
  "accuracy": 0.7807486631016043,
  "macro avg": {
    "precision": 0.780192325632615,
    "recall": 0.7793266912999501,
    "f1-score": 0.7795095565600004,
    "support": 1870.0
  },
  "weighted avg": {
    "precision": 0.7818692912425032,
    "recall": 0.7807486631016043,
    "f1-score": 0.7810868870799003,
    "support": 1870.0
  }
}