{
  "0": {
    "precision": 0.8861911987860395,
    "recall": 0.9026275115919629,
    "f1-score": 0.8943338437978561,
    "support": 647.0
  },
  "1": {
    "precision": 0.6708268330733229,
    "recall": 0.7084019769357496,
    "f1-score": 0.6891025641025641,
    "support": 607.0
  },
  "2": {
    "precision": 0.8071748878923767,
    "recall": 0.8372093023255814,
    "f1-score": 0.821917808219178,
    "support": 215.0
  },
  "3": {
    "precision": 0.7896253602305475,
    "recall": 0.683291770573566,
    "f1-score": 0.732620320855615,
    "support": 401.0
  },
  "accuracy": 0.7850267379679144,
  "macro avg": {
    "precision": 0.7884545699955717,
    "recall": 0.782882640356715,
    "f1-score": 0.7844936342438034,
    "support": 1870.0
  },
  "weighted avg": {
    "precision": 0.7864919591654467,
    "recall": 0.7850267379679144,
    "f1-score": 0.7847124763517082,
    "support": 1870.0
  }
}