{
  "0": {
    "precision": 0.9100917431192661,
    "recall": 0.9063499314755596,
    "f1-score": 0.908216983291371,
    "support": 2189.0
  },
  "1": {
    "precision": 0.7398038203407331,
    "recall": 0.7792278412180533,
    "f1-score": 0.7590042372881356,
    "support": 1839.0
  },
  "2": {
    "precision": 0.8392857142857143,
    "recall": 0.8181818181818182,
    "f1-score": 0.8285994123408423,
    "support": 517.0
  },
  "3": {
    "precision": 0.7823033707865169,
    "recall": 0.7068527918781726,
    "f1-score": 0.7426666666666667,
    "support": 788.0
  },
  "accuracy": 0.8244890305644103,
  "macro avg": {
    "precision": 0.8178711621330575,
    "recall": 0.802653095688401,
    "f1-score": 0.8096218248967539,
    "support": 5333.0
  },
  "weighted avg": {
    "precision": 0.8256245681155393,
    "recall": 0.8244890305644103,
    "f1-score": 0.824583348642648,
    "support": 5333.0
  }
}