{
  "0": {
    "precision": 0.8850931677018633,
    "recall": 0.8809891808346213,
    "f1-score": 0.8830364058869093,
    "support": 647.0
  },
  "1": {
    "precision": 0.6636085626911316,
    "recall": 0.71499176276771,
    "f1-score": 0.6883425852498017,
    "support": 607.0
  },
  "2": {
    "precision": 0.8044444444444444,
    "recall": 0.8418604651162791,
    "f1-score": 0.8227272727272728,
    "support": 215.0
  },
  "3": {
    "precision": 0.792507204610951,
    "recall": 0.685785536159601,
    "f1-score": 0.7352941176470589,
    "support": 401.0
  },
  "accuracy": 0.7807486631016043,
  "macro avg": {
    "precision": 0.7864133448620976,
    "recall": 0.780906736219553,
    "f1-score": 0.7823500953777607,
    "support": 1870.0
  },
  "weighted avg": {
    "precision": 0.7840730597118554,
    "recall": 0.7807486631016043,
    "f1-score": 0.7812234270953445,
    "support": 1870.0
  }
}