{
  "0": {
    "precision": 0.9103585657370518,
    "recall": 0.899016393442623,
    "f1-score": 0.9046519300560871,
    "support": 1525.0
  },
  "1": {
    "precision": 0.7162162162162162,
    "recall": 0.7605740181268882,
    "f1-score": 0.7377289377289378,
    "support": 1324.0
  },
  "2": {
    "precision": 0.8186157517899761,
    "recall": 0.8325242718446602,
    "f1-score": 0.825511432009627,
    "support": 412.0
  },
  "3": {
    "precision": 0.7543859649122807,
    "recall": 0.6638078902229846,
    "f1-score": 0.7062043795620438,
    "support": 583.0
  },
  "accuracy": 0.8085327783558793,
  "macro avg": {
    "precision": 0.7998941246638813,
    "recall": 0.788980643409289,
    "f1-score": 0.793524169839174,
    "support": 3844.0
  },
  "weighted avg": {
    "precision": 0.8100009860303341,
    "recall": 0.8085327783558793,
    "f1-score": 0.8085783481168793,
    "support": 3844.0
  }
}