{
  "0": {
    "precision": 0.8614906832298137,
    "recall": 0.9095081967213114,
    "f1-score": 0.8848484848484849,
    "support": 1525.0
  },
  "1": {
    "precision": 0.0,
    "recall": 0.0,
    "f1-score": 0.0,
    "support": 1324.0
  },
  "2": {
    "precision": 0.6889692585895117,
    "recall": 0.9247572815533981,
    "f1-score": 0.7896373056994819,
    "support": 412.0
  },
  "3": {
    "precision": 0.3325401546698394,
    "recall": 0.9588336192109777,
    "f1-score": 0.49381625441696114,
    "support": 583.0
  },
  "accuracy": 0.6053590010405827,
  "macro avg": {
    "precision": 0.4707500241222912,
    "recall": 0.6982747743714217,
    "f1-score": 0.542075511241232,
    "support": 3844.0
  },
  "weighted avg": {
    "precision": 0.46605086801167045,
    "recall": 0.6053590010405827,
    "f1-score": 0.5105669577698269,
    "support": 3844.0
  }
}