{
  "0": {
    "precision": 0.8930232558139535,
    "recall": 0.8902627511591963,
    "f1-score": 0.891640866873065,
    "support": 647.0
  },
  "1": {
    "precision": 0.6692789968652038,
    "recall": 0.7034596375617792,
    "f1-score": 0.6859437751004016,
    "support": 607.0
  },
  "2": {
    "precision": 0.8101851851851852,
    "recall": 0.813953488372093,
    "f1-score": 0.8120649651972158,
    "support": 215.0
  },
  "3": {
    "precision": 0.7654986522911051,
    "recall": 0.7082294264339152,
    "f1-score": 0.7357512953367875,
    "support": 401.0
  },
  "accuracy": 0.7818181818181819,
  "macro avg": {
    "precision": 0.7844965225388619,
    "recall": 0.7789763258817459,
    "f1-score": 0.7813502256268675,
    "support": 1870.0
  },
  "weighted avg": {
    "precision": 0.783525760423719,
    "recall": 0.7818181818181819,
    "f1-score": 0.782293983583032,
    "support": 1870.0
  }
}