{
  "0": {
    "precision": 0.8947716743878227,
    "recall": 0.8865573770491804,
    "f1-score": 0.8906455862977603,
    "support": 1525.0
  },
  "1": {
    "precision": 0.7444933920704846,
    "recall": 0.6382175226586103,
    "f1-score": 0.6872712484749899,
    "support": 1324.0
  },
  "2": {
    "precision": 0.7288461538461538,
    "recall": 0.9199029126213593,
    "f1-score": 0.8133047210300429,
    "support": 412.0
  },
  "3": {
    "precision": 0.6696165191740413,
    "recall": 0.7787307032590052,
    "f1-score": 0.7200634417129262,
    "support": 583.0
  },
  "accuracy": 0.7882414151925078,
  "macro avg": {
    "precision": 0.7594319348696257,
    "recall": 0.8058521288970388,
    "f1-score": 0.7778212493789298,
    "support": 3844.0
  },
  "weighted avg": {
    "precision": 0.7910788503136921,
    "recall": 0.7882414151925078,
    "f1-score": 0.786436051942764,
    "support": 3844.0
  }
}