{
  "0": {
    "precision": 0.900327868852459,
    "recall": 0.900327868852459,
    "f1-score": 0.900327868852459,
    "support": 1525.0
  },
  "1": {
    "precision": 0.7184191954834157,
    "recall": 0.7688821752265861,
    "f1-score": 0.7427946005107625,
    "support": 1324.0
  },
  "2": {
    "precision": 0.8136792452830188,
    "recall": 0.837378640776699,
    "f1-score": 0.8253588516746412,
    "support": 412.0
  },
  "3": {
    "precision": 0.7928870292887029,
    "recall": 0.6500857632933105,
    "f1-score": 0.7144203581526861,
    "support": 583.0
  },
  "accuracy": 0.8103537981269511,
  "macro avg": {
    "precision": 0.8063283347268991,
    "recall": 0.7891686120372636,
    "f1-score": 0.7957254197976372,
    "support": 3844.0
  },
  "weighted avg": {
    "precision": 0.8120905312049844,
    "recall": 0.8103537981269511,
    "f1-score": 0.809837400304167,
    "support": 3844.0
  }
}