{
  "0": {
    "precision": 0.9028871391076115,
    "recall": 0.9022950819672131,
    "f1-score": 0.9025910134470319,
    "support": 1525.0
  },
  "1": {
    "precision": 0.7208480565371025,
    "recall": 0.770392749244713,
    "f1-score": 0.7447973713033954,
    "support": 1324.0
  },
  "2": {
    "precision": 0.8036951501154734,
    "recall": 0.8446601941747572,
    "f1-score": 0.8236686390532545,
    "support": 412.0
  },
  "3": {
    "precision": 0.7966101694915254,
    "recall": 0.6449399656946827,
    "f1-score": 0.7127962085308057,
    "support": 583.0
  },
  "accuracy": 0.8116545265348595,
  "macro avg": {
    "precision": 0.8060101288129283,
    "recall": 0.7905719977703416,
    "f1-score": 0.7959633080836219,
    "support": 3844.0
  },
  "weighted avg": {
    "precision": 0.8134370043328214,
    "recall": 0.8116545265348595,
    "f1-score": 0.81099757647654,
    "support": 3844.0
  }
}