{
  "0": {
    "precision": 0.9099276791584484,
    "recall": 0.9075409836065573,
    "f1-score": 0.9087327642810243,
    "support": 1525.0
  },
  "1": {
    "precision": 0.720708446866485,
    "recall": 0.7990936555891238,
    "f1-score": 0.7578796561604585,
    "support": 1324.0
  },
  "2": {
    "precision": 0.8488664987405542,
    "recall": 0.8179611650485437,
    "f1-score": 0.8331273176761433,
    "support": 412.0
  },
  "3": {
    "precision": 0.8078602620087336,
    "recall": 0.6346483704974271,
    "f1-score": 0.7108549471661864,
    "support": 583.0
  },
  "accuracy": 0.8191987513007284,
  "macro avg": {
    "precision": 0.8218407216935554,
    "recall": 0.7898110436854129,
    "f1-score": 0.8026486713209531,
    "support": 3844.0
  },
  "weighted avg": {
    "precision": 0.8227297670655722,
    "recall": 0.8191987513007284,
    "f1-score": 0.8186594743406521,
    "support": 3844.0
  }
}