{
  "0": {
    "precision": 0.9098740888005301,
    "recall": 0.900327868852459,
    "f1-score": 0.9050758075148319,
    "support": 1525.0
  },
  "1": {
    "precision": 0.7178423236514523,
    "recall": 0.783987915407855,
    "f1-score": 0.7494584837545126,
    "support": 1324.0
  },
  "2": {
    "precision": 0.8208232445520581,
    "recall": 0.8228155339805825,
    "f1-score": 0.8218181818181818,
    "support": 412.0
  },
  "3": {
    "precision": 0.7962184873949579,
    "recall": 0.6500857632933105,
    "f1-score": 0.7157695939565628,
    "support": 583.0
  },
  "accuracy": 0.8139958376690947,
  "macro avg": {
    "precision": 0.8111895360997495,
    "recall": 0.7893042703835517,
    "f1-score": 0.7980305167610223,
    "support": 3844.0
  },
  "weighted avg": {
    "precision": 0.8169499939755566,
    "recall": 0.8139958376690947,
    "f1-score": 0.8138414160085484,
    "support": 3844.0
  }
}