{
  "0": {
    "precision": 0.9079552925706772,
    "recall": 0.9055737704918033,
    "f1-score": 0.9067629678266579,
    "support": 1525.0
  },
  "1": {
    "precision": 0.7307132459970888,
    "recall": 0.7583081570996979,
    "f1-score": 0.7442550037064493,
    "support": 1324.0
  },
  "2": {
    "precision": 0.8114942528735632,
    "recall": 0.8567961165048543,
    "f1-score": 0.833530106257379,
    "support": 412.0
  },
  "3": {
    "precision": 0.7684824902723736,
    "recall": 0.6775300171526587,
    "f1-score": 0.7201458523245214,
    "support": 583.0
  },
  "accuracy": 0.8150364203954215,
  "macro avg": {
    "precision": 0.8046613204284256,
    "recall": 0.7995520153122536,
    "f1-score": 0.801173482528752,
    "support": 3844.0
  },
  "weighted avg": {
    "precision": 0.8154154742151745,
    "recall": 0.8150364203954215,
    "f1-score": 0.8146375095021404,
    "support": 3844.0
  }
}