{
  "0": {
    "precision": 0.885145482388974,
    "recall": 0.893353941267388,
    "f1-score": 0.8892307692307693,
    "support": 647.0
  },
  "1": {
    "precision": 0.6645865834633385,
    "recall": 0.7018121911037891,
    "f1-score": 0.6826923076923077,
    "support": 607.0
  },
  "2": {
    "precision": 0.8227272727272728,
    "recall": 0.8418604651162791,
    "f1-score": 0.832183908045977,
    "support": 215.0
  },
  "3": {
    "precision": 0.7724719101123596,
    "recall": 0.685785536159601,
    "f1-score": 0.726552179656539,
    "support": 401.0
  },
  "accuracy": 0.7807486631016043,
  "macro avg": {
    "precision": 0.7862328121729862,
    "recall": 0.7807030334117644,
    "f1-score": 0.7826647911563982,
    "support": 1870.0
  },
  "weighted avg": {
    "precision": 0.7822143223846698,
    "recall": 0.7807486631016043,
    "f1-score": 0.7807451886276446,
    "support": 1870.0
  }
}