{
  "0": {
    "precision": 0.9039522058823529,
    "recall": 0.8985838282320694,
    "f1-score": 0.9012600229095075,
    "support": 2189.0
  },
  "1": {
    "precision": 0.7212183789364998,
    "recall": 0.7596519847743338,
    "f1-score": 0.7399364406779662,
    "support": 1839.0
  },
  "2": {
    "precision": 0.8243243243243243,
    "recall": 0.8259187620889749,
    "f1-score": 0.8251207729468599,
    "support": 517.0
  },
  "3": {
    "precision": 0.7635327635327636,
    "recall": 0.6802030456852792,
    "f1-score": 0.7194630872483222,
    "support": 788.0
  },
  "accuracy": 0.8113632102006375,
  "macro avg": {
    "precision": 0.8032569181689853,
    "recall": 0.7910894051951644,
    "f1-score": 0.7964450809456639,
    "support": 5333.0
  },
  "weighted avg": {
    "precision": 0.812471680270052,
    "recall": 0.8113632102006375,
    "f1-score": 0.8113867723459397,
    "support": 5333.0
  }
}