{
  "0": {
    "precision": 0.8839694656488549,
    "recall": 0.8948995363214838,
    "f1-score": 0.8894009216589862,
    "support": 647.0
  },
  "1": {
    "precision": 0.6661466458658346,
    "recall": 0.7034596375617792,
    "f1-score": 0.6842948717948718,
    "support": 607.0
  },
  "2": {
    "precision": 0.8153153153153153,
    "recall": 0.8418604651162791,
    "f1-score": 0.8283752860411899,
    "support": 215.0
  },
  "3": {
    "precision": 0.7784090909090909,
    "recall": 0.683291770573566,
    "f1-score": 0.7277556440903055,
    "support": 401.0
  },
  "accuracy": 0.781283422459893,
  "macro avg": {
    "precision": 0.7859601294347739,
    "recall": 0.780877852393277,
    "f1-score": 0.7824566808963385,
    "support": 1870.0
  },
  "weighted avg": {
    "precision": 0.7827348109961011,
    "recall": 0.781283422459893,
    "f1-score": 0.7811444295571762,
    "support": 1870.0
  }
}