{
  "0": {
    "precision": 0.917180013689254,
    "recall": 0.8786885245901639,
    "f1-score": 0.8975217682518419,
    "support": 1525.0
  },
  "1": {
    "precision": 0.7397590361445783,
    "recall": 0.695619335347432,
    "f1-score": 0.7170105099260412,
    "support": 1324.0
  },
  "2": {
    "precision": 0.7565392354124748,
    "recall": 0.912621359223301,
    "f1-score": 0.8272827282728272,
    "support": 412.0
  },
  "3": {
    "precision": 0.7004680187207488,
    "recall": 0.7701543739279588,
    "f1-score": 0.7336601307189542,
    "support": 583.0
  },
  "accuracy": 0.8028095733610822,
  "macro avg": {
    "precision": 0.778486575991764,
    "recall": 0.814270898272214,
    "f1-score": 0.7938687842924161,
    "support": 3844.0
  },
  "weighted avg": {
    "precision": 0.8059853029749402,
    "recall": 0.8028095733610822,
    "f1-score": 0.8029674692985673,
    "support": 3844.0
  }
}