{
  "0": {
    "precision": 0.9105578607653296,
    "recall": 0.9022384650525354,
    "f1-score": 0.9063790729692519,
    "support": 2189.0
  },
  "1": {
    "precision": 0.7267732267732268,
    "recall": 0.7911908646003263,
    "f1-score": 0.757615204373861,
    "support": 1839.0
  },
  "2": {
    "precision": 0.8297872340425532,
    "recall": 0.8297872340425532,
    "f1-score": 0.8297872340425532,
    "support": 517.0
  },
  "3": {
    "precision": 0.8077519379844961,
    "recall": 0.6611675126903553,
    "f1-score": 0.7271458478715981,
    "support": 788.0
  },
  "accuracy": 0.8213013313332084,
  "macro avg": {
    "precision": 0.8187175648914014,
    "recall": 0.7960960190964425,
    "f1-score": 0.805231839814316,
    "support": 5333.0
  },
  "weighted avg": {
    "precision": 0.8241619441933346,
    "recall": 0.8213013313332084,
    "f1-score": 0.8211717756789879,
    "support": 5333.0
  }
}