{
  "0": {
    "precision": 0.9,
    "recall": 0.8902627511591963,
    "f1-score": 0.8951048951048951,
    "support": 647.0
  },
  "1": {
    "precision": 0.6621004566210046,
    "recall": 0.7166392092257001,
    "f1-score": 0.6882911392405063,
    "support": 607.0
  },
  "2": {
    "precision": 0.8054298642533937,
    "recall": 0.827906976744186,
    "f1-score": 0.8165137614678899,
    "support": 215.0
  },
  "3": {
    "precision": 0.7698863636363636,
    "recall": 0.6758104738154613,
    "f1-score": 0.7197875166002656,
    "support": 401.0
  },
  "accuracy": 0.7807486631016043,
  "macro avg": {
    "precision": 0.7843541711276906,
    "recall": 0.7776548527361359,
    "f1-score": 0.7799243281033892,
    "support": 1870.0
  },
  "weighted avg": {
    "precision": 0.7840036523003269,
    "recall": 0.7807486631016043,
    "f1-score": 0.7813426960022231,
    "support": 1870.0
  }
}