{
  "0": {
    "precision": 0.9095112285336856,
    "recall": 0.9029508196721312,
    "f1-score": 0.9062191510365252,
    "support": 1525.0
  },
  "1": {
    "precision": 0.7251962883654532,
    "recall": 0.7673716012084593,
    "f1-score": 0.7456880733944954,
    "support": 1324.0
  },
  "2": {
    "precision": 0.823943661971831,
    "recall": 0.8519417475728155,
    "f1-score": 0.837708830548926,
    "support": 412.0
  },
  "3": {
    "precision": 0.7693836978131213,
    "recall": 0.6638078902229846,
    "f1-score": 0.712707182320442,
    "support": 583.0
  },
  "accuracy": 0.8145161290322581,
  "macro avg": {
    "precision": 0.8070087191710228,
    "recall": 0.7965180146690976,
    "f1-score": 0.8005808093250971,
    "support": 3844.0
  },
  "weighted avg": {
    "precision": 0.8156035363858415,
    "recall": 0.8145161290322581,
    "f1-score": 0.8142350520249709,
    "support": 3844.0
  }
}