{
  "0": {
    "precision": 0.9080145719489982,
    "recall": 0.910918227501142,
    "f1-score": 0.9094640820980616,
    "support": 2189.0
  },
  "1": {
    "precision": 0.7433903576982893,
    "recall": 0.7797716150081566,
    "f1-score": 0.7611464968152867,
    "support": 1839.0
  },
  "2": {
    "precision": 0.8388349514563107,
    "recall": 0.8355899419729207,
    "f1-score": 0.8372093023255814,
    "support": 517.0
  },
  "3": {
    "precision": 0.7864357864357865,
    "recall": 0.6916243654822335,
    "f1-score": 0.7359891964888589,
    "support": 788.0
  },
  "accuracy": 0.82598912432027,
  "macro avg": {
    "precision": 0.8191689168848462,
    "recall": 0.8044760374911132,
    "f1-score": 0.8109522694319472,
    "support": 5333.0
  },
  "weighted avg": {
    "precision": 0.8265756301177242,
    "recall": 0.82598912432027,
    "f1-score": 0.8256819762781764,
    "support": 5333.0
  }
}