{
  "0": {
    "precision": 0.9125248508946322,
    "recall": 0.9029508196721312,
    "f1-score": 0.9077125906394199,
    "support": 1525.0
  },
  "1": {
    "precision": 0.7228915662650602,
    "recall": 0.770392749244713,
    "f1-score": 0.7458866544789763,
    "support": 1324.0
  },
  "2": {
    "precision": 0.8233890214797136,
    "recall": 0.837378640776699,
    "f1-score": 0.8303249097472925,
    "support": 412.0
  },
  "3": {
    "precision": 0.7663366336633664,
    "recall": 0.6638078902229846,
    "f1-score": 0.7113970588235294,
    "support": 583.0
  },
  "accuracy": 0.8139958376690947,
  "macro avg": {
    "precision": 0.8062855180756932,
    "recall": 0.793632524979132,
    "f1-score": 0.7988303034223044,
    "support": 3844.0
  },
  "weighted avg": {
    "precision": 0.8154837059377311,
    "recall": 0.8139958376690947,
    "f1-score": 0.8139058218952347,
    "support": 3844.0
  }
}