{
  "0": {
    "precision": 0.9102310231023102,
    "recall": 0.9042622950819672,
    "f1-score": 0.9072368421052631,
    "support": 1525.0
  },
  "1": {
    "precision": 0.7241625089094796,
    "recall": 0.7673716012084593,
    "f1-score": 0.7451411807847451,
    "support": 1324.0
  },
  "2": {
    "precision": 0.8242280285035629,
    "recall": 0.8422330097087378,
    "f1-score": 0.8331332533013205,
    "support": 412.0
  },
  "3": {
    "precision": 0.7584158415841584,
    "recall": 0.6569468267581475,
    "f1-score": 0.7040441176470589,
    "support": 583.0
  },
  "accuracy": 0.812955254942768,
  "macro avg": {
    "precision": 0.8042593505248778,
    "recall": 0.7927034331893279,
    "f1-score": 0.7973888484595969,
    "support": 3844.0
  },
  "weighted avg": {
    "precision": 0.8139000664449028,
    "recall": 0.812955254942768,
    "f1-score": 0.812646131248155,
    "support": 3844.0
  }
}