{
  "0": {
    "precision": 0.9099868593955321,
    "recall": 0.9081967213114754,
    "f1-score": 0.9090909090909091,
    "support": 1525.0
  },
  "1": {
    "precision": 0.7262569832402235,
    "recall": 0.7854984894259819,
    "f1-score": 0.7547169811320755,
    "support": 1324.0
  },
  "2": {
    "precision": 0.8415841584158416,
    "recall": 0.8252427184466019,
    "f1-score": 0.8333333333333334,
    "support": 412.0
  },
  "3": {
    "precision": 0.7880658436213992,
    "recall": 0.6569468267581475,
    "f1-score": 0.7165575304022451,
    "support": 583.0
  },
  "accuracy": 0.8189386056191468,
  "macro avg": {
    "precision": 0.8164734611682491,
    "recall": 0.7939711889855516,
    "f1-score": 0.8034246884896408,
    "support": 3844.0
  },
  "weighted avg": {
    "precision": 0.8208817030402822,
    "recall": 0.8189386056191468,
    "f1-score": 0.8185991917118487,
    "support": 3844.0
  }
}