{
  "0": {
    "precision": 0.8853211009174312,
    "recall": 0.8948995363214838,
    "f1-score": 0.8900845503458877,
    "support": 647.0
  },
  "1": {
    "precision": 0.6792452830188679,
    "recall": 0.7116968698517299,
    "f1-score": 0.6950925181013676,
    "support": 607.0
  },
  "2": {
    "precision": 0.8070175438596491,
    "recall": 0.8558139534883721,
    "f1-score": 0.8306997742663657,
    "support": 215.0
  },
  "3": {
    "precision": 0.7954545454545454,
    "recall": 0.6982543640897756,
    "f1-score": 0.7436918990703851,
    "support": 401.0
  },
  "accuracy": 0.7887700534759359,
  "macro avg": {
    "precision": 0.7917596183126234,
    "recall": 0.7901661809378403,
    "f1-score": 0.7898921854460015,
    "support": 1870.0
  },
  "weighted avg": {
    "precision": 0.7901554458519402,
    "recall": 0.7887700534759359,
    "f1-score": 0.788570462864071,
    "support": 1870.0
  }
}