{
  "0": {
    "precision": 0.9143251957623215,
    "recall": 0.9068067610781179,
    "f1-score": 0.9105504587155964,
    "support": 2189.0
  },
  "1": {
    "precision": 0.7394002068252327,
    "recall": 0.7775965198477434,
    "f1-score": 0.7580174927113703,
    "support": 1839.0
  },
  "2": {
    "precision": 0.8242990654205608,
    "recall": 0.8529980657640233,
    "f1-score": 0.8384030418250951,
    "support": 517.0
  },
  "3": {
    "precision": 0.7878787878787878,
    "recall": 0.6928934010152284,
    "f1-score": 0.7373396353814989,
    "support": 788.0
  },
  "accuracy": 0.8254265891618227,
  "macro avg": {
    "precision": 0.8164758139717256,
    "recall": 0.8075736869262783,
    "f1-score": 0.8110776571583902,
    "support": 5333.0
  },
  "weighted avg": {
    "precision": 0.8265940250414849,
    "recall": 0.8254265891618227,
    "f1-score": 0.8253641718599,
    "support": 5333.0
  }
}