{
  "0": {
    "precision": 0.8918083462132921,
    "recall": 0.8918083462132921,
    "f1-score": 0.8918083462132921,
    "support": 647.0
  },
  "1": {
    "precision": 0.6666666666666666,
    "recall": 0.7116968698517299,
    "f1-score": 0.6884462151394423,
    "support": 607.0
  },
  "2": {
    "precision": 0.8127853881278538,
    "recall": 0.827906976744186,
    "f1-score": 0.8202764976958525,
    "support": 215.0
  },
  "3": {
    "precision": 0.7752808988764045,
    "recall": 0.6882793017456359,
    "f1-score": 0.7291941875825627,
    "support": 401.0
  },
  "accuracy": 0.7823529411764706,
  "macro avg": {
    "precision": 0.7866353249710543,
    "recall": 0.7799228736387109,
    "f1-score": 0.7824313116577875,
    "support": 1870.0
  },
  "weighted avg": {
    "precision": 0.784654099231868,
    "recall": 0.7823529411764706,
    "f1-score": 0.7827022293127579,
    "support": 1870.0
  }
}