{
  "0": {
    "precision": 0.9031413612565445,
    "recall": 0.9049180327868852,
    "f1-score": 0.9040288241074353,
    "support": 1525.0
  },
  "1": {
    "precision": 0.7019167217448777,
    "recall": 0.8021148036253777,
    "f1-score": 0.7486781811773,
    "support": 1324.0
  },
  "2": {
    "precision": 0.8518518518518519,
    "recall": 0.7815533980582524,
    "f1-score": 0.8151898734177215,
    "support": 412.0
  },
  "3": {
    "precision": 0.8023529411764706,
    "recall": 0.5849056603773585,
    "f1-score": 0.6765873015873016,
    "support": 583.0
  },
  "accuracy": 0.8077523413111343,
  "macro avg": {
    "precision": 0.8148157190074362,
    "recall": 0.7683729737119684,
    "f1-score": 0.7861210450724396,
    "support": 3844.0
  },
  "weighted avg": {
    "precision": 0.8130496990570483,
    "recall": 0.8077523413111343,
    "f1-score": 0.8065042906649539,
    "support": 3844.0
  }
}