{
  "0": {
    "precision": 0.8464079273327828,
    "recall": 0.9365006852444039,
    "f1-score": 0.8891780524831924,
    "support": 2189.0
  },
  "1": {
    "precision": 0.546572934973638,
    "recall": 0.845568243610658,
    "f1-score": 0.6639624252775406,
    "support": 1839.0
  },
  "2": {
    "precision": 0.0,
    "recall": 0.0,
    "f1-score": 0.0,
    "support": 517.0
  },
  "3": {
    "precision": 0.9848484848484849,
    "recall": 0.08248730964467005,
    "f1-score": 0.1522248243559719,
    "support": 788.0
  },
  "accuracy": 0.6881680105006563,
  "macro avg": {
    "precision": 0.5944573367887265,
    "recall": 0.466139059624933,
    "f1-score": 0.4263413255291762,
    "support": 5333.0
  },
  "weighted avg": {
    "precision": 0.6814166859944849,
    "recall": 0.6881680105006563,
    "f1-score": 0.6164243049997394,
    "support": 5333.0
  }
}