{
  "0": {
    "precision": 0.8962818003913894,
    "recall": 0.9009836065573771,
    "f1-score": 0.8986265533028123,
    "support": 1525.0
  },
  "1": {
    "precision": 0.6918489065606361,
    "recall": 0.7885196374622356,
    "f1-score": 0.737027885633604,
    "support": 1324.0
  },
  "2": {
    "precision": 0.8592375366568915,
    "recall": 0.7111650485436893,
    "f1-score": 0.7782204515272244,
    "support": 412.0
  },
  "3": {
    "precision": 0.7657266811279827,
    "recall": 0.6054888507718696,
    "f1-score": 0.6762452107279694,
    "support": 583.0
  },
  "accuracy": 0.7970863683662851,
  "macro avg": {
    "precision": 0.803273731184225,
    "recall": 0.7515392858337929,
    "f1-score": 0.7725300252979025,
    "support": 3844.0
  },
  "weighted avg": {
    "precision": 0.8020973512183673,
    "recall": 0.7970863683662851,
    "f1-score": 0.7963340786288509,
    "support": 3844.0
  }
}