{
  "0": {
    "precision": 0.8880368098159509,
    "recall": 0.8948995363214838,
    "f1-score": 0.8914549653579676,
    "support": 647.0
  },
  "1": {
    "precision": 0.6666666666666666,
    "recall": 0.7051070840197694,
    "f1-score": 0.6853482786228983,
    "support": 607.0
  },
  "2": {
    "precision": 0.8088888888888889,
    "recall": 0.8465116279069768,
    "f1-score": 0.8272727272727273,
    "support": 215.0
  },
  "3": {
    "precision": 0.7834757834757835,
    "recall": 0.685785536159601,
    "f1-score": 0.7313829787234043,
    "support": 401.0
  },
  "accuracy": 0.7828877005347593,
  "macro avg": {
    "precision": 0.7867670372118225,
    "recall": 0.7830759461019576,
    "f1-score": 0.7838647374942493,
    "support": 1870.0
  },
  "weighted avg": {
    "precision": 0.7846584935307418,
    "recall": 0.7828877005347593,
    "f1-score": 0.7828481168676074,
    "support": 1870.0
  }
}