{
  "0": {
    "precision": 0.9105367793240556,
    "recall": 0.9009836065573771,
    "f1-score": 0.9057350032959789,
    "support": 1525.0
  },
  "1": {
    "precision": 0.7206506364922206,
    "recall": 0.7696374622356495,
    "f1-score": 0.7443389335281227,
    "support": 1324.0
  },
  "2": {
    "precision": 0.8207547169811321,
    "recall": 0.8446601941747572,
    "f1-score": 0.8325358851674641,
    "support": 412.0
  },
  "3": {
    "precision": 0.7706237424547284,
    "recall": 0.6569468267581475,
    "f1-score": 0.7092592592592593,
    "support": 583.0
  },
  "accuracy": 0.8126951092611863,
  "macro avg": {
    "precision": 0.8056414688130342,
    "recall": 0.7930570224314828,
    "f1-score": 0.7979672703127063,
    "support": 3844.0
  },
  "weighted avg": {
    "precision": 0.8142910032341878,
    "recall": 0.8126951092611863,
    "f1-score": 0.8125009263409848,
    "support": 3844.0
  }
}