{
  "0": {
    "precision": 0.9496669133974833,
    "recall": 0.8413114754098361,
    "f1-score": 0.89221140472879,
    "support": 1525.0
  },
  "1": {
    "precision": 0.7127507163323782,
    "recall": 0.7515105740181269,
    "f1-score": 0.7316176470588235,
    "support": 1324.0
  },
  "2": {
    "precision": 0.7121495327102804,
    "recall": 0.9247572815533981,
    "f1-score": 0.8046462513199577,
    "support": 412.0
  },
  "3": {
    "precision": 0.7384341637010676,
    "recall": 0.7118353344768439,
    "f1-score": 0.7248908296943232,
    "support": 583.0
  },
  "accuracy": 0.799687825182102,
  "macro avg": {
    "precision": 0.7782503315353024,
    "recall": 0.8073536663645512,
    "f1-score": 0.7883415332004736,
    "support": 3844.0
  },
  "weighted avg": {
    "precision": 0.8105714662511937,
    "recall": 0.799687825182102,
    "f1-score": 0.8021357352166752,
    "support": 3844.0
  }
}