{
  "0": {
    "precision": 0.9033311561071196,
    "recall": 0.9068852459016393,
    "f1-score": 0.9051047120418848,
    "support": 1525.0
  },
  "1": {
    "precision": 0.7237215909090909,
    "recall": 0.7696374622356495,
    "f1-score": 0.7459736456808199,
    "support": 1324.0
  },
  "2": {
    "precision": 0.8205741626794258,
    "recall": 0.8325242718446602,
    "f1-score": 0.8265060240963855,
    "support": 412.0
  },
  "3": {
    "precision": 0.7823408624229979,
    "recall": 0.6535162950257289,
    "f1-score": 0.7121495327102804,
    "support": 583.0
  },
  "accuracy": 0.8132154006243496,
  "macro avg": {
    "precision": 0.8074919430296587,
    "recall": 0.7906408187519195,
    "f1-score": 0.7974334786323427,
    "support": 3844.0
  },
  "weighted avg": {
    "precision": 0.8142478348708441,
    "recall": 0.8132154006243496,
    "f1-score": 0.8126059969414892,
    "support": 3844.0
  }
}