{
  "0": {
    "precision": 0.9110671936758893,
    "recall": 0.9068852459016393,
    "f1-score": 0.9089714097929674,
    "support": 1525.0
  },
  "1": {
    "precision": 0.7213793103448276,
    "recall": 0.7900302114803626,
    "f1-score": 0.7541456380677721,
    "support": 1324.0
  },
  "2": {
    "precision": 0.8399014778325123,
    "recall": 0.8276699029126213,
    "f1-score": 0.8337408312958435,
    "support": 412.0
  },
  "3": {
    "precision": 0.7914893617021277,
    "recall": 0.6380789022298456,
    "f1-score": 0.7065527065527065,
    "support": 583.0
  },
  "accuracy": 0.8173777315296566,
  "macro avg": {
    "precision": 0.8159593358888393,
    "recall": 0.7906660656311172,
    "f1-score": 0.8008526464273223,
    "support": 3844.0
  },
  "weighted avg": {
    "precision": 0.8199691425576532,
    "recall": 0.8173777315296566,
    "f1-score": 0.8168812890609054,
    "support": 3844.0
  }
}