{
  "0": {
    "precision": 0.8868501529051988,
    "recall": 0.8964451313755796,
    "f1-score": 0.8916218293620292,
    "support": 647.0
  },
  "1": {
    "precision": 0.6776729559748428,
    "recall": 0.7100494233937397,
    "f1-score": 0.6934835076427996,
    "support": 607.0
  },
  "2": {
    "precision": 0.8080357142857143,
    "recall": 0.8418604651162791,
    "f1-score": 0.8246013667425968,
    "support": 215.0
  },
  "3": {
    "precision": 0.7893258426966292,
    "recall": 0.7007481296758105,
    "f1-score": 0.7424042272126816,
    "support": 401.0
  },
  "accuracy": 0.7877005347593583,
  "macro avg": {
    "precision": 0.7904711664655962,
    "recall": 0.7872757873903522,
    "f1-score": 0.7880277327400268,
    "support": 1870.0
  },
  "weighted avg": {
    "precision": 0.7889769383418022,
    "recall": 0.7877005347593583,
    "f1-score": 0.7876027816568748,
    "support": 1870.0
  }
}