{
  "0": {
    "precision": 0.9131875414181577,
    "recall": 0.9036065573770492,
    "f1-score": 0.9083717864205669,
    "support": 1525.0
  },
  "1": {
    "precision": 0.7239221140472879,
    "recall": 0.7862537764350453,
    "f1-score": 0.7538015930485156,
    "support": 1324.0
  },
  "2": {
    "precision": 0.8329297820823245,
    "recall": 0.8349514563106796,
    "f1-score": 0.833939393939394,
    "support": 412.0
  },
  "3": {
    "precision": 0.7871900826446281,
    "recall": 0.6535162950257289,
    "f1-score": 0.7141518275538894,
    "support": 583.0
  },
  "accuracy": 0.81789802289282,
  "macro avg": {
    "precision": 0.8143073800480995,
    "recall": 0.7945820212871257,
    "f1-score": 0.8025661502405914,
    "support": 3844.0
  },
  "weighted avg": {
    "precision": 0.8202868803488645,
    "recall": 0.81789802289282,
    "f1-score": 0.8176987068820362,
    "support": 3844.0
  }
}