{
  "0": {
    "precision": 0.9127056672760512,
    "recall": 0.9122887163088168,
    "f1-score": 0.9124971441626685,
    "support": 2189.0
  },
  "1": {
    "precision": 0.7434827945776851,
    "recall": 0.7754214246873301,
    "f1-score": 0.7591163162097418,
    "support": 1839.0
  },
  "2": {
    "precision": 0.8266666666666667,
    "recall": 0.839458413926499,
    "f1-score": 0.8330134357005758,
    "support": 517.0
  },
  "3": {
    "precision": 0.7849002849002849,
    "recall": 0.699238578680203,
    "f1-score": 0.7395973154362416,
    "support": 788.0
  },
  "accuracy": 0.8265516594787174,
  "macro avg": {
    "precision": 0.816938853355172,
    "recall": 0.8066017834007122,
    "f1-score": 0.811056052877307,
    "support": 5333.0
  },
  "weighted avg": {
    "precision": 0.8271265059185694,
    "recall": 0.8265516594787174,
    "f1-score": 0.8263532317462502,
    "support": 5333.0
  }
}