{
  "0": {
    "precision": 0.9105960264900662,
    "recall": 0.9016393442622951,
    "f1-score": 0.9060955518945635,
    "support": 1525.0
  },
  "1": {
    "precision": 0.7249466950959488,
    "recall": 0.770392749244713,
    "f1-score": 0.74697912852435,
    "support": 1324.0
  },
  "2": {
    "precision": 0.8333333333333334,
    "recall": 0.837378640776699,
    "f1-score": 0.8353510895883777,
    "support": 412.0
  },
  "3": {
    "precision": 0.7660818713450293,
    "recall": 0.6740994854202401,
    "f1-score": 0.7171532846715328,
    "support": 583.0
  },
  "accuracy": 0.8150364203954215,
  "macro avg": {
    "precision": 0.8087394815660944,
    "recall": 0.7958775549259868,
    "f1-score": 0.801394763669706,
    "support": 3844.0
  },
  "weighted avg": {
    "precision": 0.8164535455337858,
    "recall": 0.8150364203954215,
    "f1-score": 0.8150523144327169,
    "support": 3844.0
  }
}