{
  "0": {
    "precision": 0.9131875414181577,
    "recall": 0.9036065573770492,
    "f1-score": 0.9083717864205669,
    "support": 1525.0
  },
  "1": {
    "precision": 0.7204968944099379,
    "recall": 0.7885196374622356,
    "f1-score": 0.7529751172015867,
    "support": 1324.0
  },
  "2": {
    "precision": 0.8422330097087378,
    "recall": 0.8422330097087378,
    "f1-score": 0.8422330097087378,
    "support": 412.0
  },
  "3": {
    "precision": 0.7869198312236287,
    "recall": 0.6397941680960549,
    "f1-score": 0.7057710501419111,
    "support": 583.0
  },
  "accuracy": 0.8173777315296566,
  "macro avg": {
    "precision": 0.8157093191901155,
    "recall": 0.7935383431610193,
    "f1-score": 0.8023377408682005,
    "support": 3844.0
  },
  "weighted avg": {
    "precision": 0.8200632545433985,
    "recall": 0.8173777315296566,
    "f1-score": 0.8170318812952652,
    "support": 3844.0
  }
}