{
  "0": {
    "precision": 0.9078249336870027,
    "recall": 0.8977049180327868,
    "f1-score": 0.9027365644576327,
    "support": 1525.0
  },
  "1": {
    "precision": 0.7162162162162162,
    "recall": 0.7605740181268882,
    "f1-score": 0.7377289377289378,
    "support": 1324.0
  },
  "2": {
    "precision": 0.8207547169811321,
    "recall": 0.8446601941747572,
    "f1-score": 0.8325358851674641,
    "support": 412.0
  },
  "3": {
    "precision": 0.758893280632411,
    "recall": 0.6586620926243568,
    "f1-score": 0.7052341597796143,
    "support": 583.0
  },
  "accuracy": 0.8085327783558793,
  "macro avg": {
    "precision": 0.8009222868791905,
    "recall": 0.7904003057396972,
    "f1-score": 0.7945588867834122,
    "support": 3844.0
  },
  "weighted avg": {
    "precision": 0.8099086941071465,
    "recall": 0.8085327783558793,
    "f1-score": 0.808424212848989,
    "support": 3844.0
  }
}