{
  "0": {
    "precision": 0.9137931034482759,
    "recall": 0.9036065573770492,
    "f1-score": 0.9086712825585229,
    "support": 1525.0
  },
  "1": {
    "precision": 0.7206896551724138,
    "recall": 0.7892749244712991,
    "f1-score": 0.7534246575342466,
    "support": 1324.0
  },
  "2": {
    "precision": 0.8422330097087378,
    "recall": 0.8422330097087378,
    "f1-score": 0.8422330097087378,
    "support": 412.0
  },
  "3": {
    "precision": 0.7869198312236287,
    "recall": 0.6397941680960549,
    "f1-score": 0.7057710501419111,
    "support": 583.0
  },
  "accuracy": 0.8176378772112383,
  "macro avg": {
    "precision": 0.815908899888264,
    "recall": 0.7937271649132852,
    "f1-score": 0.8025249999858546,
    "support": 3844.0
  },
  "weighted avg": {
    "precision": 0.8203698875677087,
    "recall": 0.8176378772112383,
    "f1-score": 0.8173055345238875,
    "support": 3844.0
  }
}