{
  "0": {
    "precision": 0.9065606361829026,
    "recall": 0.8970491803278688,
    "f1-score": 0.9017798286090969,
    "support": 1525.0
  },
  "1": {
    "precision": 0.7161693268563497,
    "recall": 0.7794561933534743,
    "f1-score": 0.7464737793851718,
    "support": 1324.0
  },
  "2": {
    "precision": 0.8236714975845411,
    "recall": 0.8276699029126213,
    "f1-score": 0.8256658595641646,
    "support": 412.0
  },
  "3": {
    "precision": 0.7916666666666666,
    "recall": 0.6518010291595198,
    "f1-score": 0.7149576669802445,
    "support": 583.0
  },
  "accuracy": 0.8119146722164412,
  "macro avg": {
    "precision": 0.809517031822615,
    "recall": 0.7889940764383712,
    "f1-score": 0.7972192836346694,
    "support": 3844.0
  },
  "weighted avg": {
    "precision": 0.8146741630094253,
    "recall": 0.8119146722164412,
    "f1-score": 0.8117950511250673,
    "support": 3844.0
  }
}