{
  "0": {
    "precision": 0.9036303630363036,
    "recall": 0.8977049180327868,
    "f1-score": 0.9006578947368421,
    "support": 1525.0
  },
  "1": {
    "precision": 0.7104539202200826,
    "recall": 0.7802114803625377,
    "f1-score": 0.7437005039596832,
    "support": 1324.0
  },
  "2": {
    "precision": 0.8203883495145631,
    "recall": 0.8203883495145631,
    "f1-score": 0.8203883495145631,
    "support": 412.0
  },
  "3": {
    "precision": 0.8034557235421166,
    "recall": 0.6380789022298456,
    "f1-score": 0.7112810707456979,
    "support": 583.0
  },
  "accuracy": 0.809573361082206,
  "macro avg": {
    "precision": 0.8094820890782665,
    "recall": 0.7840959125349333,
    "f1-score": 0.7940069547391966,
    "support": 3844.0
  },
  "weighted avg": {
    "precision": 0.81297918335765,
    "recall": 0.809573361082206,
    "f1-score": 0.8092714934862245,
    "support": 3844.0
  }
}