{
  "0": {
    "precision": 0.8695652173913043,
    "recall": 0.8964451313755796,
    "f1-score": 0.882800608828006,
    "support": 647.0
  },
  "1": {
    "precision": 0.6672025723472669,
    "recall": 0.6836902800658978,
    "f1-score": 0.6753458096013019,
    "support": 607.0
  },
  "2": {
    "precision": 0.8071748878923767,
    "recall": 0.8372093023255814,
    "f1-score": 0.821917808219178,
    "support": 215.0
  },
  "3": {
    "precision": 0.7849162011173184,
    "recall": 0.7007481296758105,
    "f1-score": 0.7404479578392622,
    "support": 401.0
  },
  "accuracy": 0.7786096256684492,
  "macro avg": {
    "precision": 0.7822147196870666,
    "recall": 0.7795232108607173,
    "f1-score": 0.780128046121937,
    "support": 1870.0
  },
  "weighted avg": {
    "precision": 0.7785532912362944,
    "recall": 0.7786096256684492,
    "f1-score": 0.7779352193584906,
    "support": 1870.0
  }
}