{
  "0": {
    "precision": 0.9106733852496565,
    "recall": 0.9081772498857926,
    "f1-score": 0.909423604757548,
    "support": 2189.0
  },
  "1": {
    "precision": 0.7398248325605358,
    "recall": 0.7808591625883632,
    "f1-score": 0.7597883597883598,
    "support": 1839.0
  },
  "2": {
    "precision": 0.822429906542056,
    "recall": 0.851063829787234,
    "f1-score": 0.8365019011406845,
    "support": 517.0
  },
  "3": {
    "precision": 0.7937685459940653,
    "recall": 0.6789340101522843,
    "f1-score": 0.7318741450068399,
    "support": 788.0
  },
  "accuracy": 0.8248640540033753,
  "macro avg": {
    "precision": 0.8166741675865785,
    "recall": 0.8047585631034185,
    "f1-score": 0.809397002673358,
    "support": 5333.0
  },
  "weighted avg": {
    "precision": 0.8259305800329814,
    "recall": 0.8248640540033753,
    "f1-score": 0.8245204150797282,
    "support": 5333.0
  }
}