{
  "0": {
    "precision": 0.9111405835543767,
    "recall": 0.9009836065573771,
    "f1-score": 0.9060336300692384,
    "support": 1525.0
  },
  "1": {
    "precision": 0.7257264351523742,
    "recall": 0.7734138972809668,
    "f1-score": 0.7488117001828154,
    "support": 1324.0
  },
  "2": {
    "precision": 0.8300970873786407,
    "recall": 0.8300970873786407,
    "f1-score": 0.8300970873786407,
    "support": 412.0
  },
  "3": {
    "precision": 0.7699805068226121,
    "recall": 0.6775300171526587,
    "f1-score": 0.7208029197080292,
    "support": 583.0
  },
  "accuracy": 0.8155567117585848,
  "macro avg": {
    "precision": 0.8092361532270009,
    "recall": 0.7955061520924108,
    "f1-score": 0.801436334334681,
    "support": 3844.0
  },
  "weighted avg": {
    "precision": 0.8171825768833899,
    "recall": 0.8155567117585848,
    "f1-score": 0.815649344195478,
    "support": 3844.0
  }
}