{
  "0": {
    "precision": 0.9056728232189973,
    "recall": 0.900327868852459,
    "f1-score": 0.9029924366984544,
    "support": 1525.0
  },
  "1": {
    "precision": 0.7174066243833686,
    "recall": 0.7688821752265861,
    "f1-score": 0.7422530076558512,
    "support": 1324.0
  },
  "2": {
    "precision": 0.8197115384615384,
    "recall": 0.8276699029126213,
    "f1-score": 0.8236714975845411,
    "support": 412.0
  },
  "3": {
    "precision": 0.7789046653144016,
    "recall": 0.6586620926243568,
    "f1-score": 0.7137546468401487,
    "support": 583.0
  },
  "accuracy": 0.8106139438085328,
  "macro avg": {
    "precision": 0.8054239128445765,
    "recall": 0.7888855099040057,
    "f1-score": 0.7956678971947488,
    "support": 3844.0
  },
  "weighted avg": {
    "precision": 0.8123881373093135,
    "recall": 0.8106139438085328,
    "f1-score": 0.8104261353314588,
    "support": 3844.0
  }
}