{
  "0": {
    "precision": 0.8896820246593121,
    "recall": 0.899016393442623,
    "f1-score": 0.8943248532289628,
    "support": 1525.0
  },
  "1": {
    "precision": 0.6993243243243243,
    "recall": 0.7817220543806647,
    "f1-score": 0.7382310984308131,
    "support": 1324.0
  },
  "2": {
    "precision": 0.8328981723237598,
    "recall": 0.7742718446601942,
    "f1-score": 0.8025157232704403,
    "support": 412.0
  },
  "3": {
    "precision": 0.8113636363636364,
    "recall": 0.6123499142367067,
    "f1-score": 0.6979472140762464,
    "support": 583.0
  },
  "accuracy": 0.8017689906347555,
  "macro avg": {
    "precision": 0.8083170394177582,
    "recall": 0.7668400516800471,
    "f1-score": 0.7832547222516157,
    "support": 3844.0
  },
  "weighted avg": {
    "precision": 0.8061523257045383,
    "recall": 0.8017689906347555,
    "f1-score": 0.8009373255178039,
    "support": 3844.0
  }
}