{
  "0": {
    "precision": 0.891640866873065,
    "recall": 0.8902627511591963,
    "f1-score": 0.8909512761020881,
    "support": 647.0
  },
  "1": {
    "precision": 0.6661631419939577,
    "recall": 0.7265238879736409,
    "f1-score": 0.6950354609929078,
    "support": 607.0
  },
  "2": {
    "precision": 0.8119266055045872,
    "recall": 0.8232558139534883,
    "f1-score": 0.8175519630484989,
    "support": 215.0
  },
  "3": {
    "precision": 0.7936046511627907,
    "recall": 0.6807980049875312,
    "f1-score": 0.7328859060402685,
    "support": 401.0
  },
  "accuracy": 0.7844919786096257,
  "macro avg": {
    "precision": 0.7908338163836001,
    "recall": 0.7802101145184641,
    "f1-score": 0.7841061515459408,
    "support": 1870.0
  },
  "weighted avg": {
    "precision": 0.7882632905652249,
    "recall": 0.7844919786096257,
    "f1-score": 0.7850229523199578,
    "support": 1870.0
  }
}