{
  "0": {
    "precision": 0.9088489687292083,
    "recall": 0.8957377049180328,
    "f1-score": 0.9022457067371202,
    "support": 1525.0
  },
  "1": {
    "precision": 0.7176799440950384,
    "recall": 0.775679758308157,
    "f1-score": 0.7455535390199637,
    "support": 1324.0
  },
  "2": {
    "precision": 0.815347721822542,
    "recall": 0.8252427184466019,
    "f1-score": 0.8202653799758746,
    "support": 412.0
  },
  "3": {
    "precision": 0.7910750507099391,
    "recall": 0.6689536878216124,
    "f1-score": 0.724907063197026,
    "support": 583.0
  },
  "accuracy": 0.8124349635796045,
  "macro avg": {
    "precision": 0.808237921339182,
    "recall": 0.791403467373601,
    "f1-score": 0.7982429222324963,
    "support": 3844.0
  },
  "weighted avg": {
    "precision": 0.8151204316463724,
    "recall": 0.8124349635796045,
    "f1-score": 0.8125930652524627,
    "support": 3844.0
  }
}