{
  "0": {
    "precision": 0.8860182370820668,
    "recall": 0.9010819165378671,
    "f1-score": 0.8934865900383142,
    "support": 647.0
  },
  "1": {
    "precision": 0.668769716088328,
    "recall": 0.6985172981878089,
    "f1-score": 0.6833199033037872,
    "support": 607.0
  },
  "2": {
    "precision": 0.8063063063063063,
    "recall": 0.8325581395348837,
    "f1-score": 0.8192219679633868,
    "support": 215.0
  },
  "3": {
    "precision": 0.7696629213483146,
    "recall": 0.683291770573566,
    "f1-score": 0.7239101717305152,
    "support": 401.0
  },
  "accuracy": 0.7807486631016043,
  "macro avg": {
    "precision": 0.7826892952062539,
    "recall": 0.7788622812085314,
    "f1-score": 0.7799846582590009,
    "support": 1870.0
  },
  "weighted avg": {
    "precision": 0.781383799130611,
    "recall": 0.7807486631016043,
    "f1-score": 0.7803645492172476,
    "support": 1870.0
  }
}