{
  "0": {
    "precision": 0.8792048929663608,
    "recall": 0.8887171561051005,
    "f1-score": 0.883935434281322,
    "support": 647.0
  },
  "1": {
    "precision": 0.6557632398753894,
    "recall": 0.6935749588138386,
    "f1-score": 0.6741393114491593,
    "support": 607.0
  },
  "2": {
    "precision": 0.8,
    "recall": 0.7441860465116279,
    "f1-score": 0.7710843373493976,
    "support": 215.0
  },
  "3": {
    "precision": 0.7513368983957219,
    "recall": 0.7007481296758105,
    "f1-score": 0.7251612903225807,
    "support": 401.0
  },
  "accuracy": 0.7684491978609626,
  "macro avg": {
    "precision": 0.771576257809368,
    "recall": 0.7568065727765944,
    "f1-score": 0.7635800933506148,
    "support": 1870.0
  },
  "weighted avg": {
    "precision": 0.7701497051391879,
    "recall": 0.7684491978609626,
    "f1-score": 0.7688136887588932,
    "support": 1870.0
  }
}