{
  "0": {
    "precision": 0.919981498612396,
    "recall": 0.9086340794883508,
    "f1-score": 0.9142725810158584,
    "support": 2189.0
  },
  "1": {
    "precision": 0.7357926221335992,
    "recall": 0.802610114192496,
    "f1-score": 0.7677503250975293,
    "support": 1839.0
  },
  "2": {
    "precision": 0.8217636022514071,
    "recall": 0.8471953578336557,
    "f1-score": 0.8342857142857143,
    "support": 517.0
  },
  "3": {
    "precision": 0.8117088607594937,
    "recall": 0.6510152284263959,
    "f1-score": 0.7225352112676057,
    "support": 788.0
  },
  "accuracy": 0.8280517532345771,
  "macro avg": {
    "precision": 0.822311645939224,
    "recall": 0.8023636949852246,
    "f1-score": 0.809710957916677,
    "support": 5333.0
  },
  "weighted avg": {
    "precision": 0.8309470274158414,
    "recall": 0.8280517532345771,
    "f1-score": 0.8276615391829474,
    "support": 5333.0
  }
}