{
  "0": {
    "precision": 0.9108322324966975,
    "recall": 0.9042622950819672,
    "f1-score": 0.9075353734781179,
    "support": 1525.0
  },
  "1": {
    "precision": 0.7214035087719298,
    "recall": 0.7764350453172205,
    "f1-score": 0.7479083303019279,
    "support": 1324.0
  },
  "2": {
    "precision": 0.8181818181818182,
    "recall": 0.8300970873786407,
    "f1-score": 0.8240963855421687,
    "support": 412.0
  },
  "3": {
    "precision": 0.784394250513347,
    "recall": 0.6552315608919382,
    "f1-score": 0.7140186915887851,
    "support": 583.0
  },
  "accuracy": 0.8145161290322581,
  "macro avg": {
    "precision": 0.8087029524909481,
    "recall": 0.7915064971674417,
    "f1-score": 0.7983896952277499,
    "support": 3844.0
  },
  "weighted avg": {
    "precision": 0.8164802698521565,
    "recall": 0.8145161290322581,
    "f1-score": 0.814261883952528,
    "support": 3844.0
  }
}