{
  "0": {
    "precision": 0.8873456790123457,
    "recall": 0.8887171561051005,
    "f1-score": 0.888030888030888,
    "support": 647.0
  },
  "1": {
    "precision": 0.6666666666666666,
    "recall": 0.7116968698517299,
    "f1-score": 0.6884462151394423,
    "support": 607.0
  },
  "2": {
    "precision": 0.8116591928251121,
    "recall": 0.8418604651162791,
    "f1-score": 0.8264840182648402,
    "support": 215.0
  },
  "3": {
    "precision": 0.7891737891737892,
    "recall": 0.6907730673316709,
    "f1-score": 0.7367021276595744,
    "support": 401.0
  },
  "accuracy": 0.7834224598930482,
  "macro avg": {
    "precision": 0.7887113319194784,
    "recall": 0.7832618896011951,
    "f1-score": 0.7849158122736861,
    "support": 1870.0
  },
  "weighted avg": {
    "precision": 0.7859597523549426,
    "recall": 0.7834224598930482,
    "f1-score": 0.7837189594994951,
    "support": 1870.0
  }
}