{
  "0": {
    "precision": 0.9104204753199269,
    "recall": 0.9100045682960256,
    "f1-score": 0.910212474297464,
    "support": 2189.0
  },
  "1": {
    "precision": 0.7320872274143302,
    "recall": 0.766721044045677,
    "f1-score": 0.749003984063745,
    "support": 1839.0
  },
  "2": {
    "precision": 0.822265625,
    "recall": 0.8143133462282398,
    "f1-score": 0.8182701652089407,
    "support": 517.0
  },
  "3": {
    "precision": 0.7694483734087695,
    "recall": 0.6903553299492385,
    "f1-score": 0.7277591973244147,
    "support": 788.0
  },
  "accuracy": 0.8188636789799363,
  "macro avg": {
    "precision": 0.8085554252857566,
    "recall": 0.7953485721297952,
    "f1-score": 0.8013114552236411,
    "support": 5333.0
  },
  "weighted avg": {
    "precision": 0.8195491239567567,
    "recall": 0.8188636789799363,
    "f1-score": 0.8187499260894499,
    "support": 5333.0
  }
}