{
  "0": {
    "precision": 0.9093893630991464,
    "recall": 0.9081967213114754,
    "f1-score": 0.9087926509186351,
    "support": 1525.0
  },
  "1": {
    "precision": 0.7056504599211564,
    "recall": 0.8111782477341389,
    "f1-score": 0.7547434996486296,
    "support": 1324.0
  },
  "2": {
    "precision": 0.8598382749326146,
    "recall": 0.7742718446601942,
    "f1-score": 0.8148148148148148,
    "support": 412.0
  },
  "3": {
    "precision": 0.8154205607476636,
    "recall": 0.5986277873070326,
    "f1-score": 0.6904055390702275,
    "support": 583.0
  },
  "accuracy": 0.8134755463059313,
  "macro avg": {
    "precision": 0.8225746646751452,
    "recall": 0.7730686502532103,
    "f1-score": 0.7921891261130767,
    "support": 3844.0
  },
  "weighted avg": {
    "precision": 0.8196523267039371,
    "recall": 0.8134755463059313,
    "f1-score": 0.8125388447365637,
    "support": 3844.0
  }
}