{
  "0": {
    "precision": 0.8880368098159509,
    "recall": 0.8948995363214838,
    "f1-score": 0.8914549653579676,
    "support": 647.0
  },
  "1": {
    "precision": 0.6730158730158731,
    "recall": 0.6985172981878089,
    "f1-score": 0.6855295068714632,
    "support": 607.0
  },
  "2": {
    "precision": 0.8127853881278538,
    "recall": 0.827906976744186,
    "f1-score": 0.8202764976958525,
    "support": 215.0
  },
  "3": {
    "precision": 0.7696476964769647,
    "recall": 0.7082294264339152,
    "f1-score": 0.7376623376623377,
    "support": 401.0
  },
  "accuracy": 0.7834224598930482,
  "macro avg": {
    "precision": 0.7858714418591606,
    "recall": 0.7823883094218484,
    "f1-score": 0.7837308268969052,
    "support": 1870.0
  },
  "weighted avg": {
    "precision": 0.7842021580782388,
    "recall": 0.7834224598930482,
    "f1-score": 0.7834491003555021,
    "support": 1870.0
  }
}