{
  "0": {
    "precision": 0.8909090909090909,
    "recall": 0.899672131147541,
    "f1-score": 0.8952691680261011,
    "support": 1525.0
  },
  "1": {
    "precision": 0.6790849673202615,
    "recall": 0.7847432024169184,
    "f1-score": 0.7281009110021023,
    "support": 1324.0
  },
  "2": {
    "precision": 0.8580246913580247,
    "recall": 0.6747572815533981,
    "f1-score": 0.7554347826086957,
    "support": 412.0
  },
  "3": {
    "precision": 0.7666666666666667,
    "recall": 0.5917667238421955,
    "f1-score": 0.6679574056147144,
    "support": 583.0
  },
  "accuracy": 0.7892819979188346,
  "macro avg": {
    "precision": 0.7986713540635109,
    "recall": 0.7377348347400132,
    "f1-score": 0.7616905668129035,
    "support": 3844.0
  },
  "weighted avg": {
    "precision": 0.7955821279590434,
    "recall": 0.7892819979188346,
    "f1-score": 0.7882282480007151,
    "support": 3844.0
  }
}