{
  "0": {
    "precision": 0.9077125906394199,
    "recall": 0.9029508196721312,
    "f1-score": 0.9053254437869822,
    "support": 1525.0
  },
  "1": {
    "precision": 0.7221438645980254,
    "recall": 0.7734138972809668,
    "f1-score": 0.7469000729394603,
    "support": 1324.0
  },
  "2": {
    "precision": 0.8238095238095238,
    "recall": 0.8398058252427184,
    "f1-score": 0.8317307692307693,
    "support": 412.0
  },
  "3": {
    "precision": 0.7811860940695297,
    "recall": 0.6552315608919382,
    "f1-score": 0.7126865671641791,
    "support": 583.0
  },
  "accuracy": 0.8139958376690947,
  "macro avg": {
    "precision": 0.8087130182791247,
    "recall": 0.7928505257719387,
    "f1-score": 0.7991607132803478,
    "support": 3844.0
  },
  "weighted avg": {
    "precision": 0.8156142544497818,
    "recall": 0.8139958376690947,
    "f1-score": 0.8136540957145647,
    "support": 3844.0
  }
}