{
  "0": {
    "precision": 0.8847926267281107,
    "recall": 0.8902627511591963,
    "f1-score": 0.8875192604006163,
    "support": 647.0
  },
  "1": {
    "precision": 0.6677018633540373,
    "recall": 0.7084019769357496,
    "f1-score": 0.6874500399680256,
    "support": 607.0
  },
  "2": {
    "precision": 0.8084112149532711,
    "recall": 0.8046511627906977,
    "f1-score": 0.8065268065268065,
    "support": 215.0
  },
  "3": {
    "precision": 0.778393351800554,
    "recall": 0.7007481296758105,
    "f1-score": 0.7375328083989501,
    "support": 401.0
  },
  "accuracy": 0.7807486631016043,
  "macro avg": {
    "precision": 0.7848247642089933,
    "recall": 0.7760160051403635,
    "f1-score": 0.7797572288235997,
    "support": 1870.0
  },
  "weighted avg": {
    "precision": 0.7827272758481089,
    "recall": 0.7807486631016043,
    "f1-score": 0.7811021686155256,
    "support": 1870.0
  }
}