{
  "0": {
    "precision": 0.8843226788432268,
    "recall": 0.8979907264296755,
    "f1-score": 0.8911042944785276,
    "support": 647.0
  },
  "1": {
    "precision": 0.6666666666666666,
    "recall": 0.6985172981878089,
    "f1-score": 0.6822204344328238,
    "support": 607.0
  },
  "2": {
    "precision": 0.8044444444444444,
    "recall": 0.8418604651162791,
    "f1-score": 0.8227272727272728,
    "support": 215.0
  },
  "3": {
    "precision": 0.78125,
    "recall": 0.685785536159601,
    "f1-score": 0.7304116865869854,
    "support": 401.0
  },
  "accuracy": 0.781283422459893,
  "macro avg": {
    "precision": 0.7841709474885845,
    "recall": 0.7810385064733412,
    "f1-score": 0.7816159220564023,
    "support": 1870.0
  },
  "weighted avg": {
    "precision": 0.782385157985984,
    "recall": 0.781283422459893,
    "f1-score": 0.7809806054470996,
    "support": 1870.0
  }
}