{
  "0": {
    "precision": 0.9213377296278851,
    "recall": 0.8935587026039288,
    "f1-score": 0.9072356215213359,
    "support": 2189.0
  },
  "1": {
    "precision": 0.7691334598355472,
    "recall": 0.6612289287656336,
    "f1-score": 0.7111111111111111,
    "support": 1839.0
  },
  "2": {
    "precision": 0.7310030395136778,
    "recall": 0.9303675048355899,
    "f1-score": 0.8187234042553192,
    "support": 517.0
  },
  "3": {
    "precision": 0.674562306900103,
    "recall": 0.8312182741116751,
    "f1-score": 0.7447413303013075,
    "support": 788.0
  },
  "accuracy": 0.8078004875304706,
  "macro avg": {
    "precision": 0.7740091339693033,
    "recall": 0.8290933525792068,
    "f1-score": 0.7954528667972685,
    "support": 5333.0
  },
  "weighted avg": {
    "precision": 0.8139374446013247,
    "recall": 0.8078004875304706,
    "f1-score": 0.8070144903658294,
    "support": 5333.0
  }
}