{
  "0": {
    "precision": 0.9077025232403718,
    "recall": 0.8963934426229508,
    "f1-score": 0.9020125371164632,
    "support": 1525.0
  },
  "1": {
    "precision": 0.7062795408507765,
    "recall": 0.7900302114803626,
    "f1-score": 0.7458110516934047,
    "support": 1324.0
  },
  "2": {
    "precision": 0.8215158924205379,
    "recall": 0.8155339805825242,
    "f1-score": 0.8185140073081608,
    "support": 412.0
  },
  "3": {
    "precision": 0.8080357142857143,
    "recall": 0.6209262435677531,
    "f1-score": 0.7022308438409312,
    "support": 583.0
  },
  "accuracy": 0.8093132154006244,
  "macro avg": {
    "precision": 0.8108834176993502,
    "recall": 0.7807209695633976,
    "f1-score": 0.7921421099897399,
    "support": 3844.0
  },
  "weighted avg": {
    "precision": 0.8139723801076556,
    "recall": 0.8093132154006244,
    "f1-score": 0.8089623580944069,
    "support": 3844.0
  }
}