{
  "0": {
    "precision": 0.6195977749251177,
    "recall": 0.9495081967213115,
    "f1-score": 0.7498705334023822,
    "support": 1525.0
  },
  "1": {
    "precision": 0.6556071665560717,
    "recall": 0.7462235649546828,
    "f1-score": 0.697986577181208,
    "support": 1324.0
  },
  "2": {
    "precision": 0.0,
    "recall": 0.0,
    "f1-score": 0.0,
    "support": 412.0
  },
  "3": {
    "precision": 0.0,
    "recall": 0.0,
    "f1-score": 0.0,
    "support": 583.0
  },
  "accuracy": 0.6337148803329865,
  "macro avg": {
    "precision": 0.31880123537029736,
    "recall": 0.42393294041899854,
    "f1-score": 0.36196427764589756,
    "support": 3844.0
  },
  "weighted avg": {
    "precision": 0.47162083644147856,
    "recall": 0.6337148803329865,
    "f1-score": 0.5378997897051385,
    "support": 3844.0
  }
}