{
  "0": {
    "precision": 0.8921957671957672,
    "recall": 0.8845901639344262,
    "f1-score": 0.8883766875205795,
    "support": 1525.0
  },
  "1": {
    "precision": 0.7369353410097431,
    "recall": 0.6283987915407855,
    "f1-score": 0.6783530370974317,
    "support": 1324.0
  },
  "2": {
    "precision": 0.7140151515151515,
    "recall": 0.9150485436893204,
    "f1-score": 0.8021276595744681,
    "support": 412.0
  },
  "3": {
    "precision": 0.6696296296296296,
    "recall": 0.7753001715265866,
    "f1-score": 0.7186009538950715,
    "support": 583.0
  },
  "accuracy": 0.7830385015608741,
  "macro avg": {
    "precision": 0.7531939723375729,
    "recall": 0.8008344176727797,
    "f1-score": 0.7718645845218877,
    "support": 3844.0
  },
  "weighted avg": {
    "precision": 0.7858660907827163,
    "recall": 0.7830385015608741,
    "f1-score": 0.7810444384629008,
    "support": 3844.0
  }
}