{
  "0": {
    "precision": 0.9020248203788374,
    "recall": 0.9055737704918033,
    "f1-score": 0.9037958115183246,
    "support": 1525.0
  },
  "1": {
    "precision": 0.7247311827956989,
    "recall": 0.763595166163142,
    "f1-score": 0.7436557557925708,
    "support": 1324.0
  },
  "2": {
    "precision": 0.8249400479616307,
    "recall": 0.8349514563106796,
    "f1-score": 0.8299155609167672,
    "support": 412.0
  },
  "3": {
    "precision": 0.7784431137724551,
    "recall": 0.6689536878216124,
    "f1-score": 0.7195571955719557,
    "support": 583.0
  },
  "accuracy": 0.8132154006243496,
  "macro avg": {
    "precision": 0.8075347912271555,
    "recall": 0.7932685201968093,
    "f1-score": 0.7992310809499046,
    "support": 3844.0
  },
  "weighted avg": {
    "precision": 0.8139541030667964,
    "recall": 0.8132154006243496,
    "f1-score": 0.812777286511698,
    "support": 3844.0
  }
}