{
  "0": {
    "precision": 0.8894702419882276,
    "recall": 0.8918032786885246,
    "f1-score": 0.8906352324819908,
    "support": 1525.0
  },
  "1": {
    "precision": 0.7465437788018433,
    "recall": 0.6117824773413897,
    "f1-score": 0.6724782067247821,
    "support": 1324.0
  },
  "2": {
    "precision": 0.7055555555555556,
    "recall": 0.9247572815533981,
    "f1-score": 0.8004201680672269,
    "support": 412.0
  },
  "3": {
    "precision": 0.6623188405797101,
    "recall": 0.7838765008576329,
    "f1-score": 0.7179890023566379,
    "support": 583.0
  },
  "accuracy": 0.7825182101977107,
  "macro avg": {
    "precision": 0.7509721042313342,
    "recall": 0.8030548846102363,
    "f1-score": 0.7703806524076594,
    "support": 3844.0
  },
  "weighted avg": {
    "precision": 0.7860787864496742,
    "recall": 0.7825182101977107,
    "f1-score": 0.7796411479855008,
    "support": 3844.0
  }
}