{
  "0": {
    "precision": 0.9057350032959789,
    "recall": 0.9009836065573771,
    "f1-score": 0.903353057199211,
    "support": 1525.0
  },
  "1": {
    "precision": 0.7197132616487455,
    "recall": 0.7583081570996979,
    "f1-score": 0.7385068039720486,
    "support": 1324.0
  },
  "2": {
    "precision": 0.8041958041958042,
    "recall": 0.837378640776699,
    "f1-score": 0.8204518430439952,
    "support": 412.0
  },
  "3": {
    "precision": 0.7673956262425448,
    "recall": 0.6620926243567753,
    "f1-score": 0.7108655616942909,
    "support": 583.0
  },
  "accuracy": 0.808792924037461,
  "macro avg": {
    "precision": 0.7992599238457683,
    "recall": 0.7896907571976373,
    "f1-score": 0.7932943164773865,
    "support": 3844.0
  },
  "weighted avg": {
    "precision": 0.8097987928921389,
    "recall": 0.808792924037461,
    "f1-score": 0.8084956302002306,
    "support": 3844.0
  }
}