{
  "0": {
    "precision": 0.9142595139844109,
    "recall": 0.910918227501142,
    "f1-score": 0.9125858123569794,
    "support": 2189.0
  },
  "1": {
    "precision": 0.7389060887512899,
    "recall": 0.7786840674279499,
    "f1-score": 0.7582737622451681,
    "support": 1839.0
  },
  "2": {
    "precision": 0.8208092485549133,
    "recall": 0.8239845261121856,
    "f1-score": 0.8223938223938224,
    "support": 517.0
  },
  "3": {
    "precision": 0.7841726618705036,
    "recall": 0.6916243654822335,
    "f1-score": 0.7349966284558328,
    "support": 788.0
  },
  "accuracy": 0.8244890305644103,
  "macro avg": {
    "precision": 0.8145368782902794,
    "recall": 0.8013027966308778,
    "f1-score": 0.8070625063629507,
    "support": 5333.0
  },
  "weighted avg": {
    "precision": 0.825510746743361,
    "recall": 0.8244890305644103,
    "f1-score": 0.8243897883778538,
    "support": 5333.0
  }
}