{
  "0": {
    "precision": 0.9190564292321924,
    "recall": 0.9077204202832344,
    "f1-score": 0.9133532521259481,
    "support": 2189.0
  },
  "1": {
    "precision": 0.7341329335332334,
    "recall": 0.7988036976617727,
    "f1-score": 0.7651041666666667,
    "support": 1839.0
  },
  "2": {
    "precision": 0.8156424581005587,
    "recall": 0.8471953578336557,
    "f1-score": 0.8311195445920304,
    "support": 517.0
  },
  "3": {
    "precision": 0.8104265402843602,
    "recall": 0.6510152284263959,
    "f1-score": 0.7220267417311752,
    "support": 788.0
  },
  "accuracy": 0.826364147759235,
  "macro avg": {
    "precision": 0.8198145902875862,
    "recall": 0.8011836760512647,
    "f1-score": 0.807900926278955,
    "support": 5333.0
  },
  "weighted avg": {
    "precision": 0.8292121231837521,
    "recall": 0.826364147759235,
    "f1-score": 0.8259896321848763,
    "support": 5333.0
  }
}