{
  "0": {
    "precision": 0.7491112239715592,
    "recall": 0.9672131147540983,
    "f1-score": 0.8443045220377791,
    "support": 1525.0
  },
  "1": {
    "precision": 0.8571428571428571,
    "recall": 0.004531722054380665,
    "f1-score": 0.009015777610818933,
    "support": 1324.0
  },
  "2": {
    "precision": 0.5615835777126099,
    "recall": 0.9296116504854369,
    "f1-score": 0.70018281535649,
    "support": 412.0
  },
  "3": {
    "precision": 0.4502529510961214,
    "recall": 0.9159519725557461,
    "f1-score": 0.6037309214245337,
    "support": 583.0
  },
  "accuracy": 0.6238293444328824,
  "macro avg": {
    "precision": 0.6545226524807869,
    "recall": 0.7043271149624155,
    "f1-score": 0.5393085091074055,
    "support": 3844.0
  },
  "weighted avg": {
    "precision": 0.7208953340063489,
    "recall": 0.6238293444328824,
    "f1-score": 0.5046700657600713,
    "support": 3844.0
  }
}