{
  "0": {
    "precision": 0.9122340425531915,
    "recall": 0.899672131147541,
    "f1-score": 0.9059095411026742,
    "support": 1525.0
  },
  "1": {
    "precision": 0.7243816254416962,
    "recall": 0.7741691842900302,
    "f1-score": 0.7484483388097846,
    "support": 1324.0
  },
  "2": {
    "precision": 0.8222748815165877,
    "recall": 0.8422330097087378,
    "f1-score": 0.8321342925659473,
    "support": 412.0
  },
  "3": {
    "precision": 0.7773359840954275,
    "recall": 0.6706689536878216,
    "f1-score": 0.7200736648250461,
    "support": 583.0
  },
  "accuracy": 0.8155567117585848,
  "macro avg": {
    "precision": 0.8090566334017257,
    "recall": 0.7966858197085326,
    "f1-score": 0.801641459325863,
    "support": 3844.0
  },
  "weighted avg": {
    "precision": 0.8174303633951331,
    "recall": 0.8155567117585848,
    "f1-score": 0.8155827070488827,
    "support": 3844.0
  }
}