{
  "0": {
    "precision": 0.9121532364597094,
    "recall": 0.9055737704918033,
    "f1-score": 0.9088515959197104,
    "support": 1525.0
  },
  "1": {
    "precision": 0.7317596566523605,
    "recall": 0.7726586102719033,
    "f1-score": 0.75165319617928,
    "support": 1324.0
  },
  "2": {
    "precision": 0.8270142180094787,
    "recall": 0.8470873786407767,
    "f1-score": 0.8369304556354916,
    "support": 412.0
  },
  "3": {
    "precision": 0.7745098039215687,
    "recall": 0.6775300171526587,
    "f1-score": 0.7227813357731016,
    "support": 583.0
  },
  "accuracy": 0.8189386056191468,
  "macro avg": {
    "precision": 0.8113592287607793,
    "recall": 0.8007124441392856,
    "f1-score": 0.8050541458768959,
    "support": 3844.0
  },
  "weighted avg": {
    "precision": 0.8200188721422897,
    "recall": 0.8189386056191468,
    "f1-score": 0.8187784552540234,
    "support": 3844.0
  }
}