{
  "0": {
    "precision": 0.9095709570957096,
    "recall": 0.9036065573770492,
    "f1-score": 0.906578947368421,
    "support": 1525.0
  },
  "1": {
    "precision": 0.7242359630419332,
    "recall": 0.7696374622356495,
    "f1-score": 0.7462467960454046,
    "support": 1324.0
  },
  "2": {
    "precision": 0.8199052132701422,
    "recall": 0.8398058252427184,
    "f1-score": 0.829736211031175,
    "support": 412.0
  },
  "3": {
    "precision": 0.774,
    "recall": 0.6638078902229846,
    "f1-score": 0.7146814404432132,
    "support": 583.0
  },
  "accuracy": 0.8142559833506764,
  "macro avg": {
    "precision": 0.8069280333519463,
    "recall": 0.7942144337696004,
    "f1-score": 0.7993108487220535,
    "support": 3844.0
  },
  "weighted avg": {
    "precision": 0.8155637545540518,
    "recall": 0.8142559833506764,
    "f1-score": 0.8140151538564504,
    "support": 3844.0
  }
}