{
  "0": {
    "precision": 0.8931888544891641,
    "recall": 0.8918083462132921,
    "f1-score": 0.8924980665119876,
    "support": 647.0
  },
  "1": {
    "precision": 0.6793048973143759,
    "recall": 0.7084019769357496,
    "f1-score": 0.6935483870967742,
    "support": 607.0
  },
  "2": {
    "precision": 0.8,
    "recall": 0.8186046511627907,
    "f1-score": 0.8091954022988506,
    "support": 215.0
  },
  "3": {
    "precision": 0.7735849056603774,
    "recall": 0.71571072319202,
    "f1-score": 0.7435233160621761,
    "support": 401.0
  },
  "accuracy": 0.786096256684492,
  "macro avg": {
    "precision": 0.7865196643659793,
    "recall": 0.7836314243759631,
    "f1-score": 0.7846912929924471,
    "support": 1870.0
  },
  "weighted avg": {
    "precision": 0.7874004324567523,
    "recall": 0.786096256684492,
    "f1-score": 0.7863957118910071,
    "support": 1870.0
  }
}