{
  "0": {
    "precision": 0.9151193633952255,
    "recall": 0.9049180327868852,
    "f1-score": 0.9099901088031652,
    "support": 1525.0
  },
  "1": {
    "precision": 0.725,
    "recall": 0.7885196374622356,
    "f1-score": 0.7554269175108539,
    "support": 1324.0
  },
  "2": {
    "precision": 0.8341584158415841,
    "recall": 0.8179611650485437,
    "f1-score": 0.8259803921568627,
    "support": 412.0
  },
  "3": {
    "precision": 0.782520325203252,
    "recall": 0.660377358490566,
    "f1-score": 0.7162790697674418,
    "support": 583.0
  },
  "accuracy": 0.8184183142559833,
  "macro avg": {
    "precision": 0.8141995261100154,
    "recall": 0.7929440484470577,
    "f1-score": 0.8019191220595809,
    "support": 3844.0
  },
  "weighted avg": {
    "precision": 0.8208479828558656,
    "recall": 0.8184183142559833,
    "f1-score": 0.8183701284995432,
    "support": 3844.0
  }
}