{
  "0": {
    "precision": 0.8697850821744627,
    "recall": 0.9022950819672131,
    "f1-score": 0.885741873189572,
    "support": 1525.0
  },
  "1": {
    "precision": 0.7108792846497765,
    "recall": 0.7205438066465257,
    "f1-score": 0.7156789197299325,
    "support": 1324.0
  },
  "2": {
    "precision": 0.8177339901477833,
    "recall": 0.8058252427184466,
    "f1-score": 0.8117359413202934,
    "support": 412.0
  },
  "3": {
    "precision": 0.7509727626459144,
    "recall": 0.6620926243567753,
    "f1-score": 0.7037374658158614,
    "support": 583.0
  },
  "accuracy": 0.7929240374609782,
  "macro avg": {
    "precision": 0.7873427799044842,
    "recall": 0.7726891889222403,
    "f1-score": 0.7792235500139147,
    "support": 3844.0
  },
  "weighted avg": {
    "precision": 0.7914542007689424,
    "recall": 0.7929240374609782,
    "f1-score": 0.7916309564857273,
    "support": 3844.0
  }
}