{
  "0": {
    "precision": 0.9098684210526315,
    "recall": 0.9068852459016393,
    "f1-score": 0.9083743842364532,
    "support": 1525.0
  },
  "1": {
    "precision": 0.7260083449235049,
    "recall": 0.7885196374622356,
    "f1-score": 0.7559739319333816,
    "support": 1324.0
  },
  "2": {
    "precision": 0.8482587064676617,
    "recall": 0.8276699029126213,
    "f1-score": 0.8378378378378378,
    "support": 412.0
  },
  "3": {
    "precision": 0.7892561983471075,
    "recall": 0.6552315608919382,
    "f1-score": 0.7160262417994376,
    "support": 583.0
  },
  "accuracy": 0.8194588969823101,
  "macro avg": {
    "precision": 0.8183479176977264,
    "recall": 0.7945765867921086,
    "f1-score": 0.8045530989517775,
    "support": 3844.0
  },
  "weighted avg": {
    "precision": 0.8216449899804951,
    "recall": 0.8194588969823101,
    "f1-score": 0.8191500806448101,
    "support": 3844.0
  }
}