{
  "0": {
    "precision": 0.4104631539471217,
    "recall": 1.0,
    "f1-score": 0.5820260568997607,
    "support": 2189.0
  },
  "1": {
    "precision": 0.0,
    "recall": 0.0,
    "f1-score": 0.0,
    "support": 1839.0
  },
  "2": {
    "precision": 0.0,
    "recall": 0.0,
    "f1-score": 0.0,
    "support": 517.0
  },
  "3": {
    "precision": 0.0,
    "recall": 0.0,
    "f1-score": 0.0,
    "support": 788.0
  },
  "accuracy": 0.4104631539471217,
  "macro avg": {
    "precision": 0.10261578848678042,
    "recall": 0.25,
    "f1-score": 0.14550651422494018,
    "support": 5333.0
  },
  "weighted avg": {
    "precision": 0.16848000074821853,
    "recall": 0.4104631539471217,
    "f1-score": 0.2389002509944827,
    "support": 5333.0
  }
}