{
  "0": {
    "precision": 0.9055374592833876,
    "recall": 0.9114754098360656,
    "f1-score": 0.9084967320261438,
    "support": 1525.0
  },
  "1": {
    "precision": 0.7135098438560761,
    "recall": 0.7938066465256798,
    "f1-score": 0.7515194851626743,
    "support": 1324.0
  },
  "2": {
    "precision": 0.8519480519480519,
    "recall": 0.7961165048543689,
    "f1-score": 0.823086574654956,
    "support": 412.0
  },
  "3": {
    "precision": 0.8048780487804879,
    "recall": 0.6226415094339622,
    "f1-score": 0.7021276595744681,
    "support": 583.0
  },
  "accuracy": 0.8147762747138397,
  "macro avg": {
    "precision": 0.8189683509670009,
    "recall": 0.7810100176625192,
    "f1-score": 0.7963076128545605,
    "support": 3844.0
  },
  "weighted avg": {
    "precision": 0.8183866177196234,
    "recall": 0.8147762747138397,
    "f1-score": 0.813975392555933,
    "support": 3844.0
  }
}