{
  "0": {
    "precision": 0.9121281464530893,
    "recall": 0.9104613978985838,
    "f1-score": 0.9112940100594421,
    "support": 2189.0
  },
  "1": {
    "precision": 0.7406649616368286,
    "recall": 0.7873844480696031,
    "f1-score": 0.7633104902477597,
    "support": 1839.0
  },
  "2": {
    "precision": 0.8247619047619048,
    "recall": 0.8375241779497099,
    "f1-score": 0.8310940499040307,
    "support": 517.0
  },
  "3": {
    "precision": 0.8008982035928144,
    "recall": 0.6789340101522843,
    "f1-score": 0.7348901098901099,
    "support": 788.0
  },
  "accuracy": 0.8267391711981998,
  "macro avg": {
    "precision": 0.8196133041111592,
    "recall": 0.8035760085175453,
    "f1-score": 0.8101471650253357,
    "support": 5333.0
  },
  "weighted avg": {
    "precision": 0.828096955977683,
    "recall": 0.8267391711981998,
    "f1-score": 0.826424078376062,
    "support": 5333.0
  }
}