{
  "0": {
    "precision": 0.9122242647058824,
    "recall": 0.9068067610781179,
    "f1-score": 0.9095074455899198,
    "support": 2189.0
  },
  "1": {
    "precision": 0.7360537190082644,
    "recall": 0.7748776508972267,
    "f1-score": 0.7549668874172185,
    "support": 1839.0
  },
  "2": {
    "precision": 0.8187022900763359,
    "recall": 0.8297872340425532,
    "f1-score": 0.8242074927953891,
    "support": 517.0
  },
  "3": {
    "precision": 0.7847919655667145,
    "recall": 0.6941624365482234,
    "f1-score": 0.7367003367003367,
    "support": 788.0
  },
  "accuracy": 0.8224264016501032,
  "macro avg": {
    "precision": 0.8129430598392993,
    "recall": 0.8014085206415303,
    "f1-score": 0.8063455406257161,
    "support": 5333.0
  },
  "weighted avg": {
    "precision": 0.8235790094756068,
    "recall": 0.8224264016501032,
    "f1-score": 0.8224134714891582,
    "support": 5333.0
  }
}