{
  "0": {
    "precision": 0.9098143236074271,
    "recall": 0.899672131147541,
    "f1-score": 0.9047148038245961,
    "support": 1525.0
  },
  "1": {
    "precision": 0.7192362093352193,
    "recall": 0.7681268882175226,
    "f1-score": 0.7428780131482834,
    "support": 1324.0
  },
  "2": {
    "precision": 0.8233890214797136,
    "recall": 0.837378640776699,
    "f1-score": 0.8303249097472925,
    "support": 412.0
  },
  "3": {
    "precision": 0.7693836978131213,
    "recall": 0.6638078902229846,
    "f1-score": 0.712707182320442,
    "support": 583.0
  },
  "accuracy": 0.8119146722164412,
  "macro avg": {
    "precision": 0.8054558130588704,
    "recall": 0.7922463875911867,
    "f1-score": 0.7976562272601534,
    "support": 3844.0
  },
  "weighted avg": {
    "precision": 0.8136114873402311,
    "recall": 0.8119146722164412,
    "f1-score": 0.8118789582074764,
    "support": 3844.0
  }
}