{
  "0": {
    "precision": 0.9160129210890632,
    "recall": 0.9068067610781179,
    "f1-score": 0.911386593204775,
    "support": 2189.0
  },
  "1": {
    "precision": 0.7389495579823193,
    "recall": 0.7727025557368135,
    "f1-score": 0.7554492291334397,
    "support": 1839.0
  },
  "2": {
    "precision": 0.8183520599250936,
    "recall": 0.8452611218568665,
    "f1-score": 0.8315889628924833,
    "support": 517.0
  },
  "3": {
    "precision": 0.7757404795486601,
    "recall": 0.6979695431472082,
    "f1-score": 0.7348029392117569,
    "support": 788.0
  },
  "accuracy": 0.8237389836864804,
  "macro avg": {
    "precision": 0.8122637546362841,
    "recall": 0.8056849954547515,
    "f1-score": 0.8083069311106138,
    "support": 5333.0
  },
  "weighted avg": {
    "precision": 0.8247613040050745,
    "recall": 0.8237389836864804,
    "f1-score": 0.8237863481747472,
    "support": 5333.0
  }
}