{
  "0": {
    "precision": 0.8887171561051005,
    "recall": 0.8887171561051005,
    "f1-score": 0.8887171561051005,
    "support": 647.0
  },
  "1": {
    "precision": 0.6640986132511556,
    "recall": 0.7100494233937397,
    "f1-score": 0.6863057324840764,
    "support": 607.0
  },
  "2": {
    "precision": 0.8063063063063063,
    "recall": 0.8325581395348837,
    "f1-score": 0.8192219679633868,
    "support": 215.0
  },
  "3": {
    "precision": 0.78125,
    "recall": 0.685785536159601,
    "f1-score": 0.7304116865869854,
    "support": 401.0
  },
  "accuracy": 0.7807486631016043,
  "macro avg": {
    "precision": 0.7850930189156407,
    "recall": 0.7792775637983311,
    "f1-score": 0.7811641357848873,
    "support": 1870.0
  },
  "weighted avg": {
    "precision": 0.7832860770584531,
    "recall": 0.7807486631016043,
    "f1-score": 0.7810777481557988,
    "support": 1870.0
  }
}