{
  "0": {
    "precision": 0.9061679790026247,
    "recall": 0.9055737704918033,
    "f1-score": 0.9058707773040341,
    "support": 1525.0
  },
  "1": {
    "precision": 0.723939611790079,
    "recall": 0.7605740181268882,
    "f1-score": 0.7418047882136279,
    "support": 1324.0
  },
  "2": {
    "precision": 0.8014018691588785,
    "recall": 0.8325242718446602,
    "f1-score": 0.8166666666666667,
    "support": 412.0
  },
  "3": {
    "precision": 0.7724550898203593,
    "recall": 0.6638078902229846,
    "f1-score": 0.7140221402214022,
    "support": 583.0
  },
  "accuracy": 0.8111342351716961,
  "macro avg": {
    "precision": 0.8009911374429854,
    "recall": 0.790619987671584,
    "f1-score": 0.7945910931014328,
    "support": 3844.0
  },
  "weighted avg": {
    "precision": 0.8118941470988019,
    "recall": 0.8111342351716961,
    "f1-score": 0.8107034467739956,
    "support": 3844.0
  }
}