{
  "0": {
    "precision": 0.9142066420664207,
    "recall": 0.9054362722704431,
    "f1-score": 0.9098003213220106,
    "support": 2189.0
  },
  "1": {
    "precision": 0.7389516957862282,
    "recall": 0.7819467101685699,
    "f1-score": 0.7598414795244386,
    "support": 1839.0
  },
  "2": {
    "precision": 0.8273244781783681,
    "recall": 0.8433268858800773,
    "f1-score": 0.8352490421455939,
    "support": 517.0
  },
  "3": {
    "precision": 0.7861271676300579,
    "recall": 0.6903553299492385,
    "f1-score": 0.7351351351351352,
    "support": 788.0
  },
  "accuracy": 0.8250515657228576,
  "macro avg": {
    "precision": 0.8166524959152687,
    "recall": 0.8052662995670822,
    "f1-score": 0.8100064945317945,
    "support": 5333.0
  },
  "weighted avg": {
    "precision": 0.8264251774507726,
    "recall": 0.8250515657228576,
    "f1-score": 0.8250537456394305,
    "support": 5333.0
  }
}