{
  "0": {
    "precision": 0.9068076668869796,
    "recall": 0.899672131147541,
    "f1-score": 0.9032258064516129,
    "support": 1525.0
  },
  "1": {
    "precision": 0.7155771905424201,
    "recall": 0.777190332326284,
    "f1-score": 0.7451122375090514,
    "support": 1324.0
  },
  "2": {
    "precision": 0.8240963855421687,
    "recall": 0.8300970873786407,
    "f1-score": 0.8270858524788391,
    "support": 412.0
  },
  "3": {
    "precision": 0.7928870292887029,
    "recall": 0.6500857632933105,
    "f1-score": 0.7144203581526861,
    "support": 583.0
  },
  "accuracy": 0.8121748178980229,
  "macro avg": {
    "precision": 0.8098420680650679,
    "recall": 0.789261328536444,
    "f1-score": 0.7974610636480474,
    "support": 3844.0
  },
  "weighted avg": {
    "precision": 0.8147988400623037,
    "recall": 0.8121748178980229,
    "f1-score": 0.8119704467546804,
    "support": 3844.0
  }
}