{
  "0": {
    "precision": 0.9162695711368277,
    "recall": 0.8826229508196721,
    "f1-score": 0.8991315965263861,
    "support": 1525.0
  },
  "1": {
    "precision": 0.7402078337330136,
    "recall": 0.6993957703927492,
    "f1-score": 0.7192233009708738,
    "support": 1324.0
  },
  "2": {
    "precision": 0.757085020242915,
    "recall": 0.9077669902912622,
    "f1-score": 0.82560706401766,
    "support": 412.0
  },
  "3": {
    "precision": 0.7031746031746032,
    "recall": 0.7598627787307033,
    "f1-score": 0.7304204451772465,
    "support": 583.0
  },
  "accuracy": 0.8035900104058272,
  "macro avg": {
    "precision": 0.7791842570718399,
    "recall": 0.8124121225585967,
    "f1-score": 0.7935956016730417,
    "support": 3844.0
  },
  "weighted avg": {
    "precision": 0.8062476820595855,
    "recall": 0.8035900104058272,
    "f1-score": 0.8036973374354283,
    "support": 3844.0
  }
}