{
  "0": {
    "precision": 0.9111842105263158,
    "recall": 0.9081967213114754,
    "f1-score": 0.909688013136289,
    "support": 1525.0
  },
  "1": {
    "precision": 0.7272727272727273,
    "recall": 0.7915407854984894,
    "f1-score": 0.7580470162748644,
    "support": 1324.0
  },
  "2": {
    "precision": 0.8432835820895522,
    "recall": 0.8228155339805825,
    "f1-score": 0.8329238329238329,
    "support": 412.0
  },
  "3": {
    "precision": 0.7962577962577962,
    "recall": 0.6569468267581475,
    "f1-score": 0.7199248120300752,
    "support": 583.0
  },
  "accuracy": 0.8207596253902185,
  "macro avg": {
    "precision": 0.8194995790365979,
    "recall": 0.7948749668871737,
    "f1-score": 0.8051459185912653,
    "support": 3844.0
  },
  "weighted avg": {
    "precision": 0.8231311506245872,
    "recall": 0.8207596253902185,
    "f1-score": 0.8204498580017986,
    "support": 3844.0
  }
}