{
  "0": {
    "precision": 0.9053876478318003,
    "recall": 0.9036065573770492,
    "f1-score": 0.9044962257958648,
    "support": 1525.0
  },
  "1": {
    "precision": 0.7154811715481172,
    "recall": 0.7749244712990937,
    "f1-score": 0.7440174039158811,
    "support": 1324.0
  },
  "2": {
    "precision": 0.8383084577114428,
    "recall": 0.8179611650485437,
    "f1-score": 0.828009828009828,
    "support": 412.0
  },
  "3": {
    "precision": 0.7695473251028807,
    "recall": 0.6415094339622641,
    "f1-score": 0.6997193638914874,
    "support": 583.0
  },
  "accuracy": 0.8103537981269511,
  "macro avg": {
    "precision": 0.8071811505485602,
    "recall": 0.7845004069217376,
    "f1-score": 0.7940607054032653,
    "support": 3844.0
  },
  "weighted avg": {
    "precision": 0.8121858504644371,
    "recall": 0.8103537981269511,
    "f1-score": 0.8099667599927437,
    "support": 3844.0
  }
}