{
  "0": {
    "precision": 0.8117512835139761,
    "recall": 0.9331147540983606,
    "f1-score": 0.8682123245881636,
    "support": 1525.0
  },
  "1": {
    "precision": 0.49450023912003827,
    "recall": 0.7809667673716012,
    "f1-score": 0.6055636896046852,
    "support": 1324.0
  },
  "2": {
    "precision": 0.0,
    "recall": 0.0,
    "f1-score": 0.0,
    "support": 412.0
  },
  "3": {
    "precision": 0.0,
    "recall": 0.0,
    "f1-score": 0.0,
    "support": 583.0
  },
  "accuracy": 0.6391779396462018,
  "macro avg": {
    "precision": 0.3265628806585036,
    "recall": 0.42852038036749046,
    "f1-score": 0.36844400354821216,
    "support": 3844.0
  },
  "weighted avg": {
    "precision": 0.49236186887454325,
    "recall": 0.6391779396462018,
    "f1-score": 0.5530151196757421,
    "support": 3844.0
  }
}