{
  "0": {
    "precision": 0.9150596877869606,
    "recall": 0.9104613978985838,
    "f1-score": 0.9127547515456835,
    "support": 2189.0
  },
  "1": {
    "precision": 0.7388404309902514,
    "recall": 0.7830342577487766,
    "f1-score": 0.7602956705385427,
    "support": 1839.0
  },
  "2": {
    "precision": 0.8271844660194175,
    "recall": 0.8239845261121856,
    "f1-score": 0.8255813953488372,
    "support": 517.0
  },
  "3": {
    "precision": 0.788712011577424,
    "recall": 0.6916243654822335,
    "f1-score": 0.7369844489519946,
    "support": 788.0
  },
  "accuracy": 0.8258016126007875,
  "macro avg": {
    "precision": 0.8174491490935134,
    "recall": 0.8022761368104449,
    "f1-score": 0.8089040665962646,
    "support": 5333.0
  },
  "weighted avg": {
    "precision": 0.8271053146843762,
    "recall": 0.8258016126007875,
    "f1-score": 0.8257590880223893,
    "support": 5333.0
  }
}