{
  "0": {
    "precision": 0.8898089171974523,
    "recall": 0.9160655737704918,
    "f1-score": 0.902746365105008,
    "support": 1525.0
  },
  "1": {
    "precision": 0.7060402684563758,
    "recall": 0.7945619335347432,
    "f1-score": 0.7476901208244492,
    "support": 1324.0
  },
  "2": {
    "precision": 0.8611111111111112,
    "recall": 0.7524271844660194,
    "f1-score": 0.8031088082901554,
    "support": 412.0
  },
  "3": {
    "precision": 0.8207547169811321,
    "recall": 0.5969125214408233,
    "f1-score": 0.6911618669314796,
    "support": 583.0
  },
  "accuracy": 0.8082726326742976,
  "macro avg": {
    "precision": 0.8194287534365179,
    "recall": 0.7649918033030194,
    "f1-score": 0.786176790287773,
    "support": 3844.0
  },
  "weighted avg": {
    "precision": 0.8129640197554979,
    "recall": 0.8082726326742976,
    "f1-score": 0.806570791933742,
    "support": 3844.0
  }
}