{
  "0": {
    "precision": 0.9095084979329352,
    "recall": 0.9045226130653267,
    "f1-score": 0.9070087036188731,
    "support": 2189.0
  },
  "1": {
    "precision": 0.7296890672016049,
    "recall": 0.7911908646003263,
    "f1-score": 0.7591964518653797,
    "support": 1839.0
  },
  "2": {
    "precision": 0.84472049689441,
    "recall": 0.7891682785299806,
    "f1-score": 0.816,
    "support": 517.0
  },
  "3": {
    "precision": 0.7879234167893961,
    "recall": 0.6789340101522843,
    "f1-score": 0.7293796864349011,
    "support": 788.0
  },
  "accuracy": 0.8209263078942434,
  "macro avg": {
    "precision": 0.8179603697045865,
    "recall": 0.7909539415869794,
    "f1-score": 0.8028962104797884,
    "support": 5333.0
  },
  "weighted avg": {
    "precision": 0.8232545370117008,
    "recall": 0.8209263078942434,
    "f1-score": 0.8209689705818203,
    "support": 5333.0
  }
}