{
  "0": {
    "precision": 0.91804788213628,
    "recall": 0.910918227501142,
    "f1-score": 0.9144691584498968,
    "support": 2189.0
  },
  "1": {
    "precision": 0.7457627118644068,
    "recall": 0.7895595432300163,
    "f1-score": 0.7670364500792393,
    "support": 1839.0
  },
  "2": {
    "precision": 0.8307692307692308,
    "recall": 0.8355899419729207,
    "f1-score": 0.8331726133076182,
    "support": 517.0
  },
  "3": {
    "precision": 0.7896253602305475,
    "recall": 0.6954314720812182,
    "f1-score": 0.7395411605937922,
    "support": 788.0
  },
  "accuracy": 0.8299268704294018,
  "macro avg": {
    "precision": 0.8210512962501163,
    "recall": 0.8078747961963243,
    "f1-score": 0.8135548456076366,
    "support": 5333.0
  },
  "weighted avg": {
    "precision": 0.8312013720765655,
    "recall": 0.8299268704294018,
    "f1-score": 0.829900936653008,
    "support": 5333.0
  }
}