{
  "0": {
    "precision": 0.905511811023622,
    "recall": 0.9049180327868852,
    "f1-score": 0.9052148245326337,
    "support": 1525.0
  },
  "1": {
    "precision": 0.7250177179305457,
    "recall": 0.7726586102719033,
    "f1-score": 0.7480804387568556,
    "support": 1324.0
  },
  "2": {
    "precision": 0.8233890214797136,
    "recall": 0.837378640776699,
    "f1-score": 0.8303249097472925,
    "support": 412.0
  },
  "3": {
    "precision": 0.789795918367347,
    "recall": 0.6638078902229846,
    "f1-score": 0.7213420316868593,
    "support": 583.0
  },
  "accuracy": 0.8155567117585848,
  "macro avg": {
    "precision": 0.8109286172003071,
    "recall": 0.794690793514618,
    "f1-score": 0.8012405511809102,
    "support": 3844.0
  },
  "weighted avg": {
    "precision": 0.8169917449554817,
    "recall": 0.8155567117585848,
    "f1-score": 0.8151788177980404,
    "support": 3844.0
  }
}