{
  "0": {
    "precision": 0.9139072847682119,
    "recall": 0.9049180327868852,
    "f1-score": 0.9093904448105437,
    "support": 1525.0
  },
  "1": {
    "precision": 0.7275300778485492,
    "recall": 0.7764350453172205,
    "f1-score": 0.7511874314943369,
    "support": 1324.0
  },
  "2": {
    "precision": 0.8250591016548463,
    "recall": 0.8470873786407767,
    "f1-score": 0.8359281437125748,
    "support": 412.0
  },
  "3": {
    "precision": 0.7751004016064257,
    "recall": 0.6620926243567753,
    "f1-score": 0.7141535615171137,
    "support": 583.0
  },
  "accuracy": 0.8176378772112383,
  "macro avg": {
    "precision": 0.8103992164695082,
    "recall": 0.7976332702754145,
    "f1-score": 0.8026648953836423,
    "support": 3844.0
  },
  "weighted avg": {
    "precision": 0.8191379595112761,
    "recall": 0.8176378772112383,
    "f1-score": 0.817415845267596,
    "support": 3844.0
  }
}