{
  "0": {
    "precision": 0.9085526315789474,
    "recall": 0.9055737704918033,
    "f1-score": 0.9070607553366175,
    "support": 1525.0
  },
  "1": {
    "precision": 0.7279202279202279,
    "recall": 0.7719033232628398,
    "f1-score": 0.749266862170088,
    "support": 1324.0
  },
  "2": {
    "precision": 0.8160377358490566,
    "recall": 0.8398058252427184,
    "f1-score": 0.8277511961722488,
    "support": 412.0
  },
  "3": {
    "precision": 0.7842741935483871,
    "recall": 0.6672384219554031,
    "f1-score": 0.7210379981464319,
    "support": 583.0
  },
  "accuracy": 0.8163371488033299,
  "macro avg": {
    "precision": 0.8091961972241547,
    "recall": 0.7961303352381912,
    "f1-score": 0.8012792029563465,
    "support": 3844.0
  },
  "weighted avg": {
    "precision": 0.8175724627816852,
    "recall": 0.8163371488033299,
    "f1-score": 0.8159978207970537,
    "support": 3844.0
  }
}