{
  "0": {
    "precision": 0.8858447488584474,
    "recall": 0.8995363214837713,
    "f1-score": 0.8926380368098159,
    "support": 647.0
  },
  "1": {
    "precision": 0.67601246105919,
    "recall": 0.71499176276771,
    "f1-score": 0.6949559647718174,
    "support": 607.0
  },
  "2": {
    "precision": 0.820627802690583,
    "recall": 0.8511627906976744,
    "f1-score": 0.8356164383561644,
    "support": 215.0
  },
  "3": {
    "precision": 0.7902298850574713,
    "recall": 0.685785536159601,
    "f1-score": 0.7343124165554072,
    "support": 401.0
  },
  "accuracy": 0.788235294117647,
  "macro avg": {
    "precision": 0.7931787244164229,
    "recall": 0.7878691027771891,
    "f1-score": 0.7893807141233011,
    "support": 1870.0
  },
  "weighted avg": {
    "precision": 0.789731699390837,
    "recall": 0.788235294117647,
    "f1-score": 0.787963579528202,
    "support": 1870.0
  }
}