{
  "0": {
    "precision": 0.9108781127129751,
    "recall": 0.9114754098360656,
    "f1-score": 0.9111766633890528,
    "support": 1525.0
  },
  "1": {
    "precision": 0.7233449477351916,
    "recall": 0.783987915407855,
    "f1-score": 0.7524465386009423,
    "support": 1324.0
  },
  "2": {
    "precision": 0.8337408312958435,
    "recall": 0.8276699029126213,
    "f1-score": 0.830694275274056,
    "support": 412.0
  },
  "3": {
    "precision": 0.7890295358649789,
    "recall": 0.6415094339622641,
    "f1-score": 0.7076631977294229,
    "support": 583.0
  },
  "accuracy": 0.8176378772112383,
  "macro avg": {
    "precision": 0.8142483569022473,
    "recall": 0.7911606655297014,
    "f1-score": 0.8004951687483685,
    "support": 3844.0
  },
  "weighted avg": {
    "precision": 0.8195377925577136,
    "recall": 0.8176378772112383,
    "f1-score": 0.8170128289451397,
    "support": 3844.0
  }
}