{
  "0": {
    "precision": 0.9182535996284255,
    "recall": 0.9031521242576519,
    "f1-score": 0.9106402579456472,
    "support": 2189.0
  },
  "1": {
    "precision": 0.7317073170731707,
    "recall": 0.799347471451876,
    "f1-score": 0.764033264033264,
    "support": 1839.0
  },
  "2": {
    "precision": 0.8190298507462687,
    "recall": 0.8491295938104448,
    "f1-score": 0.8338081671415005,
    "support": 517.0
  },
  "3": {
    "precision": 0.8110236220472441,
    "recall": 0.6535532994923858,
    "f1-score": 0.7238229093464511,
    "support": 788.0
  },
  "accuracy": 0.8252390774423402,
  "macro avg": {
    "precision": 0.8200035973737771,
    "recall": 0.8012956222530896,
    "f1-score": 0.8080761496167157,
    "support": 5333.0
  },
  "weighted avg": {
    "precision": 0.8284627663028753,
    "recall": 0.8252390774423402,
    "f1-score": 0.8250328093338372,
    "support": 5333.0
  }
}