{
  "0": {
    "precision": 0.9,
    "recall": 0.9029508196721312,
    "f1-score": 0.9014729950900163,
    "support": 1525.0
  },
  "1": {
    "precision": 0.7148846960167715,
    "recall": 0.7726586102719033,
    "f1-score": 0.7426497277676951,
    "support": 1324.0
  },
  "2": {
    "precision": 0.8252427184466019,
    "recall": 0.8252427184466019,
    "f1-score": 0.8252427184466019,
    "support": 412.0
  },
  "3": {
    "precision": 0.7940552016985138,
    "recall": 0.6415094339622641,
    "f1-score": 0.7096774193548387,
    "support": 583.0
  },
  "accuracy": 0.8100936524453695,
  "macro avg": {
    "precision": 0.8085456540404719,
    "recall": 0.7855903955882251,
    "f1-score": 0.794760715164788,
    "support": 3844.0
  },
  "weighted avg": {
    "precision": 0.8121596046088551,
    "recall": 0.8100936524453695,
    "f1-score": 0.8095100136734064,
    "support": 3844.0
  }
}