{
  "0": {
    "precision": 0.908612754766601,
    "recall": 0.9062295081967213,
    "f1-score": 0.9074195666447801,
    "support": 1525.0
  },
  "1": {
    "precision": 0.7216494845360825,
    "recall": 0.7930513595166163,
    "f1-score": 0.7556675062972292,
    "support": 1324.0
  },
  "2": {
    "precision": 0.8517587939698492,
    "recall": 0.8228155339805825,
    "f1-score": 0.837037037037037,
    "support": 412.0
  },
  "3": {
    "precision": 0.7936170212765957,
    "recall": 0.6397941680960549,
    "f1-score": 0.7084520417853751,
    "support": 583.0
  },
  "accuracy": 0.81789802289282,
  "macro avg": {
    "precision": 0.8189095136372821,
    "recall": 0.7904726424474938,
    "f1-score": 0.8021440379411053,
    "support": 3844.0
  },
  "weighted avg": {
    "precision": 0.8206820278524123,
    "recall": 0.81789802289282,
    "f1-score": 0.8174311698987914,
    "support": 3844.0
  }
}