{
  "0": {
    "precision": 0.9165526675786594,
    "recall": 0.8786885245901639,
    "f1-score": 0.8972212922664882,
    "support": 1525.0
  },
  "1": {
    "precision": 0.7297721916732128,
    "recall": 0.7016616314199395,
    "f1-score": 0.7154408933384675,
    "support": 1324.0
  },
  "2": {
    "precision": 0.7638603696098563,
    "recall": 0.9029126213592233,
    "f1-score": 0.8275862068965517,
    "support": 412.0
  },
  "3": {
    "precision": 0.6977491961414791,
    "recall": 0.7444253859348199,
    "f1-score": 0.7203319502074689,
    "support": 583.0
  },
  "accuracy": 0.7999479708636836,
  "macro avg": {
    "precision": 0.7769836062508019,
    "recall": 0.8069220408260367,
    "f1-score": 0.7901450856772441,
    "support": 3844.0
  },
  "weighted avg": {
    "precision": 0.8026689525136661,
    "recall": 0.7999479708636836,
    "f1-score": 0.800318745499183,
    "support": 3844.0
  }
}