{
  "0": {
    "precision": 0.9096306068601583,
    "recall": 0.9042622950819672,
    "f1-score": 0.9069385070700428,
    "support": 1525.0
  },
  "1": {
    "precision": 0.7265625,
    "recall": 0.7726586102719033,
    "f1-score": 0.7489019033674963,
    "support": 1324.0
  },
  "2": {
    "precision": 0.823943661971831,
    "recall": 0.8519417475728155,
    "f1-score": 0.837708830548926,
    "support": 412.0
  },
  "3": {
    "precision": 0.7773279352226721,
    "recall": 0.6586620926243568,
    "f1-score": 0.713091922005571,
    "support": 583.0
  },
  "accuracy": 0.8160770031217481,
  "macro avg": {
    "precision": 0.8093661760136655,
    "recall": 0.7968811863877607,
    "f1-score": 0.801660290748009,
    "support": 3844.0
  },
  "weighted avg": {
    "precision": 0.8173263268545665,
    "recall": 0.8160770031217481,
    "f1-score": 0.8156857367470827,
    "support": 3844.0
  }
}