{
  "0": {
    "precision": 0.9117056856187291,
    "recall": 0.8937704918032787,
    "f1-score": 0.9026490066225166,
    "support": 1525.0
  },
  "1": {
    "precision": 0.7169680111265647,
    "recall": 0.7787009063444109,
    "f1-score": 0.7465604634322954,
    "support": 1324.0
  },
  "2": {
    "precision": 0.8484848484848485,
    "recall": 0.8155339805825242,
    "f1-score": 0.8316831683168316,
    "support": 412.0
  },
  "3": {
    "precision": 0.7631067961165049,
    "recall": 0.6740994854202401,
    "f1-score": 0.7158469945355191,
    "support": 583.0
  },
  "accuracy": 0.8124349635796045,
  "macro avg": {
    "precision": 0.8100663353366618,
    "recall": 0.7905262160376135,
    "f1-score": 0.7991849082267907,
    "support": 3844.0
  },
  "weighted avg": {
    "precision": 0.815318375913583,
    "recall": 0.8124349635796045,
    "f1-score": 0.8129495452248802,
    "support": 3844.0
  }
}