{
  "0": {
    "precision": 0.9093333333333333,
    "recall": 0.8944262295081967,
    "f1-score": 0.9018181818181819,
    "support": 1525.0
  },
  "1": {
    "precision": 0.7090909090909091,
    "recall": 0.7953172205438066,
    "f1-score": 0.7497330010679957,
    "support": 1324.0
  },
  "2": {
    "precision": 0.8296296296296296,
    "recall": 0.8155339805825242,
    "f1-score": 0.8225214198286414,
    "support": 412.0
  },
  "3": {
    "precision": 0.8127753303964758,
    "recall": 0.6329331046312179,
    "f1-score": 0.7116682738669238,
    "support": 583.0
  },
  "accuracy": 0.8121748178980229,
  "macro avg": {
    "precision": 0.815207300612587,
    "recall": 0.7845526338164364,
    "f1-score": 0.7964352191454357,
    "support": 3844.0
  },
  "weighted avg": {
    "precision": 0.8171761503637487,
    "recall": 0.8121748178980229,
    "f1-score": 0.8120969431114908,
    "support": 3844.0
  }
}