{
  "0": {
    "precision": 0.9096715328467153,
    "recall": 0.910918227501142,
    "f1-score": 0.9102944533211595,
    "support": 2189.0
  },
  "1": {
    "precision": 0.7428867046042421,
    "recall": 0.7808591625883632,
    "f1-score": 0.7613997879109226,
    "support": 1839.0
  },
  "2": {
    "precision": 0.841796875,
    "recall": 0.8336557059961315,
    "f1-score": 0.8377065111758989,
    "support": 517.0
  },
  "3": {
    "precision": 0.7859195402298851,
    "recall": 0.6941624365482234,
    "f1-score": 0.7371967654986523,
    "support": 788.0
  },
  "accuracy": 0.8265516594787174,
  "macro avg": {
    "precision": 0.8200686631702107,
    "recall": 0.804898883158465,
    "f1-score": 0.8116493794766584,
    "support": 5333.0
  },
  "weighted avg": {
    "precision": 0.8272929340417796,
    "recall": 0.8265516594787174,
    "f1-score": 0.8263367871327739,
    "support": 5333.0
  }
}