{
  "0": {
    "precision": 0.9048248512888302,
    "recall": 0.8977049180327868,
    "f1-score": 0.9012508229098091,
    "support": 1525.0
  },
  "1": {
    "precision": 0.7228915662650602,
    "recall": 0.770392749244713,
    "f1-score": 0.7458866544789763,
    "support": 1324.0
  },
  "2": {
    "precision": 0.8231132075471698,
    "recall": 0.8470873786407767,
    "f1-score": 0.8349282296650717,
    "support": 412.0
  },
  "3": {
    "precision": 0.7782258064516129,
    "recall": 0.6620926243567753,
    "f1-score": 0.7154772937905468,
    "support": 583.0
  },
  "accuracy": 0.8126951092611863,
  "macro avg": {
    "precision": 0.8072638578881683,
    "recall": 0.7943194175687629,
    "f1-score": 0.7993857502111009,
    "support": 3844.0
  },
  "weighted avg": {
    "precision": 0.8142025542718861,
    "recall": 0.8126951092611863,
    "f1-score": 0.8124545079004999,
    "support": 3844.0
  }
}