{
  "0": {
    "precision": 0.9119205298013245,
    "recall": 0.9029508196721312,
    "f1-score": 0.9074135090609555,
    "support": 1525.0
  },
  "1": {
    "precision": 0.7263083451202264,
    "recall": 0.775679758308157,
    "f1-score": 0.75018261504748,
    "support": 1324.0
  },
  "2": {
    "precision": 0.8265060240963855,
    "recall": 0.8325242718446602,
    "f1-score": 0.8295042321644498,
    "support": 412.0
  },
  "3": {
    "precision": 0.7762376237623763,
    "recall": 0.6723842195540308,
    "f1-score": 0.7205882352941176,
    "support": 583.0
  },
  "accuracy": 0.8165972944849116,
  "macro avg": {
    "precision": 0.8102431306950781,
    "recall": 0.7958847673447449,
    "f1-score": 0.8019221478917508,
    "support": 3844.0
  },
  "weighted avg": {
    "precision": 0.8182565227542602,
    "recall": 0.8165972944849116,
    "f1-score": 0.8165728586027691,
    "support": 3844.0
  }
}