{
  "0": {
    "precision": 0.9202965708989805,
    "recall": 0.9072635906806761,
    "f1-score": 0.9137336093857833,
    "support": 2189.0
  },
  "1": {
    "precision": 0.7333664349553128,
    "recall": 0.8031538879825992,
    "f1-score": 0.7666753179340774,
    "support": 1839.0
  },
  "2": {
    "precision": 0.8175046554934823,
    "recall": 0.8491295938104448,
    "f1-score": 0.8330170777988615,
    "support": 517.0
  },
  "3": {
    "precision": 0.8141025641025641,
    "recall": 0.6446700507614214,
    "f1-score": 0.7195467422096318,
    "support": 788.0
  },
  "accuracy": 0.8269266829176823,
  "macro avg": {
    "precision": 0.821317556362585,
    "recall": 0.8010542808087854,
    "f1-score": 0.8082431868320885,
    "support": 5333.0
  },
  "weighted avg": {
    "precision": 0.8301805353428914,
    "recall": 0.8269266829176823,
    "f1-score": 0.8265050520737763,
    "support": 5333.0
  }
}