{
  "0": {
    "precision": 0.8792048929663608,
    "recall": 0.8887171561051005,
    "f1-score": 0.883935434281322,
    "support": 647.0
  },
  "1": {
    "precision": 0.6440422322775264,
    "recall": 0.7034596375617792,
    "f1-score": 0.6724409448818898,
    "support": 607.0
  },
  "2": {
    "precision": 0.7958115183246073,
    "recall": 0.7069767441860465,
    "f1-score": 0.7487684729064039,
    "support": 215.0
  },
  "3": {
    "precision": 0.7624309392265194,
    "recall": 0.6882793017456359,
    "f1-score": 0.7234600262123198,
    "support": 401.0
  },
  "accuracy": 0.7647058823529411,
  "macro avg": {
    "precision": 0.7703723956987535,
    "recall": 0.7468582098996406,
    "f1-score": 0.7571512195704838,
    "support": 1870.0
  },
  "weighted avg": {
    "precision": 0.7682425047119352,
    "recall": 0.7647058823529411,
    "f1-score": 0.7653318565290586,
    "support": 1870.0
  }
}