{
  "0": {
    "precision": 0.9142988084326306,
    "recall": 0.9113750571037004,
    "f1-score": 0.91283459162663,
    "support": 2189.0
  },
  "1": {
    "precision": 0.7421025375453133,
    "recall": 0.7792278412180533,
    "f1-score": 0.7602122015915119,
    "support": 1839.0
  },
  "2": {
    "precision": 0.8264150943396227,
    "recall": 0.8471953578336557,
    "f1-score": 0.836676217765043,
    "support": 517.0
  },
  "3": {
    "precision": 0.7840579710144927,
    "recall": 0.6865482233502538,
    "f1-score": 0.7320703653585927,
    "support": 788.0
  },
  "accuracy": 0.826364147759235,
  "macro avg": {
    "precision": 0.8167186028330148,
    "recall": 0.8060866198764158,
    "f1-score": 0.8104483440854444,
    "support": 5333.0
  },
  "weighted avg": {
    "precision": 0.8271556240648538,
    "recall": 0.826364147759235,
    "f1-score": 0.8261125468375364,
    "support": 5333.0
  }
}