{
  "0": {
    "precision": 0.9120073327222732,
    "recall": 0.9090909090909091,
    "f1-score": 0.9105467856325784,
    "support": 2189.0
  },
  "1": {
    "precision": 0.7346938775510204,
    "recall": 0.7830342577487766,
    "f1-score": 0.7580942353250856,
    "support": 1839.0
  },
  "2": {
    "precision": 0.819047619047619,
    "recall": 0.8317214700193424,
    "f1-score": 0.8253358925143954,
    "support": 517.0
  },
  "3": {
    "precision": 0.7972972972972973,
    "recall": 0.6738578680203046,
    "f1-score": 0.7303988995873453,
    "support": 788.0
  },
  "accuracy": 0.8233639602475155,
  "macro avg": {
    "precision": 0.8157615316545526,
    "recall": 0.7994261262198331,
    "f1-score": 0.8060939532648512,
    "support": 5333.0
  },
  "weighted avg": {
    "precision": 0.8249023029182958,
    "recall": 0.8233639602475155,
    "f1-score": 0.823096793890365,
    "support": 5333.0
  }
}