{
  "0": {
    "precision": 0.9070385126162018,
    "recall": 0.8957377049180328,
    "f1-score": 0.9013526888815573,
    "support": 1525.0
  },
  "1": {
    "precision": 0.7145833333333333,
    "recall": 0.777190332326284,
    "f1-score": 0.7445730824891461,
    "support": 1324.0
  },
  "2": {
    "precision": 0.8114558472553699,
    "recall": 0.8252427184466019,
    "f1-score": 0.8182912154031288,
    "support": 412.0
  },
  "3": {
    "precision": 0.7891440501043842,
    "recall": 0.6483704974271012,
    "f1-score": 0.711864406779661,
    "support": 583.0
  },
  "accuracy": 0.8098335067637877,
  "macro avg": {
    "precision": 0.8055554358273223,
    "recall": 0.786635313279505,
    "f1-score": 0.7940203483883732,
    "support": 3844.0
  },
  "weighted avg": {
    "precision": 0.81262561273494,
    "recall": 0.8098335067637877,
    "f1-score": 0.8097113792035994,
    "support": 3844.0
  }
}