{
  "0": {
    "precision": 0.9115103127079175,
    "recall": 0.898360655737705,
    "f1-score": 0.904887714663144,
    "support": 1525.0
  },
  "1": {
    "precision": 0.7227304714989444,
    "recall": 0.775679758308157,
    "f1-score": 0.7482695810564663,
    "support": 1324.0
  },
  "2": {
    "precision": 0.8233890214797136,
    "recall": 0.837378640776699,
    "f1-score": 0.8303249097472925,
    "support": 412.0
  },
  "3": {
    "precision": 0.7784431137724551,
    "recall": 0.6689536878216124,
    "f1-score": 0.7195571955719557,
    "support": 583.0
  },
  "accuracy": 0.8147762747138397,
  "macro avg": {
    "precision": 0.8090182298647577,
    "recall": 0.7950931856610433,
    "f1-score": 0.8007598502597146,
    "support": 3844.0
  },
  "weighted avg": {
    "precision": 0.8168618583046722,
    "recall": 0.8147762747138397,
    "f1-score": 0.8148434958414128,
    "support": 3844.0
  }
}