{
  "0": {
    "precision": 0.9057971014492754,
    "recall": 0.9016393442622951,
    "f1-score": 0.903713440683536,
    "support": 1525.0
  },
  "1": {
    "precision": 0.7132915796798887,
    "recall": 0.7741691842900302,
    "f1-score": 0.7424846070264397,
    "support": 1324.0
  },
  "2": {
    "precision": 0.8208232445520581,
    "recall": 0.8228155339805825,
    "f1-score": 0.8218181818181818,
    "support": 412.0
  },
  "3": {
    "precision": 0.7815126050420168,
    "recall": 0.6380789022298456,
    "f1-score": 0.7025495750708215,
    "support": 583.0
  },
  "accuracy": 0.8093132154006244,
  "macro avg": {
    "precision": 0.8053561326808097,
    "recall": 0.7841757411906884,
    "f1-score": 0.7926414511497447,
    "support": 3844.0
  },
  "weighted avg": {
    "precision": 0.8115347702136476,
    "recall": 0.8093132154006244,
    "f1-score": 0.8088938891573305,
    "support": 3844.0
  }
}