{
  "0": {
    "precision": 0.8759590792838875,
    "recall": 0.898360655737705,
    "f1-score": 0.8870184525736484,
    "support": 1525.0
  },
  "1": {
    "precision": 0.7516973811833172,
    "recall": 0.5853474320241692,
    "f1-score": 0.6581740976645435,
    "support": 1324.0
  },
  "2": {
    "precision": 0.6939890710382514,
    "recall": 0.9247572815533981,
    "f1-score": 0.7929240374609782,
    "support": 412.0
  },
  "3": {
    "precision": 0.6514285714285715,
    "recall": 0.7821612349914236,
    "f1-score": 0.7108339828526891,
    "support": 583.0
  },
  "accuracy": 0.7757544224765869,
  "macro avg": {
    "precision": 0.743268525733507,
    "recall": 0.7976566510766739,
    "f1-score": 0.7622376426379648,
    "support": 3844.0
  },
  "weighted avg": {
    "precision": 0.7796023108754572,
    "recall": 0.7757544224765869,
    "f1-score": 0.7713908847345761,
    "support": 3844.0
  }
}