{
  "0": {
    "precision": 0.9159393661001378,
    "recall": 0.910918227501142,
    "f1-score": 0.913421896472744,
    "support": 2189.0
  },
  "1": {
    "precision": 0.7418520434557683,
    "recall": 0.7797716150081566,
    "f1-score": 0.76033934252386,
    "support": 1839.0
  },
  "2": {
    "precision": 0.8139097744360902,
    "recall": 0.8375241779497099,
    "f1-score": 0.8255481410867492,
    "support": 517.0
  },
  "3": {
    "precision": 0.788712011577424,
    "recall": 0.6916243654822335,
    "f1-score": 0.7369844489519946,
    "support": 788.0
  },
  "accuracy": 0.8261766360397524,
  "macro avg": {
    "precision": 0.815103298892355,
    "recall": 0.8049595964853105,
    "f1-score": 0.809073457258837,
    "support": 5333.0
  },
  "weighted avg": {
    "precision": 0.8272180009028366,
    "recall": 0.8261766360397524,
    "f1-score": 0.8260447622344339,
    "support": 5333.0
  }
}