{
  "0": {
    "precision": 0.9076012744651798,
    "recall": 0.910918227501142,
    "f1-score": 0.9092567259461924,
    "support": 2189.0
  },
  "1": {
    "precision": 0.7401859504132231,
    "recall": 0.7792278412180533,
    "f1-score": 0.759205298013245,
    "support": 1839.0
  },
  "2": {
    "precision": 0.833984375,
    "recall": 0.8259187620889749,
    "f1-score": 0.8299319727891157,
    "support": 517.0
  },
  "3": {
    "precision": 0.7877906976744186,
    "recall": 0.6878172588832487,
    "f1-score": 0.7344173441734417,
    "support": 788.0
  },
  "accuracy": 0.8243015188449279,
  "macro avg": {
    "precision": 0.8173905743882054,
    "recall": 0.8009705224228547,
    "f1-score": 0.8082028352304987,
    "support": 5333.0
  },
  "weighted avg": {
    "precision": 0.8250309664835248,
    "recall": 0.8243015188449279,
    "f1-score": 0.8239897268485313,
    "support": 5333.0
  }
}