{
  "0": {
    "precision": 0.9127829560585885,
    "recall": 0.899016393442623,
    "f1-score": 0.9058473736372646,
    "support": 1525.0
  },
  "1": {
    "precision": 0.7207654145995748,
    "recall": 0.7681268882175226,
    "f1-score": 0.7436928702010969,
    "support": 1324.0
  },
  "2": {
    "precision": 0.8210023866348448,
    "recall": 0.8349514563106796,
    "f1-score": 0.8279181708784596,
    "support": 412.0
  },
  "3": {
    "precision": 0.763671875,
    "recall": 0.6706689536878216,
    "f1-score": 0.7141552511415525,
    "support": 583.0
  },
  "accuracy": 0.8124349635796045,
  "macro avg": {
    "precision": 0.804555658073252,
    "recall": 0.7931909229146618,
    "f1-score": 0.7979034164645935,
    "support": 3844.0
  },
  "weighted avg": {
    "precision": 0.8141938354156454,
    "recall": 0.8124349635796045,
    "f1-score": 0.8125706042561215,
    "support": 3844.0
  }
}