{
  "0": {
    "precision": 0.889060092449923,
    "recall": 0.8918083462132921,
    "f1-score": 0.8904320987654321,
    "support": 647.0
  },
  "1": {
    "precision": 0.6640625,
    "recall": 0.700164744645799,
    "f1-score": 0.681635926222935,
    "support": 607.0
  },
  "2": {
    "precision": 0.8,
    "recall": 0.8,
    "f1-score": 0.8,
    "support": 215.0
  },
  "3": {
    "precision": 0.773224043715847,
    "recall": 0.7057356608478803,
    "f1-score": 0.7379400260756193,
    "support": 401.0
  },
  "accuracy": 0.779144385026738,
  "macro avg": {
    "precision": 0.7815866590414424,
    "recall": 0.7744271879267428,
    "f1-score": 0.7775020127659966,
    "support": 1870.0
  },
  "weighted avg": {
    "precision": 0.7809468763877834,
    "recall": 0.779144385026738,
    "f1-score": 0.7795596393448554,
    "support": 1870.0
  }
}