{
  "0": {
    "precision": 0.9011780104712042,
    "recall": 0.9029508196721312,
    "f1-score": 0.9020635440550279,
    "support": 1525.0
  },
  "1": {
    "precision": 0.7192362093352193,
    "recall": 0.7681268882175226,
    "f1-score": 0.7428780131482834,
    "support": 1324.0
  },
  "2": {
    "precision": 0.8269230769230769,
    "recall": 0.8349514563106796,
    "f1-score": 0.8309178743961353,
    "support": 412.0
  },
  "3": {
    "precision": 0.779835390946502,
    "recall": 0.6500857632933105,
    "f1-score": 0.7090739008419084,
    "support": 583.0
  },
  "accuracy": 0.8108740894901144,
  "macro avg": {
    "precision": 0.8067931719190007,
    "recall": 0.789028731873411,
    "f1-score": 0.7962333331103387,
    "support": 3844.0
  },
  "weighted avg": {
    "precision": 0.8121492059684015,
    "recall": 0.8108740894901144,
    "f1-score": 0.8103396572669836,
    "support": 3844.0
  }
}