{
  "0": {
    "precision": 0.9165898617511521,
    "recall": 0.9086340794883508,
    "f1-score": 0.9125946317962835,
    "support": 2189.0
  },
  "1": {
    "precision": 0.7391967463141841,
    "recall": 0.790647090810223,
    "f1-score": 0.7640567524960589,
    "support": 1839.0
  },
  "2": {
    "precision": 0.8193916349809885,
    "recall": 0.8336557059961315,
    "f1-score": 0.8264621284755513,
    "support": 517.0
  },
  "3": {
    "precision": 0.8029850746268656,
    "recall": 0.682741116751269,
    "f1-score": 0.7379972565157751,
    "support": 788.0
  },
  "accuracy": 0.8273017063566472,
  "macro avg": {
    "precision": 0.8195408294182976,
    "recall": 0.8039194982614937,
    "f1-score": 0.8102776923209172,
    "support": 5333.0
  },
  "weighted avg": {
    "precision": 0.8292097764740666,
    "recall": 0.8273017063566472,
    "f1-score": 0.8272253469714247,
    "support": 5333.0
  }
}