{
  "0": {
    "precision": 0.9088507265521797,
    "recall": 0.9022950819672131,
    "f1-score": 0.9055610398157289,
    "support": 1525.0
  },
  "1": {
    "precision": 0.721868365180467,
    "recall": 0.770392749244713,
    "f1-score": 0.7453416149068323,
    "support": 1324.0
  },
  "2": {
    "precision": 0.8233890214797136,
    "recall": 0.837378640776699,
    "f1-score": 0.8303249097472925,
    "support": 412.0
  },
  "3": {
    "precision": 0.7791164658634538,
    "recall": 0.6655231560891939,
    "f1-score": 0.7178538390379279,
    "support": 583.0
  },
  "accuracy": 0.8139958376690947,
  "macro avg": {
    "precision": 0.8083061447689536,
    "recall": 0.7938974070194548,
    "f1-score": 0.7997703508769454,
    "support": 3844.0
  },
  "weighted avg": {
    "precision": 0.8156119276636441,
    "recall": 0.8139958376690947,
    "f1-score": 0.8138437915792479,
    "support": 3844.0
  }
}