{
  "0": {
    "precision": 0.9509803921568627,
    "recall": 0.8268852459016394,
    "f1-score": 0.8846018940722553,
    "support": 1525.0
  },
  "1": {
    "precision": 0.683666881859264,
    "recall": 0.7998489425981873,
    "f1-score": 0.7372084928646014,
    "support": 1324.0
  },
  "2": {
    "precision": 0.7928730512249443,
    "recall": 0.8640776699029126,
    "f1-score": 0.826945412311266,
    "support": 412.0
  },
  "3": {
    "precision": 0.7461538461538462,
    "recall": 0.6655231560891939,
    "f1-score": 0.7035358114233907,
    "support": 583.0
  },
  "accuracy": 0.7970863683662851,
  "macro avg": {
    "precision": 0.7934185428487294,
    "recall": 0.7890837536229833,
    "f1-score": 0.7880729026678783,
    "support": 3844.0
  },
  "weighted avg": {
    "precision": 0.8108978769597426,
    "recall": 0.7970863683662851,
    "f1-score": 0.8001937619523932,
    "support": 3844.0
  }
}