{
  "0": {
    "precision": 0.9154362416107382,
    "recall": 0.8944262295081967,
    "f1-score": 0.9048092868988391,
    "support": 1525.0
  },
  "1": {
    "precision": 0.7049399198931909,
    "recall": 0.797583081570997,
    "f1-score": 0.7484053862508859,
    "support": 1324.0
  },
  "2": {
    "precision": 0.8353808353808354,
    "recall": 0.8252427184466019,
    "f1-score": 0.8302808302808303,
    "support": 412.0
  },
  "3": {
    "precision": 0.7906458797327395,
    "recall": 0.6089193825042881,
    "f1-score": 0.687984496124031,
    "support": 583.0
  },
  "accuracy": 0.8103537981269511,
  "macro avg": {
    "precision": 0.811600719154376,
    "recall": 0.7815428530075209,
    "f1-score": 0.7928699998886466,
    "support": 3844.0
  },
  "weighted avg": {
    "precision": 0.8154277248845089,
    "recall": 0.8103537981269511,
    "f1-score": 0.8100659618191766,
    "support": 3844.0
  }
}