{
  "0": {
    "precision": 0.8913043478260869,
    "recall": 0.8871715610510046,
    "f1-score": 0.8892331525948877,
    "support": 647.0
  },
  "1": {
    "precision": 0.6682389937106918,
    "recall": 0.700164744645799,
    "f1-score": 0.6838294448913917,
    "support": 607.0
  },
  "2": {
    "precision": 0.7889908256880734,
    "recall": 0.8,
    "f1-score": 0.7944572748267898,
    "support": 215.0
  },
  "3": {
    "precision": 0.7661290322580645,
    "recall": 0.7107231920199502,
    "f1-score": 0.7373868046571799,
    "support": 401.0
  },
  "accuracy": 0.7786096256684492,
  "macro avg": {
    "precision": 0.7786657998707291,
    "recall": 0.7745148744291883,
    "f1-score": 0.7762266692425622,
    "support": 1870.0
  },
  "weighted avg": {
    "precision": 0.7802918458204748,
    "recall": 0.7786096256684492,
    "f1-score": 0.7791009334402439,
    "support": 1870.0
  }
}