{
  "0": {
    "precision": 0.9008535784635587,
    "recall": 0.899672131147541,
    "f1-score": 0.9002624671916011,
    "support": 1525.0
  },
  "1": {
    "precision": 0.7114186851211073,
    "recall": 0.7764350453172205,
    "f1-score": 0.7425063199711087,
    "support": 1324.0
  },
  "2": {
    "precision": 0.8248175182481752,
    "recall": 0.8228155339805825,
    "f1-score": 0.8238153098420413,
    "support": 412.0
  },
  "3": {
    "precision": 0.7978494623655914,
    "recall": 0.6363636363636364,
    "f1-score": 0.7080152671755725,
    "support": 583.0
  },
  "accuracy": 0.8090530697190427,
  "macro avg": {
    "precision": 0.8087348110496082,
    "recall": 0.783821586702245,
    "f1-score": 0.7936498410450809,
    "support": 3844.0
  },
  "weighted avg": {
    "precision": 0.8118343133024613,
    "recall": 0.8090530697190427,
    "f1-score": 0.8085752961829396,
    "support": 3844.0
  }
}