{
  "0": {
    "precision": 0.8862928348909658,
    "recall": 0.8794435857805255,
    "f1-score": 0.8828549262994569,
    "support": 647.0
  },
  "1": {
    "precision": 0.6636636636636637,
    "recall": 0.728171334431631,
    "f1-score": 0.6944226237234878,
    "support": 607.0
  },
  "2": {
    "precision": 0.8202764976958525,
    "recall": 0.827906976744186,
    "f1-score": 0.8240740740740741,
    "support": 215.0
  },
  "3": {
    "precision": 0.8,
    "recall": 0.6882793017456359,
    "f1-score": 0.739946380697051,
    "support": 401.0
  },
  "accuracy": 0.7834224598930482,
  "macro avg": {
    "precision": 0.7925582490626204,
    "recall": 0.7809502996754947,
    "f1-score": 0.7853245011985175,
    "support": 1870.0
  },
  "weighted avg": {
    "precision": 0.7879330240764209,
    "recall": 0.7834224598930482,
    "f1-score": 0.7842866815515235,
    "support": 1870.0
  }
}