{
  "0": {
    "precision": 0.9090909090909091,
    "recall": 0.9049180327868852,
    "f1-score": 0.9069996713769306,
    "support": 1525.0
  },
  "1": {
    "precision": 0.7226950354609929,
    "recall": 0.7696374622356495,
    "f1-score": 0.745427944403804,
    "support": 1324.0
  },
  "2": {
    "precision": 0.8403990024937655,
    "recall": 0.8179611650485437,
    "f1-score": 0.8290282902829028,
    "support": 412.0
  },
  "3": {
    "precision": 0.7592233009708738,
    "recall": 0.6706689536878216,
    "f1-score": 0.7122040072859745,
    "support": 583.0
  },
  "accuracy": 0.8134755463059313,
  "macro avg": {
    "precision": 0.8078520620041352,
    "recall": 0.790796403439725,
    "f1-score": 0.798414978337403,
    "support": 3844.0
  },
  "weighted avg": {
    "precision": 0.8147979804389807,
    "recall": 0.8134755463059313,
    "f1-score": 0.8134484102717832,
    "support": 3844.0
  }
}