{
  "0": {
    "precision": 0.9041365725541693,
    "recall": 0.9029508196721312,
    "f1-score": 0.9035433070866141,
    "support": 1525.0
  },
  "1": {
    "precision": 0.7208303507516106,
    "recall": 0.7605740181268882,
    "f1-score": 0.7401690554943036,
    "support": 1324.0
  },
  "2": {
    "precision": 0.8018433179723502,
    "recall": 0.8446601941747572,
    "f1-score": 0.8226950354609929,
    "support": 412.0
  },
  "3": {
    "precision": 0.7775510204081633,
    "recall": 0.6535162950257289,
    "f1-score": 0.7101584342963654,
    "support": 583.0
  },
  "accuracy": 0.8098335067637877,
  "macro avg": {
    "precision": 0.8010903154215734,
    "recall": 0.7904253317498764,
    "f1-score": 0.7941414580845689,
    "support": 3844.0
  },
  "weighted avg": {
    "precision": 0.8108374998550489,
    "recall": 0.8098335067637877,
    "f1-score": 0.8092768196114085,
    "support": 3844.0
  }
}