{
  "0": {
    "precision": 0.8931888544891641,
    "recall": 0.8918083462132921,
    "f1-score": 0.8924980665119876,
    "support": 647.0
  },
  "1": {
    "precision": 0.6640625,
    "recall": 0.700164744645799,
    "f1-score": 0.681635926222935,
    "support": 607.0
  },
  "2": {
    "precision": 0.8064516129032258,
    "recall": 0.813953488372093,
    "f1-score": 0.8101851851851852,
    "support": 215.0
  },
  "3": {
    "precision": 0.7629427792915532,
    "recall": 0.6982543640897756,
    "f1-score": 0.7291666666666666,
    "support": 401.0
  },
  "accuracy": 0.779144385026738,
  "macro avg": {
    "precision": 0.7816614366709859,
    "recall": 0.77604523583024,
    "f1-score": 0.7783714611466935,
    "support": 1870.0
  },
  "weighted avg": {
    "precision": 0.7809124479275911,
    "recall": 0.779144385026738,
    "f1-score": 0.7795641199993185,
    "support": 1870.0
  }
}