{
  "0": {
    "precision": 0.8586156111929307,
    "recall": 0.9010819165378671,
    "f1-score": 0.8793363499245852,
    "support": 647.0
  },
  "1": {
    "precision": 0.6367521367521367,
    "recall": 0.7364085667215815,
    "f1-score": 0.6829640947288006,
    "support": 607.0
  },
  "2": {
    "precision": 0.8709677419354839,
    "recall": 0.627906976744186,
    "f1-score": 0.7297297297297297,
    "support": 215.0
  },
  "3": {
    "precision": 0.7844311377245509,
    "recall": 0.6533665835411472,
    "f1-score": 0.7129251700680272,
    "support": 401.0
  },
  "accuracy": 0.7631016042780748,
  "macro avg": {
    "precision": 0.7876916569012756,
    "recall": 0.7296910108861954,
    "f1-score": 0.7512388361127857,
    "support": 1870.0
  },
  "weighted avg": {
    "precision": 0.7721111220289023,
    "recall": 0.7631016042780748,
    "f1-score": 0.7627084005298178,
    "support": 1870.0
  }
}