{
  "0": {
    "precision": 0.9077733860342556,
    "recall": 0.9036065573770492,
    "f1-score": 0.9056851790995728,
    "support": 1525.0
  },
  "1": {
    "precision": 0.7263610315186246,
    "recall": 0.7658610271903323,
    "f1-score": 0.7455882352941177,
    "support": 1324.0
  },
  "2": {
    "precision": 0.8177570093457944,
    "recall": 0.8495145631067961,
    "f1-score": 0.8333333333333334,
    "support": 412.0
  },
  "3": {
    "precision": 0.7768924302788844,
    "recall": 0.6689536878216124,
    "f1-score": 0.7188940092165899,
    "support": 583.0
  },
  "accuracy": 0.8147762747138397,
  "macro avg": {
    "precision": 0.8071959642943898,
    "recall": 0.7969839588739475,
    "f1-score": 0.8008751892359034,
    "support": 3844.0
  },
  "weighted avg": {
    "precision": 0.8157909974339116,
    "recall": 0.8147762747138397,
    "f1-score": 0.8144581847978318,
    "support": 3844.0
  }
}