{
  "0": {
    "precision": 0.9036591014358499,
    "recall": 0.8912745545911375,
    "f1-score": 0.8974241030358786,
    "support": 2189.0
  },
  "1": {
    "precision": 0.7480689245395128,
    "recall": 0.6846112017400762,
    "f1-score": 0.7149346961953436,
    "support": 1839.0
  },
  "2": {
    "precision": 0.7533557046979866,
    "recall": 0.8684719535783365,
    "f1-score": 0.8068283917340521,
    "support": 517.0
  },
  "3": {
    "precision": 0.6815642458100558,
    "recall": 0.7741116751269036,
    "f1-score": 0.7248960190136661,
    "support": 788.0
  },
  "accuracy": 0.8004875304706545,
  "macro avg": {
    "precision": 0.7716619941208512,
    "recall": 0.8046173462591134,
    "f1-score": 0.786020802494735,
    "support": 5333.0
  },
  "weighted avg": {
    "precision": 0.8026187981058359,
    "recall": 0.8004875304706545,
    "f1-score": 0.8002202530204479,
    "support": 5333.0
  }
}