{
  "0": {
    "precision": 0.8904538341158059,
    "recall": 0.8794435857805255,
    "f1-score": 0.8849144634525661,
    "support": 647.0
  },
  "1": {
    "precision": 0.6614664586583463,
    "recall": 0.6985172981878089,
    "f1-score": 0.6794871794871795,
    "support": 607.0
  },
  "2": {
    "precision": 0.8142857142857143,
    "recall": 0.7953488372093023,
    "f1-score": 0.8047058823529412,
    "support": 215.0
  },
  "3": {
    "precision": 0.7578947368421053,
    "recall": 0.7182044887780549,
    "f1-score": 0.737516005121639,
    "support": 401.0
  },
  "accuracy": 0.7764705882352941,
  "macro avg": {
    "precision": 0.781025185975493,
    "recall": 0.7728785524889229,
    "f1-score": 0.7766558826035814,
    "support": 1870.0
  },
  "weighted avg": {
    "precision": 0.7789417054137195,
    "recall": 0.7764705882352941,
    "f1-score": 0.7774032398728277,
    "support": 1870.0
  }
}