{
  "0": {
    "precision": 0.9153244362632306,
    "recall": 0.9086340794883508,
    "f1-score": 0.9119669876203577,
    "support": 2189.0
  },
  "1": {
    "precision": 0.7374358974358974,
    "recall": 0.7819467101685699,
    "f1-score": 0.7590393243599894,
    "support": 1839.0
  },
  "2": {
    "precision": 0.8202676864244742,
    "recall": 0.8297872340425532,
    "f1-score": 0.825,
    "support": 517.0
  },
  "3": {
    "precision": 0.7874818049490538,
    "recall": 0.6865482233502538,
    "f1-score": 0.7335593220338983,
    "support": 788.0
  },
  "accuracy": 0.8244890305644103,
  "macro avg": {
    "precision": 0.8151274562681641,
    "recall": 0.801729061762432,
    "f1-score": 0.8073914085035613,
    "support": 5333.0
  },
  "weighted avg": {
    "precision": 0.8258773415612478,
    "recall": 0.8244890305644103,
    "f1-score": 0.8244400523460895,
    "support": 5333.0
  }
}