{
  "0": {
    "precision": 0.9118825100133512,
    "recall": 0.8957377049180328,
    "f1-score": 0.9037380086007277,
    "support": 1525.0
  },
  "1": {
    "precision": 0.7171145685997171,
    "recall": 0.7658610271903323,
    "f1-score": 0.7406866325785245,
    "support": 1324.0
  },
  "2": {
    "precision": 0.8246445497630331,
    "recall": 0.8446601941747572,
    "f1-score": 0.8345323741007195,
    "support": 412.0
  },
  "3": {
    "precision": 0.7588235294117647,
    "recall": 0.6638078902229846,
    "f1-score": 0.7081427264409881,
    "support": 583.0
  },
  "accuracy": 0.8103537981269511,
  "macro avg": {
    "precision": 0.8031162894469666,
    "recall": 0.7925167041265267,
    "f1-score": 0.79677493543024,
    "support": 3844.0
  },
  "weighted avg": {
    "precision": 0.8122341802148322,
    "recall": 0.8103537981269511,
    "f1-score": 0.8104953465907048,
    "support": 3844.0
  }
}