{
  "0": {
    "precision": 0.9254355400696864,
    "recall": 0.8708196721311475,
    "f1-score": 0.8972972972972973,
    "support": 1525.0
  },
  "1": {
    "precision": 0.747431506849315,
    "recall": 0.6593655589123867,
    "f1-score": 0.7006420545746388,
    "support": 1324.0
  },
  "2": {
    "precision": 0.7150735294117647,
    "recall": 0.9441747572815534,
    "f1-score": 0.8138075313807531,
    "support": 412.0
  },
  "3": {
    "precision": 0.6714490674318508,
    "recall": 0.8027444253859348,
    "f1-score": 0.73125,
    "support": 583.0
  },
  "accuracy": 0.795525494276795,
  "macro avg": {
    "precision": 0.7648474109406542,
    "recall": 0.8192761034277556,
    "f1-score": 0.7857492208131724,
    "support": 3844.0
  },
  "weighted avg": {
    "precision": 0.8030576519524404,
    "recall": 0.795525494276795,
    "f1-score": 0.7954307782424742,
    "support": 3844.0
  }
}