{
  "0": {
    "precision": 0.8866459627329193,
    "recall": 0.8825347758887172,
    "f1-score": 0.8845855925639039,
    "support": 647.0
  },
  "1": {
    "precision": 0.6681957186544343,
    "recall": 0.7199341021416804,
    "f1-score": 0.6931007137192704,
    "support": 607.0
  },
  "2": {
    "precision": 0.8144796380090498,
    "recall": 0.8372093023255814,
    "f1-score": 0.8256880733944955,
    "support": 215.0
  },
  "3": {
    "precision": 0.7948717948717948,
    "recall": 0.6957605985037406,
    "f1-score": 0.7420212765957447,
    "support": 401.0
  },
  "accuracy": 0.7844919786096257,
  "macro avg": {
    "precision": 0.7910482785670495,
    "recall": 0.78385969471493,
    "f1-score": 0.7863489140683536,
    "support": 1870.0
  },
  "weighted avg": {
    "precision": 0.7877601342390245,
    "recall": 0.7844919786096257,
    "f1-score": 0.7850868873321672,
    "support": 1870.0
  }
}