{
  "0": {
    "precision": 0.9095112285336856,
    "recall": 0.9029508196721312,
    "f1-score": 0.9062191510365252,
    "support": 1525.0
  },
  "1": {
    "precision": 0.7226224783861671,
    "recall": 0.7575528700906344,
    "f1-score": 0.7396755162241888,
    "support": 1324.0
  },
  "2": {
    "precision": 0.8277511961722488,
    "recall": 0.8398058252427184,
    "f1-score": 0.8337349397590361,
    "support": 412.0
  },
  "3": {
    "precision": 0.7461832061068703,
    "recall": 0.6706689536878216,
    "f1-score": 0.7064137308039747,
    "support": 583.0
  },
  "accuracy": 0.8108740894901144,
  "macro avg": {
    "precision": 0.801517027299743,
    "recall": 0.7927446171733264,
    "f1-score": 0.7965108344559312,
    "support": 3844.0
  },
  "weighted avg": {
    "precision": 0.8116064221853349,
    "recall": 0.8108740894901144,
    "f1-score": 0.8107837120319893,
    "support": 3844.0
  }
}