{
  "0": {
    "precision": 0.9098090849242922,
    "recall": 0.9062295081967213,
    "f1-score": 0.9080157687253614,
    "support": 1525.0
  },
  "1": {
    "precision": 0.7252669039145907,
    "recall": 0.7696374622356495,
    "f1-score": 0.7467936973250274,
    "support": 1324.0
  },
  "2": {
    "precision": 0.8242280285035629,
    "recall": 0.8422330097087378,
    "f1-score": 0.8331332533013205,
    "support": 412.0
  },
  "3": {
    "precision": 0.7715430861723447,
    "recall": 0.660377358490566,
    "f1-score": 0.711645101663586,
    "support": 583.0
  },
  "accuracy": 0.8150364203954215,
  "macro avg": {
    "precision": 0.8077117758786976,
    "recall": 0.7946193346579188,
    "f1-score": 0.7998969552538238,
    "support": 3844.0
  },
  "weighted avg": {
    "precision": 0.8161040068351739,
    "recall": 0.8150364203954215,
    "f1-score": 0.8146771324647571,
    "support": 3844.0
  }
}