{
  "0": {
    "precision": 0.8603491271820449,
    "recall": 0.9049180327868852,
    "f1-score": 0.8820709491850431,
    "support": 1525.0
  },
  "1": {
    "precision": 0.5439024390243903,
    "recall": 0.8421450151057401,
    "f1-score": 0.6609365737996443,
    "support": 1324.0
  },
  "2": {
    "precision": 0.7592592592592593,
    "recall": 0.09951456310679611,
    "f1-score": 0.1759656652360515,
    "support": 412.0
  },
  "3": {
    "precision": 0.9338235294117647,
    "recall": 0.21783876500857632,
    "f1-score": 0.3532684283727399,
    "support": 583.0
  },
  "accuracy": 0.6927679500520292,
  "macro avg": {
    "precision": 0.7743335887193648,
    "recall": 0.5161040940019994,
    "f1-score": 0.5180604041483697,
    "support": 3844.0
  },
  "weighted avg": {
    "precision": 0.751663158346198,
    "recall": 0.6927679500520292,
    "f1-score": 0.650023821289407,
    "support": 3844.0
  }
}