{
  "0": {
    "precision": 0.9117451891174518,
    "recall": 0.9009836065573771,
    "f1-score": 0.9063324538258575,
    "support": 1525.0
  },
  "1": {
    "precision": 0.7236936292054402,
    "recall": 0.763595166163142,
    "f1-score": 0.743109151047409,
    "support": 1324.0
  },
  "2": {
    "precision": 0.8261904761904761,
    "recall": 0.8422330097087378,
    "f1-score": 0.8341346153846154,
    "support": 412.0
  },
  "3": {
    "precision": 0.7519230769230769,
    "recall": 0.6706689536878216,
    "f1-score": 0.7089755213055303,
    "support": 583.0
  },
  "accuracy": 0.8124349635796045,
  "macro avg": {
    "precision": 0.8033880928591113,
    "recall": 0.7943701840292697,
    "f1-score": 0.7981379353908531,
    "support": 3844.0
  },
  "weighted avg": {
    "precision": 0.8135648825465002,
    "recall": 0.8124349635796045,
    "f1-score": 0.8124426895241383,
    "support": 3844.0
  }
}