{
  "0": {
    "precision": 0.9079470198675497,
    "recall": 0.899016393442623,
    "f1-score": 0.9034596375617793,
    "support": 1525.0
  },
  "1": {
    "precision": 0.7191400832177531,
    "recall": 0.7832326283987915,
    "f1-score": 0.749819233550253,
    "support": 1324.0
  },
  "2": {
    "precision": 0.8197115384615384,
    "recall": 0.8276699029126213,
    "f1-score": 0.8236714975845411,
    "support": 412.0
  },
  "3": {
    "precision": 0.8004201680672269,
    "recall": 0.6535162950257289,
    "f1-score": 0.7195467422096318,
    "support": 583.0
  },
  "accuracy": 0.8142559833506764,
  "macro avg": {
    "precision": 0.8118047024035171,
    "recall": 0.7908588049449412,
    "f1-score": 0.7991242777265513,
    "support": 3844.0
  },
  "weighted avg": {
    "precision": 0.8171505690186435,
    "recall": 0.8142559833506764,
    "f1-score": 0.8140959990154252,
    "support": 3844.0
  }
}