{
  "0": {
    "precision": 0.9103493737640079,
    "recall": 0.9055737704918033,
    "f1-score": 0.9079552925706772,
    "support": 1525.0
  },
  "1": {
    "precision": 0.7267525035765379,
    "recall": 0.7673716012084593,
    "f1-score": 0.7465099191770757,
    "support": 1324.0
  },
  "2": {
    "precision": 0.8093023255813954,
    "recall": 0.8446601941747572,
    "f1-score": 0.8266033254156769,
    "support": 412.0
  },
  "3": {
    "precision": 0.7775551102204409,
    "recall": 0.6655231560891939,
    "f1-score": 0.7171903881700554,
    "support": 583.0
  },
  "accuracy": 0.8150364203954215,
  "macro avg": {
    "precision": 0.8059898282855955,
    "recall": 0.7957821804910534,
    "f1-score": 0.7995647313333714,
    "support": 3844.0
  },
  "weighted avg": {
    "precision": 0.816142116837539,
    "recall": 0.8150364203954215,
    "f1-score": 0.8146965454045608,
    "support": 3844.0
  }
}