{
  "0": {
    "precision": 0.9121683440073193,
    "recall": 0.910918227501142,
    "f1-score": 0.9115428571428571,
    "support": 2189.0
  },
  "1": {
    "precision": 0.7352941176470589,
    "recall": 0.7884719956498096,
    "f1-score": 0.7609551298871687,
    "support": 1839.0
  },
  "2": {
    "precision": 0.8313953488372093,
    "recall": 0.8297872340425532,
    "f1-score": 0.8305905130687319,
    "support": 517.0
  },
  "3": {
    "precision": 0.802731411229135,
    "recall": 0.6713197969543148,
    "f1-score": 0.7311679336558397,
    "support": 788.0
  },
  "accuracy": 0.8254265891618227,
  "macro avg": {
    "precision": 0.8203973054301807,
    "recall": 0.8001243135369549,
    "f1-score": 0.8085641084386495,
    "support": 5333.0
  },
  "weighted avg": {
    "precision": 0.8271753487309879,
    "recall": 0.8254265891618227,
    "f1-score": 0.8251152119117858,
    "support": 5333.0
  }
}