{
  "0": {
    "precision": 0.9186046511627907,
    "recall": 0.880655737704918,
    "f1-score": 0.8992299966521593,
    "support": 1525.0
  },
  "1": {
    "precision": 0.7355958958168903,
    "recall": 0.7039274924471299,
    "f1-score": 0.7194133539174065,
    "support": 1324.0
  },
  "2": {
    "precision": 0.7591836734693878,
    "recall": 0.9029126213592233,
    "f1-score": 0.8248337028824834,
    "support": 412.0
  },
  "3": {
    "precision": 0.7008,
    "recall": 0.7512864493996569,
    "f1-score": 0.7251655629139073,
    "support": 583.0
  },
  "accuracy": 0.8025494276795005,
  "macro avg": {
    "precision": 0.7785460551122672,
    "recall": 0.8096955752277321,
    "f1-score": 0.7921606540914892,
    "support": 3844.0
  },
  "weighted avg": {
    "precision": 0.8054503466582222,
    "recall": 0.8025494276795005,
    "f1-score": 0.8029219652048856,
    "support": 3844.0
  }
}