{
  "0": {
    "precision": 0.9138799816765919,
    "recall": 0.9113750571037004,
    "f1-score": 0.9126258005489478,
    "support": 2189.0
  },
  "1": {
    "precision": 0.7416709379805229,
    "recall": 0.7868406742794998,
    "f1-score": 0.7635883905013192,
    "support": 1839.0
  },
  "2": {
    "precision": 0.8241965973534972,
    "recall": 0.8433268858800773,
    "f1-score": 0.8336520076481836,
    "support": 517.0
  },
  "3": {
    "precision": 0.8014925373134328,
    "recall": 0.6814720812182741,
    "f1-score": 0.7366255144032922,
    "support": 788.0
  },
  "accuracy": 0.8278642415150947,
  "macro avg": {
    "precision": 0.8203100135810112,
    "recall": 0.8057536746203879,
    "f1-score": 0.8116229282754357,
    "support": 5333.0
  },
  "weighted avg": {
    "precision": 0.829195930071439,
    "recall": 0.8278642415150947,
    "f1-score": 0.8275709583419235,
    "support": 5333.0
  }
}