{
  "0": {
    "precision": 0.9061679790026247,
    "recall": 0.9055737704918033,
    "f1-score": 0.9058707773040341,
    "support": 1525.0
  },
  "1": {
    "precision": 0.7226590421729807,
    "recall": 0.763595166163142,
    "f1-score": 0.7425633492471538,
    "support": 1324.0
  },
  "2": {
    "precision": 0.8107476635514018,
    "recall": 0.8422330097087378,
    "f1-score": 0.8261904761904761,
    "support": 412.0
  },
  "3": {
    "precision": 0.7768762677484787,
    "recall": 0.6569468267581475,
    "f1-score": 0.7118959107806692,
    "support": 583.0
  },
  "accuracy": 0.8121748178980229,
  "macro avg": {
    "precision": 0.8041127381188715,
    "recall": 0.7920871932804576,
    "f1-score": 0.7966301283805833,
    "support": 3844.0
  },
  "weighted avg": {
    "precision": 0.813125296903374,
    "recall": 0.8121748178980229,
    "f1-score": 0.8116630077959132,
    "support": 3844.0
  }
}