{
  "0": {
    "precision": 0.9089253187613844,
    "recall": 0.9118318867062586,
    "f1-score": 0.910376282782212,
    "support": 2189.0
  },
  "1": {
    "precision": 0.7442946058091287,
    "recall": 0.7803153887982599,
    "f1-score": 0.7618794796920626,
    "support": 1839.0
  },
  "2": {
    "precision": 0.8404669260700389,
    "recall": 0.8355899419729207,
    "f1-score": 0.8380213385063046,
    "support": 517.0
  },
  "3": {
    "precision": 0.7856115107913669,
    "recall": 0.6928934010152284,
    "f1-score": 0.7363452461227242,
    "support": 788.0
  },
  "accuracy": 0.8267391711981998,
  "macro avg": {
    "precision": 0.8198245903579797,
    "recall": 0.8051576546231669,
    "f1-score": 0.8116555867758259,
    "support": 5333.0
  },
  "weighted avg": {
    "precision": 0.827297688755572,
    "recall": 0.8267391711981998,
    "f1-score": 0.8264404898024437,
    "support": 5333.0
  }
}