{
  "0": {
    "precision": 0.9162162162162162,
    "recall": 0.8891803278688525,
    "f1-score": 0.902495840266223,
    "support": 1525.0
  },
  "1": {
    "precision": 0.7070707070707071,
    "recall": 0.7930513595166163,
    "f1-score": 0.7475970096119615,
    "support": 1324.0
  },
  "2": {
    "precision": 0.7995391705069125,
    "recall": 0.8422330097087378,
    "f1-score": 0.8203309692671394,
    "support": 412.0
  },
  "3": {
    "precision": 0.8,
    "recall": 0.6106346483704974,
    "f1-score": 0.6926070038910506,
    "support": 583.0
  },
  "accuracy": 0.808792924037461,
  "macro avg": {
    "precision": 0.8057065234484588,
    "recall": 0.783774836366176,
    "f1-score": 0.7907577057590938,
    "support": 3844.0
  },
  "weighted avg": {
    "precision": 0.8140482528980733,
    "recall": 0.808792924037461,
    "f1-score": 0.8085043807853203,
    "support": 3844.0
  }
}