{
  "0": {
    "precision": 0.9079552925706772,
    "recall": 0.9055737704918033,
    "f1-score": 0.9067629678266579,
    "support": 1525.0
  },
  "1": {
    "precision": 0.7240896358543417,
    "recall": 0.7809667673716012,
    "f1-score": 0.751453488372093,
    "support": 1324.0
  },
  "2": {
    "precision": 0.8313253012048193,
    "recall": 0.837378640776699,
    "f1-score": 0.8343409915356711,
    "support": 412.0
  },
  "3": {
    "precision": 0.7916666666666666,
    "recall": 0.6518010291595198,
    "f1-score": 0.7149576669802445,
    "support": 583.0
  },
  "accuracy": 0.8168574401664932,
  "macro avg": {
    "precision": 0.8137592240741262,
    "recall": 0.7939300519499057,
    "f1-score": 0.8018787786786666,
    "support": 3844.0
  },
  "weighted avg": {
    "precision": 0.8187758037992933,
    "recall": 0.8168574401664932,
    "f1-score": 0.8164169492462235,
    "support": 3844.0
  }
}