{
  "0": {
    "precision": 0.910250569476082,
    "recall": 0.912745545911375,
    "f1-score": 0.9114963503649635,
    "support": 2189.0
  },
  "1": {
    "precision": 0.7448926139339969,
    "recall": 0.7732463295269169,
    "f1-score": 0.7588046958377801,
    "support": 1839.0
  },
  "2": {
    "precision": 0.8267419962335216,
    "recall": 0.8491295938104448,
    "f1-score": 0.8377862595419847,
    "support": 517.0
  },
  "3": {
    "precision": 0.7865329512893983,
    "recall": 0.6967005076142132,
    "f1-score": 0.7388963660834454,
    "support": 788.0
  },
  "accuracy": 0.8265516594787174,
  "macro avg": {
    "precision": 0.8171045327332497,
    "recall": 0.8079554942157375,
    "f1-score": 0.8117459179570434,
    "support": 5333.0
  },
  "weighted avg": {
    "precision": 0.8268534767066454,
    "recall": 0.8265516594787174,
    "f1-score": 0.8261941082414296,
    "support": 5333.0
  }
}