{
  "0": {
    "precision": 0.9117451891174518,
    "recall": 0.9009836065573771,
    "f1-score": 0.9063324538258575,
    "support": 1525.0
  },
  "1": {
    "precision": 0.7194194885970975,
    "recall": 0.7862537764350453,
    "f1-score": 0.7513533020570191,
    "support": 1324.0
  },
  "2": {
    "precision": 0.8369829683698297,
    "recall": 0.8349514563106796,
    "f1-score": 0.8359659781287971,
    "support": 412.0
  },
  "3": {
    "precision": 0.7891440501043842,
    "recall": 0.6483704974271012,
    "f1-score": 0.711864406779661,
    "support": 583.0
  },
  "accuracy": 0.8160770031217481,
  "macro avg": {
    "precision": 0.8143229240471908,
    "recall": 0.7926398341825508,
    "f1-score": 0.8013790351978336,
    "support": 3844.0
  },
  "weighted avg": {
    "precision": 0.8188945838933135,
    "recall": 0.8160770031217481,
    "f1-score": 0.815916674336507,
    "support": 3844.0
  }
}