{
  "0": {
    "precision": 0.9304222648752399,
    "recall": 0.8857925993604385,
    "f1-score": 0.9075590919728528,
    "support": 2189.0
  },
  "1": {
    "precision": 0.7675411836485662,
    "recall": 0.6840674279499728,
    "f1-score": 0.723404255319149,
    "support": 1839.0
  },
  "2": {
    "precision": 0.7142857142857143,
    "recall": 0.9381044487427466,
    "f1-score": 0.8110367892976589,
    "support": 517.0
  },
  "3": {
    "precision": 0.6917293233082706,
    "recall": 0.817258883248731,
    "f1-score": 0.7492728330424665,
    "support": 788.0
  },
  "accuracy": 0.8111756984811551,
  "macro avg": {
    "precision": 0.7759946215294478,
    "recall": 0.8313058398254722,
    "f1-score": 0.7978182424080318,
    "support": 5333.0
  },
  "weighted avg": {
    "precision": 0.8180331887482176,
    "recall": 0.8111756984811551,
    "f1-score": 0.8113107613659934,
    "support": 5333.0
  }
}