{
  "0": {
    "precision": 0.9025032938076416,
    "recall": 0.898360655737705,
    "f1-score": 0.9004272099901413,
    "support": 1525.0
  },
  "1": {
    "precision": 0.7191091954022989,
    "recall": 0.7560422960725075,
    "f1-score": 0.7371134020618557,
    "support": 1324.0
  },
  "2": {
    "precision": 0.8214285714285714,
    "recall": 0.837378640776699,
    "f1-score": 0.8293269230769231,
    "support": 412.0
  },
  "3": {
    "precision": 0.7645914396887159,
    "recall": 0.6740994854202401,
    "f1-score": 0.7164995442114859,
    "support": 583.0
  },
  "accuracy": 0.808792924037461,
  "macro avg": {
    "precision": 0.801908125081807,
    "recall": 0.7914702695017879,
    "f1-score": 0.7958417698351016,
    "support": 3844.0
  },
  "weighted avg": {
    "precision": 0.8097303534173751,
    "recall": 0.808792924037461,
    "f1-score": 0.8086606571664545,
    "support": 3844.0
  }
}