{
  "0": {
    "precision": 0.9070680628272252,
    "recall": 0.9088524590163934,
    "f1-score": 0.9079593842122502,
    "support": 1525.0
  },
  "1": {
    "precision": 0.7183002056202878,
    "recall": 0.7915407854984894,
    "f1-score": 0.7531440891124686,
    "support": 1324.0
  },
  "2": {
    "precision": 0.8417085427135679,
    "recall": 0.8131067961165048,
    "f1-score": 0.8271604938271605,
    "support": 412.0
  },
  "3": {
    "precision": 0.7995642701525054,
    "recall": 0.6295025728987993,
    "f1-score": 0.7044145873320538,
    "support": 583.0
  },
  "accuracy": 0.8158168574401665,
  "macro avg": {
    "precision": 0.8166602703283966,
    "recall": 0.7857506533825467,
    "f1-score": 0.7981696386209833,
    "support": 3844.0
  },
  "weighted avg": {
    "precision": 0.8187404154915922,
    "recall": 0.8158168574401665,
    "f1-score": 0.8151052712747054,
    "support": 3844.0
  }
}