{
  "0": {
    "precision": 0.9087904824851288,
    "recall": 0.9016393442622951,
    "f1-score": 0.9052007899934167,
    "support": 1525.0
  },
  "1": {
    "precision": 0.7234195402298851,
    "recall": 0.7605740181268882,
    "f1-score": 0.7415316642120766,
    "support": 1324.0
  },
  "2": {
    "precision": 0.8246445497630331,
    "recall": 0.8446601941747572,
    "f1-score": 0.8345323741007195,
    "support": 412.0
  },
  "3": {
    "precision": 0.7601547388781431,
    "recall": 0.6740994854202401,
    "f1-score": 0.7145454545454546,
    "support": 583.0
  },
  "accuracy": 0.8124349635796045,
  "macro avg": {
    "precision": 0.8042523278390475,
    "recall": 0.7952432604960451,
    "f1-score": 0.7989525707129168,
    "support": 3844.0
  },
  "weighted avg": {
    "precision": 0.8133810417072103,
    "recall": 0.8124349635796045,
    "f1-score": 0.8123377903970466,
    "support": 3844.0
  }
}