{
  "0": {
    "precision": 0.8995403808273145,
    "recall": 0.898360655737705,
    "f1-score": 0.8989501312335958,
    "support": 1525.0
  },
  "1": {
    "precision": 0.710801393728223,
    "recall": 0.770392749244713,
    "f1-score": 0.7393983327292497,
    "support": 1324.0
  },
  "2": {
    "precision": 0.8489583333333334,
    "recall": 0.7912621359223301,
    "f1-score": 0.8190954773869347,
    "support": 412.0
  },
  "3": {
    "precision": 0.7529880478087649,
    "recall": 0.6483704974271012,
    "f1-score": 0.6967741935483871,
    "support": 583.0
  },
  "accuracy": 0.8048907388137357,
  "macro avg": {
    "precision": 0.803072038924409,
    "recall": 0.7770965095829623,
    "f1-score": 0.7885545337245419,
    "support": 3844.0
  },
  "weighted avg": {
    "precision": 0.8068842328989763,
    "recall": 0.8048907388137357,
    "f1-score": 0.8047734220049134,
    "support": 3844.0
  }
}