{
  "0": {
    "precision": 0.9100917431192661,
    "recall": 0.9063499314755596,
    "f1-score": 0.908216983291371,
    "support": 2189.0
  },
  "1": {
    "precision": 0.7334009123162697,
    "recall": 0.7868406742794998,
    "f1-score": 0.7591815320041972,
    "support": 1839.0
  },
  "2": {
    "precision": 0.8459958932238193,
    "recall": 0.7969052224371374,
    "f1-score": 0.8207171314741036,
    "support": 517.0
  },
  "3": {
    "precision": 0.7806637806637806,
    "recall": 0.6865482233502538,
    "f1-score": 0.7305874409182984,
    "support": 788.0
  },
  "accuracy": 0.8220513782111382,
  "macro avg": {
    "precision": 0.8175380823307838,
    "recall": 0.7941610128856127,
    "f1-score": 0.8046757719219926,
    "support": 5333.0
  },
  "weighted avg": {
    "precision": 0.8238248714414902,
    "recall": 0.8220513782111382,
    "f1-score": 0.8220955323825728,
    "support": 5333.0
  }
}