{
  "0": {
    "precision": 0.919981498612396,
    "recall": 0.9086340794883508,
    "f1-score": 0.9142725810158584,
    "support": 2189.0
  },
  "1": {
    "precision": 0.7355577689243028,
    "recall": 0.8031538879825992,
    "f1-score": 0.7678710683649597,
    "support": 1839.0
  },
  "2": {
    "precision": 0.8217636022514071,
    "recall": 0.8471953578336557,
    "f1-score": 0.8342857142857143,
    "support": 517.0
  },
  "3": {
    "precision": 0.8126984126984127,
    "recall": 0.649746192893401,
    "f1-score": 0.7221438645980254,
    "support": 788.0
  },
  "accuracy": 0.8280517532345771,
  "macro avg": {
    "precision": 0.8225003206216297,
    "recall": 0.8021823795495018,
    "f1-score": 0.8096433070661393,
    "support": 5333.0
  },
  "weighted avg": {
    "precision": 0.8310122574694644,
    "recall": 0.8280517532345771,
    "f1-score": 0.8276453504886242,
    "support": 5333.0
  }
}