{
  "0": {
    "precision": 0.8065958636109558,
    "recall": 0.9462295081967214,
    "f1-score": 0.8708509354254678,
    "support": 1525.0
  },
  "1": {
    "precision": 0.8073394495412844,
    "recall": 0.26586102719033233,
    "f1-score": 0.4,
    "support": 1324.0
  },
  "2": {
    "precision": 0.6400651465798045,
    "recall": 0.9538834951456311,
    "f1-score": 0.7660818713450293,
    "support": 412.0
  },
  "3": {
    "precision": 0.5194029850746269,
    "recall": 0.8953687821612349,
    "f1-score": 0.6574307304785895,
    "support": 583.0
  },
  "accuracy": 0.7049947970863684,
  "macro avg": {
    "precision": 0.6933508612016679,
    "recall": 0.7653357031734799,
    "f1-score": 0.6735908843122715,
    "support": 3844.0
  },
  "weighted avg": {
    "precision": 0.7454461248409872,
    "recall": 0.7049947970863684,
    "f1-score": 0.6650768791329366,
    "support": 3844.0
  }
}