{
  "0": {
    "precision": 0.886676875957121,
    "recall": 0.8948995363214838,
    "f1-score": 0.8907692307692308,
    "support": 647.0
  },
  "1": {
    "precision": 0.6677165354330709,
    "recall": 0.6985172981878089,
    "f1-score": 0.6827697262479872,
    "support": 607.0
  },
  "2": {
    "precision": 0.7991266375545851,
    "recall": 0.8511627906976744,
    "f1-score": 0.8243243243243243,
    "support": 215.0
  },
  "3": {
    "precision": 0.7790368271954674,
    "recall": 0.685785536159601,
    "f1-score": 0.7294429708222812,
    "support": 401.0
  },
  "accuracy": 0.781283422459893,
  "macro avg": {
    "precision": 0.783139219035061,
    "recall": 0.7825912903416421,
    "f1-score": 0.7818265630409558,
    "support": 1870.0
  },
  "weighted avg": {
    "precision": 0.7824544762201869,
    "recall": 0.781283422459893,
    "f1-score": 0.7810188647966231,
    "support": 1870.0
  }
}