{
  "0": {
    "precision": 0.9154834347532116,
    "recall": 0.8878688524590164,
    "f1-score": 0.9014647137150466,
    "support": 1525.0
  },
  "1": {
    "precision": 0.7027206370272063,
    "recall": 0.7998489425981873,
    "f1-score": 0.7481455316142706,
    "support": 1324.0
  },
  "2": {
    "precision": 0.8060747663551402,
    "recall": 0.837378640776699,
    "f1-score": 0.8214285714285714,
    "support": 412.0
  },
  "3": {
    "precision": 0.8069767441860465,
    "recall": 0.5951972555746141,
    "f1-score": 0.6850937808489634,
    "support": 583.0
  },
  "accuracy": 0.8077523413111343,
  "macro avg": {
    "precision": 0.8078138955804013,
    "recall": 0.7800734228521292,
    "f1-score": 0.789033149401713,
    "support": 3844.0
  },
  "weighted avg": {
    "precision": 0.8140178478203568,
    "recall": 0.8077523413111343,
    "f1-score": 0.8072623876004833,
    "support": 3844.0
  }
}