{
  "0": {
    "precision": 0.9090073529411765,
    "recall": 0.9036089538602101,
    "f1-score": 0.9063001145475372,
    "support": 2189.0
  },
  "1": {
    "precision": 0.7255002565418163,
    "recall": 0.7688961392060902,
    "f1-score": 0.7465681098204857,
    "support": 1839.0
  },
  "2": {
    "precision": 0.8116504854368932,
    "recall": 0.8085106382978723,
    "f1-score": 0.810077519379845,
    "support": 517.0
  },
  "3": {
    "precision": 0.7792207792207793,
    "recall": 0.6852791878172588,
    "f1-score": 0.7292370020256583,
    "support": 788.0
  },
  "accuracy": 0.8156759797487343,
  "macro avg": {
    "precision": 0.8063447185351662,
    "recall": 0.7915737297953578,
    "f1-score": 0.7980456864433816,
    "support": 5333.0
  },
  "weighted avg": {
    "precision": 0.81711257122923,
    "recall": 0.8156759797487343,
    "f1-score": 0.8157282092293326,
    "support": 5333.0
  }
}