{
  "0": {
    "precision": 0.8895800933125972,
    "recall": 0.884080370942813,
    "f1-score": 0.8868217054263566,
    "support": 647.0
  },
  "1": {
    "precision": 0.6629570747217806,
    "recall": 0.6869851729818781,
    "f1-score": 0.6747572815533981,
    "support": 607.0
  },
  "2": {
    "precision": 0.8066037735849056,
    "recall": 0.7953488372093023,
    "f1-score": 0.8009367681498829,
    "support": 215.0
  },
  "3": {
    "precision": 0.7487046632124352,
    "recall": 0.7206982543640897,
    "f1-score": 0.7344345616264295,
    "support": 401.0
  },
  "accuracy": 0.7748663101604278,
  "macro avg": {
    "precision": 0.7769614012079297,
    "recall": 0.7717781588745208,
    "f1-score": 0.7742375791890168,
    "support": 1870.0
  },
  "weighted avg": {
    "precision": 0.7762693294108622,
    "recall": 0.7748663101604278,
    "f1-score": 0.7754336779027746,
    "support": 1870.0
  }
}