{
  "0": {
    "precision": 0.8807397959183674,
    "recall": 0.9055737704918033,
    "f1-score": 0.8929841577756223,
    "support": 1525.0
  },
  "1": {
    "precision": 0.7588582677165354,
    "recall": 0.5823262839879154,
    "f1-score": 0.658974358974359,
    "support": 1324.0
  },
  "2": {
    "precision": 0.6936936936936937,
    "recall": 0.9344660194174758,
    "f1-score": 0.796277145811789,
    "support": 412.0
  },
  "3": {
    "precision": 0.649645390070922,
    "recall": 0.7855917667238422,
    "f1-score": 0.7111801242236024,
    "support": 583.0
  },
  "accuracy": 0.7791363163371487,
  "macro avg": {
    "precision": 0.7457342868498795,
    "recall": 0.8019894601552592,
    "f1-score": 0.7648539466963433,
    "support": 3844.0
  },
  "weighted avg": {
    "precision": 0.7836632672854715,
    "recall": 0.7791363163371487,
    "f1-score": 0.7744451322546027,
    "support": 3844.0
  }
}