{
  "0": {
    "precision": 0.9176688251618872,
    "recall": 0.9063499314755596,
    "f1-score": 0.9119742587910825,
    "support": 2189.0
  },
  "1": {
    "precision": 0.74,
    "recall": 0.7846655791190864,
    "f1-score": 0.7616785431512272,
    "support": 1839.0
  },
  "2": {
    "precision": 0.8285714285714286,
    "recall": 0.8413926499032882,
    "f1-score": 0.8349328214971209,
    "support": 517.0
  },
  "3": {
    "precision": 0.7844827586206896,
    "recall": 0.6928934010152284,
    "f1-score": 0.7358490566037735,
    "support": 788.0
  },
  "accuracy": 0.8265516594787174,
  "macro avg": {
    "precision": 0.8176807530885013,
    "recall": 0.8063253903782907,
    "f1-score": 0.811108670010801,
    "support": 5333.0
  },
  "weighted avg": {
    "precision": 0.8280856742253708,
    "recall": 0.8265516594787174,
    "f1-score": 0.8266543818988508,
    "support": 5333.0
  }
}