{
  "0": {
    "precision": 0.910868576625739,
    "recall": 0.9150296939241663,
    "f1-score": 0.9129443938012762,
    "support": 2189.0
  },
  "1": {
    "precision": 0.7442708333333333,
    "recall": 0.7770527460576401,
    "f1-score": 0.7603085927108274,
    "support": 1839.0
  },
  "2": {
    "precision": 0.8229755178907722,
    "recall": 0.8452611218568665,
    "f1-score": 0.833969465648855,
    "support": 517.0
  },
  "3": {
    "precision": 0.7935578330893118,
    "recall": 0.6878172588832487,
    "f1-score": 0.7369136641740313,
    "support": 788.0
  },
  "accuracy": 0.8271141946371648,
  "macro avg": {
    "precision": 0.817918190234789,
    "recall": 0.8062902051804803,
    "f1-score": 0.8110340290837476,
    "support": 5333.0
  },
  "weighted avg": {
    "precision": 0.8275655900914399,
    "recall": 0.8271141946371648,
    "f1-score": 0.8266440954689294,
    "support": 5333.0
  }
}