{
  "0": {
    "precision": 0.9076517150395779,
    "recall": 0.9022950819672131,
    "f1-score": 0.9049654718842486,
    "support": 1525.0
  },
  "1": {
    "precision": 0.7191249117854622,
    "recall": 0.7696374622356495,
    "f1-score": 0.7435242612185334,
    "support": 1324.0
  },
  "2": {
    "precision": 0.8205741626794258,
    "recall": 0.8325242718446602,
    "f1-score": 0.8265060240963855,
    "support": 412.0
  },
  "3": {
    "precision": 0.7768762677484787,
    "recall": 0.6569468267581475,
    "f1-score": 0.7118959107806692,
    "support": 583.0
  },
  "accuracy": 0.8119146722164412,
  "macro avg": {
    "precision": 0.8060567643132361,
    "recall": 0.7903509107014177,
    "f1-score": 0.7967229169949592,
    "support": 3844.0
  },
  "weighted avg": {
    "precision": 0.8135498615402171,
    "recall": 0.8119146722164412,
    "f1-score": 0.8116686431814928,
    "support": 3844.0
  }
}