{
  "0": {
    "precision": 0.9131034482758621,
    "recall": 0.9072635906806761,
    "f1-score": 0.9101741521539871,
    "support": 2189.0
  },
  "1": {
    "precision": 0.7351574599896747,
    "recall": 0.7743338771071234,
    "f1-score": 0.7542372881355932,
    "support": 1839.0
  },
  "2": {
    "precision": 0.8192307692307692,
    "recall": 0.8239845261121856,
    "f1-score": 0.8216007714561234,
    "support": 517.0
  },
  "3": {
    "precision": 0.7831669044222539,
    "recall": 0.6967005076142132,
    "f1-score": 0.7374076561450638,
    "support": 788.0
  },
  "accuracy": 0.8222388899306207,
  "macro avg": {
    "precision": 0.81266464547964,
    "recall": 0.8005706253785496,
    "f1-score": 0.8058549669726919,
    "support": 5333.0
  },
  "weighted avg": {
    "precision": 0.82344193616612,
    "recall": 0.8222388899306207,
    "f1-score": 0.8222873474276318,
    "support": 5333.0
  }
}