{
  "0": {
    "precision": 0.9148351648351648,
    "recall": 0.912745545911375,
    "f1-score": 0.9137891607592042,
    "support": 2189.0
  },
  "1": {
    "precision": 0.7444501806917915,
    "recall": 0.7841218053289831,
    "f1-score": 0.763771186440678,
    "support": 1839.0
  },
  "2": {
    "precision": 0.8217636022514071,
    "recall": 0.8471953578336557,
    "f1-score": 0.8342857142857143,
    "support": 517.0
  },
  "3": {
    "precision": 0.7967599410898379,
    "recall": 0.6865482233502538,
    "f1-score": 0.7375596455351057,
    "support": 788.0
  },
  "accuracy": 0.8286142883930245,
  "macro avg": {
    "precision": 0.8194522222170503,
    "recall": 0.807652733106067,
    "f1-score": 0.8123514267551755,
    "support": 5333.0
  },
  "weighted avg": {
    "precision": 0.8296112270877836,
    "recall": 0.8286142883930245,
    "f1-score": 0.828310969385652,
    "support": 5333.0
  }
}