{
  "0": {
    "precision": 0.8987589810581319,
    "recall": 0.9022950819672131,
    "f1-score": 0.900523560209424,
    "support": 1525.0
  },
  "1": {
    "precision": 0.72,
    "recall": 0.7613293051359517,
    "f1-score": 0.7400881057268722,
    "support": 1324.0
  },
  "2": {
    "precision": 0.8088578088578089,
    "recall": 0.8422330097087378,
    "f1-score": 0.8252080856123662,
    "support": 412.0
  },
  "3": {
    "precision": 0.7851239669421488,
    "recall": 0.6518010291595198,
    "f1-score": 0.7122774133083412,
    "support": 583.0
  },
  "accuracy": 0.8093132154006244,
  "macro avg": {
    "precision": 0.8031851892145223,
    "recall": 0.7894146064928556,
    "f1-score": 0.7945242912142508,
    "support": 3844.0
  },
  "weighted avg": {
    "precision": 0.8103184537175705,
    "recall": 0.8093132154006244,
    "f1-score": 0.8086416609086391,
    "support": 3844.0
  }
}