{
  "0": {
    "precision": 0.9026315789473685,
    "recall": 0.899672131147541,
    "f1-score": 0.9011494252873563,
    "support": 1525.0
  },
  "1": {
    "precision": 0.7142857142857143,
    "recall": 0.7741691842900302,
    "f1-score": 0.7430228343602755,
    "support": 1324.0
  },
  "2": {
    "precision": 0.8197115384615384,
    "recall": 0.8276699029126213,
    "f1-score": 0.8236714975845411,
    "support": 412.0
  },
  "3": {
    "precision": 0.7949260042283298,
    "recall": 0.6449399656946827,
    "f1-score": 0.7121212121212122,
    "support": 583.0
  },
  "accuracy": 0.8100936524453695,
  "macro avg": {
    "precision": 0.8078887089807377,
    "recall": 0.7866127960112188,
    "f1-score": 0.7949912423383463,
    "support": 3844.0
  },
  "weighted avg": {
    "precision": 0.8125365395214081,
    "recall": 0.8100936524453695,
    "f1-score": 0.8097123907200107,
    "support": 3844.0
  }
}