{
  "0": {
    "precision": 0.9063523248199084,
    "recall": 0.9075409836065573,
    "f1-score": 0.9069462647444299,
    "support": 1525.0
  },
  "1": {
    "precision": 0.7110215053763441,
    "recall": 0.7990936555891238,
    "f1-score": 0.7524893314366998,
    "support": 1324.0
  },
  "2": {
    "precision": 0.8485639686684073,
    "recall": 0.7888349514563107,
    "f1-score": 0.8176100628930818,
    "support": 412.0
  },
  "3": {
    "precision": 0.804932735426009,
    "recall": 0.6157804459691252,
    "f1-score": 0.6977648202137998,
    "support": 583.0
  },
  "accuracy": 0.8132154006243496,
  "macro avg": {
    "precision": 0.8177176335726671,
    "recall": 0.7778125091552792,
    "f1-score": 0.7937026198220029,
    "support": 3844.0
  },
  "weighted avg": {
    "precision": 0.8174984152740341,
    "recall": 0.8132154006243496,
    "f1-score": 0.8124456723865872,
    "support": 3844.0
  }
}