{
  "0": {
    "precision": 0.9153244362632306,
    "recall": 0.9086340794883508,
    "f1-score": 0.9119669876203577,
    "support": 2189.0
  },
  "1": {
    "precision": 0.7394438722966015,
    "recall": 0.7808591625883632,
    "f1-score": 0.7595874107379,
    "support": 1839.0
  },
  "2": {
    "precision": 0.8266666666666667,
    "recall": 0.839458413926499,
    "f1-score": 0.8330134357005758,
    "support": 517.0
  },
  "3": {
    "precision": 0.7864357864357865,
    "recall": 0.6916243654822335,
    "f1-score": 0.7359891964888589,
    "support": 788.0
  },
  "accuracy": 0.8258016126007875,
  "macro avg": {
    "precision": 0.8169676904155714,
    "recall": 0.8051440053713615,
    "f1-score": 0.8101392576369231,
    "support": 5333.0
  },
  "weighted avg": {
    "precision": 0.8270355406922423,
    "recall": 0.8258016126007875,
    "f1-score": 0.8257649385596062,
    "support": 5333.0
  }
}