{
  "0": {
    "precision": 0.9054959785522788,
    "recall": 0.8859016393442622,
    "f1-score": 0.8955916473317865,
    "support": 1525.0
  },
  "1": {
    "precision": 0.7448805460750854,
    "recall": 0.6593655589123867,
    "f1-score": 0.6995192307692307,
    "support": 1324.0
  },
  "2": {
    "precision": 0.7387914230019493,
    "recall": 0.9199029126213593,
    "f1-score": 0.8194594594594594,
    "support": 412.0
  },
  "3": {
    "precision": 0.6806596701649176,
    "recall": 0.7787307032590052,
    "f1-score": 0.7264,
    "support": 583.0
  },
  "accuracy": 0.7952653485952134,
  "macro avg": {
    "precision": 0.7674569044485579,
    "recall": 0.8109752035342533,
    "f1-score": 0.7852425843901192,
    "support": 3844.0
  },
  "weighted avg": {
    "precision": 0.798207560946563,
    "recall": 0.7952653485952134,
    "f1-score": 0.7942375705038327,
    "support": 3844.0
  }
}