{
  "0": {
    "precision": 0.890625,
    "recall": 0.8809891808346213,
    "f1-score": 0.8857808857808858,
    "support": 647.0
  },
  "1": {
    "precision": 0.6630434782608695,
    "recall": 0.7034596375617792,
    "f1-score": 0.6826538768984812,
    "support": 607.0
  },
  "2": {
    "precision": 0.8151658767772512,
    "recall": 0.8,
    "f1-score": 0.8075117370892019,
    "support": 215.0
  },
  "3": {
    "precision": 0.7653333333333333,
    "recall": 0.71571072319202,
    "f1-score": 0.7396907216494846,
    "support": 401.0
  },
  "accuracy": 0.7786096256684492,
  "macro avg": {
    "precision": 0.7835419220928636,
    "recall": 0.7750398853971051,
    "f1-score": 0.7789093053545134,
    "support": 1870.0
  },
  "weighted avg": {
    "precision": 0.7812091425016703,
    "recall": 0.7786096256684492,
    "f1-score": 0.779519860552531,
    "support": 1870.0
  }
}