{
  "0": {
    "precision": 0.906498673740053,
    "recall": 0.8963934426229508,
    "f1-score": 0.9014177382129904,
    "support": 1525.0
  },
  "1": {
    "precision": 0.7061611374407583,
    "recall": 0.7877643504531722,
    "f1-score": 0.7447340235630132,
    "support": 1324.0
  },
  "2": {
    "precision": 0.8246913580246914,
    "recall": 0.8106796116504854,
    "f1-score": 0.817625458996328,
    "support": 412.0
  },
  "3": {
    "precision": 0.8039647577092511,
    "recall": 0.6260720411663808,
    "f1-score": 0.703953712632594,
    "support": 583.0
  },
  "accuracy": 0.808792924037461,
  "macro avg": {
    "precision": 0.8103289817286884,
    "recall": 0.7802273614732472,
    "f1-score": 0.7919327333512315,
    "support": 3844.0
  },
  "weighted avg": {
    "precision": 0.8131769294161839,
    "recall": 0.808792924037461,
    "f1-score": 0.8085214884348412,
    "support": 3844.0
  }
}