{
  "0": {
    "precision": 0.9139194139194139,
    "recall": 0.9118318867062586,
    "f1-score": 0.9128744568945804,
    "support": 2189.0
  },
  "1": {
    "precision": 0.7480519480519481,
    "recall": 0.7830342577487766,
    "f1-score": 0.7651434643995749,
    "support": 1839.0
  },
  "2": {
    "precision": 0.837573385518591,
    "recall": 0.8278529980657641,
    "f1-score": 0.8326848249027238,
    "support": 517.0
  },
  "3": {
    "precision": 0.7840112201963534,
    "recall": 0.7093908629441624,
    "f1-score": 0.7448367754830113,
    "support": 788.0
  },
  "accuracy": 0.8293643352709544,
  "macro avg": {
    "precision": 0.8208889919215765,
    "recall": 0.8080275013662404,
    "f1-score": 0.8138848804199726,
    "support": 5333.0
  },
  "weighted avg": {
    "precision": 0.8301262725229641,
    "recall": 0.8293643352709544,
    "f1-score": 0.8293287925611056,
    "support": 5333.0
  }
}