{
  "0": {
    "precision": 0.9087301587301587,
    "recall": 0.9009836065573771,
    "f1-score": 0.9048403029305235,
    "support": 1525.0
  },
  "1": {
    "precision": 0.7177650429799427,
    "recall": 0.756797583081571,
    "f1-score": 0.736764705882353,
    "support": 1324.0
  },
  "2": {
    "precision": 0.8245192307692307,
    "recall": 0.8325242718446602,
    "f1-score": 0.8285024154589372,
    "support": 412.0
  },
  "3": {
    "precision": 0.7480769230769231,
    "recall": 0.6672384219554031,
    "f1-score": 0.7053490480507706,
    "support": 583.0
  },
  "accuracy": 0.8085327783558793,
  "macro avg": {
    "precision": 0.7997728388890638,
    "recall": 0.7893859708597528,
    "f1-score": 0.793864118080646,
    "support": 3844.0
  },
  "weighted avg": {
    "precision": 0.8095643023412344,
    "recall": 0.8085327783558793,
    "f1-score": 0.8085118165296475,
    "support": 3844.0
  }
}