{
  "0": {
    "precision": 0.9075907590759076,
    "recall": 0.9016393442622951,
    "f1-score": 0.9046052631578947,
    "support": 1525.0
  },
  "1": {
    "precision": 0.7149859943977591,
    "recall": 0.7711480362537765,
    "f1-score": 0.7420058139534884,
    "support": 1324.0
  },
  "2": {
    "precision": 0.84,
    "recall": 0.8155339805825242,
    "f1-score": 0.8275862068965517,
    "support": 412.0
  },
  "3": {
    "precision": 0.7564870259481038,
    "recall": 0.6500857632933105,
    "f1-score": 0.6992619926199262,
    "support": 583.0
  },
  "accuracy": 0.8093132154006244,
  "macro avg": {
    "precision": 0.8047659448554425,
    "recall": 0.7846017810979766,
    "f1-score": 0.7933648191569652,
    "support": 3844.0
  },
  "weighted avg": {
    "precision": 0.8110898283821896,
    "recall": 0.8093132154006244,
    "f1-score": 0.8092023888993248,
    "support": 3844.0
  }
}