{
  "0": {
    "precision": 0.9154411764705882,
    "recall": 0.9100045682960256,
    "f1-score": 0.9127147766323024,
    "support": 2189.0
  },
  "1": {
    "precision": 0.7425180598555211,
    "recall": 0.7824904839586732,
    "f1-score": 0.7619804077310034,
    "support": 1839.0
  },
  "2": {
    "precision": 0.8248587570621468,
    "recall": 0.8471953578336557,
    "f1-score": 0.8358778625954199,
    "support": 517.0
  },
  "3": {
    "precision": 0.7892441860465116,
    "recall": 0.6890862944162437,
    "f1-score": 0.7357723577235772,
    "support": 788.0
  },
  "accuracy": 0.8273017063566472,
  "macro avg": {
    "precision": 0.8180155448586919,
    "recall": 0.8071941761261496,
    "f1-score": 0.8115863511705758,
    "support": 5333.0
  },
  "weighted avg": {
    "precision": 0.8283832445854495,
    "recall": 0.8273017063566472,
    "f1-score": 0.827142713053335,
    "support": 5333.0
  }
}