{
  "0": {
    "precision": 0.9146005509641874,
    "recall": 0.9100045682960256,
    "f1-score": 0.9122967712388367,
    "support": 2189.0
  },
  "1": {
    "precision": 0.7418688693856479,
    "recall": 0.7814029363784666,
    "f1-score": 0.7611228813559322,
    "support": 1839.0
  },
  "2": {
    "precision": 0.8180112570356473,
    "recall": 0.8433268858800773,
    "f1-score": 0.8304761904761905,
    "support": 517.0
  },
  "3": {
    "precision": 0.7927007299270074,
    "recall": 0.6890862944162437,
    "f1-score": 0.7372708757637475,
    "support": 788.0
  },
  "accuracy": 0.8265516594787174,
  "macro avg": {
    "precision": 0.8167953518281225,
    "recall": 0.8059551712427033,
    "f1-score": 0.8102916797086767,
    "support": 5333.0
  },
  "weighted avg": {
    "precision": 0.8276612510652024,
    "recall": 0.8265516594787174,
    "f1-score": 0.8263731955059809,
    "support": 5333.0
  }
}