{
  "0": {
    "precision": 0.9083717864205669,
    "recall": 0.9036065573770492,
    "f1-score": 0.905982905982906,
    "support": 1525.0
  },
  "1": {
    "precision": 0.7177134791813691,
    "recall": 0.7681268882175226,
    "f1-score": 0.7420649398029916,
    "support": 1324.0
  },
  "2": {
    "precision": 0.8205741626794258,
    "recall": 0.8325242718446602,
    "f1-score": 0.8265060240963855,
    "support": 412.0
  },
  "3": {
    "precision": 0.7642276422764228,
    "recall": 0.6449399656946827,
    "f1-score": 0.6995348837209302,
    "support": 583.0
  },
  "accuracy": 0.8100936524453695,
  "macro avg": {
    "precision": 0.8027217676394461,
    "recall": 0.7872994207834787,
    "f1-score": 0.7935221884008032,
    "support": 3844.0
  },
  "weighted avg": {
    "precision": 0.81143103309016,
    "recall": 0.8100936524453695,
    "f1-score": 0.8096949092247934,
    "support": 3844.0
  }
}