{
  "0": {
    "precision": 0.9046988749172733,
    "recall": 0.8963934426229508,
    "f1-score": 0.9005270092226614,
    "support": 1525.0
  },
  "1": {
    "precision": 0.7100550964187328,
    "recall": 0.7787009063444109,
    "f1-score": 0.7427953890489913,
    "support": 1324.0
  },
  "2": {
    "precision": 0.8248175182481752,
    "recall": 0.8228155339805825,
    "f1-score": 0.8238153098420413,
    "support": 412.0
  },
  "3": {
    "precision": 0.7936170212765957,
    "recall": 0.6397941680960549,
    "f1-score": 0.7084520417853751,
    "support": 583.0
  },
  "accuracy": 0.8090530697190427,
  "macro avg": {
    "precision": 0.8082971277151942,
    "recall": 0.7844260127609998,
    "f1-score": 0.7938974374747673,
    "support": 3844.0
  },
  "weighted avg": {
    "precision": 0.8122482499557095,
    "recall": 0.8090530697190427,
    "f1-score": 0.8088460541574448,
    "support": 3844.0
  }
}