{
  "0": {
    "precision": 0.9199063231850118,
    "recall": 0.8972133394243947,
    "f1-score": 0.9084181313598519,
    "support": 2189.0
  },
  "1": {
    "precision": 0.7272284461763273,
    "recall": 0.8118542686242524,
    "f1-score": 0.7672147995889003,
    "support": 1839.0
  },
  "2": {
    "precision": 0.8188679245283019,
    "recall": 0.839458413926499,
    "f1-score": 0.8290353390639924,
    "support": 517.0
  },
  "3": {
    "precision": 0.8292682926829268,
    "recall": 0.6472081218274112,
    "f1-score": 0.7270135424091233,
    "support": 788.0
  },
  "accuracy": 0.8252390774423402,
  "macro avg": {
    "precision": 0.8238177466431419,
    "recall": 0.7989335359506393,
    "f1-score": 0.8079204531054669,
    "support": 5333.0
  },
  "weighted avg": {
    "precision": 0.8302768020974189,
    "recall": 0.8252390774423402,
    "f1-score": 0.8252265606047584,
    "support": 5333.0
  }
}