{
  "0": {
    "precision": 0.9163987138263665,
    "recall": 0.9113750571037004,
    "f1-score": 0.9138799816765919,
    "support": 2189.0
  },
  "1": {
    "precision": 0.7448024948024948,
    "recall": 0.7792278412180533,
    "f1-score": 0.7616263619452565,
    "support": 1839.0
  },
  "2": {
    "precision": 0.8115671641791045,
    "recall": 0.8413926499032882,
    "f1-score": 0.8262108262108262,
    "support": 517.0
  },
  "3": {
    "precision": 0.7887931034482759,
    "recall": 0.6967005076142132,
    "f1-score": 0.7398921832884097,
    "support": 788.0
  },
  "accuracy": 0.8273017063566472,
  "macro avg": {
    "precision": 0.8153903690640605,
    "recall": 0.8071740139598137,
    "f1-score": 0.810402338280271,
    "support": 5333.0
  },
  "weighted avg": {
    "precision": 0.8282088434100023,
    "recall": 0.8273017063566472,
    "f1-score": 0.8271704851096288,
    "support": 5333.0
  }
}