{
  "0": {
    "precision": 0.8120713305898491,
    "recall": 0.9149922720247295,
    "f1-score": 0.8604651162790697,
    "support": 647.0
  },
  "1": {
    "precision": 0.558968058968059,
    "recall": 0.7495881383855024,
    "f1-score": 0.6403940886699507,
    "support": 607.0
  },
  "2": {
    "precision": 1.0,
    "recall": 0.08372093023255814,
    "f1-score": 0.15450643776824036,
    "support": 215.0
  },
  "3": {
    "precision": 0.8025889967637541,
    "recall": 0.6184538653366584,
    "f1-score": 0.6985915492957746,
    "support": 401.0
  },
  "accuracy": 0.7021390374331551,
  "macro avg": {
    "precision": 0.7934070965804156,
    "recall": 0.5916888014948621,
    "f1-score": 0.5884892980032589,
    "support": 1870.0
  },
  "weighted avg": {
    "precision": 0.7494876740040158,
    "recall": 0.7021390374331551,
    "f1-score": 0.6731519986326179,
    "support": 1870.0
  }
}