{
  "0": {
    "precision": 0.9044795783926218,
    "recall": 0.900327868852459,
    "f1-score": 0.9023989484061781,
    "support": 1525.0
  },
  "1": {
    "precision": 0.71280276816609,
    "recall": 0.7779456193353474,
    "f1-score": 0.7439508847959552,
    "support": 1324.0
  },
  "2": {
    "precision": 0.8271604938271605,
    "recall": 0.8131067961165048,
    "f1-score": 0.8200734394124847,
    "support": 412.0
  },
  "3": {
    "precision": 0.7878151260504201,
    "recall": 0.6432246998284734,
    "f1-score": 0.7082152974504249,
    "support": 583.0
  },
  "accuracy": 0.8098335067637877,
  "macro avg": {
    "precision": 0.8080644916090731,
    "recall": 0.7836512460331961,
    "f1-score": 0.7936596425162606,
    "support": 3844.0
  },
  "weighted avg": {
    "precision": 0.8124788147879388,
    "recall": 0.8098335067637877,
    "f1-score": 0.8095497250886596,
    "support": 3844.0
  }
}