{
  "0": {
    "precision": 0.9098684210526315,
    "recall": 0.9068852459016393,
    "f1-score": 0.9083743842364532,
    "support": 1525.0
  },
  "1": {
    "precision": 0.71881461061337,
    "recall": 0.7877643504531722,
    "f1-score": 0.7517117117117117,
    "support": 1324.0
  },
  "2": {
    "precision": 0.8407960199004975,
    "recall": 0.8203883495145631,
    "f1-score": 0.8304668304668305,
    "support": 412.0
  },
  "3": {
    "precision": 0.7876857749469215,
    "recall": 0.6363636363636364,
    "f1-score": 0.7039848197343453,
    "support": 583.0
  },
  "accuracy": 0.8155567117585848,
  "macro avg": {
    "precision": 0.8142912066283551,
    "recall": 0.7878503955582526,
    "f1-score": 0.7986344365373352,
    "support": 3844.0
  },
  "weighted avg": {
    "precision": 0.8181292022763852,
    "recall": 0.8155567117585848,
    "f1-score": 0.815065745661903,
    "support": 3844.0
  }
}