{
  "0": {
    "precision": 0.8965968586387435,
    "recall": 0.898360655737705,
    "f1-score": 0.8974778905994104,
    "support": 1525.0
  },
  "1": {
    "precision": 0.7133891213389121,
    "recall": 0.7726586102719033,
    "f1-score": 0.7418419144307469,
    "support": 1324.0
  },
  "2": {
    "precision": 0.815242494226328,
    "recall": 0.8567961165048543,
    "f1-score": 0.8355029585798817,
    "support": 412.0
  },
  "3": {
    "precision": 0.8062360801781737,
    "recall": 0.6209262435677531,
    "f1-score": 0.7015503875968992,
    "support": 583.0
  },
  "accuracy": 0.8085327783558793,
  "macro avg": {
    "precision": 0.8078661385955392,
    "recall": 0.7871854065205539,
    "f1-score": 0.7940932878017345,
    "support": 3844.0
  },
  "weighted avg": {
    "precision": 0.8110699657757351,
    "recall": 0.8085327783558793,
    "f1-score": 0.807513936725888,
    "support": 3844.0
  }
}