{
  "0": {
    "precision": 0.9087904824851288,
    "recall": 0.9016393442622951,
    "f1-score": 0.9052007899934167,
    "support": 1525.0
  },
  "1": {
    "precision": 0.7208016586040082,
    "recall": 0.7877643504531722,
    "f1-score": 0.7527968242511729,
    "support": 1324.0
  },
  "2": {
    "precision": 0.851010101010101,
    "recall": 0.8179611650485437,
    "f1-score": 0.8341584158415841,
    "support": 412.0
  },
  "3": {
    "precision": 0.7848360655737705,
    "recall": 0.6569468267581475,
    "f1-score": 0.715219421101774,
    "support": 583.0
  },
  "accuracy": 0.8163371488033299,
  "macro avg": {
    "precision": 0.8163595769182521,
    "recall": 0.7910779216305397,
    "f1-score": 0.8018438627969869,
    "support": 3844.0
  },
  "weighted avg": {
    "precision": 0.8190485092682618,
    "recall": 0.8163371488033299,
    "f1-score": 0.8162800181783508,
    "support": 3844.0
  }
}