{
  "0": {
    "precision": 0.9165898617511521,
    "recall": 0.9086340794883508,
    "f1-score": 0.9125946317962835,
    "support": 2189.0
  },
  "1": {
    "precision": 0.7399491094147582,
    "recall": 0.790647090810223,
    "f1-score": 0.7644584647739222,
    "support": 1839.0
  },
  "2": {
    "precision": 0.8228571428571428,
    "recall": 0.8355899419729207,
    "f1-score": 0.8291746641074856,
    "support": 517.0
  },
  "3": {
    "precision": 0.8023774145616642,
    "recall": 0.6852791878172588,
    "f1-score": 0.7392197125256673,
    "support": 788.0
  },
  "accuracy": 0.8278642415150947,
  "macro avg": {
    "precision": 0.8204433821461794,
    "recall": 0.8050375750221883,
    "f1-score": 0.8113618683008397,
    "support": 5333.0
  },
  "weighted avg": {
    "precision": 0.8297153881715256,
    "recall": 0.8278642415150947,
    "f1-score": 0.8278074630667736,
    "support": 5333.0
  }
}