{
  "0": {
    "precision": 0.8996865203761756,
    "recall": 0.8871715610510046,
    "f1-score": 0.8933852140077821,
    "support": 647.0
  },
  "1": {
    "precision": 0.6666666666666666,
    "recall": 0.7215815485996705,
    "f1-score": 0.6930379746835443,
    "support": 607.0
  },
  "2": {
    "precision": 0.8125,
    "recall": 0.8465116279069768,
    "f1-score": 0.8291571753986332,
    "support": 215.0
  },
  "3": {
    "precision": 0.7749287749287749,
    "recall": 0.6783042394014963,
    "f1-score": 0.723404255319149,
    "support": 401.0
  },
  "accuracy": 0.7839572192513369,
  "macro avg": {
    "precision": 0.7884454904929042,
    "recall": 0.783392244239787,
    "f1-score": 0.7847461548522772,
    "support": 1870.0
  },
  "weighted avg": {
    "precision": 0.7872715422975888,
    "recall": 0.7839572192513369,
    "f1-score": 0.7845177450211932,
    "support": 1870.0
  }
}