{
  "0": {
    "precision": 0.9062909567496723,
    "recall": 0.9068852459016393,
    "f1-score": 0.9065880039331367,
    "support": 1525.0
  },
  "1": {
    "precision": 0.7273386511965192,
    "recall": 0.7575528700906344,
    "f1-score": 0.7421383647798742,
    "support": 1324.0
  },
  "2": {
    "precision": 0.813953488372093,
    "recall": 0.8495145631067961,
    "f1-score": 0.831353919239905,
    "support": 412.0
  },
  "3": {
    "precision": 0.7642436149312377,
    "recall": 0.6672384219554031,
    "f1-score": 0.7124542124542125,
    "support": 583.0
  },
  "accuracy": 0.812955254942768,
  "macro avg": {
    "precision": 0.8029566778123807,
    "recall": 0.7952977752636181,
    "f1-score": 0.7981336251017821,
    "support": 3844.0
  },
  "weighted avg": {
    "precision": 0.8132135660618252,
    "recall": 0.812955254942768,
    "f1-score": 0.8124392615905914,
    "support": 3844.0
  }
}