{
  "0": {
    "precision": 0.8819875776397516,
    "recall": 0.8778979907264297,
    "f1-score": 0.8799380325329202,
    "support": 647.0
  },
  "1": {
    "precision": 0.6523076923076923,
    "recall": 0.6985172981878089,
    "f1-score": 0.6746221161495625,
    "support": 607.0
  },
  "2": {
    "precision": 0.7990196078431373,
    "recall": 0.7581395348837209,
    "f1-score": 0.7780429594272077,
    "support": 215.0
  },
  "3": {
    "precision": 0.7580645161290323,
    "recall": 0.7032418952618454,
    "f1-score": 0.7296248382923674,
    "support": 401.0
  },
  "accuracy": 0.7684491978609626,
  "macro avg": {
    "precision": 0.7728448484799033,
    "recall": 0.7594491797649512,
    "f1-score": 0.7655569866005144,
    "support": 1870.0
  },
  "weighted avg": {
    "precision": 0.7713207586190934,
    "recall": 0.7684491978609626,
    "f1-score": 0.7693445604190764,
    "support": 1870.0
  }
}