{
  "0": {
    "precision": 0.39672216441207075,
    "recall": 1.0,
    "f1-score": 0.5680759918048054,
    "support": 1525.0
  },
  "1": {
    "precision": 0.0,
    "recall": 0.0,
    "f1-score": 0.0,
    "support": 1324.0
  },
  "2": {
    "precision": 0.0,
    "recall": 0.0,
    "f1-score": 0.0,
    "support": 412.0
  },
  "3": {
    "precision": 0.0,
    "recall": 0.0,
    "f1-score": 0.0,
    "support": 583.0
  },
  "accuracy": 0.39672216441207075,
  "macro avg": {
    "precision": 0.09918054110301769,
    "recall": 0.25,
    "f1-score": 0.14201899795120135,
    "support": 3844.0
  },
  "weighted avg": {
    "precision": 0.15738847573579812,
    "recall": 0.39672216441207075,
    "f1-score": 0.22536833701933617,
    "support": 3844.0
  }
}