{
  "0": {
    "precision": 0.9044166117336849,
    "recall": 0.899672131147541,
    "f1-score": 0.9020381328073636,
    "support": 1525.0
  },
  "1": {
    "precision": 0.7154753643303262,
    "recall": 0.7787009063444109,
    "f1-score": 0.745750452079566,
    "support": 1324.0
  },
  "2": {
    "precision": 0.8216867469879519,
    "recall": 0.8276699029126213,
    "f1-score": 0.8246674727932285,
    "support": 412.0
  },
  "3": {
    "precision": 0.7940552016985138,
    "recall": 0.6415094339622641,
    "f1-score": 0.7096774193548387,
    "support": 583.0
  },
  "accuracy": 0.8111342351716961,
  "macro avg": {
    "precision": 0.8089084811876193,
    "recall": 0.7868880935917093,
    "f1-score": 0.7955333692587492,
    "support": 3844.0
  },
  "weighted avg": {
    "precision": 0.8137340888700548,
    "recall": 0.8111342351716961,
    "f1-score": 0.8107405529030324,
    "support": 3844.0
  }
}