{
  "0": {
    "precision": 0.9117451891174518,
    "recall": 0.9009836065573771,
    "f1-score": 0.9063324538258575,
    "support": 1525.0
  },
  "1": {
    "precision": 0.7268152408339325,
    "recall": 0.763595166163142,
    "f1-score": 0.7447513812154696,
    "support": 1324.0
  },
  "2": {
    "precision": 0.8222748815165877,
    "recall": 0.8422330097087378,
    "f1-score": 0.8321342925659473,
    "support": 412.0
  },
  "3": {
    "precision": 0.7538167938931297,
    "recall": 0.6775300171526587,
    "f1-score": 0.7136404697380307,
    "support": 583.0
  },
  "accuracy": 0.8134755463059313,
  "macro avg": {
    "precision": 0.8036630263402753,
    "recall": 0.796085449895479,
    "f1-score": 0.7992146493363264,
    "support": 3844.0
  },
  "weighted avg": {
    "precision": 0.8145076051750182,
    "recall": 0.8134755463059313,
    "f1-score": 0.8135014420416641,
    "support": 3844.0
  }
}