{
  "0": {
    "precision": 0.8854961832061069,
    "recall": 0.8964451313755796,
    "f1-score": 0.890937019969278,
    "support": 647.0
  },
  "1": {
    "precision": 0.6656050955414012,
    "recall": 0.6886326194398682,
    "f1-score": 0.676923076923077,
    "support": 607.0
  },
  "2": {
    "precision": 0.8047619047619048,
    "recall": 0.786046511627907,
    "f1-score": 0.7952941176470588,
    "support": 215.0
  },
  "3": {
    "precision": 0.7612732095490716,
    "recall": 0.71571072319202,
    "f1-score": 0.7377892030848329,
    "support": 401.0
  },
  "accuracy": 0.7775401069518717,
  "macro avg": {
    "precision": 0.7792840982646212,
    "recall": 0.7717087464088437,
    "f1-score": 0.7752358544060617,
    "support": 1870.0
  },
  "weighted avg": {
    "precision": 0.7781992995085395,
    "recall": 0.7775401069518717,
    "f1-score": 0.7776311579377359,
    "support": 1870.0
  }
}