{
  "0": {
    "precision": 0.9007184846505552,
    "recall": 0.9042622950819672,
    "f1-score": 0.9024869109947644,
    "support": 1525.0
  },
  "1": {
    "precision": 0.7199140401146131,
    "recall": 0.7590634441087614,
    "f1-score": 0.7389705882352942,
    "support": 1324.0
  },
  "2": {
    "precision": 0.8046511627906977,
    "recall": 0.8398058252427184,
    "f1-score": 0.8218527315914489,
    "support": 412.0
  },
  "3": {
    "precision": 0.7802874743326489,
    "recall": 0.6518010291595198,
    "f1-score": 0.7102803738317757,
    "support": 583.0
  },
  "accuracy": 0.8090530697190427,
  "macro avg": {
    "precision": 0.8013927904721287,
    "recall": 0.7887331483982416,
    "f1-score": 0.7933976511633208,
    "support": 3844.0
  },
  "weighted avg": {
    "precision": 0.8098818300753241,
    "recall": 0.8090530697190427,
    "f1-score": 0.8083731481399967,
    "support": 3844.0
  }
}