{
  "0": {
    "precision": 0.9131299734748011,
    "recall": 0.9029508196721312,
    "f1-score": 0.9080118694362018,
    "support": 1525.0
  },
  "1": {
    "precision": 0.7300916138125441,
    "recall": 0.7824773413897281,
    "f1-score": 0.7553773240977032,
    "support": 1324.0
  },
  "2": {
    "precision": 0.8321342925659473,
    "recall": 0.8422330097087378,
    "f1-score": 0.8371531966224367,
    "support": 412.0
  },
  "3": {
    "precision": 0.782,
    "recall": 0.6706689536878216,
    "f1-score": 0.7220683287165282,
    "support": 583.0
  },
  "accuracy": 0.8197190426638917,
  "macro avg": {
    "precision": 0.8143389699633231,
    "recall": 0.7995825311146046,
    "f1-score": 0.8056526797182175,
    "support": 3844.0
  },
  "weighted avg": {
    "precision": 0.8215166063408039,
    "recall": 0.8197190426638917,
    "f1-score": 0.8196437644760007,
    "support": 3844.0
  }
}