{
  "0": {
    "precision": 0.9128839981659789,
    "recall": 0.9095477386934674,
    "f1-score": 0.9112128146453089,
    "support": 2189.0
  },
  "1": {
    "precision": 0.7393753200204813,
    "recall": 0.7852093529091898,
    "f1-score": 0.7616033755274262,
    "support": 1839.0
  },
  "2": {
    "precision": 0.8229755178907722,
    "recall": 0.8452611218568665,
    "f1-score": 0.833969465648855,
    "support": 517.0
  },
  "3": {
    "precision": 0.7949101796407185,
    "recall": 0.6738578680203046,
    "f1-score": 0.7293956043956044,
    "support": 788.0
  },
  "accuracy": 0.825614100881305,
  "macro avg": {
    "precision": 0.8175362539294877,
    "recall": 0.803469020369957,
    "f1-score": 0.8090453150542986,
    "support": 5333.0
  },
  "weighted avg": {
    "precision": 0.8269045283722872,
    "recall": 0.825614100881305,
    "f1-score": 0.8252689684713505,
    "support": 5333.0
  }
}