{
  "0": {
    "precision": 0.9111994698475812,
    "recall": 0.9016393442622951,
    "f1-score": 0.9063941990771259,
    "support": 1525.0
  },
  "1": {
    "precision": 0.7247191011235955,
    "recall": 0.7794561933534743,
    "f1-score": 0.7510917030567685,
    "support": 1324.0
  },
  "2": {
    "precision": 0.8353808353808354,
    "recall": 0.8252427184466019,
    "f1-score": 0.8302808302808303,
    "support": 412.0
  },
  "3": {
    "precision": 0.7757936507936508,
    "recall": 0.6706689536878216,
    "f1-score": 0.7194112235510579,
    "support": 583.0
  },
  "accuracy": 0.8163371488033299,
  "macro avg": {
    "precision": 0.8117732642864157,
    "recall": 0.7942518024375482,
    "f1-score": 0.8017944889914457,
    "support": 3844.0
  },
  "weighted avg": {
    "precision": 0.8183069417260157,
    "recall": 0.8163371488033299,
    "f1-score": 0.8163863199390603,
    "support": 3844.0
  }
}