{
  "0": {
    "precision": 0.7491021036428938,
    "recall": 0.9573770491803278,
    "f1-score": 0.8405296488198043,
    "support": 1525.0
  },
  "1": {
    "precision": 0.5097625329815303,
    "recall": 0.729607250755287,
    "f1-score": 0.6001863932898416,
    "support": 1324.0
  },
  "2": {
    "precision": 0.0,
    "recall": 0.0,
    "f1-score": 0.0,
    "support": 412.0
  },
  "3": {
    "precision": 0.0,
    "recall": 0.0,
    "f1-score": 0.0,
    "support": 583.0
  },
  "accuracy": 0.6311134235171696,
  "macro avg": {
    "precision": 0.314716159156106,
    "recall": 0.4217460749839037,
    "f1-score": 0.36017901052741147,
    "support": 3844.0
  },
  "weighted avg": {
    "precision": 0.4727643865044118,
    "recall": 0.6311134235171696,
    "f1-score": 0.5401806709588844,
    "support": 3844.0
  }
}