{
  "0": {
    "precision": 0.9065174456879526,
    "recall": 0.9029508196721312,
    "f1-score": 0.90473061760841,
    "support": 1525.0
  },
  "1": {
    "precision": 0.7116052814454482,
    "recall": 0.7734138972809668,
    "f1-score": 0.7412233079985523,
    "support": 1324.0
  },
  "2": {
    "precision": 0.8345679012345679,
    "recall": 0.8203883495145631,
    "f1-score": 0.8274173806609547,
    "support": 412.0
  },
  "3": {
    "precision": 0.7692307692307693,
    "recall": 0.6346483704974271,
    "f1-score": 0.6954887218045113,
    "support": 583.0
  },
  "accuracy": 0.808792924037461,
  "macro avg": {
    "precision": 0.8054803493996845,
    "recall": 0.7828503592412721,
    "f1-score": 0.7922150070181071,
    "support": 3844.0
  },
  "weighted avg": {
    "precision": 0.810850158969324,
    "recall": 0.808792924037461,
    "f1-score": 0.8083922313442383,
    "support": 3844.0
  }
}