{
  "0": {
    "precision": 0.907128842380641,
    "recall": 0.9095081967213114,
    "f1-score": 0.908316961362148,
    "support": 1525.0
  },
  "1": {
    "precision": 0.7177914110429447,
    "recall": 0.7953172205438066,
    "f1-score": 0.7545682551056969,
    "support": 1324.0
  },
  "2": {
    "precision": 0.8512820512820513,
    "recall": 0.8058252427184466,
    "f1-score": 0.827930174563591,
    "support": 412.0
  },
  "3": {
    "precision": 0.8034934497816594,
    "recall": 0.6312178387650086,
    "f1-score": 0.7070124879923151,
    "support": 583.0
  },
  "accuracy": 0.8168574401664932,
  "macro avg": {
    "precision": 0.8199239386218241,
    "recall": 0.7854671246871433,
    "f1-score": 0.7994569697559378,
    "support": 3844.0
  },
  "weighted avg": {
    "precision": 0.8202112901150491,
    "recall": 0.8168574401664932,
    "f1-score": 0.8162141644789119,
    "support": 3844.0
  }
}