{
  "0": {
    "precision": 0.8801213960546282,
    "recall": 0.8964451313755796,
    "f1-score": 0.888208269525268,
    "support": 647.0
  },
  "1": {
    "precision": 0.6672,
    "recall": 0.6869851729818781,
    "f1-score": 0.676948051948052,
    "support": 607.0
  },
  "2": {
    "precision": 0.801762114537445,
    "recall": 0.8465116279069768,
    "f1-score": 0.8235294117647058,
    "support": 215.0
  },
  "3": {
    "precision": 0.7799442896935933,
    "recall": 0.6982543640897756,
    "f1-score": 0.7368421052631579,
    "support": 401.0
  },
  "accuracy": 0.7802139037433156,
  "macro avg": {
    "precision": 0.7822569500714167,
    "recall": 0.7820490740885525,
    "f1-score": 0.7813819596252959,
    "support": 1870.0
  },
  "weighted avg": {
    "precision": 0.780516287721939,
    "recall": 0.7802139037433156,
    "f1-score": 0.7797383559653764,
    "support": 1870.0
  }
}