{
  "0": {
    "precision": 0.9175495163519115,
    "recall": 0.9100045682960256,
    "f1-score": 0.9137614678899083,
    "support": 2189.0
  },
  "1": {
    "precision": 0.7418688693856479,
    "recall": 0.7814029363784666,
    "f1-score": 0.7611228813559322,
    "support": 1839.0
  },
  "2": {
    "precision": 0.8333333333333334,
    "recall": 0.8123791102514507,
    "f1-score": 0.8227228207639569,
    "support": 517.0
  },
  "3": {
    "precision": 0.7725381414701803,
    "recall": 0.7068527918781726,
    "f1-score": 0.7382372432074221,
    "support": 788.0
  },
  "accuracy": 0.8261766360397524,
  "macro avg": {
    "precision": 0.8163224651352683,
    "recall": 0.8026598517010288,
    "f1-score": 0.8089611033043048,
    "support": 5333.0
  },
  "weighted avg": {
    "precision": 0.8273778606612369,
    "recall": 0.8261766360397524,
    "f1-score": 0.8263655499731826,
    "support": 5333.0
  }
}