{
  "0": {
    "precision": 0.9106733852496565,
    "recall": 0.9081772498857926,
    "f1-score": 0.909423604757548,
    "support": 2189.0
  },
  "1": {
    "precision": 0.7378238341968912,
    "recall": 0.7743338771071234,
    "f1-score": 0.7556381002918546,
    "support": 1839.0
  },
  "2": {
    "precision": 0.8186915887850468,
    "recall": 0.8471953578336557,
    "f1-score": 0.8326996197718631,
    "support": 517.0
  },
  "3": {
    "precision": 0.7824817518248175,
    "recall": 0.6802030456852792,
    "f1-score": 0.7277664630006789,
    "support": 788.0
  },
  "accuracy": 0.8224264016501032,
  "macro avg": {
    "precision": 0.812417640014103,
    "recall": 0.8024773826279628,
    "f1-score": 0.8063819469554862,
    "support": 5333.0
  },
  "weighted avg": {
    "precision": 0.8232104337594986,
    "recall": 0.8224264016501032,
    "f1-score": 0.822113709641399,
    "support": 5333.0
  }
}