{
  "0": {
    "precision": 0.9012903225806451,
    "recall": 0.9160655737704918,
    "f1-score": 0.9086178861788617,
    "support": 1525.0
  },
  "1": {
    "precision": 0.7379361544172235,
    "recall": 0.7507552870090635,
    "f1-score": 0.7442905278921752,
    "support": 1324.0
  },
  "2": {
    "precision": 0.8391089108910891,
    "recall": 0.8228155339805825,
    "f1-score": 0.8308823529411765,
    "support": 412.0
  },
  "3": {
    "precision": 0.7550644567219152,
    "recall": 0.7032590051457976,
    "f1-score": 0.7282415630550622,
    "support": 583.0
  },
  "accuracy": 0.8168574401664932,
  "macro avg": {
    "precision": 0.8083499611527183,
    "recall": 0.7982238499764838,
    "f1-score": 0.803008082516819,
    "support": 3844.0
  },
  "weighted avg": {
    "precision": 0.81618383453171,
    "recall": 0.8168574401664932,
    "f1-score": 0.8163296815881556,
    "support": 3844.0
  }
}