{
  "0": {
    "precision": 0.8786717752234994,
    "recall": 0.9022950819672131,
    "f1-score": 0.8903267550954383,
    "support": 1525.0
  },
  "1": {
    "precision": 0.683193818415969,
    "recall": 0.8013595166163142,
    "f1-score": 0.7375738616614529,
    "support": 1324.0
  },
  "2": {
    "precision": 0.8768768768768769,
    "recall": 0.7087378640776699,
    "f1-score": 0.7838926174496644,
    "support": 412.0
  },
  "3": {
    "precision": 0.8418367346938775,
    "recall": 0.5660377358490566,
    "f1-score": 0.676923076923077,
    "support": 583.0
  },
  "accuracy": 0.7957856399583767,
  "macro avg": {
    "precision": 0.8201448013025557,
    "recall": 0.7446075496275635,
    "f1-score": 0.7721790777824082,
    "support": 3844.0
  },
  "weighted avg": {
    "precision": 0.8055637779392256,
    "recall": 0.7957856399583767,
    "f1-score": 0.793940168209085,
    "support": 3844.0
  }
}