{
  "0": {
    "precision": 0.8764629388816645,
    "recall": 0.8839344262295082,
    "f1-score": 0.8801828272935031,
    "support": 1525.0
  },
  "1": {
    "precision": 0.7103610675039247,
    "recall": 0.6835347432024169,
    "f1-score": 0.6966897613548884,
    "support": 1324.0
  },
  "2": {
    "precision": 0.7604395604395604,
    "recall": 0.8398058252427184,
    "f1-score": 0.798154555940023,
    "support": 412.0
  },
  "3": {
    "precision": 0.7123050259965338,
    "recall": 0.7049742710120068,
    "f1-score": 0.7086206896551724,
    "support": 583.0
  },
  "accuracy": 0.7830385015608741,
  "macro avg": {
    "precision": 0.7648921482054207,
    "recall": 0.7780623164216627,
    "f1-score": 0.7709119585608967,
    "support": 3844.0
  },
  "weighted avg": {
    "precision": 0.7819196056781512,
    "recall": 0.7830385015608741,
    "f1-score": 0.7821700298576274,
    "support": 3844.0
  }
}