{
  "0": {
    "precision": 0.9071757735352205,
    "recall": 0.9036065573770492,
    "f1-score": 0.9053876478318003,
    "support": 1525.0
  },
  "1": {
    "precision": 0.7232837933474876,
    "recall": 0.7719033232628398,
    "f1-score": 0.7468030690537084,
    "support": 1324.0
  },
  "2": {
    "precision": 0.817966903073286,
    "recall": 0.8398058252427184,
    "f1-score": 0.8287425149700599,
    "support": 412.0
  },
  "3": {
    "precision": 0.7832310838445807,
    "recall": 0.6569468267581475,
    "f1-score": 0.7145522388059702,
    "support": 583.0
  },
  "accuracy": 0.8139958376690947,
  "macro avg": {
    "precision": 0.8079143884501437,
    "recall": 0.7930656331601886,
    "f1-score": 0.7988713676653847,
    "support": 3844.0
  },
  "weighted avg": {
    "precision": 0.8154778571750441,
    "recall": 0.8139958376690947,
    "f1-score": 0.8136080379193941,
    "support": 3844.0
  }
}