{
  "0": {
    "precision": 0.8999341672152732,
    "recall": 0.8963934426229508,
    "f1-score": 0.8981603153745072,
    "support": 1525.0
  },
  "1": {
    "precision": 0.7192474674384949,
    "recall": 0.7507552870090635,
    "f1-score": 0.7346637102734663,
    "support": 1324.0
  },
  "2": {
    "precision": 0.8301435406698564,
    "recall": 0.8422330097087378,
    "f1-score": 0.8361445783132531,
    "support": 412.0
  },
  "3": {
    "precision": 0.7485714285714286,
    "recall": 0.6740994854202401,
    "f1-score": 0.7093862815884476,
    "support": 583.0
  },
  "accuracy": 0.8067117585848075,
  "macro avg": {
    "precision": 0.7994741509737633,
    "recall": 0.790870306190248,
    "f1-score": 0.7945887213874185,
    "support": 3844.0
  },
  "weighted avg": {
    "precision": 0.8072631460730963,
    "recall": 0.8067117585848075,
    "f1-score": 0.8065694593598642,
    "support": 3844.0
  }
}