{
  "0": {
    "precision": 0.9119669876203577,
    "recall": 0.9086340794883508,
    "f1-score": 0.9102974828375286,
    "support": 2189.0
  },
  "1": {
    "precision": 0.7346524606798579,
    "recall": 0.7873844480696031,
    "f1-score": 0.7601049868766404,
    "support": 1839.0
  },
  "2": {
    "precision": 0.8262548262548263,
    "recall": 0.8278529980657641,
    "f1-score": 0.8270531400966183,
    "support": 517.0
  },
  "3": {
    "precision": 0.8024132730015083,
    "recall": 0.6751269035532995,
    "f1-score": 0.7332873880082702,
    "support": 788.0
  },
  "accuracy": 0.8244890305644103,
  "macro avg": {
    "precision": 0.8188218868891375,
    "recall": 0.7997496072942543,
    "f1-score": 0.8076857494547643,
    "support": 5333.0
  },
  "weighted avg": {
    "precision": 0.8263260857660146,
    "recall": 0.8244890305644103,
    "f1-score": 0.8242811168156686,
    "support": 5333.0
  }
}