{
  "0": {
    "precision": 0.9102902374670184,
    "recall": 0.9049180327868852,
    "f1-score": 0.9075961854653075,
    "support": 1525.0
  },
  "1": {
    "precision": 0.7153792623521225,
    "recall": 0.7764350453172205,
    "f1-score": 0.7446577327055415,
    "support": 1324.0
  },
  "2": {
    "precision": 0.8325123152709359,
    "recall": 0.8203883495145631,
    "f1-score": 0.8264058679706602,
    "support": 412.0
  },
  "3": {
    "precision": 0.7670103092783506,
    "recall": 0.6380789022298456,
    "f1-score": 0.6966292134831461,
    "support": 583.0
  },
  "accuracy": 0.8111342351716961,
  "macro avg": {
    "precision": 0.8062980310921068,
    "recall": 0.7849550824621286,
    "f1-score": 0.7938222499061638,
    "support": 3844.0
  },
  "weighted avg": {
    "precision": 0.8130897085567942,
    "recall": 0.8111342351716961,
    "f1-score": 0.8107765530700617,
    "support": 3844.0
  }
}