{
  "0": {
    "precision": 0.9081295439524124,
    "recall": 0.9009836065573771,
    "f1-score": 0.9045424621461488,
    "support": 1525.0
  },
  "1": {
    "precision": 0.7215099715099715,
    "recall": 0.7651057401812689,
    "f1-score": 0.7426686217008798,
    "support": 1324.0
  },
  "2": {
    "precision": 0.8183962264150944,
    "recall": 0.8422330097087378,
    "f1-score": 0.8301435406698564,
    "support": 412.0
  },
  "3": {
    "precision": 0.7693836978131213,
    "recall": 0.6638078902229846,
    "f1-score": 0.712707182320442,
    "support": 583.0
  },
  "accuracy": 0.8119146722164412,
  "macro avg": {
    "precision": 0.80435485992265,
    "recall": 0.7930325616675921,
    "f1-score": 0.7975154517093317,
    "support": 3844.0
  },
  "weighted avg": {
    "precision": 0.8131911284897763,
    "recall": 0.8119146722164412,
    "f1-score": 0.8117190260025078,
    "support": 3844.0
  }
}