{
  "0": {
    "precision": 0.903457273320287,
    "recall": 0.9081967213114754,
    "f1-score": 0.9058207979071289,
    "support": 1525.0
  },
  "1": {
    "precision": 0.7260174418604651,
    "recall": 0.7545317220543807,
    "f1-score": 0.74,
    "support": 1324.0
  },
  "2": {
    "precision": 0.8156028368794326,
    "recall": 0.837378640776699,
    "f1-score": 0.8263473053892215,
    "support": 412.0
  },
  "3": {
    "precision": 0.763671875,
    "recall": 0.6706689536878216,
    "f1-score": 0.7141552511415525,
    "support": 583.0
  },
  "accuracy": 0.8116545265348595,
  "macro avg": {
    "precision": 0.8021873567650462,
    "recall": 0.7926940094575942,
    "f1-score": 0.7965808386094757,
    "support": 3844.0
  },
  "weighted avg": {
    "precision": 0.8117243774079136,
    "recall": 0.8116545265348595,
    "f1-score": 0.8111197497513672,
    "support": 3844.0
  }
}