{
  "0": {
    "precision": 0.9141414141414141,
    "recall": 0.9095477386934674,
    "f1-score": 0.9118387909319899,
    "support": 2189.0
  },
  "1": {
    "precision": 0.7425180598555211,
    "recall": 0.7824904839586732,
    "f1-score": 0.7619804077310034,
    "support": 1839.0
  },
  "2": {
    "precision": 0.8273921200750469,
    "recall": 0.8529980657640233,
    "f1-score": 0.84,
    "support": 517.0
  },
  "3": {
    "precision": 0.7909356725146199,
    "recall": 0.6865482233502538,
    "f1-score": 0.7350543478260869,
    "support": 788.0
  },
  "accuracy": 0.8273017063566472,
  "macro avg": {
    "precision": 0.8187468166466505,
    "recall": 0.8078961279416044,
    "f1-score": 0.8122183866222701,
    "support": 5333.0
  },
  "weighted avg": {
    "precision": 0.8283452660135344,
    "recall": 0.8273017063566472,
    "f1-score": 0.8270766752774045,
    "support": 5333.0
  }
}