{
  "0": {
    "precision": 0.8975155279503105,
    "recall": 0.893353941267388,
    "f1-score": 0.895429899302866,
    "support": 647.0
  },
  "1": {
    "precision": 0.6646341463414634,
    "recall": 0.7182866556836903,
    "f1-score": 0.6904196357878069,
    "support": 607.0
  },
  "2": {
    "precision": 0.8090909090909091,
    "recall": 0.827906976744186,
    "f1-score": 0.8183908045977012,
    "support": 215.0
  },
  "3": {
    "precision": 0.7771428571428571,
    "recall": 0.6783042394014963,
    "f1-score": 0.7243675099866844,
    "support": 401.0
  },
  "accuracy": 0.7828877005347593,
  "macro avg": {
    "precision": 0.787095860131385,
    "recall": 0.7794629532741901,
    "f1-score": 0.7821519624187646,
    "support": 1870.0
  },
  "weighted avg": {
    "precision": 0.7859434783860697,
    "recall": 0.7828877005347593,
    "f1-score": 0.7833439883771761,
    "support": 1870.0
  }
}