{
  "0": {
    "precision": 0.9125827814569536,
    "recall": 0.9036065573770492,
    "f1-score": 0.9080724876441516,
    "support": 1525.0
  },
  "1": {
    "precision": 0.7271428571428571,
    "recall": 0.7688821752265861,
    "f1-score": 0.7474302496328928,
    "support": 1324.0
  },
  "2": {
    "precision": 0.8222748815165877,
    "recall": 0.8422330097087378,
    "f1-score": 0.8321342925659473,
    "support": 412.0
  },
  "3": {
    "precision": 0.765625,
    "recall": 0.6723842195540308,
    "f1-score": 0.7159817351598173,
    "support": 583.0
  },
  "accuracy": 0.8155567117585848,
  "macro avg": {
    "precision": 0.8069063800290996,
    "recall": 0.796776490466601,
    "f1-score": 0.8009046912507023,
    "support": 3844.0
  },
  "weighted avg": {
    "precision": 0.8167436292309656,
    "recall": 0.8155567117585848,
    "f1-score": 0.8154695302566662,
    "support": 3844.0
  }
}