{
  "0": {
    "precision": 0.9090309822017139,
    "recall": 0.9042622950819672,
    "f1-score": 0.9066403681788298,
    "support": 1525.0
  },
  "1": {
    "precision": 0.7239176721078779,
    "recall": 0.770392749244713,
    "f1-score": 0.7464324917672887,
    "support": 1324.0
  },
  "2": {
    "precision": 0.8188235294117647,
    "recall": 0.8446601941747572,
    "f1-score": 0.8315412186379928,
    "support": 412.0
  },
  "3": {
    "precision": 0.7789046653144016,
    "recall": 0.6586620926243568,
    "f1-score": 0.7137546468401487,
    "support": 583.0
  },
  "accuracy": 0.8145161290322581,
  "macro avg": {
    "precision": 0.8076692122589395,
    "recall": 0.7944943327814485,
    "f1-score": 0.799592181356065,
    "support": 3844.0
  },
  "weighted avg": {
    "precision": 0.8158678355162299,
    "recall": 0.8145161290322581,
    "f1-score": 0.8141563792297776,
    "support": 3844.0
  }
}