{
  "0": {
    "precision": 0.8757921419518377,
    "recall": 0.9062295081967213,
    "f1-score": 0.8907508862391235,
    "support": 1525.0
  },
  "1": {
    "precision": 0.7160953800298062,
    "recall": 0.7258308157099698,
    "f1-score": 0.7209302325581395,
    "support": 1324.0
  },
  "2": {
    "precision": 0.7815315315315315,
    "recall": 0.8422330097087378,
    "f1-score": 0.8107476635514018,
    "support": 412.0
  },
  "3": {
    "precision": 0.76875,
    "recall": 0.6329331046312179,
    "f1-score": 0.6942615239887112,
    "support": 583.0
  },
  "accuracy": 0.7957856399583767,
  "macro avg": {
    "precision": 0.7855422633782938,
    "recall": 0.7768066095616617,
    "f1-score": 0.779172576584344,
    "support": 3844.0
  },
  "weighted avg": {
    "precision": 0.794449932525236,
    "recall": 0.7957856399583767,
    "f1-score": 0.7938837760900719,
    "support": 3844.0
  }
}