{
  "0": {
    "precision": 0.8950617283950617,
    "recall": 0.8964451313755796,
    "f1-score": 0.8957528957528957,
    "support": 647.0
  },
  "1": {
    "precision": 0.6681887366818874,
    "recall": 0.7232289950576606,
    "f1-score": 0.694620253164557,
    "support": 607.0
  },
  "2": {
    "precision": 0.8108108108108109,
    "recall": 0.8372093023255814,
    "f1-score": 0.8237986270022883,
    "support": 215.0
  },
  "3": {
    "precision": 0.7871720116618076,
    "recall": 0.6733167082294265,
    "f1-score": 0.7258064516129032,
    "support": 401.0
  },
  "accuracy": 0.7855614973262032,
  "macro avg": {
    "precision": 0.7903083218873919,
    "recall": 0.782550034247062,
    "f1-score": 0.7849945568831611,
    "support": 1870.0
  },
  "weighted avg": {
    "precision": 0.7885966857958394,
    "recall": 0.7855614973262032,
    "f1-score": 0.78574957707234,
    "support": 1870.0
  }
}