{
  "0": {
    "precision": 0.9143380668804397,
    "recall": 0.9118318867062586,
    "f1-score": 0.9130832570905764,
    "support": 2189.0
  },
  "1": {
    "precision": 0.7420020639834881,
    "recall": 0.7819467101685699,
    "f1-score": 0.7614508869473127,
    "support": 1839.0
  },
  "2": {
    "precision": 0.8226415094339623,
    "recall": 0.8433268858800773,
    "f1-score": 0.8328557784145176,
    "support": 517.0
  },
  "3": {
    "precision": 0.7888563049853372,
    "recall": 0.682741116751269,
    "f1-score": 0.7319727891156462,
    "support": 788.0
  },
  "accuracy": 0.8265516594787174,
  "macro avg": {
    "precision": 0.816959486320807,
    "recall": 0.8049616498765437,
    "f1-score": 0.8098406778920133,
    "support": 5333.0
  },
  "weighted avg": {
    "precision": 0.8274802649114422,
    "recall": 0.8265516594787174,
    "f1-score": 0.8262569709602128,
    "support": 5333.0
  }
}