{
  "0": {
    "precision": 0.8930232558139535,
    "recall": 0.8902627511591963,
    "f1-score": 0.891640866873065,
    "support": 647.0
  },
  "1": {
    "precision": 0.6561561561561562,
    "recall": 0.7199341021416804,
    "f1-score": 0.6865671641791045,
    "support": 607.0
  },
  "2": {
    "precision": 0.8101851851851852,
    "recall": 0.813953488372093,
    "f1-score": 0.8120649651972158,
    "support": 215.0
  },
  "3": {
    "precision": 0.7842565597667639,
    "recall": 0.6708229426433915,
    "f1-score": 0.7231182795698925,
    "support": 401.0
  },
  "accuracy": 0.779144385026738,
  "macro avg": {
    "precision": 0.7859052892305147,
    "recall": 0.7737433210790904,
    "f1-score": 0.7783478189548194,
    "support": 1870.0
  },
  "weighted avg": {
    "precision": 0.7832885179570598,
    "recall": 0.779144385026738,
    "f1-score": 0.7797873300259452,
    "support": 1870.0
  }
}