{
  "0": {
    "precision": 0.9223300970873787,
    "recall": 0.8721311475409836,
    "f1-score": 0.8965284799460734,
    "support": 1525.0
  },
  "1": {
    "precision": 0.6698853349426674,
    "recall": 0.8383685800604229,
    "f1-score": 0.7447165380744717,
    "support": 1324.0
  },
  "2": {
    "precision": 0.8157248157248157,
    "recall": 0.8058252427184466,
    "f1-score": 0.8107448107448108,
    "support": 412.0
  },
  "3": {
    "precision": 0.8461538461538461,
    "recall": 0.49056603773584906,
    "f1-score": 0.6210640608034745,
    "support": 583.0
  },
  "accuracy": 0.795525494276795,
  "macro avg": {
    "precision": 0.813523523477177,
    "recall": 0.7517227520139256,
    "f1-score": 0.7682634723922077,
    "support": 3844.0
  },
  "weighted avg": {
    "precision": 0.8124005977910148,
    "recall": 0.795525494276795,
    "f1-score": 0.7932668672746228,
    "support": 3844.0
  }
}