{
  "0": {
    "precision": 0.9050425671250819,
    "recall": 0.9062295081967213,
    "f1-score": 0.9056356487549148,
    "support": 1525.0
  },
  "1": {
    "precision": 0.7225017972681524,
    "recall": 0.7590634441087614,
    "f1-score": 0.7403314917127072,
    "support": 1324.0
  },
  "2": {
    "precision": 0.8186157517899761,
    "recall": 0.8325242718446602,
    "f1-score": 0.825511432009627,
    "support": 412.0
  },
  "3": {
    "precision": 0.7633136094674556,
    "recall": 0.6638078902229846,
    "f1-score": 0.710091743119266,
    "support": 583.0
  },
  "accuracy": 0.8108740894901144,
  "macro avg": {
    "precision": 0.8023684314126666,
    "recall": 0.7904062785932818,
    "f1-score": 0.7953925788991287,
    "support": 3844.0
  },
  "weighted avg": {
    "precision": 0.8114109829619617,
    "recall": 0.8108740894901144,
    "f1-score": 0.8104545930294922,
    "support": 3844.0
  }
}