{
  "0": {
    "precision": 0.9092113982770046,
    "recall": 0.899672131147541,
    "f1-score": 0.9044166117336849,
    "support": 1525.0
  },
  "1": {
    "precision": 0.719037508846426,
    "recall": 0.7673716012084593,
    "f1-score": 0.74241870661308,
    "support": 1324.0
  },
  "2": {
    "precision": 0.8183962264150944,
    "recall": 0.8422330097087378,
    "f1-score": 0.8301435406698564,
    "support": 412.0
  },
  "3": {
    "precision": 0.7730923694779116,
    "recall": 0.660377358490566,
    "f1-score": 0.7123034227567068,
    "support": 583.0
  },
  "accuracy": 0.8116545265348595,
  "macro avg": {
    "precision": 0.8049343757541092,
    "recall": 0.7924135251388261,
    "f1-score": 0.797320570443332,
    "support": 3844.0
  },
  "weighted avg": {
    "precision": 0.8133312020743343,
    "recall": 0.8116545265348595,
    "f1-score": 0.811521783213509,
    "support": 3844.0
  }
}