{
  "0": {
    "precision": 0.9130723291307233,
    "recall": 0.9022950819672131,
    "f1-score": 0.9076517150395779,
    "support": 1525.0
  },
  "1": {
    "precision": 0.7235087719298245,
    "recall": 0.7787009063444109,
    "f1-score": 0.7500909421607858,
    "support": 1324.0
  },
  "2": {
    "precision": 0.8365384615384616,
    "recall": 0.8446601941747572,
    "f1-score": 0.8405797101449275,
    "support": 412.0
  },
  "3": {
    "precision": 0.7741935483870968,
    "recall": 0.6586620926243568,
    "f1-score": 0.7117701575532901,
    "support": 583.0
  },
  "accuracy": 0.8165972944849116,
  "macro avg": {
    "precision": 0.8118282777465267,
    "recall": 0.7960795687776845,
    "f1-score": 0.8025231312246452,
    "support": 3844.0
  },
  "weighted avg": {
    "precision": 0.8185144643139866,
    "recall": 0.8165972944849116,
    "f1-score": 0.8164854618339007,
    "support": 3844.0
  }
}