{
  "0": {
    "precision": 0.9175644028103045,
    "recall": 0.8949291914116034,
    "f1-score": 0.9061054579093432,
    "support": 2189.0
  },
  "1": {
    "precision": 0.7225743539736714,
    "recall": 0.8058727569331158,
    "f1-score": 0.7619537275064268,
    "support": 1839.0
  },
  "2": {
    "precision": 0.8648068669527897,
    "recall": 0.7794970986460348,
    "f1-score": 0.8199389623601221,
    "support": 517.0
  },
  "3": {
    "precision": 0.788546255506608,
    "recall": 0.6814720812182741,
    "f1-score": 0.7311095983662356,
    "support": 788.0
  },
  "accuracy": 0.8214888430526908,
  "macro avg": {
    "precision": 0.8233729698108434,
    "recall": 0.790442782052257,
    "f1-score": 0.804776936535532,
    "support": 5333.0
  },
  "weighted avg": {
    "precision": 0.8261470681160956,
    "recall": 0.8214888430526908,
    "f1-score": 0.8221864915245917,
    "support": 5333.0
  }
}