{
  "0": {
    "precision": 0.9146788990825688,
    "recall": 0.910918227501142,
    "f1-score": 0.9127946898603799,
    "support": 2189.0
  },
  "1": {
    "precision": 0.7449350649350649,
    "recall": 0.7797716150081566,
    "f1-score": 0.7619553666312433,
    "support": 1839.0
  },
  "2": {
    "precision": 0.8192090395480226,
    "recall": 0.8413926499032882,
    "f1-score": 0.8301526717557252,
    "support": 517.0
  },
  "3": {
    "precision": 0.7890961262553802,
    "recall": 0.6979695431472082,
    "f1-score": 0.7407407407407407,
    "support": 788.0
  },
  "accuracy": 0.8274892180761297,
  "macro avg": {
    "precision": 0.8169797824552592,
    "recall": 0.8075130088899488,
    "f1-score": 0.8114108672470224,
    "support": 5333.0
  },
  "weighted avg": {
    "precision": 0.8283342425357013,
    "recall": 0.8274892180761297,
    "f1-score": 0.827345983562843,
    "support": 5333.0
  }
}