{
  "0": {
    "precision": 0.9097496706192358,
    "recall": 0.9055737704918033,
    "f1-score": 0.9076569175156096,
    "support": 1525.0
  },
  "1": {
    "precision": 0.7231520223152023,
    "recall": 0.7832326283987915,
    "f1-score": 0.7519941986947063,
    "support": 1324.0
  },
  "2": {
    "precision": 0.8361858190709046,
    "recall": 0.8300970873786407,
    "f1-score": 0.833130328867235,
    "support": 412.0
  },
  "3": {
    "precision": 0.7867494824016563,
    "recall": 0.6518010291595198,
    "f1-score": 0.7129455909943715,
    "support": 583.0
  },
  "accuracy": 0.8168574401664932,
  "macro avg": {
    "precision": 0.8139592486017498,
    "recall": 0.7926761288571889,
    "f1-score": 0.8014317590179806,
    "support": 3844.0
  },
  "weighted avg": {
    "precision": 0.8189399143956922,
    "recall": 0.8168574401664932,
    "f1-score": 0.8165229170983649,
    "support": 3844.0
  }
}