{
  "0": {
    "precision": 0.908183632734531,
    "recall": 0.8950819672131147,
    "f1-score": 0.9015852047556143,
    "support": 1525.0
  },
  "1": {
    "precision": 0.7171572146446519,
    "recall": 0.7545317220543807,
    "f1-score": 0.7353698932646301,
    "support": 1324.0
  },
  "2": {
    "precision": 0.8222748815165877,
    "recall": 0.8422330097087378,
    "f1-score": 0.8321342925659473,
    "support": 412.0
  },
  "3": {
    "precision": 0.7433460076045627,
    "recall": 0.6706689536878216,
    "f1-score": 0.7051397655545536,
    "support": 583.0
  },
  "accuracy": 0.8069719042663892,
  "macro avg": {
    "precision": 0.7977404341250832,
    "recall": 0.7906289131660137,
    "f1-score": 0.7935572890351863,
    "support": 3844.0
  },
  "weighted avg": {
    "precision": 0.808180063925071,
    "recall": 0.8069719042663892,
    "f1-score": 0.8070975514542552,
    "support": 3844.0
  }
}