{
  "0": {
    "precision": 0.913302448709464,
    "recall": 0.9049180327868852,
    "f1-score": 0.9090909090909091,
    "support": 1525.0
  },
  "1": {
    "precision": 0.7273376159885796,
    "recall": 0.7696374622356495,
    "f1-score": 0.7478899082568807,
    "support": 1324.0
  },
  "2": {
    "precision": 0.817966903073286,
    "recall": 0.8398058252427184,
    "f1-score": 0.8287425149700599,
    "support": 412.0
  },
  "3": {
    "precision": 0.7701375245579568,
    "recall": 0.6723842195540308,
    "f1-score": 0.717948717948718,
    "support": 583.0
  },
  "accuracy": 0.8160770031217481,
  "macro avg": {
    "precision": 0.8071861230823216,
    "recall": 0.7966863849548209,
    "f1-score": 0.800918012566642,
    "support": 3844.0
  },
  "weighted avg": {
    "precision": 0.8173188810443015,
    "recall": 0.8160770031217481,
    "f1-score": 0.8159666736804146,
    "support": 3844.0
  }
}