{
  "0": {
    "precision": 0.9065606361829026,
    "recall": 0.8970491803278688,
    "f1-score": 0.9017798286090969,
    "support": 1525.0
  },
  "1": {
    "precision": 0.706001348617667,
    "recall": 0.790785498489426,
    "f1-score": 0.7459921624510153,
    "support": 1324.0
  },
  "2": {
    "precision": 0.8308457711442786,
    "recall": 0.8106796116504854,
    "f1-score": 0.8206388206388207,
    "support": 412.0
  },
  "3": {
    "precision": 0.8088888888888889,
    "recall": 0.6243567753001715,
    "f1-score": 0.7047434656340755,
    "support": 583.0
  },
  "accuracy": 0.8098335067637877,
  "macro avg": {
    "precision": 0.8130741612084342,
    "recall": 0.780717766441988,
    "f1-score": 0.7932885693332521,
    "support": 3844.0
  },
  "weighted avg": {
    "precision": 0.8145529229142514,
    "recall": 0.8098335067637877,
    "f1-score": 0.8095412321232771,
    "support": 3844.0
  }
}