{
  "0": {
    "precision": 0.8987508218277449,
    "recall": 0.8963934426229508,
    "f1-score": 0.8975705843729481,
    "support": 1525.0
  },
  "1": {
    "precision": 0.7083333333333334,
    "recall": 0.770392749244713,
    "f1-score": 0.7380607814761215,
    "support": 1324.0
  },
  "2": {
    "precision": 0.8260869565217391,
    "recall": 0.8300970873786407,
    "f1-score": 0.8280871670702179,
    "support": 412.0
  },
  "3": {
    "precision": 0.7889125799573561,
    "recall": 0.6346483704974271,
    "f1-score": 0.7034220532319392,
    "support": 583.0
  },
  "accuracy": 0.8061914672216441,
  "macro avg": {
    "precision": 0.8055209229100434,
    "recall": 0.7828829124359329,
    "f1-score": 0.7917851465378066,
    "support": 3844.0
  },
  "weighted avg": {
    "precision": 0.8087180532837511,
    "recall": 0.8061914672216441,
    "f1-score": 0.8057374052316028,
    "support": 3844.0
  }
}