{
  "0": {
    "precision": 0.8720728534258456,
    "recall": 0.9186843307446323,
    "f1-score": 0.8947719688542826,
    "support": 2189.0
  },
  "1": {
    "precision": 0.6758217019360648,
    "recall": 0.8162044589450789,
    "f1-score": 0.7394088669950739,
    "support": 1839.0
  },
  "2": {
    "precision": 0.9327485380116959,
    "recall": 0.6170212765957447,
    "f1-score": 0.7427240977881258,
    "support": 517.0
  },
  "3": {
    "precision": 0.8793103448275862,
    "recall": 0.5177664974619289,
    "f1-score": 0.6517571884984026,
    "support": 788.0
  },
  "accuracy": 0.7948621788861804,
  "macro avg": {
    "precision": 0.8399883595502982,
    "recall": 0.7174191409368462,
    "f1-score": 0.7571655305339713,
    "support": 5333.0
  },
  "weighted avg": {
    "precision": 0.8113502966221233,
    "recall": 0.7948621788861804,
    "f1-score": 0.790549741106163,
    "support": 5333.0
  }
}