{
  "0": {
    "precision": 0.9101123595505618,
    "recall": 0.9029508196721312,
    "f1-score": 0.9065174456879526,
    "support": 1525.0
  },
  "1": {
    "precision": 0.725531914893617,
    "recall": 0.7726586102719033,
    "f1-score": 0.7483540599853694,
    "support": 1324.0
  },
  "2": {
    "precision": 0.8233890214797136,
    "recall": 0.837378640776699,
    "f1-score": 0.8303249097472925,
    "support": 412.0
  },
  "3": {
    "precision": 0.7788844621513944,
    "recall": 0.6706689536878216,
    "f1-score": 0.7207373271889401,
    "support": 583.0
  },
  "accuracy": 0.8158168574401665,
  "macro avg": {
    "precision": 0.8094794395188216,
    "recall": 0.7959142561021387,
    "f1-score": 0.8014834356523887,
    "support": 3844.0
  },
  "weighted avg": {
    "precision": 0.8173391055977265,
    "recall": 0.8158168574401665,
    "f1-score": 0.815698128163838,
    "support": 3844.0
  }
}