{
  "0": {
    "precision": 0.90473061760841,
    "recall": 0.9029508196721312,
    "f1-score": 0.9038398424680013,
    "support": 1525.0
  },
  "1": {
    "precision": 0.7217453505007153,
    "recall": 0.7620845921450151,
    "f1-score": 0.7413666421748715,
    "support": 1324.0
  },
  "2": {
    "precision": 0.8113207547169812,
    "recall": 0.8349514563106796,
    "f1-score": 0.8229665071770335,
    "support": 412.0
  },
  "3": {
    "precision": 0.774,
    "recall": 0.6638078902229846,
    "f1-score": 0.7146814404432132,
    "support": 583.0
  },
  "accuracy": 0.8108740894901144,
  "macro avg": {
    "precision": 0.8029491807065267,
    "recall": 0.7909486895877026,
    "f1-score": 0.7957136080657798,
    "support": 3844.0
  },
  "weighted avg": {
    "precision": 0.8118655532932281,
    "recall": 0.8108740894901144,
    "f1-score": 0.8105220277675762,
    "support": 3844.0
  }
}