{
  "0": {
    "precision": 0.9262256068538791,
    "recall": 0.8889904065783463,
    "f1-score": 0.9072261072261072,
    "support": 2189.0
  },
  "1": {
    "precision": 0.7129543336439889,
    "recall": 0.831973898858075,
    "f1-score": 0.767879548306148,
    "support": 1839.0
  },
  "2": {
    "precision": 0.8192307692307692,
    "recall": 0.8239845261121856,
    "f1-score": 0.8216007714561234,
    "support": 517.0
  },
  "3": {
    "precision": 0.8409893992932862,
    "recall": 0.6040609137055838,
    "f1-score": 0.7031019202363368,
    "support": 788.0
  },
  "accuracy": 0.8209263078942434,
  "macro avg": {
    "precision": 0.8248500272554808,
    "recall": 0.7872524363135477,
    "f1-score": 0.7999520868061788,
    "support": 5333.0
  },
  "weighted avg": {
    "precision": 0.8297155123401189,
    "recall": 0.8209263078942434,
    "f1-score": 0.8207126101710115,
    "support": 5333.0
  }
}