{
  "0": {
    "precision": 0.9252595155709342,
    "recall": 0.8767213114754099,
    "f1-score": 0.9003367003367003,
    "support": 1525.0
  },
  "1": {
    "precision": 0.7480519480519481,
    "recall": 0.6525679758308157,
    "f1-score": 0.6970552642194433,
    "support": 1324.0
  },
  "2": {
    "precision": 0.7300380228136882,
    "recall": 0.9320388349514563,
    "f1-score": 0.8187633262260128,
    "support": 412.0
  },
  "3": {
    "precision": 0.658774373259053,
    "recall": 0.8113207547169812,
    "f1-score": 0.7271329746348962,
    "support": 583.0
  },
  "accuracy": 0.795525494276795,
  "macro avg": {
    "precision": 0.7655309649239059,
    "recall": 0.8181622192436658,
    "f1-score": 0.7858220663542632,
    "support": 3844.0
  },
  "weighted avg": {
    "precision": 0.8028831075639234,
    "recall": 0.795525494276795,
    "f1-score": 0.795307922075253,
    "support": 3844.0
  }
}