{
  "0": {
    "precision": 0.9063324538258575,
    "recall": 0.9009836065573771,
    "f1-score": 0.9036501150937192,
    "support": 1525.0
  },
  "1": {
    "precision": 0.7228915662650602,
    "recall": 0.770392749244713,
    "f1-score": 0.7458866544789763,
    "support": 1324.0
  },
  "2": {
    "precision": 0.8160377358490566,
    "recall": 0.8398058252427184,
    "f1-score": 0.8277511961722488,
    "support": 412.0
  },
  "3": {
    "precision": 0.7849898580121704,
    "recall": 0.6638078902229846,
    "f1-score": 0.7193308550185874,
    "support": 583.0
  },
  "accuracy": 0.8134755463059313,
  "macro avg": {
    "precision": 0.807562903488036,
    "recall": 0.7937475178169482,
    "f1-score": 0.7991547051908828,
    "support": 3844.0
  },
  "weighted avg": {
    "precision": 0.8150681738320185,
    "recall": 0.8134755463059313,
    "f1-score": 0.813221575792635,
    "support": 3844.0
  }
}