{
  "0": {
    "precision": 0.878234398782344,
    "recall": 0.8918083462132921,
    "f1-score": 0.8849693251533742,
    "support": 647.0
  },
  "1": {
    "precision": 0.6624405705229794,
    "recall": 0.6886326194398682,
    "f1-score": 0.6752827140549273,
    "support": 607.0
  },
  "2": {
    "precision": 0.8035714285714286,
    "recall": 0.8372093023255814,
    "f1-score": 0.8200455580865603,
    "support": 215.0
  },
  "3": {
    "precision": 0.7597765363128491,
    "recall": 0.6783042394014963,
    "f1-score": 0.7167325428194994,
    "support": 401.0
  },
  "accuracy": 0.7737967914438503,
  "macro avg": {
    "precision": 0.7760057335474003,
    "recall": 0.7739886268450595,
    "f1-score": 0.7742575350285904,
    "support": 1870.0
  },
  "weighted avg": {
    "precision": 0.7742017810288422,
    "recall": 0.7737967914438503,
    "f1-score": 0.773364334473157,
    "support": 1870.0
  }
}