{
  "0": {
    "precision": 0.8959746720940751,
    "recall": 0.9049794426678849,
    "f1-score": 0.9004545454545455,
    "support": 2189.0
  },
  "1": {
    "precision": 0.6920239741816505,
    "recall": 0.8162044589450789,
    "f1-score": 0.749001996007984,
    "support": 1839.0
  },
  "2": {
    "precision": 0.8901408450704226,
    "recall": 0.6112185686653772,
    "f1-score": 0.7247706422018348,
    "support": 517.0
  },
  "3": {
    "precision": 0.8110367892976589,
    "recall": 0.6154822335025381,
    "f1-score": 0.6998556998556998,
    "support": 788.0
  },
  "accuracy": 0.803112694543409,
  "macro avg": {
    "precision": 0.8222940701609518,
    "recall": 0.7369711759452198,
    "f1-score": 0.7685207208800161,
    "support": 5333.0
  },
  "weighted avg": {
    "precision": 0.8125296179639883,
    "recall": 0.803112694543409,
    "f1-score": 0.8015567943302688,
    "support": 5333.0
  }
}