{
  "0": {
    "precision": 0.8793103448275862,
    "recall": 0.9029508196721312,
    "f1-score": 0.8909737948883857,
    "support": 1525.0
  },
  "1": {
    "precision": 0.7533718689788054,
    "recall": 0.5906344410876133,
    "f1-score": 0.6621507197290432,
    "support": 1324.0
  },
  "2": {
    "precision": 0.7007299270072993,
    "recall": 0.9320388349514563,
    "f1-score": 0.8,
    "support": 412.0
  },
  "3": {
    "precision": 0.6560693641618497,
    "recall": 0.7787307032590052,
    "f1-score": 0.712156862745098,
    "support": 583.0
  },
  "accuracy": 0.7796566077003122,
  "macro avg": {
    "precision": 0.7473703762438851,
    "recall": 0.8010886997425515,
    "f1-score": 0.7663203443406317,
    "support": 3844.0
  },
  "weighted avg": {
    "precision": 0.7829349114524903,
    "recall": 0.7796566077003122,
    "f1-score": 0.7752887724002167,
    "support": 3844.0
  }
}