{
  "0": {
    "precision": 0.4732208363903155,
    "recall": 0.9969088098918083,
    "f1-score": 0.6417910447761194,
    "support": 647.0
  },
  "1": {
    "precision": 0.3155818540433925,
    "recall": 0.26359143327841844,
    "f1-score": 0.2872531418312388,
    "support": 607.0
  },
  "2": {
    "precision": 0.0,
    "recall": 0.0,
    "f1-score": 0.0,
    "support": 215.0
  },
  "3": {
    "precision": 0.0,
    "recall": 0.0,
    "f1-score": 0.0,
    "support": 401.0
  },
  "accuracy": 0.4304812834224599,
  "macro avg": {
    "precision": 0.197200672608427,
    "recall": 0.3151250607925567,
    "f1-score": 0.23226104665183955,
    "support": 1870.0
  },
  "weighted avg": {
    "precision": 0.26616688050741893,
    "recall": 0.4304812834224599,
    "f1-score": 0.31529490003300065,
    "support": 1870.0
  }
}