{
  "0": {
    "precision": 0.9083717864205669,
    "recall": 0.9036065573770492,
    "f1-score": 0.905982905982906,
    "support": 1525.0
  },
  "1": {
    "precision": 0.7265569076592698,
    "recall": 0.7666163141993958,
    "f1-score": 0.7460492466005145,
    "support": 1324.0
  },
  "2": {
    "precision": 0.8211764705882353,
    "recall": 0.8470873786407767,
    "f1-score": 0.8339307048984468,
    "support": 412.0
  },
  "3": {
    "precision": 0.7722772277227723,
    "recall": 0.6689536878216124,
    "f1-score": 0.7169117647058824,
    "support": 583.0
  },
  "accuracy": 0.8147762747138397,
  "macro avg": {
    "precision": 0.807095598097711,
    "recall": 0.7965659845097085,
    "f1-score": 0.8007186555469374,
    "support": 3844.0
  },
  "weighted avg": {
    "precision": 0.8157623958576917,
    "recall": 0.8147762747138397,
    "f1-score": 0.8144984764216187,
    "support": 3844.0
  }
}