{
  "0": {
    "precision": 0.9141019751952227,
    "recall": 0.9090909090909091,
    "f1-score": 0.9115895556573522,
    "support": 2189.0
  },
  "1": {
    "precision": 0.7412551440329218,
    "recall": 0.7835780315388798,
    "f1-score": 0.7618292360560401,
    "support": 1839.0
  },
  "2": {
    "precision": 0.8229755178907722,
    "recall": 0.8452611218568665,
    "f1-score": 0.833969465648855,
    "support": 517.0
  },
  "3": {
    "precision": 0.7944199706314243,
    "recall": 0.6865482233502538,
    "f1-score": 0.7365554799183118,
    "support": 788.0
  },
  "accuracy": 0.8267391711981998,
  "macro avg": {
    "precision": 0.8181881519375853,
    "recall": 0.8061195714592273,
    "f1-score": 0.8109859343201399,
    "support": 5333.0
  },
  "weighted avg": {
    "precision": 0.8279802574884637,
    "recall": 0.8267391711981998,
    "f1-score": 0.826559428906261,
    "support": 5333.0
  }
}