{
  "0": {
    "precision": 0.8992125984251969,
    "recall": 0.8825347758887172,
    "f1-score": 0.890795631825273,
    "support": 647.0
  },
  "1": {
    "precision": 0.658753709198813,
    "recall": 0.7314662273476112,
    "f1-score": 0.6932084309133489,
    "support": 607.0
  },
  "2": {
    "precision": 0.8119266055045872,
    "recall": 0.8232558139534883,
    "f1-score": 0.8175519630484989,
    "support": 215.0
  },
  "3": {
    "precision": 0.7900874635568513,
    "recall": 0.6758104738154613,
    "f1-score": 0.728494623655914,
    "support": 401.0
  },
  "accuracy": 0.7823529411764706,
  "macro avg": {
    "precision": 0.789995094171362,
    "recall": 0.7782668227513195,
    "f1-score": 0.7825126623607588,
    "support": 1870.0
  },
  "weighted avg": {
    "precision": 0.7877237142965591,
    "recall": 0.7823529411764706,
    "f1-score": 0.7834343890357238,
    "support": 1870.0
  }
}