{
  "0": {
    "precision": 0.9090909090909091,
    "recall": 0.9136592051164916,
    "f1-score": 0.911369332421964,
    "support": 2189.0
  },
  "1": {
    "precision": 0.7431382703262558,
    "recall": 0.7803153887982599,
    "f1-score": 0.7612732095490716,
    "support": 1839.0
  },
  "2": {
    "precision": 0.8392857142857143,
    "recall": 0.8181818181818182,
    "f1-score": 0.8285994123408423,
    "support": 517.0
  },
  "3": {
    "precision": 0.7851002865329513,
    "recall": 0.6954314720812182,
    "f1-score": 0.7375504710632571,
    "support": 788.0
  },
  "accuracy": 0.8261766360397524,
  "macro avg": {
    "precision": 0.8191537950589576,
    "recall": 0.801896971044447,
    "f1-score": 0.8096981063437838,
    "support": 5333.0
  },
  "weighted avg": {
    "precision": 0.826776864654728,
    "recall": 0.8261766360397524,
    "f1-score": 0.8259037255598132,
    "support": 5333.0
  }
}