{
  "0": {
    "precision": 0.9069462647444299,
    "recall": 0.9075409836065573,
    "f1-score": 0.9072435267125533,
    "support": 1525.0
  },
  "1": {
    "precision": 0.7277978339350181,
    "recall": 0.7613293051359517,
    "f1-score": 0.7441860465116279,
    "support": 1324.0
  },
  "2": {
    "precision": 0.8432835820895522,
    "recall": 0.8228155339805825,
    "f1-score": 0.8329238329238329,
    "support": 412.0
  },
  "3": {
    "precision": 0.7532956685499058,
    "recall": 0.6861063464837049,
    "f1-score": 0.718132854578097,
    "support": 583.0
  },
  "accuracy": 0.8145161290322581,
  "macro avg": {
    "precision": 0.8078308373297265,
    "recall": 0.7944480423016992,
    "f1-score": 0.8006215651815278,
    "support": 3844.0
  },
  "weighted avg": {
    "precision": 0.815114879409654,
    "recall": 0.8145161290322581,
    "f1-score": 0.8144341251825413,
    "support": 3844.0
  }
}