{
  "0": {
    "precision": 0.9119205298013245,
    "recall": 0.9029508196721312,
    "f1-score": 0.9074135090609555,
    "support": 1525.0
  },
  "1": {
    "precision": 0.7262411347517731,
    "recall": 0.7734138972809668,
    "f1-score": 0.7490855888807608,
    "support": 1324.0
  },
  "2": {
    "precision": 0.8382352941176471,
    "recall": 0.8300970873786407,
    "f1-score": 0.8341463414634146,
    "support": 412.0
  },
  "3": {
    "precision": 0.7616279069767442,
    "recall": 0.6740994854202401,
    "f1-score": 0.7151956323930846,
    "support": 583.0
  },
  "accuracy": 0.8158168574401665,
  "macro avg": {
    "precision": 0.8095062164118723,
    "recall": 0.7951403224379947,
    "f1-score": 0.8014602679495538,
    "support": 3844.0
  },
  "weighted avg": {
    "precision": 0.8172747349901873,
    "recall": 0.8158168574401665,
    "f1-score": 0.8158746793351144,
    "support": 3844.0
  }
}