{
  "0": {
    "precision": 0.9119409866297833,
    "recall": 0.9036089538602101,
    "f1-score": 0.9077558513079395,
    "support": 2189.0
  },
  "1": {
    "precision": 0.734945959855893,
    "recall": 0.7765089722675367,
    "f1-score": 0.7551560021152829,
    "support": 1839.0
  },
  "2": {
    "precision": 0.8257575757575758,
    "recall": 0.8433268858800773,
    "f1-score": 0.8344497607655502,
    "support": 517.0
  },
  "3": {
    "precision": 0.7806637806637806,
    "recall": 0.6865482233502538,
    "f1-score": 0.7305874409182984,
    "support": 788.0
  },
  "accuracy": 0.8218638664916558,
  "macro avg": {
    "precision": 0.8133270757267581,
    "recall": 0.8024982588395195,
    "f1-score": 0.8069872637767677,
    "support": 5333.0
  },
  "weighted avg": {
    "precision": 0.8231547282462606,
    "recall": 0.8218638664916558,
    "f1-score": 0.8218494048682716,
    "support": 5333.0
  }
}