{
  "0": {
    "precision": 0.8925750394944708,
    "recall": 0.8732612055641422,
    "f1-score": 0.8828125,
    "support": 647.0
  },
  "1": {
    "precision": 0.6563876651982379,
    "recall": 0.7364085667215815,
    "f1-score": 0.6940993788819876,
    "support": 607.0
  },
  "2": {
    "precision": 0.8186046511627907,
    "recall": 0.8186046511627907,
    "f1-score": 0.8186046511627907,
    "support": 215.0
  },
  "3": {
    "precision": 0.8005865102639296,
    "recall": 0.6807980049875312,
    "f1-score": 0.7358490566037735,
    "support": 401.0
  },
  "accuracy": 0.781283422459893,
  "macro avg": {
    "precision": 0.7920384665298572,
    "recall": 0.7772681071090114,
    "f1-score": 0.782841396662138,
    "support": 1870.0
  },
  "weighted avg": {
    "precision": 0.7876783710930956,
    "recall": 0.781283422459893,
    "f1-score": 0.7826596161387592,
    "support": 1870.0
  }
}