{
  "0": {
    "precision": 0.9131433823529411,
    "recall": 0.9077204202832344,
    "f1-score": 0.9104238258877434,
    "support": 2189.0
  },
  "1": {
    "precision": 0.7367624810892587,
    "recall": 0.7944535073409462,
    "f1-score": 0.7645211930926217,
    "support": 1839.0
  },
  "2": {
    "precision": 0.8263358778625954,
    "recall": 0.8375241779497099,
    "f1-score": 0.8318924111431316,
    "support": 517.0
  },
  "3": {
    "precision": 0.8107692307692308,
    "recall": 0.6687817258883249,
    "f1-score": 0.7329624478442281,
    "support": 788.0
  },
  "accuracy": 0.8265516594787174,
  "macro avg": {
    "precision": 0.8217527430185065,
    "recall": 0.8021199578655538,
    "f1-score": 0.8099499694919312,
    "support": 5333.0
  },
  "weighted avg": {
    "precision": 0.8287790867044535,
    "recall": 0.8265516594787174,
    "f1-score": 0.826276957515067,
    "support": 5333.0
  }
}