{
  "0": {
    "precision": 0.9187180678123549,
    "recall": 0.9036089538602101,
    "f1-score": 0.9111008751727314,
    "support": 2189.0
  },
  "1": {
    "precision": 0.7314768771755346,
    "recall": 0.7998912452419793,
    "f1-score": 0.7641558441558441,
    "support": 1839.0
  },
  "2": {
    "precision": 0.8148148148148148,
    "recall": 0.851063829787234,
    "f1-score": 0.8325449385052034,
    "support": 517.0
  },
  "3": {
    "precision": 0.8139904610492846,
    "recall": 0.649746192893401,
    "f1-score": 0.7226534932956952,
    "support": 788.0
  },
  "accuracy": 0.8252390774423402,
  "macro avg": {
    "precision": 0.8197500552129972,
    "recall": 0.8010775554457061,
    "f1-score": 0.8076137877823685,
    "support": 5333.0
  },
  "weighted avg": {
    "precision": 0.8286037071316609,
    "recall": 0.8252390774423402,
    "f1-score": 0.8249688916332092,
    "support": 5333.0
  }
}