{
  "0": {
    "precision": 0.8896103896103896,
    "recall": 0.898360655737705,
    "f1-score": 0.8939641109298532,
    "support": 1525.0
  },
  "1": {
    "precision": 0.7075208913649025,
    "recall": 0.7673716012084593,
    "f1-score": 0.736231884057971,
    "support": 1324.0
  },
  "2": {
    "precision": 0.8108747044917257,
    "recall": 0.8325242718446602,
    "f1-score": 0.8215568862275449,
    "support": 412.0
  },
  "3": {
    "precision": 0.8067415730337079,
    "recall": 0.6157804459691252,
    "f1-score": 0.6984435797665369,
    "support": 583.0
  },
  "accuracy": 0.8033298647242456,
  "macro avg": {
    "precision": 0.8036868896251813,
    "recall": 0.7785092436899873,
    "f1-score": 0.7875491152454765,
    "support": 3844.0
  },
  "weighted avg": {
    "precision": 0.8058855930416798,
    "recall": 0.8033298647242456,
    "f1-score": 0.8022217293939697,
    "support": 3844.0
  }
}