{
  "0": {
    "precision": 0.9111405835543767,
    "recall": 0.9009836065573771,
    "f1-score": 0.9060336300692384,
    "support": 1525.0
  },
  "1": {
    "precision": 0.7227011494252874,
    "recall": 0.7598187311178247,
    "f1-score": 0.7407952871870398,
    "support": 1324.0
  },
  "2": {
    "precision": 0.8211764705882353,
    "recall": 0.8470873786407767,
    "f1-score": 0.8339307048984468,
    "support": 412.0
  },
  "3": {
    "precision": 0.7495183044315993,
    "recall": 0.6672384219554031,
    "f1-score": 0.705989110707804,
    "support": 583.0
  },
  "accuracy": 0.8111342351716961,
  "macro avg": {
    "precision": 0.8011341269998746,
    "recall": 0.7937820345678455,
    "f1-score": 0.7966871832156323,
    "support": 3844.0
  },
  "weighted avg": {
    "precision": 0.8120810585654216,
    "recall": 0.8111342351716961,
    "f1-score": 0.8110523798262328,
    "support": 3844.0
  }
}