{
  "0": {
    "precision": 0.9036939313984169,
    "recall": 0.898360655737705,
    "f1-score": 0.9010194015126604,
    "support": 1525.0
  },
  "1": {
    "precision": 0.7115251897860594,
    "recall": 0.7787009063444109,
    "f1-score": 0.7435989902632528,
    "support": 1324.0
  },
  "2": {
    "precision": 0.8159806295399515,
    "recall": 0.8179611650485437,
    "f1-score": 0.816969696969697,
    "support": 412.0
  },
  "3": {
    "precision": 0.8047210300429185,
    "recall": 0.6432246998284734,
    "f1-score": 0.7149666348903718,
    "support": 583.0
  },
  "accuracy": 0.8098335067637877,
  "macro avg": {
    "precision": 0.8089801951918366,
    "recall": 0.7845618567397832,
    "f1-score": 0.7941386809089955,
    "support": 3844.0
  },
  "weighted avg": {
    "precision": 0.8130928659065583,
    "recall": 0.8098335067637877,
    "f1-score": 0.8095725061675223,
    "support": 3844.0
  }
}