{
  "0": {
    "precision": 0.9064558629776021,
    "recall": 0.9022950819672131,
    "f1-score": 0.9043706868222149,
    "support": 1525.0
  },
  "1": {
    "precision": 0.7252906976744186,
    "recall": 0.7537764350453172,
    "f1-score": 0.7392592592592593,
    "support": 1324.0
  },
  "2": {
    "precision": 0.8231132075471698,
    "recall": 0.8470873786407767,
    "f1-score": 0.8349282296650717,
    "support": 412.0
  },
  "3": {
    "precision": 0.752851711026616,
    "recall": 0.6792452830188679,
    "f1-score": 0.7141568981064021,
    "support": 583.0
  },
  "accuracy": 0.8113943808532779,
  "macro avg": {
    "precision": 0.8019278698064516,
    "recall": 0.7956010446680437,
    "f1-score": 0.798178768463237,
    "support": 3844.0
  },
  "weighted avg": {
    "precision": 0.8118275920394704,
    "recall": 0.8113943808532779,
    "f1-score": 0.8112092765039488,
    "support": 3844.0
  }
}