{
  "0": {
    "precision": 0.9143627781523938,
    "recall": 0.8891803278688525,
    "f1-score": 0.901595744680851,
    "support": 1525.0
  },
  "1": {
    "precision": 0.6863867684478372,
    "recall": 0.8149546827794562,
    "f1-score": 0.7451657458563536,
    "support": 1324.0
  },
  "2": {
    "precision": 0.8488063660477454,
    "recall": 0.7766990291262136,
    "f1-score": 0.8111533586818758,
    "support": 412.0
  },
  "3": {
    "precision": 0.7961165048543689,
    "recall": 0.5626072041166381,
    "f1-score": 0.6592964824120603,
    "support": 583.0
  },
  "accuracy": 0.8020291363163371,
  "macro avg": {
    "precision": 0.8114181043755863,
    "recall": 0.76086031097279,
    "f1-score": 0.7793028329077852,
    "support": 3844.0
  },
  "weighted avg": {
    "precision": 0.8108801933530451,
    "recall": 0.8020291363163371,
    "f1-score": 0.8012741912526729,
    "support": 3844.0
  }
}