{
  "0": {
    "precision": 0.9068241469816273,
    "recall": 0.9062295081967213,
    "f1-score": 0.9065267300754346,
    "support": 1525.0
  },
  "1": {
    "precision": 0.7179135209334249,
    "recall": 0.7900302114803626,
    "f1-score": 0.752247393024092,
    "support": 1324.0
  },
  "2": {
    "precision": 0.8542199488491049,
    "recall": 0.8106796116504854,
    "f1-score": 0.8318804483188045,
    "support": 412.0
  },
  "3": {
    "precision": 0.7902542372881356,
    "recall": 0.6397941680960549,
    "f1-score": 0.7071090047393365,
    "support": 583.0
  },
  "accuracy": 0.8155567117585848,
  "macro avg": {
    "precision": 0.8173029635130733,
    "recall": 0.7866833748559061,
    "f1-score": 0.799440894039417,
    "support": 3844.0
  },
  "weighted avg": {
    "precision": 0.8184394290134366,
    "recall": 0.8155567117585848,
    "f1-score": 0.8151425874608004,
    "support": 3844.0
  }
}