{
  "0": {
    "precision": 0.8450029922202275,
    "recall": 0.9259016393442623,
    "f1-score": 0.8836045056320401,
    "support": 1525.0
  },
  "1": {
    "precision": 0.7719087635054022,
    "recall": 0.48564954682779454,
    "f1-score": 0.5961984237366713,
    "support": 1324.0
  },
  "2": {
    "precision": 0.6672384219554031,
    "recall": 0.9441747572815534,
    "f1-score": 0.7819095477386935,
    "support": 412.0
  },
  "3": {
    "precision": 0.6208718626155878,
    "recall": 0.8061749571183533,
    "f1-score": 0.7014925373134329,
    "support": 583.0
  },
  "accuracy": 0.7580645161290323,
  "macro avg": {
    "precision": 0.7262555100741552,
    "recall": 0.790475225142991,
    "f1-score": 0.7408012536052094,
    "support": 3844.0
  },
  "weighted avg": {
    "precision": 0.7667812933838485,
    "recall": 0.7580645161290323,
    "f1-score": 0.7460927333606366,
    "support": 3844.0
  }
}