{
  "0": {
    "precision": 0.9142201834862386,
    "recall": 0.9104613978985838,
    "f1-score": 0.912336919203479,
    "support": 2189.0
  },
  "1": {
    "precision": 0.7397119341563786,
    "recall": 0.7819467101685699,
    "f1-score": 0.7602431932328839,
    "support": 1839.0
  },
  "2": {
    "precision": 0.8244274809160306,
    "recall": 0.8355899419729207,
    "f1-score": 0.829971181556196,
    "support": 517.0
  },
  "3": {
    "precision": 0.7912408759124088,
    "recall": 0.6878172588832487,
    "f1-score": 0.7359131025118805,
    "support": 788.0
  },
  "accuracy": 0.82598912432027,
  "macro avg": {
    "precision": 0.8174001186177642,
    "recall": 0.8039538272308309,
    "f1-score": 0.8096160991261098,
    "support": 5333.0
  },
  "weighted avg": {
    "precision": 0.8271676441810466,
    "recall": 0.82598912432027,
    "f1-score": 0.8258367474471413,
    "support": 5333.0
  }
}