{
  "0": {
    "precision": 0.9193697868396663,
    "recall": 0.9063499314755596,
    "f1-score": 0.912813434552565,
    "support": 2189.0
  },
  "1": {
    "precision": 0.7325697211155379,
    "recall": 0.7998912452419793,
    "f1-score": 0.7647517546139849,
    "support": 1839.0
  },
  "2": {
    "precision": 0.8159851301115242,
    "recall": 0.8491295938104448,
    "f1-score": 0.8322274881516588,
    "support": 517.0
  },
  "3": {
    "precision": 0.8124006359300477,
    "recall": 0.6484771573604061,
    "f1-score": 0.721242060691602,
    "support": 788.0
  },
  "accuracy": 0.82598912432027,
  "macro avg": {
    "precision": 0.820081318499194,
    "recall": 0.8009619819720974,
    "f1-score": 0.8077586845024527,
    "support": 5333.0
  },
  "weighted avg": {
    "precision": 0.8291266067699306,
    "recall": 0.82598912432027,
    "f1-score": 0.8256379974067266,
    "support": 5333.0
  }
}