{
  "0": {
    "precision": 0.90748031496063,
    "recall": 0.9068852459016393,
    "f1-score": 0.907182682846835,
    "support": 1525.0
  },
  "1": {
    "precision": 0.7270114942528736,
    "recall": 0.7643504531722054,
    "f1-score": 0.7452135493372607,
    "support": 1324.0
  },
  "2": {
    "precision": 0.8325123152709359,
    "recall": 0.8203883495145631,
    "f1-score": 0.8264058679706602,
    "support": 412.0
  },
  "3": {
    "precision": 0.764367816091954,
    "recall": 0.6843910806174958,
    "f1-score": 0.7221719457013575,
    "support": 583.0
  },
  "accuracy": 0.8147762747138397,
  "macro avg": {
    "precision": 0.8078429851440984,
    "recall": 0.7940037823014758,
    "f1-score": 0.8002435114640284,
    "support": 3844.0
  },
  "weighted avg": {
    "precision": 0.815580699630333,
    "recall": 0.8147762747138397,
    "f1-score": 0.8146778856950467,
    "support": 3844.0
  }
}