{
  "0": {
    "precision": 0.889751552795031,
    "recall": 0.8856259659969088,
    "f1-score": 0.8876839659178931,
    "support": 647.0
  },
  "1": {
    "precision": 0.6591251885369532,
    "recall": 0.7199341021416804,
    "f1-score": 0.6881889763779527,
    "support": 607.0
  },
  "2": {
    "precision": 0.815668202764977,
    "recall": 0.8232558139534883,
    "f1-score": 0.8194444444444444,
    "support": 215.0
  },
  "3": {
    "precision": 0.7832369942196532,
    "recall": 0.6758104738154613,
    "f1-score": 0.7255689424364123,
    "support": 401.0
  },
  "accuracy": 0.7796791443850267,
  "macro avg": {
    "precision": 0.7869454845791536,
    "recall": 0.7761565889768847,
    "f1-score": 0.7802215822941756,
    "support": 1870.0
  },
  "weighted avg": {
    "precision": 0.7835320547469875,
    "recall": 0.7796791443850267,
    "f1-score": 0.7803186823972467,
    "support": 1870.0
  }
}