{
  "0": {
    "precision": 0.9087301587301587,
    "recall": 0.9009836065573771,
    "f1-score": 0.9048403029305235,
    "support": 1525.0
  },
  "1": {
    "precision": 0.7147814018043026,
    "recall": 0.7779456193353474,
    "f1-score": 0.7450271247739603,
    "support": 1324.0
  },
  "2": {
    "precision": 0.8383084577114428,
    "recall": 0.8179611650485437,
    "f1-score": 0.828009828009828,
    "support": 412.0
  },
  "3": {
    "precision": 0.7709611451942741,
    "recall": 0.6466552315608919,
    "f1-score": 0.7033582089552238,
    "support": 583.0
  },
  "accuracy": 0.8111342351716961,
  "macro avg": {
    "precision": 0.8081952908600445,
    "recall": 0.78588640562554,
    "f1-score": 0.7953088661673839,
    "support": 3844.0
  },
  "weighted avg": {
    "precision": 0.81348530184125,
    "recall": 0.8111342351716961,
    "f1-score": 0.8110029292743799,
    "support": 3844.0
  }
}