{
  "0": {
    "precision": 0.9074074074074074,
    "recall": 0.899672131147541,
    "f1-score": 0.903523213697728,
    "support": 1525.0
  },
  "1": {
    "precision": 0.7194950911640954,
    "recall": 0.7749244712990937,
    "f1-score": 0.7461818181818182,
    "support": 1324.0
  },
  "2": {
    "precision": 0.8304668304668305,
    "recall": 0.8203883495145631,
    "f1-score": 0.8253968253968254,
    "support": 412.0
  },
  "3": {
    "precision": 0.7735470941883767,
    "recall": 0.6620926243567753,
    "f1-score": 0.7134935304990758,
    "support": 583.0
  },
  "accuracy": 0.8121748178980229,
  "macro avg": {
    "precision": 0.8077291058066776,
    "recall": 0.7892693940794933,
    "f1-score": 0.7971488469438618,
    "support": 3844.0
  },
  "weighted avg": {
    "precision": 0.8141358186945153,
    "recall": 0.8121748178980229,
    "f1-score": 0.8121352363439688,
    "support": 3844.0
  }
}