{
  "0": {
    "precision": 0.9091511936339522,
    "recall": 0.899016393442623,
    "f1-score": 0.904055390702275,
    "support": 1525.0
  },
  "1": {
    "precision": 0.7254623044096729,
    "recall": 0.770392749244713,
    "f1-score": 0.7472527472527473,
    "support": 1324.0
  },
  "2": {
    "precision": 0.8226950354609929,
    "recall": 0.8446601941747572,
    "f1-score": 0.8335329341317366,
    "support": 412.0
  },
  "3": {
    "precision": 0.777120315581854,
    "recall": 0.6758147512864494,
    "f1-score": 0.7229357798165138,
    "support": 583.0
  },
  "accuracy": 0.8150364203954215,
  "macro avg": {
    "precision": 0.808607212271618,
    "recall": 0.7974710220371357,
    "f1-score": 0.8019442129758182,
    "support": 3844.0
  },
  "weighted avg": {
    "precision": 0.8165918730292232,
    "recall": 0.8150364203954215,
    "f1-score": 0.8150193123514333,
    "support": 3844.0
  }
}