{
  "0": {
    "precision": 0.8944881889763779,
    "recall": 0.8778979907264297,
    "f1-score": 0.8861154446177847,
    "support": 647.0
  },
  "1": {
    "precision": 0.6594761171032357,
    "recall": 0.7051070840197694,
    "f1-score": 0.6815286624203821,
    "support": 607.0
  },
  "2": {
    "precision": 0.7954545454545454,
    "recall": 0.813953488372093,
    "f1-score": 0.8045977011494253,
    "support": 215.0
  },
  "3": {
    "precision": 0.773224043715847,
    "recall": 0.7057356608478803,
    "f1-score": 0.7379400260756193,
    "support": 401.0
  },
  "accuracy": 0.7775401069518717,
  "macro avg": {
    "precision": 0.7806607238125015,
    "recall": 0.7756735559915431,
    "f1-score": 0.7775454585658028,
    "support": 1870.0
  },
  "weighted avg": {
    "precision": 0.7808135990118515,
    "recall": 0.7775401069518717,
    "f1-score": 0.7785599181606034,
    "support": 1870.0
  }
}