{
  "0": {
    "precision": 0.888208269525268,
    "recall": 0.8964451313755796,
    "f1-score": 0.8923076923076924,
    "support": 647.0
  },
  "1": {
    "precision": 0.6703470031545742,
    "recall": 0.700164744645799,
    "f1-score": 0.684931506849315,
    "support": 607.0
  },
  "2": {
    "precision": 0.8008849557522124,
    "recall": 0.8418604651162791,
    "f1-score": 0.8208616780045351,
    "support": 215.0
  },
  "3": {
    "precision": 0.7787114845938375,
    "recall": 0.6932668329177057,
    "f1-score": 0.7335092348284961,
    "support": 401.0
  },
  "accuracy": 0.7828877005347593,
  "macro avg": {
    "precision": 0.7845379282564731,
    "recall": 0.7829342935138408,
    "f1-score": 0.7829025279975096,
    "support": 1870.0
  },
  "weighted avg": {
    "precision": 0.7839705626238125,
    "recall": 0.7828877005347593,
    "f1-score": 0.7827267195282425,
    "support": 1870.0
  }
}