{
  "0": {
    "precision": 0.9144947416552355,
    "recall": 0.9136592051164916,
    "f1-score": 0.9140767824497258,
    "support": 2189.0
  },
  "1": {
    "precision": 0.7422680412371134,
    "recall": 0.7830342577487766,
    "f1-score": 0.762106377348505,
    "support": 1839.0
  },
  "2": {
    "precision": 0.8223062381852552,
    "recall": 0.8413926499032882,
    "f1-score": 0.8317399617590823,
    "support": 517.0
  },
  "3": {
    "precision": 0.7902511078286558,
    "recall": 0.6789340101522843,
    "f1-score": 0.7303754266211604,
    "support": 788.0
  },
  "accuracy": 0.8269266829176823,
  "macro avg": {
    "precision": 0.817330032226565,
    "recall": 0.8042550307302101,
    "f1-score": 0.8095746370446184,
    "support": 5333.0
  },
  "weighted avg": {
    "precision": 0.8278098847607575,
    "recall": 0.8269266829176823,
    "f1-score": 0.8265466156259649,
    "support": 5333.0
  }
}