{
  "0": {
    "precision": 0.912665752171925,
    "recall": 0.9118318867062586,
    "f1-score": 0.9122486288848263,
    "support": 2189.0
  },
  "1": {
    "precision": 0.741388174807198,
    "recall": 0.7841218053289831,
    "f1-score": 0.7621564482029598,
    "support": 1839.0
  },
  "2": {
    "precision": 0.8210922787193974,
    "recall": 0.8433268858800773,
    "f1-score": 0.8320610687022901,
    "support": 517.0
  },
  "3": {
    "precision": 0.7970149253731343,
    "recall": 0.6776649746192893,
    "f1-score": 0.7325102880658436,
    "support": 788.0
  },
  "accuracy": 0.8265516594787174,
  "macro avg": {
    "precision": 0.8180402827679137,
    "recall": 0.8042363881336521,
    "f1-score": 0.8097441084639799,
    "support": 5333.0
  },
  "weighted avg": {
    "precision": 0.8276374750172021,
    "recall": 0.8265516594787174,
    "f1-score": 0.8261600668271324,
    "support": 5333.0
  }
}