{
  "0": {
    "precision": 0.9090909090909091,
    "recall": 0.9049180327868852,
    "f1-score": 0.9069996713769306,
    "support": 1525.0
  },
  "1": {
    "precision": 0.7205673758865249,
    "recall": 0.7673716012084593,
    "f1-score": 0.7432333577176299,
    "support": 1324.0
  },
  "2": {
    "precision": 0.8280871670702179,
    "recall": 0.8300970873786407,
    "f1-score": 0.8290909090909091,
    "support": 412.0
  },
  "3": {
    "precision": 0.7634194831013916,
    "recall": 0.6586620926243568,
    "f1-score": 0.7071823204419889,
    "support": 583.0
  },
  "accuracy": 0.8121748178980229,
  "macro avg": {
    "precision": 0.8052912337872609,
    "recall": 0.7902622034995854,
    "f1-score": 0.7966265646568647,
    "support": 3844.0
  },
  "weighted avg": {
    "precision": 0.8133819754210292,
    "recall": 0.8121748178980229,
    "f1-score": 0.811937620143365,
    "support": 3844.0
  }
}