{
  "0": {
    "precision": 0.8906009244992296,
    "recall": 0.893353941267388,
    "f1-score": 0.8919753086419753,
    "support": 647.0
  },
  "1": {
    "precision": 0.6775193798449612,
    "recall": 0.7199341021416804,
    "f1-score": 0.6980830670926518,
    "support": 607.0
  },
  "2": {
    "precision": 0.8088888888888889,
    "recall": 0.8465116279069768,
    "f1-score": 0.8272727272727273,
    "support": 215.0
  },
  "3": {
    "precision": 0.792022792022792,
    "recall": 0.6932668329177057,
    "f1-score": 0.7393617021276596,
    "support": 401.0
  },
  "accuracy": 0.7887700534759359,
  "macro avg": {
    "precision": 0.7922579963139679,
    "recall": 0.7882666260584378,
    "f1-score": 0.7891732012837535,
    "support": 1870.0
  },
  "weighted avg": {
    "precision": 0.7909012365931248,
    "recall": 0.7887700534759359,
    "f1-score": 0.7888727942959494,
    "support": 1870.0
  }
}