{
  "0": {
    "precision": 0.8914728682170543,
    "recall": 0.8887171561051005,
    "f1-score": 0.8900928792569659,
    "support": 647.0
  },
  "1": {
    "precision": 0.6656200941915228,
    "recall": 0.6985172981878089,
    "f1-score": 0.6816720257234726,
    "support": 607.0
  },
  "2": {
    "precision": 0.7880184331797235,
    "recall": 0.7953488372093023,
    "f1-score": 0.7916666666666666,
    "support": 215.0
  },
  "3": {
    "precision": 0.7628032345013477,
    "recall": 0.7057356608478803,
    "f1-score": 0.7331606217616581,
    "support": 401.0
  },
  "accuracy": 0.7770053475935829,
  "macro avg": {
    "precision": 0.7769786575224121,
    "recall": 0.7720797380875231,
    "f1-score": 0.7741480483521908,
    "support": 1870.0
  },
  "weighted avg": {
    "precision": 0.7786750818606255,
    "recall": 0.7770053475935829,
    "f1-score": 0.777470992060515,
    "support": 1870.0
  }
}