{
  "0": {
    "precision": 0.9102310231023102,
    "recall": 0.9042622950819672,
    "f1-score": 0.9072368421052631,
    "support": 1525.0
  },
  "1": {
    "precision": 0.7286324786324786,
    "recall": 0.7726586102719033,
    "f1-score": 0.75,
    "support": 1324.0
  },
  "2": {
    "precision": 0.823943661971831,
    "recall": 0.8519417475728155,
    "f1-score": 0.837708830548926,
    "support": 412.0
  },
  "3": {
    "precision": 0.781563126252505,
    "recall": 0.6689536878216124,
    "f1-score": 0.7208872458410351,
    "support": 583.0
  },
  "accuracy": 0.8176378772112383,
  "macro avg": {
    "precision": 0.8110925724897812,
    "recall": 0.7994540851870746,
    "f1-score": 0.8039582296238059,
    "support": 3844.0
  },
  "weighted avg": {
    "precision": 0.8189198239537017,
    "recall": 0.8176378772112383,
    "f1-score": 0.8173645907185242,
    "support": 3844.0
  }
}