{
  "0": {
    "precision": 0.9023746701846965,
    "recall": 0.8970491803278688,
    "f1-score": 0.8997040447221308,
    "support": 1525.0
  },
  "1": {
    "precision": 0.710635359116022,
    "recall": 0.777190332326284,
    "f1-score": 0.7424242424242424,
    "support": 1324.0
  },
  "2": {
    "precision": 0.8085106382978723,
    "recall": 0.8300970873786407,
    "f1-score": 0.8191616766467066,
    "support": 412.0
  },
  "3": {
    "precision": 0.8030634573304157,
    "recall": 0.6295025728987993,
    "f1-score": 0.7057692307692308,
    "support": 583.0
  },
  "accuracy": 0.8080124869927159,
  "macro avg": {
    "precision": 0.8061460312322516,
    "recall": 0.7834597932328982,
    "f1-score": 0.7917647986405777,
    "support": 3844.0
  },
  "weighted avg": {
    "precision": 0.8112109693297687,
    "recall": 0.8080124869927159,
    "f1-score": 0.8074860659437699,
    "support": 3844.0
  }
}