{
  "0": {
    "precision": 0.9136786188579017,
    "recall": 0.9022950819672131,
    "f1-score": 0.907951171230617,
    "support": 1525.0
  },
  "1": {
    "precision": 0.7266238401142041,
    "recall": 0.7688821752265861,
    "f1-score": 0.7471559633027522,
    "support": 1324.0
  },
  "2": {
    "precision": 0.8158508158508159,
    "recall": 0.8495145631067961,
    "f1-score": 0.8323424494649228,
    "support": 412.0
  },
  "3": {
    "precision": 0.7696850393700787,
    "recall": 0.6706689536878216,
    "f1-score": 0.7167736021998167,
    "support": 583.0
  },
  "accuracy": 0.8155567117585848,
  "macro avg": {
    "precision": 0.8064595785482501,
    "recall": 0.7978401934971042,
    "f1-score": 0.8010557965495272,
    "support": 3844.0
  },
  "weighted avg": {
    "precision": 0.81692683979001,
    "recall": 0.8155567117585848,
    "f1-score": 0.8154693368370385,
    "support": 3844.0
  }
}