{
  "0": {
    "precision": 0.8934169278996865,
    "recall": 0.8809891808346213,
    "f1-score": 0.8871595330739299,
    "support": 647.0
  },
  "1": {
    "precision": 0.6681887366818874,
    "recall": 0.7232289950576606,
    "f1-score": 0.694620253164557,
    "support": 607.0
  },
  "2": {
    "precision": 0.8161434977578476,
    "recall": 0.8465116279069768,
    "f1-score": 0.8310502283105022,
    "support": 215.0
  },
  "3": {
    "precision": 0.7869318181818182,
    "recall": 0.6907730673316709,
    "f1-score": 0.7357237715803453,
    "support": 401.0
  },
  "accuracy": 0.7850267379679144,
  "macro avg": {
    "precision": 0.79117024513031,
    "recall": 0.7853757177827324,
    "f1-score": 0.7871384465323337,
    "support": 1870.0
  },
  "weighted avg": {
    "precision": 0.7885892120993846,
    "recall": 0.7850267379679144,
    "f1-score": 0.7857367609947568,
    "support": 1870.0
  }
}