{
  "0": {
    "precision": 0.9044795783926218,
    "recall": 0.900327868852459,
    "f1-score": 0.9023989484061781,
    "support": 1525.0
  },
  "1": {
    "precision": 0.7110501029512697,
    "recall": 0.7824773413897281,
    "f1-score": 0.7450557353469974,
    "support": 1324.0
  },
  "2": {
    "precision": 0.8259803921568627,
    "recall": 0.8179611650485437,
    "f1-score": 0.8219512195121951,
    "support": 412.0
  },
  "3": {
    "precision": 0.8026030368763557,
    "recall": 0.6346483704974271,
    "f1-score": 0.7088122605363985,
    "support": 583.0
  },
  "accuracy": 0.8106139438085328,
  "macro avg": {
    "precision": 0.8110282775942774,
    "recall": 0.7838536864470393,
    "f1-score": 0.7945545409504422,
    "support": 3844.0
  },
  "weighted avg": {
    "precision": 0.8139914634297014,
    "recall": 0.8106139438085328,
    "f1-score": 0.8102220708248155,
    "support": 3844.0
  }
}