{
  "0": {
    "precision": 0.8858447488584474,
    "recall": 0.8995363214837713,
    "f1-score": 0.8926380368098159,
    "support": 647.0
  },
  "1": {
    "precision": 0.6781789638932496,
    "recall": 0.7116968698517299,
    "f1-score": 0.6945337620578779,
    "support": 607.0
  },
  "2": {
    "precision": 0.8125,
    "recall": 0.8465116279069768,
    "f1-score": 0.8291571753986332,
    "support": 215.0
  },
  "3": {
    "precision": 0.7954545454545454,
    "recall": 0.6982543640897756,
    "f1-score": 0.7436918990703851,
    "support": 401.0
  },
  "accuracy": 0.7893048128342246,
  "macro avg": {
    "precision": 0.7929945645515606,
    "recall": 0.7889997958330633,
    "f1-score": 0.7900052183341781,
    "support": 1870.0
  },
  "weighted avg": {
    "precision": 0.7906208322576956,
    "recall": 0.7893048128342246,
    "f1-score": 0.7890952126326274,
    "support": 1870.0
  }
}