{
  "0": {
    "precision": 0.6196265740338689,
    "recall": 0.9357377049180328,
    "f1-score": 0.745559038662487,
    "support": 1525.0
  },
  "1": {
    "precision": 0.6683971447112265,
    "recall": 0.7779456193353474,
    "f1-score": 0.7190226876090751,
    "support": 1324.0
  },
  "2": {
    "precision": 0.0,
    "recall": 0.0,
    "f1-score": 0.0,
    "support": 412.0
  },
  "3": {
    "precision": 0.0,
    "recall": 0.0,
    "f1-score": 0.0,
    "support": 583.0
  },
  "accuracy": 0.6391779396462018,
  "macro avg": {
    "precision": 0.32200592968627384,
    "recall": 0.42842083106334505,
    "f1-score": 0.3661454315678905,
    "support": 3844.0
  },
  "weighted avg": {
    "precision": 0.4760375507282294,
    "recall": 0.6391779396462018,
    "f1-score": 0.5434348523295286,
    "support": 3844.0
  }
}