{
  "0": {
    "precision": 0.9111257406188282,
    "recall": 0.9075409836065573,
    "f1-score": 0.9093298291721419,
    "support": 1525.0
  },
  "1": {
    "precision": 0.7261648745519713,
    "recall": 0.7651057401812689,
    "f1-score": 0.7451268848841486,
    "support": 1324.0
  },
  "2": {
    "precision": 0.8188235294117647,
    "recall": 0.8446601941747572,
    "f1-score": 0.8315412186379928,
    "support": 412.0
  },
  "3": {
    "precision": 0.7643564356435644,
    "recall": 0.6620926243567753,
    "f1-score": 0.7095588235294118,
    "support": 583.0
  },
  "accuracy": 0.8145161290322581,
  "macro avg": {
    "precision": 0.805117645056532,
    "recall": 0.7948498855798396,
    "f1-score": 0.7988891890559238,
    "support": 3844.0
  },
  "weighted avg": {
    "precision": 0.8152664267555588,
    "recall": 0.8145161290322581,
    "f1-score": 0.8141372948154603,
    "support": 3844.0
  }
}