{
  "0": {
    "precision": 0.8812785388127854,
    "recall": 0.8948995363214838,
    "f1-score": 0.8880368098159509,
    "support": 647.0
  },
  "1": {
    "precision": 0.6750392464678179,
    "recall": 0.7084019769357496,
    "f1-score": 0.6913183279742765,
    "support": 607.0
  },
  "2": {
    "precision": 0.7965367965367965,
    "recall": 0.8558139534883721,
    "f1-score": 0.8251121076233184,
    "support": 215.0
  },
  "3": {
    "precision": 0.7942028985507247,
    "recall": 0.683291770573566,
    "f1-score": 0.7345844504021448,
    "support": 401.0
  },
  "accuracy": 0.7844919786096257,
  "macro avg": {
    "precision": 0.7867643700920312,
    "recall": 0.7856018093297928,
    "f1-score": 0.7847629239539227,
    "support": 1870.0
  },
  "weighted avg": {
    "precision": 0.7859180806374809,
    "recall": 0.7844919786096257,
    "f1-score": 0.7840414485462992,
    "support": 1870.0
  }
}