{
  "0": {
    "precision": 0.900327868852459,
    "recall": 0.900327868852459,
    "f1-score": 0.900327868852459,
    "support": 1525.0
  },
  "1": {
    "precision": 0.7147912243453645,
    "recall": 0.7628398791540786,
    "f1-score": 0.7380343441724516,
    "support": 1324.0
  },
  "2": {
    "precision": 0.8370927318295739,
    "recall": 0.8106796116504854,
    "f1-score": 0.8236744759556104,
    "support": 412.0
  },
  "3": {
    "precision": 0.7633136094674556,
    "recall": 0.6638078902229846,
    "f1-score": 0.710091743119266,
    "support": 583.0
  },
  "accuracy": 0.8074921956295525,
  "macro avg": {
    "precision": 0.8038813586237132,
    "recall": 0.7844138124700019,
    "f1-score": 0.7930321080249467,
    "support": 3844.0
  },
  "weighted avg": {
    "precision": 0.8088651459070171,
    "recall": 0.8074921956295525,
    "f1-score": 0.8073607809616468,
    "support": 3844.0
  }
}