{
  "0": {
    "precision": 0.5508298755186722,
    "recall": 0.970306075833714,
    "f1-score": 0.7027295285359801,
    "support": 2189.0
  },
  "1": {
    "precision": 0.7711577522004063,
    "recall": 0.6193583469276781,
    "f1-score": 0.6869722557297949,
    "support": 1839.0
  },
  "2": {
    "precision": 0.0,
    "recall": 0.0,
    "f1-score": 0.0,
    "support": 517.0
  },
  "3": {
    "precision": 0.0,
    "recall": 0.0,
    "f1-score": 0.0,
    "support": 788.0
  },
  "accuracy": 0.611850740671292,
  "macro avg": {
    "precision": 0.33049690692976963,
    "recall": 0.397416105690348,
    "f1-score": 0.34742544606644377,
    "support": 5333.0
  },
  "weighted avg": {
    "precision": 0.49201682051507983,
    "recall": 0.611850740671292,
    "f1-score": 0.5253360052976473,
    "support": 5333.0
  }
}