{
  "0": {
    "precision": 0.900131406044678,
    "recall": 0.898360655737705,
    "f1-score": 0.899245159172957,
    "support": 1525.0
  },
  "1": {
    "precision": 0.7060420909708078,
    "recall": 0.7854984894259819,
    "f1-score": 0.7436539149088309,
    "support": 1324.0
  },
  "2": {
    "precision": 0.8284313725490197,
    "recall": 0.8203883495145631,
    "f1-score": 0.824390243902439,
    "support": 412.0
  },
  "3": {
    "precision": 0.8072562358276644,
    "recall": 0.6106346483704974,
    "f1-score": 0.6953125,
    "support": 583.0
  },
  "accuracy": 0.8074921956295525,
  "macro avg": {
    "precision": 0.8104652763480424,
    "recall": 0.7787205357621868,
    "f1-score": 0.7906504544960568,
    "support": 3844.0
  },
  "weighted avg": {
    "precision": 0.8115099463166514,
    "recall": 0.8074921956295525,
    "f1-score": 0.8067020340962165,
    "support": 3844.0
  }
}