{
  "0": {
    "precision": 0.9158180583842498,
    "recall": 0.8845901639344262,
    "f1-score": 0.8999332888592395,
    "support": 1525.0
  },
  "1": {
    "precision": 0.7388888888888889,
    "recall": 0.7031722054380665,
    "f1-score": 0.7205882352941176,
    "support": 1324.0
  },
  "2": {
    "precision": 0.7648261758691206,
    "recall": 0.9077669902912622,
    "f1-score": 0.8301886792452831,
    "support": 412.0
  },
  "3": {
    "precision": 0.7009646302250804,
    "recall": 0.7478559176672385,
    "f1-score": 0.7236514522821577,
    "support": 583.0
  },
  "accuracy": 0.803850156087409,
  "macro avg": {
    "precision": 0.780124438341835,
    "recall": 0.8108463193327484,
    "f1-score": 0.7935904139201995,
    "support": 3844.0
  },
  "weighted avg": {
    "precision": 0.8061087907919274,
    "recall": 0.803850156087409,
    "f1-score": 0.8039499535820256,
    "support": 3844.0
  }
}