{
  "0": {
    "precision": 0.8870229007633588,
    "recall": 0.8979907264296755,
    "f1-score": 0.8924731182795699,
    "support": 647.0
  },
  "1": {
    "precision": 0.6692789968652038,
    "recall": 0.7034596375617792,
    "f1-score": 0.6859437751004016,
    "support": 607.0
  },
  "2": {
    "precision": 0.8026905829596412,
    "recall": 0.8325581395348837,
    "f1-score": 0.817351598173516,
    "support": 215.0
  },
  "3": {
    "precision": 0.7853107344632768,
    "recall": 0.6932668329177057,
    "f1-score": 0.7364238410596027,
    "support": 401.0
  },
  "accuracy": 0.7834224598930482,
  "macro avg": {
    "precision": 0.7860758037628701,
    "recall": 0.781818834111011,
    "f1-score": 0.7830480831532726,
    "support": 1870.0
  },
  "weighted avg": {
    "precision": 0.7848364961214807,
    "recall": 0.7834224598930482,
    "f1-score": 0.78333397480483,
    "support": 1870.0
  }
}