{
  "0": {
    "precision": 0.9089108910891089,
    "recall": 0.9029508196721312,
    "f1-score": 0.905921052631579,
    "support": 1525.0
  },
  "1": {
    "precision": 0.7213578500707214,
    "recall": 0.770392749244713,
    "f1-score": 0.7450693937180424,
    "support": 1324.0
  },
  "2": {
    "precision": 0.8280871670702179,
    "recall": 0.8300970873786407,
    "f1-score": 0.8290909090909091,
    "support": 412.0
  },
  "3": {
    "precision": 0.7629482071713147,
    "recall": 0.6569468267581475,
    "f1-score": 0.7059907834101382,
    "support": 583.0
  },
  "accuracy": 0.8121748178980229,
  "macro avg": {
    "precision": 0.8053260288503408,
    "recall": 0.7900968707634082,
    "f1-score": 0.7965180347126672,
    "support": 3844.0
  },
  "weighted avg": {
    "precision": 0.8135113475593997,
    "recall": 0.8121748178980229,
    "f1-score": 0.8119613849686294,
    "support": 3844.0
  }
}