{
  "0": {
    "precision": 0.918809201623816,
    "recall": 0.8904918032786885,
    "f1-score": 0.9044289044289044,
    "support": 1525.0
  },
  "1": {
    "precision": 0.7208806818181818,
    "recall": 0.7666163141993958,
    "f1-score": 0.7430453879941434,
    "support": 1324.0
  },
  "2": {
    "precision": 0.8013698630136986,
    "recall": 0.8519417475728155,
    "f1-score": 0.8258823529411765,
    "support": 412.0
  },
  "3": {
    "precision": 0.7538461538461538,
    "recall": 0.6723842195540308,
    "f1-score": 0.7107887579329103,
    "support": 583.0
  },
  "accuracy": 0.8106139438085328,
  "macro avg": {
    "precision": 0.7987264750754626,
    "recall": 0.7953585211512326,
    "f1-score": 0.7960363508242836,
    "support": 3844.0
  },
  "weighted avg": {
    "precision": 0.8130298507954067,
    "recall": 0.8106139438085328,
    "f1-score": 0.8110560739451032,
    "support": 3844.0
  }
}