{
  "0": {
    "precision": 0.8863287250384024,
    "recall": 0.8918083462132921,
    "f1-score": 0.889060092449923,
    "support": 647.0
  },
  "1": {
    "precision": 0.6619047619047619,
    "recall": 0.6869851729818781,
    "f1-score": 0.6742118027485853,
    "support": 607.0
  },
  "2": {
    "precision": 0.8018433179723502,
    "recall": 0.8093023255813954,
    "f1-score": 0.8055555555555556,
    "support": 215.0
  },
  "3": {
    "precision": 0.760752688172043,
    "recall": 0.7057356608478803,
    "f1-score": 0.7322121604139715,
    "support": 401.0
  },
  "accuracy": 0.7759358288770053,
  "macro avg": {
    "precision": 0.7777073732718893,
    "recall": 0.7734578764061114,
    "f1-score": 0.7752599027920088,
    "support": 1870.0
  },
  "weighted avg": {
    "precision": 0.7768390464690275,
    "recall": 0.7759358288770053,
    "f1-score": 0.776085542702641,
    "support": 1870.0
  }
}