{
  "0": {
    "precision": 0.8941717791411042,
    "recall": 0.9010819165378671,
    "f1-score": 0.8976135488837568,
    "support": 647.0
  },
  "1": {
    "precision": 0.678343949044586,
    "recall": 0.7018121911037891,
    "f1-score": 0.6898785425101215,
    "support": 607.0
  },
  "2": {
    "precision": 0.8075117370892019,
    "recall": 0.8,
    "f1-score": 0.8037383177570093,
    "support": 215.0
  },
  "3": {
    "precision": 0.76657824933687,
    "recall": 0.7206982543640897,
    "f1-score": 0.7429305912596401,
    "support": 401.0
  },
  "accuracy": 0.786096256684492,
  "macro avg": {
    "precision": 0.7866514286529405,
    "recall": 0.7808980905014365,
    "f1-score": 0.783540250102632,
    "support": 1870.0
  },
  "weighted avg": {
    "precision": 0.7867897431190489,
    "recall": 0.786096256684492,
    "f1-score": 0.7862198646226242,
    "support": 1870.0
  }
}