{
  "0": {
    "precision": 0.7711956521739131,
    "recall": 0.9304918032786885,
    "f1-score": 0.8433878157503715,
    "support": 1525.0
  },
  "1": {
    "precision": 0.7560975609756098,
    "recall": 0.023413897280966767,
    "f1-score": 0.04542124542124542,
    "support": 1324.0
  },
  "2": {
    "precision": 0.5949764521193093,
    "recall": 0.9199029126213593,
    "f1-score": 0.7225929456625357,
    "support": 412.0
  },
  "3": {
    "precision": 0.4132730015082956,
    "recall": 0.9399656946826758,
    "f1-score": 0.574122577265584,
    "support": 583.0
  },
  "accuracy": 0.618366285119667,
  "macro avg": {
    "precision": 0.6338856666942819,
    "recall": 0.7034435769659226,
    "f1-score": 0.5463811460249342,
    "support": 3844.0
  },
  "weighted avg": {
    "precision": 0.6928238809701915,
    "recall": 0.618366285119667,
    "f1-score": 0.5147569989895541,
    "support": 3844.0
  }
}