{
  "0": {
    "precision": 0.9022950819672131,
    "recall": 0.9022950819672131,
    "f1-score": 0.9022950819672131,
    "support": 1525.0
  },
  "1": {
    "precision": 0.724112961622013,
    "recall": 0.7552870090634441,
    "f1-score": 0.7393715341959335,
    "support": 1324.0
  },
  "2": {
    "precision": 0.8051044083526682,
    "recall": 0.8422330097087378,
    "f1-score": 0.8232502965599051,
    "support": 412.0
  },
  "3": {
    "precision": 0.7672583826429981,
    "recall": 0.6672384219554031,
    "f1-score": 0.7137614678899082,
    "support": 583.0
  },
  "accuracy": 0.809573361082206,
  "macro avg": {
    "precision": 0.7996927086462231,
    "recall": 0.7917633806736997,
    "f1-score": 0.7946695951532399,
    "support": 3844.0
  },
  "weighted avg": {
    "precision": 0.8100260703719335,
    "recall": 0.809573361082206,
    "f1-score": 0.8091128952231823,
    "support": 3844.0
  }
}