{
  "0": {
    "precision": 0.8956294846705806,
    "recall": 0.900327868852459,
    "f1-score": 0.8979725310660562,
    "support": 1525.0
  },
  "1": {
    "precision": 0.7130801687763713,
    "recall": 0.7658610271903323,
    "f1-score": 0.7385287691187181,
    "support": 1324.0
  },
  "2": {
    "precision": 0.8070588235294117,
    "recall": 0.8325242718446602,
    "f1-score": 0.8195937873357229,
    "support": 412.0
  },
  "3": {
    "precision": 0.8017241379310345,
    "recall": 0.6380789022298456,
    "f1-score": 0.7106017191977078,
    "support": 583.0
  },
  "accuracy": 0.8069719042663892,
  "macro avg": {
    "precision": 0.8043731537268495,
    "recall": 0.7841980175293243,
    "f1-score": 0.7916742016795512,
    "support": 3844.0
  },
  "weighted avg": {
    "precision": 0.809018344248299,
    "recall": 0.8069719042663892,
    "f1-score": 0.8062366396627211,
    "support": 3844.0
  }
}