{
  "0": {
    "precision": 0.9157846295444086,
    "recall": 0.9090909090909091,
    "f1-score": 0.9124254928931683,
    "support": 2189.0
  },
  "1": {
    "precision": 0.7421025375453133,
    "recall": 0.7792278412180533,
    "f1-score": 0.7602122015915119,
    "support": 1839.0
  },
  "2": {
    "precision": 0.8180112570356473,
    "recall": 0.8433268858800773,
    "f1-score": 0.8304761904761905,
    "support": 517.0
  },
  "3": {
    "precision": 0.7859195402298851,
    "recall": 0.6941624365482234,
    "f1-score": 0.7371967654986523,
    "support": 788.0
  },
  "accuracy": 0.8261766360397524,
  "macro avg": {
    "precision": 0.8154544910888136,
    "recall": 0.8064520181843157,
    "f1-score": 0.8100776626148808,
    "support": 5333.0
  },
  "weighted avg": {
    "precision": 0.8272258650303995,
    "recall": 0.8261766360397524,
    "f1-score": 0.8261010471327704,
    "support": 5333.0
  }
}