{
  "0": {
    "precision": 0.9107732980832782,
    "recall": 0.9036065573770492,
    "f1-score": 0.9071757735352205,
    "support": 1525.0
  },
  "1": {
    "precision": 0.7224199288256228,
    "recall": 0.7666163141993958,
    "f1-score": 0.7438622205936241,
    "support": 1324.0
  },
  "2": {
    "precision": 0.8222748815165877,
    "recall": 0.8422330097087378,
    "f1-score": 0.8321342925659473,
    "support": 412.0
  },
  "3": {
    "precision": 0.7678571428571429,
    "recall": 0.6638078902229846,
    "f1-score": 0.7120515179392825,
    "support": 583.0
  },
  "accuracy": 0.8134755463059313,
  "macro avg": {
    "precision": 0.8058313128206579,
    "recall": 0.7940659428770418,
    "f1-score": 0.7988059511585186,
    "support": 3844.0
  },
  "weighted avg": {
    "precision": 0.8147375730522041,
    "recall": 0.8134755463059313,
    "f1-score": 0.8132887612390588,
    "support": 3844.0
  }
}