{
  "0": {
    "precision": 0.83611442193087,
    "recall": 0.92,
    "f1-score": 0.876053699656572,
    "support": 1525.0
  },
  "1": {
    "precision": 0.7332123411978222,
    "recall": 0.6102719033232629,
    "f1-score": 0.6661170651277823,
    "support": 1324.0
  },
  "2": {
    "precision": 0.718,
    "recall": 0.8713592233009708,
    "f1-score": 0.7872807017543859,
    "support": 412.0
  },
  "3": {
    "precision": 0.7145390070921985,
    "recall": 0.6912521440823327,
    "f1-score": 0.7027027027027027,
    "support": 583.0
  },
  "accuracy": 0.7734131113423517,
  "macro avg": {
    "precision": 0.7504664425552227,
    "recall": 0.7732208176766416,
    "f1-score": 0.7580385423103607,
    "support": 3844.0
  },
  "weighted avg": {
    "precision": 0.7695733283884613,
    "recall": 0.7734131113423517,
    "f1-score": 0.7679386605109102,
    "support": 3844.0
  }
}