{
  "0": {
    "precision": 0.8975155279503105,
    "recall": 0.893353941267388,
    "f1-score": 0.895429899302866,
    "support": 647.0
  },
  "1": {
    "precision": 0.6692307692307692,
    "recall": 0.7166392092257001,
    "f1-score": 0.6921241050119332,
    "support": 607.0
  },
  "2": {
    "precision": 0.8119266055045872,
    "recall": 0.8232558139534883,
    "f1-score": 0.8175519630484989,
    "support": 215.0
  },
  "3": {
    "precision": 0.776536312849162,
    "recall": 0.6932668329177057,
    "f1-score": 0.7325428194993412,
    "support": 401.0
  },
  "accuracy": 0.7850267379679144,
  "macro avg": {
    "precision": 0.7888023038837073,
    "recall": 0.7816289493410705,
    "f1-score": 0.7844121967156598,
    "support": 1870.0
  },
  "weighted avg": {
    "precision": 0.7876315000764321,
    "recall": 0.7850267379679144,
    "f1-score": 0.7855539140459147,
    "support": 1870.0
  }
}