{
  "0": {
    "precision": 0.9081967213114754,
    "recall": 0.9081967213114754,
    "f1-score": 0.9081967213114754,
    "support": 1525.0
  },
  "1": {
    "precision": 0.7276536312849162,
    "recall": 0.7870090634441088,
    "f1-score": 0.7561683599419449,
    "support": 1324.0
  },
  "2": {
    "precision": 0.8542713567839196,
    "recall": 0.8252427184466019,
    "f1-score": 0.8395061728395061,
    "support": 412.0
  },
  "3": {
    "precision": 0.7832310838445807,
    "recall": 0.6569468267581475,
    "f1-score": 0.7145522388059702,
    "support": 583.0
  },
  "accuracy": 0.8194588969823101,
  "macro avg": {
    "precision": 0.818338198306223,
    "recall": 0.7943488324900834,
    "f1-score": 0.8046058732247241,
    "support": 3844.0
  },
  "weighted avg": {
    "precision": 0.8212791177673243,
    "recall": 0.8194588969823101,
    "f1-score": 0.8191018228399823,
    "support": 3844.0
  }
}