{
  "0": {
    "precision": 0.8743523316062176,
    "recall": 0.8852459016393442,
    "f1-score": 0.8797653958944281,
    "support": 1525.0
  },
  "1": {
    "precision": 0.6903914590747331,
    "recall": 0.7326283987915407,
    "f1-score": 0.7108831073653353,
    "support": 1324.0
  },
  "2": {
    "precision": 0.8064516129032258,
    "recall": 0.7888349514563107,
    "f1-score": 0.7975460122699386,
    "support": 412.0
  },
  "3": {
    "precision": 0.7398373983739838,
    "recall": 0.6243567753001715,
    "f1-score": 0.6772093023255814,
    "support": 583.0
  },
  "accuracy": 0.7827783558792925,
  "macro avg": {
    "precision": 0.77775820048954,
    "recall": 0.7577665067968418,
    "f1-score": 0.7663509544638208,
    "support": 3844.0
  },
  "weighted avg": {
    "precision": 0.7833113593347009,
    "recall": 0.7827783558792925,
    "f1-score": 0.7820638509890051,
    "support": 3844.0
  }
}