{
  "0": {
    "precision": 0.9181446111869032,
    "recall": 0.8826229508196721,
    "f1-score": 0.900033433634236,
    "support": 1525.0
  },
  "1": {
    "precision": 0.7358044164037855,
    "recall": 0.7046827794561934,
    "f1-score": 0.7199074074074074,
    "support": 1324.0
  },
  "2": {
    "precision": 0.7670103092783506,
    "recall": 0.9029126213592233,
    "f1-score": 0.8294314381270903,
    "support": 412.0
  },
  "3": {
    "precision": 0.704,
    "recall": 0.7547169811320755,
    "f1-score": 0.7284768211920529,
    "support": 583.0
  },
  "accuracy": 0.8041103017689907,
  "macro avg": {
    "precision": 0.7812398342172597,
    "recall": 0.811233833191791,
    "f1-score": 0.7944622750901966,
    "support": 3844.0
  },
  "weighted avg": {
    "precision": 0.8066638467225078,
    "recall": 0.8041103017689907,
    "f1-score": 0.8044058618530034,
    "support": 3844.0
  }
}