{
  "0": {
    "precision": 0.886676875957121,
    "recall": 0.8948995363214838,
    "f1-score": 0.8907692307692308,
    "support": 647.0
  },
  "1": {
    "precision": 0.6635802469135802,
    "recall": 0.7084019769357496,
    "f1-score": 0.6852589641434262,
    "support": 607.0
  },
  "2": {
    "precision": 0.8106796116504854,
    "recall": 0.7767441860465116,
    "f1-score": 0.7933491686460807,
    "support": 215.0
  },
  "3": {
    "precision": 0.7630853994490359,
    "recall": 0.6907730673316709,
    "f1-score": 0.725130890052356,
    "support": 401.0
  },
  "accuracy": 0.7770053475935829,
  "macro avg": {
    "precision": 0.7810055334925556,
    "recall": 0.7677046916588539,
    "f1-score": 0.7736270634027734,
    "support": 1870.0
  },
  "weighted avg": {
    "precision": 0.7790195242271221,
    "recall": 0.7770053475935829,
    "f1-score": 0.7773408779212054,
    "support": 1870.0
  }
}