{
  "0": {
    "precision": 0.9154460719041279,
    "recall": 0.9016393442622951,
    "f1-score": 0.9084902543772713,
    "support": 1525.0
  },
  "1": {
    "precision": 0.7214484679665738,
    "recall": 0.7824773413897281,
    "f1-score": 0.7507246376811594,
    "support": 1324.0
  },
  "2": {
    "precision": 0.8285024154589372,
    "recall": 0.8325242718446602,
    "f1-score": 0.8305084745762712,
    "support": 412.0
  },
  "3": {
    "precision": 0.7784552845528455,
    "recall": 0.6569468267581475,
    "f1-score": 0.7125581395348837,
    "support": 583.0
  },
  "accuracy": 0.8160770031217481,
  "macro avg": {
    "precision": 0.8109630599706211,
    "recall": 0.7933969460637078,
    "f1-score": 0.8005703765423964,
    "support": 3844.0
  },
  "weighted avg": {
    "precision": 0.818531596593374,
    "recall": 0.8160770031217481,
    "f1-score": 0.8160764685456436,
    "support": 3844.0
  }
}