{
  "0": {
    "precision": 0.8888888888888888,
    "recall": 0.8902627511591963,
    "f1-score": 0.8895752895752895,
    "support": 647.0
  },
  "1": {
    "precision": 0.6745283018867925,
    "recall": 0.7067545304777595,
    "f1-score": 0.6902654867256637,
    "support": 607.0
  },
  "2": {
    "precision": 0.7972972972972973,
    "recall": 0.8232558139534883,
    "f1-score": 0.8100686498855835,
    "support": 215.0
  },
  "3": {
    "precision": 0.7802197802197802,
    "recall": 0.7082294264339152,
    "f1-score": 0.742483660130719,
    "support": 401.0
  },
  "accuracy": 0.7839572192513369,
  "macro avg": {
    "precision": 0.7852335670731897,
    "recall": 0.7821256305060897,
    "f1-score": 0.7830982715793139,
    "support": 1870.0
  },
  "weighted avg": {
    "precision": 0.7854742466007727,
    "recall": 0.7839572192513369,
    "f1-score": 0.7841962942435876,
    "support": 1870.0
  }
}