{
  "0": {
    "precision": 0.9047619047619048,
    "recall": 0.9095081967213114,
    "f1-score": 0.907128842380641,
    "support": 1525.0
  },
  "1": {
    "precision": 0.711864406779661,
    "recall": 0.7930513595166163,
    "f1-score": 0.7502679528403001,
    "support": 1324.0
  },
  "2": {
    "precision": 0.8411458333333334,
    "recall": 0.7839805825242718,
    "f1-score": 0.8115577889447236,
    "support": 412.0
  },
  "3": {
    "precision": 0.8030973451327433,
    "recall": 0.6226415094339622,
    "f1-score": 0.7014492753623188,
    "support": 583.0
  },
  "accuracy": 0.8124349635796045,
  "macro avg": {
    "precision": 0.8152173725019106,
    "recall": 0.7772954120490405,
    "f1-score": 0.7926009648819958,
    "support": 3844.0
  },
  "weighted avg": {
    "precision": 0.8160843431019508,
    "recall": 0.8124349635796045,
    "f1-score": 0.8116631089418556,
    "support": 3844.0
  }
}