{
  "0": {
    "precision": 0.9102902374670184,
    "recall": 0.9049180327868852,
    "f1-score": 0.9075961854653075,
    "support": 1525.0
  },
  "1": {
    "precision": 0.7297297297297297,
    "recall": 0.7749244712990937,
    "f1-score": 0.7516483516483516,
    "support": 1324.0
  },
  "2": {
    "precision": 0.8199052132701422,
    "recall": 0.8398058252427184,
    "f1-score": 0.829736211031175,
    "support": 412.0
  },
  "3": {
    "precision": 0.786,
    "recall": 0.6740994854202401,
    "f1-score": 0.7257617728531855,
    "support": 583.0
  },
  "accuracy": 0.8181581685744017,
  "macro avg": {
    "precision": 0.8114812951167226,
    "recall": 0.7984369536872343,
    "f1-score": 0.8036856302495048,
    "support": 3844.0
  },
  "weighted avg": {
    "precision": 0.8195613221037106,
    "recall": 0.8181581685744017,
    "f1-score": 0.8179596859873212,
    "support": 3844.0
  }
}