{
  "0": {
    "precision": 0.8902627511591963,
    "recall": 0.8902627511591963,
    "f1-score": 0.8902627511591963,
    "support": 647.0
  },
  "1": {
    "precision": 0.6666666666666666,
    "recall": 0.6952224052718287,
    "f1-score": 0.6806451612903226,
    "support": 607.0
  },
  "2": {
    "precision": 0.7991071428571429,
    "recall": 0.8325581395348837,
    "f1-score": 0.8154897494305239,
    "support": 215.0
  },
  "3": {
    "precision": 0.7650273224043715,
    "recall": 0.6982543640897756,
    "f1-score": 0.7301173402868318,
    "support": 401.0
  },
  "accuracy": 0.779144385026738,
  "macro avg": {
    "precision": 0.7802659707718443,
    "recall": 0.779074415013921,
    "f1-score": 0.7791287505417187,
    "support": 1870.0
  },
  "weighted avg": {
    "precision": 0.7803479458102167,
    "recall": 0.779144385026738,
    "f1-score": 0.7792828676394695,
    "support": 1870.0
  }
}