{
  "0": {
    "precision": 0.9040105193951348,
    "recall": 0.9016393442622951,
    "f1-score": 0.9028233749179252,
    "support": 1525.0
  },
  "1": {
    "precision": 0.7237960339943342,
    "recall": 0.7719033232628398,
    "f1-score": 0.7470760233918129,
    "support": 1324.0
  },
  "2": {
    "precision": 0.8093023255813954,
    "recall": 0.8446601941747572,
    "f1-score": 0.8266033254156769,
    "support": 412.0
  },
  "3": {
    "precision": 0.7962577962577962,
    "recall": 0.6569468267581475,
    "f1-score": 0.7199248120300752,
    "support": 583.0
  },
  "accuracy": 0.813735691987513,
  "macro avg": {
    "precision": 0.8083416688071652,
    "recall": 0.79378742211451,
    "f1-score": 0.7991068839388726,
    "support": 3844.0
  },
  "weighted avg": {
    "precision": 0.8154455890853041,
    "recall": 0.813735691987513,
    "f1-score": 0.8132703010419846,
    "support": 3844.0
  }
}