{
  "0": {
    "precision": 0.9149816176470589,
    "recall": 0.9095477386934674,
    "f1-score": 0.9122565864833906,
    "support": 2189.0
  },
  "1": {
    "precision": 0.737301180092355,
    "recall": 0.7814029363784666,
    "f1-score": 0.7587117212249208,
    "support": 1839.0
  },
  "2": {
    "precision": 0.820952380952381,
    "recall": 0.8336557059961315,
    "f1-score": 0.8272552783109405,
    "support": 517.0
  },
  "3": {
    "precision": 0.787701317715959,
    "recall": 0.682741116751269,
    "f1-score": 0.7314751869476547,
    "support": 788.0
  },
  "accuracy": 0.8244890305644103,
  "macro avg": {
    "precision": 0.8152341241019385,
    "recall": 0.8018368744548336,
    "f1-score": 0.8074246932417267,
    "support": 5333.0
  },
  "weighted avg": {
    "precision": 0.8257889837862009,
    "recall": 0.8244890305644103,
    "f1-score": 0.8243566377922893,
    "support": 5333.0
  }
}