{
  "0": {
    "precision": 0.9075409836065573,
    "recall": 0.9075409836065573,
    "f1-score": 0.9075409836065573,
    "support": 1525.0
  },
  "1": {
    "precision": 0.7272074659009332,
    "recall": 0.7651057401812689,
    "f1-score": 0.7456753772543246,
    "support": 1324.0
  },
  "2": {
    "precision": 0.8160377358490566,
    "recall": 0.8398058252427184,
    "f1-score": 0.8277511961722488,
    "support": 412.0
  },
  "3": {
    "precision": 0.7749003984063745,
    "recall": 0.6672384219554031,
    "f1-score": 0.7170506912442396,
    "support": 583.0
  },
  "accuracy": 0.8147762747138397,
  "macro avg": {
    "precision": 0.8064216459407303,
    "recall": 0.7949227427464869,
    "f1-score": 0.7995045620693426,
    "support": 3844.0
  },
  "weighted avg": {
    "precision": 0.8155039449254847,
    "recall": 0.8147762747138397,
    "f1-score": 0.8143465778624047,
    "support": 3844.0
  }
}