{
  "0": {
    "precision": 0.9033311561071196,
    "recall": 0.9068852459016393,
    "f1-score": 0.9051047120418848,
    "support": 1525.0
  },
  "1": {
    "precision": 0.7163561076604554,
    "recall": 0.783987915407855,
    "f1-score": 0.7486476739992788,
    "support": 1324.0
  },
  "2": {
    "precision": 0.8488664987405542,
    "recall": 0.8179611650485437,
    "f1-score": 0.8331273176761433,
    "support": 412.0
  },
  "3": {
    "precision": 0.7880085653104925,
    "recall": 0.6312178387650086,
    "f1-score": 0.700952380952381,
    "support": 583.0
  },
  "accuracy": 0.8132154006243496,
  "macro avg": {
    "precision": 0.8141405819546554,
    "recall": 0.7850130412807615,
    "f1-score": 0.7969580211674219,
    "support": 3844.0
  },
  "weighted avg": {
    "precision": 0.815602885188066,
    "recall": 0.8132154006243496,
    "f1-score": 0.8125384753425412,
    "support": 3844.0
  }
}