{
  "0": {
    "precision": 0.908316961362148,
    "recall": 0.9095081967213114,
    "f1-score": 0.9089121887287025,
    "support": 1525.0
  },
  "1": {
    "precision": 0.7360809833694866,
    "recall": 0.7688821752265861,
    "f1-score": 0.7521241226449945,
    "support": 1324.0
  },
  "2": {
    "precision": 0.8349282296650717,
    "recall": 0.8470873786407767,
    "f1-score": 0.8409638554216867,
    "support": 412.0
  },
  "3": {
    "precision": 0.7674418604651163,
    "recall": 0.6792452830188679,
    "f1-score": 0.7206551410373067,
    "support": 583.0
  },
  "accuracy": 0.8194588969823101,
  "macro avg": {
    "precision": 0.8116920087154557,
    "recall": 0.8011807584018855,
    "f1-score": 0.8056638269581725,
    "support": 3844.0
  },
  "weighted avg": {
    "precision": 0.8197616085670261,
    "recall": 0.8194588969823101,
    "f1-score": 0.8190745270165787,
    "support": 3844.0
  }
}