{
  "0": {
    "precision": 0.8854961832061069,
    "recall": 0.8964451313755796,
    "f1-score": 0.890937019969278,
    "support": 647.0
  },
  "1": {
    "precision": 0.6677115987460815,
    "recall": 0.7018121911037891,
    "f1-score": 0.6843373493975904,
    "support": 607.0
  },
  "2": {
    "precision": 0.8153153153153153,
    "recall": 0.8418604651162791,
    "f1-score": 0.8283752860411899,
    "support": 215.0
  },
  "3": {
    "precision": 0.7774647887323943,
    "recall": 0.6882793017456359,
    "f1-score": 0.7301587301587301,
    "support": 401.0
  },
  "accuracy": 0.7823529411764706,
  "macro avg": {
    "precision": 0.7864969714999744,
    "recall": 0.7820992723353211,
    "f1-score": 0.7834520963916971,
    "support": 1870.0
  },
  "weighted avg": {
    "precision": 0.7835685262287196,
    "recall": 0.7823529411764706,
    "f1-score": 0.7822050055063995,
    "support": 1870.0
  }
}