{
  "0": {
    "precision": 0.876117496807152,
    "recall": 0.899672131147541,
    "f1-score": 0.8877385959236493,
    "support": 1525.0
  },
  "1": {
    "precision": 0.7545638945233266,
    "recall": 0.5619335347432024,
    "f1-score": 0.6441558441558441,
    "support": 1324.0
  },
  "2": {
    "precision": 0.6875,
    "recall": 0.9344660194174758,
    "f1-score": 0.7921810699588477,
    "support": 412.0
  },
  "3": {
    "precision": 0.639344262295082,
    "recall": 0.8027444253859348,
    "f1-score": 0.711787072243346,
    "support": 583.0
  },
  "accuracy": 0.772372528616025,
  "macro avg": {
    "precision": 0.7393814134063902,
    "recall": 0.7997040276735385,
    "f1-score": 0.7589656455704219,
    "support": 3844.0
  },
  "weighted avg": {
    "precision": 0.7781242153740436,
    "recall": 0.772372528616025,
    "f1-score": 0.7669131530662902,
    "support": 3844.0
  }
}