{
  "0": {
    "precision": 0.9,
    "recall": 0.9029508196721312,
    "f1-score": 0.9014729950900163,
    "support": 1525.0
  },
  "1": {
    "precision": 0.7190684133915575,
    "recall": 0.7462235649546828,
    "f1-score": 0.7323943661971831,
    "support": 1324.0
  },
  "2": {
    "precision": 0.8253588516746412,
    "recall": 0.837378640776699,
    "f1-score": 0.8313253012048193,
    "support": 412.0
  },
  "3": {
    "precision": 0.7394636015325671,
    "recall": 0.6620926243567753,
    "f1-score": 0.6986425339366515,
    "support": 583.0
  },
  "accuracy": 0.8054110301768991,
  "macro avg": {
    "precision": 0.7959727166496914,
    "recall": 0.7871614124400721,
    "f1-score": 0.7909587991071676,
    "support": 3844.0
  },
  "weighted avg": {
    "precision": 0.8053334302585485,
    "recall": 0.8054110301768991,
    "f1-score": 0.8049560561235168,
    "support": 3844.0
  }
}