{
  "0": {
    "precision": 0.9070533948582729,
    "recall": 0.9022950819672131,
    "f1-score": 0.9046679815910585,
    "support": 1525.0
  },
  "1": {
    "precision": 0.7215547703180212,
    "recall": 0.7711480362537765,
    "f1-score": 0.7455275648046732,
    "support": 1324.0
  },
  "2": {
    "precision": 0.817966903073286,
    "recall": 0.8398058252427184,
    "f1-score": 0.8287425149700599,
    "support": 412.0
  },
  "3": {
    "precision": 0.7832310838445807,
    "recall": 0.6569468267581475,
    "f1-score": 0.7145522388059702,
    "support": 583.0
  },
  "accuracy": 0.8132154006243496,
  "macro avg": {
    "precision": 0.8074515380235402,
    "recall": 0.7925489425554639,
    "f1-score": 0.7983725750429405,
    "support": 3844.0
  },
  "weighted avg": {
    "precision": 0.814833774455648,
    "recall": 0.8132154006243496,
    "f1-score": 0.812883204765686,
    "support": 3844.0
  }
}