{
  "0": {
    "precision": 0.9511645379413974,
    "recall": 0.8301639344262295,
    "f1-score": 0.8865546218487395,
    "support": 1525.0
  },
  "1": {
    "precision": 0.6911475409836065,
    "recall": 0.7960725075528701,
    "f1-score": 0.73990873990874,
    "support": 1324.0
  },
  "2": {
    "precision": 0.7733050847457628,
    "recall": 0.8859223300970874,
    "f1-score": 0.8257918552036199,
    "support": 412.0
  },
  "3": {
    "precision": 0.75,
    "recall": 0.6638078902229846,
    "f1-score": 0.7042766151046406,
    "support": 583.0
  },
  "accuracy": 0.7991675338189386,
  "macro avg": {
    "precision": 0.7914042909176917,
    "recall": 0.7939916655747928,
    "f1-score": 0.7891329580164349,
    "support": 3844.0
  },
  "weighted avg": {
    "precision": 0.8120335482669565,
    "recall": 0.7991675338189386,
    "f1-score": 0.8018872218804359,
    "support": 3844.0
  }
}