{
  "0": {
    "precision": 0.8079019073569482,
    "recall": 0.9165378670788253,
    "f1-score": 0.8587979724837075,
    "support": 647.0
  },
  "1": {
    "precision": 0.5595092024539877,
    "recall": 0.7512355848434926,
    "f1-score": 0.6413502109704642,
    "support": 607.0
  },
  "2": {
    "precision": 0.9615384615384616,
    "recall": 0.11627906976744186,
    "f1-score": 0.2074688796680498,
    "support": 215.0
  },
  "3": {
    "precision": 0.8135593220338984,
    "recall": 0.5985037406483791,
    "f1-score": 0.6896551724137931,
    "support": 401.0
  },
  "accuracy": 0.7026737967914438,
  "macro avg": {
    "precision": 0.785627223345824,
    "recall": 0.5956390655845347,
    "f1-score": 0.5993180588840037,
    "support": 1870.0
  },
  "weighted avg": {
    "precision": 0.746151164340042,
    "recall": 0.7026737967914438,
    "f1-score": 0.6770585024184985,
    "support": 1870.0
  }
}