{
  "0": {
    "precision": 0.9095112285336856,
    "recall": 0.9029508196721312,
    "f1-score": 0.9062191510365252,
    "support": 1525.0
  },
  "1": {
    "precision": 0.7271428571428571,
    "recall": 0.7688821752265861,
    "f1-score": 0.7474302496328928,
    "support": 1324.0
  },
  "2": {
    "precision": 0.8211764705882353,
    "recall": 0.8470873786407767,
    "f1-score": 0.8339307048984468,
    "support": 412.0
  },
  "3": {
    "precision": 0.7782178217821782,
    "recall": 0.6740994854202401,
    "f1-score": 0.7224264705882353,
    "support": 583.0
  },
  "accuracy": 0.8160770031217481,
  "macro avg": {
    "precision": 0.8090120945117392,
    "recall": 0.7982549647399335,
    "f1-score": 0.8025016440390251,
    "support": 3844.0
  },
  "weighted avg": {
    "precision": 0.8173172378648221,
    "recall": 0.8160770031217481,
    "f1-score": 0.8159042504203309,
    "support": 3844.0
  }
}