{
  "0": {
    "precision": 0.9088507265521797,
    "recall": 0.9022950819672131,
    "f1-score": 0.9055610398157289,
    "support": 1525.0
  },
  "1": {
    "precision": 0.7227653631284916,
    "recall": 0.7817220543806647,
    "f1-score": 0.7510885341074021,
    "support": 1324.0
  },
  "2": {
    "precision": 0.8218527315914489,
    "recall": 0.8398058252427184,
    "f1-score": 0.8307322929171669,
    "support": 412.0
  },
  "3": {
    "precision": 0.7987421383647799,
    "recall": 0.6535162950257289,
    "f1-score": 0.7188679245283018,
    "support": 583.0
  },
  "accuracy": 0.8163371488033299,
  "macro avg": {
    "precision": 0.813052739909225,
    "recall": 0.7943348141540812,
    "f1-score": 0.8015624478421499,
    "support": 3844.0
  },
  "weighted avg": {
    "precision": 0.8187327499626795,
    "recall": 0.8163371488033299,
    "f1-score": 0.8160206840684338,
    "support": 3844.0
  }
}