{
  "0": {
    "precision": 0.9077125906394199,
    "recall": 0.9029508196721312,
    "f1-score": 0.9053254437869822,
    "support": 1525.0
  },
  "1": {
    "precision": 0.7270135424091233,
    "recall": 0.770392749244713,
    "f1-score": 0.7480748074807481,
    "support": 1324.0
  },
  "2": {
    "precision": 0.8333333333333334,
    "recall": 0.8252427184466019,
    "f1-score": 0.8292682926829268,
    "support": 412.0
  },
  "3": {
    "precision": 0.7693798449612403,
    "recall": 0.6809605488850772,
    "f1-score": 0.7224749772520473,
    "support": 583.0
  },
  "accuracy": 0.8152965660770031,
  "macro avg": {
    "precision": 0.8093598278357792,
    "recall": 0.7948867090621309,
    "f1-score": 0.801285880300676,
    "support": 3844.0
  },
  "weighted avg": {
    "precision": 0.8165216997451954,
    "recall": 0.8152965660770031,
    "f1-score": 0.8152793431849551,
    "support": 3844.0
  }
}