{
  "0": {
    "precision": 0.916206261510129,
    "recall": 0.9090909090909091,
    "f1-score": 0.9126347168080715,
    "support": 2189.0
  },
  "1": {
    "precision": 0.7370313302516692,
    "recall": 0.7803153887982599,
    "f1-score": 0.7580559957739038,
    "support": 1839.0
  },
  "2": {
    "precision": 0.8253358925143954,
    "recall": 0.8317214700193424,
    "f1-score": 0.8285163776493256,
    "support": 517.0
  },
  "3": {
    "precision": 0.7835497835497836,
    "recall": 0.6890862944162437,
    "f1-score": 0.7332883187035787,
    "support": 788.0
  },
  "accuracy": 0.8246765422838928,
  "macro avg": {
    "precision": 0.8155308169564942,
    "recall": 0.8025535155811887,
    "f1-score": 0.8081238522337199,
    "support": 5333.0
  },
  "weighted avg": {
    "precision": 0.8260101272540153,
    "recall": 0.8246765422838928,
    "f1-score": 0.8246758923128069,
    "support": 5333.0
  }
}