{
  "0": {
    "precision": 0.913642627468994,
    "recall": 0.9086340794883508,
    "f1-score": 0.9111314704535044,
    "support": 2189.0
  },
  "1": {
    "precision": 0.7412551440329218,
    "recall": 0.7835780315388798,
    "f1-score": 0.7618292360560401,
    "support": 1839.0
  },
  "2": {
    "precision": 0.8260869565217391,
    "recall": 0.8452611218568665,
    "f1-score": 0.8355640535372849,
    "support": 517.0
  },
  "3": {
    "precision": 0.7935578330893118,
    "recall": 0.6878172588832487,
    "f1-score": 0.7369136641740313,
    "support": 788.0
  },
  "accuracy": 0.8267391711981998,
  "macro avg": {
    "precision": 0.8186356402782418,
    "recall": 0.8063226229418365,
    "f1-score": 0.8113596060552152,
    "support": 5333.0
  },
  "weighted avg": {
    "precision": 0.8279659573227618,
    "recall": 0.8267391711981998,
    "f1-score": 0.8265789118653089,
    "support": 5333.0
  }
}