{
  "0": {
    "precision": 0.9137931034482759,
    "recall": 0.9036065573770492,
    "f1-score": 0.9086712825585229,
    "support": 1525.0
  },
  "1": {
    "precision": 0.726628895184136,
    "recall": 0.7749244712990937,
    "f1-score": 0.75,
    "support": 1324.0
  },
  "2": {
    "precision": 0.8345498783454988,
    "recall": 0.8325242718446602,
    "f1-score": 0.8335358444714459,
    "support": 412.0
  },
  "3": {
    "precision": 0.7641325536062378,
    "recall": 0.6723842195540308,
    "f1-score": 0.7153284671532847,
    "support": 583.0
  },
  "accuracy": 0.8165972944849116,
  "macro avg": {
    "precision": 0.8097761076460371,
    "recall": 0.7958598800187084,
    "f1-score": 0.8018838985458134,
    "support": 3844.0
  },
  "weighted avg": {
    "precision": 0.8181360480263266,
    "recall": 0.8165972944849116,
    "f1-score": 0.8166433325115369,
    "support": 3844.0
  }
}