{
  "0": {
    "precision": 0.889751552795031,
    "recall": 0.8856259659969088,
    "f1-score": 0.8876839659178931,
    "support": 647.0
  },
  "1": {
    "precision": 0.6666666666666666,
    "recall": 0.7051070840197694,
    "f1-score": 0.6853482786228983,
    "support": 607.0
  },
  "2": {
    "precision": 0.8066037735849056,
    "recall": 0.7953488372093023,
    "f1-score": 0.8009367681498829,
    "support": 215.0
  },
  "3": {
    "precision": 0.7688172043010753,
    "recall": 0.713216957605985,
    "f1-score": 0.7399741267787839,
    "support": 401.0
  },
  "accuracy": 0.7796791443850267,
  "macro avg": {
    "precision": 0.7829597993369195,
    "recall": 0.7748247112079913,
    "f1-score": 0.7784857848673645,
    "support": 1870.0
  },
  "weighted avg": {
    "precision": 0.7818456853318382,
    "recall": 0.7796791443850267,
    "f1-score": 0.7803577331890339,
    "support": 1870.0
  }
}