{
  "0": {
    "precision": 0.9052352551358516,
    "recall": 0.8957377049180328,
    "f1-score": 0.9004614370468029,
    "support": 1525.0
  },
  "1": {
    "precision": 0.7060027285129604,
    "recall": 0.7817220543806647,
    "f1-score": 0.7419354838709677,
    "support": 1324.0
  },
  "2": {
    "precision": 0.8223844282238443,
    "recall": 0.8203883495145631,
    "f1-score": 0.8213851761846902,
    "support": 412.0
  },
  "3": {
    "precision": 0.8013100436681223,
    "recall": 0.6295025728987993,
    "f1-score": 0.7050912584053795,
    "support": 583.0
  },
  "accuracy": 0.8080124869927159,
  "macro avg": {
    "precision": 0.8087331138851946,
    "recall": 0.781837670428015,
    "f1-score": 0.7922183388769601,
    "support": 3844.0
  },
  "weighted avg": {
    "precision": 0.8119712581998108,
    "recall": 0.8080124869927159,
    "f1-score": 0.8077536858428627,
    "support": 3844.0
  }
}