{
  "0": {
    "precision": 0.9108455882352942,
    "recall": 0.9054362722704431,
    "f1-score": 0.9081328751431844,
    "support": 2189.0
  },
  "1": {
    "precision": 0.7321981424148607,
    "recall": 0.7716150081566069,
    "f1-score": 0.7513899920571883,
    "support": 1839.0
  },
  "2": {
    "precision": 0.8208092485549133,
    "recall": 0.8239845261121856,
    "f1-score": 0.8223938223938224,
    "support": 517.0
  },
  "3": {
    "precision": 0.7785714285714286,
    "recall": 0.6916243654822335,
    "f1-score": 0.7325268817204301,
    "support": 788.0
  },
  "accuracy": 0.8198012375773486,
  "macro avg": {
    "precision": 0.8106061019441242,
    "recall": 0.7981650430053673,
    "f1-score": 0.8036108928286563,
    "support": 5333.0
  },
  "weighted avg": {
    "precision": 0.8209686937493276,
    "recall": 0.8198012375773486,
    "f1-score": 0.8198233354687615,
    "support": 5333.0
  }
}