{
  "0": {
    "precision": 0.8845401174168297,
    "recall": 0.8891803278688525,
    "f1-score": 0.8868541530412034,
    "support": 1525.0
  },
  "1": {
    "precision": 0.7413308341143393,
    "recall": 0.5974320241691843,
    "f1-score": 0.6616478460895023,
    "support": 1324.0
  },
  "2": {
    "precision": 0.7007299270072993,
    "recall": 0.9320388349514563,
    "f1-score": 0.8,
    "support": 412.0
  },
  "3": {
    "precision": 0.6551724137931034,
    "recall": 0.7821612349914236,
    "f1-score": 0.7130570758405004,
    "support": 583.0
  },
  "accuracy": 0.7770551508844953,
  "macro avg": {
    "precision": 0.745443323082893,
    "recall": 0.8002031054952291,
    "f1-score": 0.7653897687428015,
    "support": 3844.0
  },
  "weighted avg": {
    "precision": 0.7807263138908526,
    "recall": 0.7770551508844953,
    "f1-score": 0.7736177437110686,
    "support": 3844.0
  }
}