{
  "0": {
    "precision": 0.865792759051186,
    "recall": 0.9095081967213114,
    "f1-score": 0.8871122481611768,
    "support": 1525.0
  },
  "1": {
    "precision": 0.7711496746203904,
    "recall": 0.5370090634441088,
    "f1-score": 0.6331255565449688,
    "support": 1324.0
  },
  "2": {
    "precision": 0.6860670194003528,
    "recall": 0.9441747572815534,
    "f1-score": 0.7946884576098059,
    "support": 412.0
  },
  "3": {
    "precision": 0.6308100929614874,
    "recall": 0.8147512864493996,
    "f1-score": 0.7110778443113772,
    "support": 583.0
  },
  "accuracy": 0.7705515088449532,
  "macro avg": {
    "precision": 0.7384548865083541,
    "recall": 0.8013608259740933,
    "f1-score": 0.7565010266568322,
    "support": 3844.0
  },
  "weighted avg": {
    "precision": 0.7782929300051894,
    "recall": 0.7705515088449532,
    "f1-score": 0.7630266501248976,
    "support": 3844.0
  }
}