{
  "0": {
    "precision": 0.9102902374670184,
    "recall": 0.9049180327868852,
    "f1-score": 0.9075961854653075,
    "support": 1525.0
  },
  "1": {
    "precision": 0.7240649258997883,
    "recall": 0.7749244712990937,
    "f1-score": 0.7486318861729296,
    "support": 1324.0
  },
  "2": {
    "precision": 0.8269230769230769,
    "recall": 0.8349514563106796,
    "f1-score": 0.8309178743961353,
    "support": 412.0
  },
  "3": {
    "precision": 0.7797979797979798,
    "recall": 0.6620926243567753,
    "f1-score": 0.7161410018552876,
    "support": 583.0
  },
  "accuracy": 0.8158168574401665,
  "macro avg": {
    "precision": 0.8102690550219659,
    "recall": 0.7942216461883584,
    "f1-score": 0.8008217369724151,
    "support": 3844.0
  },
  "weighted avg": {
    "precision": 0.8174217231901801,
    "recall": 0.8158168574401665,
    "f1-score": 0.8155882332102999,
    "support": 3844.0
  }
}