{
  "0": {
    "precision": 0.8809160305343512,
    "recall": 0.8918083462132921,
    "f1-score": 0.8863287250384024,
    "support": 647.0
  },
  "1": {
    "precision": 0.6729857819905213,
    "recall": 0.7018121911037891,
    "f1-score": 0.6870967741935484,
    "support": 607.0
  },
  "2": {
    "precision": 0.8018433179723502,
    "recall": 0.8093023255813954,
    "f1-score": 0.8055555555555556,
    "support": 215.0
  },
  "3": {
    "precision": 0.7780821917808219,
    "recall": 0.7082294264339152,
    "f1-score": 0.741514360313316,
    "support": 401.0
  },
  "accuracy": 0.781283422459893,
  "macro avg": {
    "precision": 0.7834568305695111,
    "recall": 0.7777880723330979,
    "f1-score": 0.7801238537752057,
    "support": 1870.0
  },
  "weighted avg": {
    "precision": 0.7822793121348324,
    "recall": 0.781283422459893,
    "f1-score": 0.7813177165590452,
    "support": 1870.0
  }
}