{
  "0": {
    "precision": 0.898427260812582,
    "recall": 0.899016393442623,
    "f1-score": 0.8987217305801377,
    "support": 1525.0
  },
  "1": {
    "precision": 0.7159971811134602,
    "recall": 0.7673716012084593,
    "f1-score": 0.7407947502734232,
    "support": 1324.0
  },
  "2": {
    "precision": 0.8225419664268585,
    "recall": 0.8325242718446602,
    "f1-score": 0.827503015681544,
    "support": 412.0
  },
  "3": {
    "precision": 0.7863070539419087,
    "recall": 0.6500857632933105,
    "f1-score": 0.711737089201878,
    "support": 583.0
  },
  "accuracy": 0.808792924037461,
  "macro avg": {
    "precision": 0.8058183655737023,
    "recall": 0.7872495074472633,
    "f1-score": 0.7946891464342458,
    "support": 3844.0
  },
  "weighted avg": {
    "precision": 0.8104542515997418,
    "recall": 0.808792924037461,
    "f1-score": 0.808334249209733,
    "support": 3844.0
  }
}