{
  "0": {
    "precision": 0.8778625954198473,
    "recall": 0.8887171561051005,
    "f1-score": 0.8832565284178188,
    "support": 647.0
  },
  "1": {
    "precision": 0.6656050955414012,
    "recall": 0.6886326194398682,
    "f1-score": 0.676923076923077,
    "support": 607.0
  },
  "2": {
    "precision": 0.7913043478260869,
    "recall": 0.8465116279069768,
    "f1-score": 0.8179775280898877,
    "support": 215.0
  },
  "3": {
    "precision": 0.7815126050420168,
    "recall": 0.6957605985037406,
    "f1-score": 0.7361477572559367,
    "support": 401.0
  },
  "accuracy": 0.7775401069518717,
  "macro avg": {
    "precision": 0.7790711609573381,
    "recall": 0.7799055004889215,
    "f1-score": 0.7785762226716801,
    "support": 1870.0
  },
  "weighted avg": {
    "precision": 0.7783510062217803,
    "recall": 0.7775401069518717,
    "f1-score": 0.7772297865120817,
    "support": 1870.0
  }
}