{
  "0": {
    "precision": 0.915129151291513,
    "recall": 0.9063499314755596,
    "f1-score": 0.9107183842093184,
    "support": 2189.0
  },
  "1": {
    "precision": 0.737301180092355,
    "recall": 0.7814029363784666,
    "f1-score": 0.7587117212249208,
    "support": 1839.0
  },
  "2": {
    "precision": 0.8269230769230769,
    "recall": 0.8317214700193424,
    "f1-score": 0.8293153326904532,
    "support": 517.0
  },
  "3": {
    "precision": 0.7873563218390804,
    "recall": 0.6954314720812182,
    "f1-score": 0.738544474393531,
    "support": 788.0
  },
  "accuracy": 0.8248640540033753,
  "macro avg": {
    "precision": 0.8166774325365063,
    "recall": 0.8037264524886467,
    "f1-score": 0.8093224781295558,
    "support": 5333.0
  },
  "weighted avg": {
    "precision": 0.8263773851013293,
    "recall": 0.8248640540033753,
    "f1-score": 0.8249695239433517,
    "support": 5333.0
  }
}