{
  "0": {
    "precision": 0.9113756613756614,
    "recall": 0.9036065573770492,
    "f1-score": 0.9074744813961146,
    "support": 1525.0
  },
  "1": {
    "precision": 0.7309322033898306,
    "recall": 0.7817220543806647,
    "f1-score": 0.7554744525547445,
    "support": 1324.0
  },
  "2": {
    "precision": 0.8341346153846154,
    "recall": 0.8422330097087378,
    "f1-score": 0.8381642512077294,
    "support": 412.0
  },
  "3": {
    "precision": 0.786,
    "recall": 0.6740994854202401,
    "f1-score": 0.7257617728531855,
    "support": 583.0
  },
  "accuracy": 0.8202393340270552,
  "macro avg": {
    "precision": 0.8156106200375268,
    "recall": 0.800415276721673,
    "f1-score": 0.8067187395029436,
    "support": 3844.0
  },
  "weighted avg": {
    "precision": 0.8219312129095944,
    "recall": 0.8202393340270552,
    "f1-score": 0.8201325557706942,
    "support": 3844.0
  }
}