{
  "0": {
    "precision": 0.7298282144716294,
    "recall": 0.9193442622950819,
    "f1-score": 0.8136970400464306,
    "support": 1525.0
  },
  "1": {
    "precision": 0.6231155778894473,
    "recall": 0.8429003021148036,
    "f1-score": 0.7165329052969502,
    "support": 1324.0
  },
  "2": {
    "precision": 0.0,
    "recall": 0.0,
    "f1-score": 0.0,
    "support": 412.0
  },
  "3": {
    "precision": 0.9621212121212122,
    "recall": 0.21783876500857632,
    "f1-score": 0.35524475524475524,
    "support": 583.0
  },
  "accuracy": 0.6880853277835588,
  "macro avg": {
    "precision": 0.5787662511205722,
    "recall": 0.4950208323546154,
    "f1-score": 0.471368675147034,
    "support": 3844.0
  },
  "weighted avg": {
    "precision": 0.6500805720243313,
    "recall": 0.6880853277835588,
    "f1-score": 0.6234873165951251,
    "support": 3844.0
  }
}