{
  "0": {
    "precision": 0.9107551487414187,
    "recall": 0.9090909090909091,
    "f1-score": 0.9099222679469593,
    "support": 2189.0
  },
  "1": {
    "precision": 0.7401129943502824,
    "recall": 0.7835780315388798,
    "f1-score": 0.7612255678816693,
    "support": 1839.0
  },
  "2": {
    "precision": 0.8171641791044776,
    "recall": 0.8471953578336557,
    "f1-score": 0.8319088319088319,
    "support": 517.0
  },
  "3": {
    "precision": 0.8015037593984963,
    "recall": 0.6763959390862944,
    "f1-score": 0.7336545079146594,
    "support": 788.0
  },
  "accuracy": 0.8254265891618227,
  "macro avg": {
    "precision": 0.8173840203986688,
    "recall": 0.8040650593874348,
    "f1-score": 0.8091777939130299,
    "support": 5333.0
  },
  "weighted avg": {
    "precision": 0.8266959797877677,
    "recall": 0.8254265891618227,
    "f1-score": 0.8250384928190326,
    "support": 5333.0
  }
}