{
  "0": {
    "precision": 0.8614045991298943,
    "recall": 0.9088524590163934,
    "f1-score": 0.8844926611359285,
    "support": 1525.0
  },
  "1": {
    "precision": 0.7662790697674419,
    "recall": 0.49773413897280966,
    "f1-score": 0.6034798534798534,
    "support": 1324.0
  },
  "2": {
    "precision": 0.6592465753424658,
    "recall": 0.9344660194174758,
    "f1-score": 0.7730923694779116,
    "support": 412.0
  },
  "3": {
    "precision": 0.6042983565107459,
    "recall": 0.8198970840480274,
    "f1-score": 0.6957787481804949,
    "support": 583.0
  },
  "accuracy": 0.7565036420395421,
  "macro avg": {
    "precision": 0.722807150187637,
    "recall": 0.7902374253636766,
    "f1-score": 0.7392109080685472,
    "support": 3844.0
  },
  "weighted avg": {
    "precision": 0.7679789367669205,
    "recall": 0.7565036420395421,
    "f1-score": 0.7471414413771449,
    "support": 3844.0
  }
}