uuid,year,high_ndmi_days
00152163-1574-4332-8309-52ef4656b855,2021,45
00152163-1574-4332-8309-52ef4656b855,2022,15
00152163-1574-4332-8309-52ef4656b855,2023,20
00152163-1574-4332-8309-52ef4656b855,2024,10
009bf3fd-7370-4fdf-9e79-08d783aa792e,2022,10
009bf3fd-7370-4fdf-9e79-08d783aa792e,2023,25
00af9aff-cb53-4d98-8d82-13a78443dc65,2020,25
00af9aff-cb53-4d98-8d82-13a78443dc65,2021,10
00af9aff-cb53-4d98-8d82-13a78443dc65,2022,35
00af9aff-cb53-4d98-8d82-13a78443dc65,2023,0
00bc2ca9-8347-430e-92a8-2abc1c7ee20b,2021,20
00bc2ca9-8347-430e-92a8-2abc1c7ee20b,2022,10
00c21dfc-ba1e-46d5-bc67-c94b3bb572f7,2020,115
00c21dfc-ba1e-46d5-bc67-c94b3bb572f7,2023,30
00c21dfc-ba1e-46d5-bc67-c94b3bb572f7,2024,100
00cd99e1-5cee-444f-9c6b-643ed30988e3,2021,10
00cd99e1-5cee-444f-9c6b-643ed30988e3,2022,5
00cd99e1-5cee-444f-9c6b-643ed30988e3,2023,20
00cd99e1-5cee-444f-9c6b-643ed30988e3,2024,0
010921eb-dae7-431b-8124-913ccddadb26,2021,10
010921eb-dae7-431b-8124-913ccddadb26,2023,30
010921eb-dae7-431b-8124-913ccddadb26,2024,5
011cc0ae-08db-439b-a16c-9ff2b620095c,2020,25
011cc0ae-08db-439b-a16c-9ff2b620095c,2023,40
011cc0ae-08db-439b-a16c-9ff2b620095c,2024,5
011f4b31-0988-433b-82c5-e700551951c9,2020,20
011f4b31-0988-433b-82c5-e700551951c9,2021,15
011f4b31-0988-433b-82c5-e700551951c9,2022,175
011f4b31-0988-433b-82c5-e700551951c9,2023,230
01451c13-5d3c-44f5-8e47-59aaea60ad65,2020,15
01451c13-5d3c-44f5-8e47-59aaea60ad65,2021,15
01451c13-5d3c-44f5-8e47-59aaea60ad65,2024,20
0192255c-5ae2-452e-8405-11b3d97cce44,2024,0
01a87100-d858-4ed1-9425-a84029b880b0,2020,10
01a87100-d858-4ed1-9425-a84029b880b0,2021,0
01a87100-d858-4ed1-9425-a84029b880b0,2023,10
01f77dfc-e93b-4ad2-a265-552d08d0a15e,2020,15
01f77dfc-e93b-4ad2-a265-552d08d0a15e,2022,25
01f77dfc-e93b-4ad2-a265-552d08d0a15e,2023,5
01f77dfc-e93b-4ad2-a265-552d08d0a15e,2024,20
02005b61-1ba4-430e-8efe-8350bd627c04,2020,180
02005b61-1ba4-430e-8efe-8350bd627c04,2021,30
02005b61-1ba4-430e-8efe-8350bd627c04,2022,15
02a4ef7f-6990-4c41-8c29-f469f57a65c1,2020,30
02a4ef7f-6990-4c41-8c29-f469f57a65c1,2021,5
02a4ef7f-6990-4c41-8c29-f469f57a65c1,2022,20
02a4ef7f-6990-4c41-8c29-f469f57a65c1,2023,45
02a4ef7f-6990-4c41-8c29-f469f57a65c1,2024,15
02ab8346-1f3b-45e2-84d5-9e76a36b3c87,2022,25
02ab8346-1f3b-45e2-84d5-9e76a36b3c87,2023,20
02db1648-b187-42d1-9dec-148288ae5056,2020,10
02db1648-b187-42d1-9dec-148288ae5056,2021,30
02db1648-b187-42d1-9dec-148288ae5056,2022,25
02db1648-b187-42d1-9dec-148288ae5056,2023,25
02db1648-b187-42d1-9dec-148288ae5056,2024,10
02ed349d-7857-4513-8733-dac3909af6c1,2020,0
02ed349d-7857-4513-8733-dac3909af6c1,2021,5
02ed349d-7857-4513-8733-dac3909af6c1,2023,35
02ed349d-7857-4513-8733-dac3909af6c1,2024,30
0317d8f4-51ba-411f-bd05-bc533ed41d40,2020,5
03372cfb-e95f-4e4b-8860-7939b8718f51,2020,15
03372cfb-e95f-4e4b-8860-7939b8718f51,2022,160
03372cfb-e95f-4e4b-8860-7939b8718f51,2023,180
034ae0b5-e615-4d2e-a6e9-b77873391c17,2022,5
034ae0b5-e615-4d2e-a6e9-b77873391c17,2024,10
040c8e3c-ec3d-46d2-abc7-c1136ab5a30a,2020,10
040c8e3c-ec3d-46d2-abc7-c1136ab5a30a,2022,40
040c8e3c-ec3d-46d2-abc7-c1136ab5a30a,2023,25
042fd14f-e205-4049-a164-124869fbe9b9,2021,20
042fd14f-e205-4049-a164-124869fbe9b9,2022,15
042fd14f-e205-4049-a164-124869fbe9b9,2023,5
042fd14f-e205-4049-a164-124869fbe9b9,2024,15
043aae6f-2eda-4e6b-8ca3-90b5d521f815,2020,40
043aae6f-2eda-4e6b-8ca3-90b5d521f815,2021,25
043aae6f-2eda-4e6b-8ca3-90b5d521f815,2022,25
043aae6f-2eda-4e6b-8ca3-90b5d521f815,2023,45
043aae6f-2eda-4e6b-8ca3-90b5d521f815,2024,25
045fc59b-5886-4cd8-8a7f-986abbde64ba,2020,20
045fc59b-5886-4cd8-8a7f-986abbde64ba,2021,10
045fc59b-5886-4cd8-8a7f-986abbde64ba,2023,30
045fc59b-5886-4cd8-8a7f-986abbde64ba,2024,25
048d2b7a-2178-43e7-9ec4-5fb78f506022,2020,45
048d2b7a-2178-43e7-9ec4-5fb78f506022,2021,10
048d2b7a-2178-43e7-9ec4-5fb78f506022,2022,5
048d2b7a-2178-43e7-9ec4-5fb78f506022,2023,25
049035e4-34f0-49a5-9d4c-e30b6bcb42fa,2024,20
049b7ba4-2ff4-4f2f-9621-dd6886a3b3ae,2020,20
049b7ba4-2ff4-4f2f-9621-dd6886a3b3ae,2021,50
049b7ba4-2ff4-4f2f-9621-dd6886a3b3ae,2022,30
049b7ba4-2ff4-4f2f-9621-dd6886a3b3ae,2023,60
049b7ba4-2ff4-4f2f-9621-dd6886a3b3ae,2024,30
04b2cb70-4fca-48c5-8f1e-d1ff39a50b97,2020,30
04b2cb70-4fca-48c5-8f1e-d1ff39a50b97,2022,5
04b2cb70-4fca-48c5-8f1e-d1ff39a50b97,2023,5
04b2cb70-4fca-48c5-8f1e-d1ff39a50b97,2024,30
04e46358-6426-4836-ad76-04012e2b4576,2020,15
04e46358-6426-4836-ad76-04012e2b4576,2021,10
04e46358-6426-4836-ad76-04012e2b4576,2024,15
04f1f7fe-e7b7-4532-9aa7-813dd7947add,2021,15
04f1f7fe-e7b7-4532-9aa7-813dd7947add,2023,30
04f1f7fe-e7b7-4532-9aa7-813dd7947add,2024,20
04ff5921-3ea7-4608-bf54-2e2656d4e33c,2020,40
04ff5921-3ea7-4608-bf54-2e2656d4e33c,2021,30
04ff5921-3ea7-4608-bf54-2e2656d4e33c,2022,30
04ff5921-3ea7-4608-bf54-2e2656d4e33c,2023,45
051408f6-d9bc-416d-9fbc-1906b3fefb6e,2020,15
051408f6-d9bc-416d-9fbc-1906b3fefb6e,2022,5
051408f6-d9bc-416d-9fbc-1906b3fefb6e,2024,30
05158225-6c37-4098-98ef-39450d19dd95,2020,5
05401a03-2b13-48cd-84dd-e6cf81cff0ea,2020,10
05401a03-2b13-48cd-84dd-e6cf81cff0ea,2023,55
05401a03-2b13-48cd-84dd-e6cf81cff0ea,2024,0
056a21e2-baf6-4201-975f-c4681491a63d,2020,20
056a21e2-baf6-4201-975f-c4681491a63d,2023,0
056a21e2-baf6-4201-975f-c4681491a63d,2024,10
0576c024-c5c2-4335-aee0-04a22d36ae2b,2022,55
0576c024-c5c2-4335-aee0-04a22d36ae2b,2023,0
05a5dca2-083f-4988-8f9a-5ea1aad1f493,2023,45
05a5dca2-083f-4988-8f9a-5ea1aad1f493,2024,15
05e2d4a1-8283-43f8-8c2d-2b25d258ba46,2020,35
05e2d4a1-8283-43f8-8c2d-2b25d258ba46,2022,10
05e2d4a1-8283-43f8-8c2d-2b25d258ba46,2023,15
05e2d4a1-8283-43f8-8c2d-2b25d258ba46,2024,5
0630c89c-d6b5-452b-a66d-b85190e243f3,2020,10
0630c89c-d6b5-452b-a66d-b85190e243f3,2021,25
0630c89c-d6b5-452b-a66d-b85190e243f3,2023,40
0630c89c-d6b5-452b-a66d-b85190e243f3,2024,40
06a3841a-f878-4184-81fe-420aa019769a,2020,5
06a3841a-f878-4184-81fe-420aa019769a,2024,175
06c2c4b6-169d-4ee0-8407-24580806fa3f,2023,55
06cac26d-16af-4993-9217-8ad7a2925858,2022,40
06cac26d-16af-4993-9217-8ad7a2925858,2023,40
06fc8e21-cedd-4bf0-90bb-468660c636ea,2020,25
06fc8e21-cedd-4bf0-90bb-468660c636ea,2021,25
06fc8e21-cedd-4bf0-90bb-468660c636ea,2022,0
06fc8e21-cedd-4bf0-90bb-468660c636ea,2024,25
070a1bb6-6426-476d-9fe5-2d8ccaca8de1,2020,25
070a1bb6-6426-476d-9fe5-2d8ccaca8de1,2023,35
0728f965-bb20-4eb9-83b9-3d4c0488fd93,2020,15
0728f965-bb20-4eb9-83b9-3d4c0488fd93,2022,30
0728f965-bb20-4eb9-83b9-3d4c0488fd93,2023,50
07a45b6a-2288-4cce-a832-3aa88f424e37,2020,345
07a93e30-59b0-4d9b-b1e2-d0321c28497d,2020,0
07a93e30-59b0-4d9b-b1e2-d0321c28497d,2021,5
07a93e30-59b0-4d9b-b1e2-d0321c28497d,2022,20
07a93e30-59b0-4d9b-b1e2-d0321c28497d,2023,40
07a93e30-59b0-4d9b-b1e2-d0321c28497d,2024,5
07d13ccc-7f0a-4799-ba2e-dc044485be35,2023,5
07dc0dd2-d1f6-4f1e-9da0-249a4444d428,2024,0
07f83f26-0d36-47bd-9c8d-c608d146b2ac,2021,10
07f83f26-0d36-47bd-9c8d-c608d146b2ac,2023,40
0813ec1e-ed62-4d3c-88ae-72f3ca83d193,2020,15
0813ec1e-ed62-4d3c-88ae-72f3ca83d193,2021,10
0813ec1e-ed62-4d3c-88ae-72f3ca83d193,2022,45
0813ec1e-ed62-4d3c-88ae-72f3ca83d193,2023,45
0813ec1e-ed62-4d3c-88ae-72f3ca83d193,2024,25
081f27f7-7482-4522-b37c-50ee3cfdd274,2020,35
081f27f7-7482-4522-b37c-50ee3cfdd274,2022,45
081f27f7-7482-4522-b37c-50ee3cfdd274,2023,40
082351d8-fa97-4b5b-b8c1-de70ab99020a,2023,40
082351d8-fa97-4b5b-b8c1-de70ab99020a,2024,20
0879a214-ca68-41c6-86ec-d1e0daa19db3,2022,0
0897b77b-c7dd-4b28-a121-8ccf7916fad3,2020,15
0897b77b-c7dd-4b28-a121-8ccf7916fad3,2024,10
091c3ff1-4904-4311-9a80-4f3a7792381a,2023,10
091c3ff1-4904-4311-9a80-4f3a7792381a,2024,0
093aafea-2012-48f7-9c21-df2face93ba1,2020,10
093aafea-2012-48f7-9c21-df2face93ba1,2022,5
093aafea-2012-48f7-9c21-df2face93ba1,2023,0
0965df42-65ac-4f14-bf1c-4a2d3fa62427,2022,10
097a6439-4904-4ac4-922f-a8351603c386,2021,10
097a6439-4904-4ac4-922f-a8351603c386,2022,0
097a6439-4904-4ac4-922f-a8351603c386,2023,15
097a6439-4904-4ac4-922f-a8351603c386,2024,25
097c1311-4acd-46cc-8463-bc13b25cee09,2020,150
09a7c6bf-7fe5-4ff3-8fb2-78432946e3b8,2020,5
09a7c6bf-7fe5-4ff3-8fb2-78432946e3b8,2022,10
09a7c6bf-7fe5-4ff3-8fb2-78432946e3b8,2023,15
09a7c6bf-7fe5-4ff3-8fb2-78432946e3b8,2024,0
09c9c5a1-3c88-4ac0-9bae-5da9ffd56596,2023,0
09d0b658-a045-48dd-85a7-98c8fc887898,2022,20
09df573d-1f69-4807-82e6-2d809f5e9a7b,2020,35
09df573d-1f69-4807-82e6-2d809f5e9a7b,2023,25
09df573d-1f69-4807-82e6-2d809f5e9a7b,2024,15
09ef8cca-ca54-46cb-8378-ecdac5999f28,2020,25
09ef8cca-ca54-46cb-8378-ecdac5999f28,2021,35
09ef8cca-ca54-46cb-8378-ecdac5999f28,2023,60
09f4ee9b-4aa4-4171-b61d-210db24497f9,2023,5
0a2002d1-a2b6-44a0-b1ea-b7afa5c62ecf,2024,0
0a45f454-4eea-4fa3-8059-38bbb8838c5f,2020,20
0a45f454-4eea-4fa3-8059-38bbb8838c5f,2021,30
0a45f454-4eea-4fa3-8059-38bbb8838c5f,2022,35
0a45f454-4eea-4fa3-8059-38bbb8838c5f,2023,20
0a45f454-4eea-4fa3-8059-38bbb8838c5f,2024,15
0a67ee18-d418-4bda-8d4b-02a47cdfe966,2021,0
0a67ee18-d418-4bda-8d4b-02a47cdfe966,2022,0
0a67ee18-d418-4bda-8d4b-02a47cdfe966,2023,5
0a911d25-82d7-4d15-8ed0-ac5c72c278b5,2020,10
0a911d25-82d7-4d15-8ed0-ac5c72c278b5,2023,5
0add168c-7975-41a9-b278-51cf885313e4,2020,75
0add168c-7975-41a9-b278-51cf885313e4,2022,65
0add168c-7975-41a9-b278-51cf885313e4,2023,60
0add168c-7975-41a9-b278-51cf885313e4,2024,20
0af00528-5fef-46a8-b015-07c86868e526,2024,0
0b04ea72-0a40-4c8c-8f8d-a791bc3c3072,2020,0
0b59e18e-a099-431b-aeab-edc587fe3b65,2020,0
0b59e18e-a099-431b-aeab-edc587fe3b65,2023,0
0b59e18e-a099-431b-aeab-edc587fe3b65,2024,5
0b723be9-c7b2-43c2-be0b-78e907030689,2020,60
0b723be9-c7b2-43c2-be0b-78e907030689,2021,10
0b723be9-c7b2-43c2-be0b-78e907030689,2023,40
0baa2dc8-670c-49ee-9542-c32e62cedf1c,2020,5
0bddc041-6d64-4566-9c11-8ef88bbde55b,2021,20
0bddc041-6d64-4566-9c11-8ef88bbde55b,2022,15
0bddc041-6d64-4566-9c11-8ef88bbde55b,2023,55
0c9abe86-ccfc-4045-8914-fe754878ed73,2021,20
0c9abe86-ccfc-4045-8914-fe754878ed73,2023,15
0c9abe86-ccfc-4045-8914-fe754878ed73,2024,20
0c9d4752-bfc4-4655-9ca8-22807001867c,2020,5
0c9d4752-bfc4-4655-9ca8-22807001867c,2022,5
0c9d4752-bfc4-4655-9ca8-22807001867c,2023,45
0c9d4752-bfc4-4655-9ca8-22807001867c,2024,35
0ca10980-1162-4835-bc66-70ca2396a835,2020,10
0ca10980-1162-4835-bc66-70ca2396a835,2023,35
0cb4fc88-aff3-4a9d-9da5-b4e27f5ff56f,2020,5
0cb4fc88-aff3-4a9d-9da5-b4e27f5ff56f,2022,5
0cb4fc88-aff3-4a9d-9da5-b4e27f5ff56f,2023,25
0cb4fc88-aff3-4a9d-9da5-b4e27f5ff56f,2024,15
0cdf1b98-1b15-4a92-8d71-f70655899dbf,2020,35
0cdf1b98-1b15-4a92-8d71-f70655899dbf,2022,0
0cdf1b98-1b15-4a92-8d71-f70655899dbf,2023,25
0cdf1b98-1b15-4a92-8d71-f70655899dbf,2024,0
0cf0772c-5795-40ce-8717-cc0e12f048fe,2023,10
0d55b64f-5c7d-44a3-b8b0-7ce8ee2d0b93,2024,10
0d58bf1d-5cae-46f4-b20d-92e653d7c808,2020,50
0d58bf1d-5cae-46f4-b20d-92e653d7c808,2021,10
0d614301-be34-42b9-bbff-a5f871fe0ef4,2022,10
0d614301-be34-42b9-bbff-a5f871fe0ef4,2023,35
0d614301-be34-42b9-bbff-a5f871fe0ef4,2024,10
0d8308a2-6e7e-4cc4-aece-c79f80f51a18,2020,15
0d8308a2-6e7e-4cc4-aece-c79f80f51a18,2021,10
0d8308a2-6e7e-4cc4-aece-c79f80f51a18,2022,20
0d8308a2-6e7e-4cc4-aece-c79f80f51a18,2023,40
0d8308a2-6e7e-4cc4-aece-c79f80f51a18,2024,20
0e00bdf8-cd51-4d45-b1c4-cf58d31e1be1,2020,30
0e00bdf8-cd51-4d45-b1c4-cf58d31e1be1,2022,50
0e1af5ef-409a-4fe3-a6bc-46ef43d74704,2020,20
0e1af5ef-409a-4fe3-a6bc-46ef43d74704,2023,25
0e1af5ef-409a-4fe3-a6bc-46ef43d74704,2024,10
0e22908e-2397-4f4c-b547-84cf54b088a8,2020,70
0e22908e-2397-4f4c-b547-84cf54b088a8,2022,25
0e22908e-2397-4f4c-b547-84cf54b088a8,2023,30
0e22908e-2397-4f4c-b547-84cf54b088a8,2024,25
0e40f6de-985b-45dc-91bd-a12ec8c2545d,2020,15
0e40f6de-985b-45dc-91bd-a12ec8c2545d,2023,200
0e40f6de-985b-45dc-91bd-a12ec8c2545d,2024,310
0e435428-481c-4c5f-839d-7c135196a24e,2020,40
0e435428-481c-4c5f-839d-7c135196a24e,2022,30
0e435428-481c-4c5f-839d-7c135196a24e,2023,45
0e435428-481c-4c5f-839d-7c135196a24e,2024,25
0e558a9e-adbf-4a9f-b909-0b74ff759eb0,2020,40
0e82f9ed-b244-4ff4-81a9-9a426f69b298,2021,15
0e82f9ed-b244-4ff4-81a9-9a426f69b298,2022,25
0e82f9ed-b244-4ff4-81a9-9a426f69b298,2023,50
0e82f9ed-b244-4ff4-81a9-9a426f69b298,2024,40
0e86ae7b-1d94-4a39-bd46-0e4f9cefed92,2020,30
0e86ae7b-1d94-4a39-bd46-0e4f9cefed92,2023,30
0e86ae7b-1d94-4a39-bd46-0e4f9cefed92,2024,15
0eb16fcd-b06e-4c2c-9aaa-be426ba94c6c,2024,10
0eb86141-46b2-4253-82ec-b6cac95d0dc8,2020,20
0eb86141-46b2-4253-82ec-b6cac95d0dc8,2021,5
0eb86141-46b2-4253-82ec-b6cac95d0dc8,2022,15
0eb86141-46b2-4253-82ec-b6cac95d0dc8,2024,15
0ed4f2b4-4780-4bb6-92d4-5c3baae50fd0,2020,10
0ed4f2b4-4780-4bb6-92d4-5c3baae50fd0,2023,5
0ee44adf-fc71-4c3f-bf10-fc560be73cdf,2023,0
0ee7da44-4a98-408e-aa4c-11bd15e73073,2020,0
0ee7da44-4a98-408e-aa4c-11bd15e73073,2022,25
0ee7da44-4a98-408e-aa4c-11bd15e73073,2023,25
0ee7da44-4a98-408e-aa4c-11bd15e73073,2024,10
0eeb0d7f-59e4-4bd0-8704-5f1947bb194f,2020,0
0f2b9dfe-8917-47c9-8be9-13daa1753497,2020,15
0f2b9dfe-8917-47c9-8be9-13daa1753497,2023,45
0f2b9dfe-8917-47c9-8be9-13daa1753497,2024,5
0f2cd7e1-7266-49f8-b39c-6c0d51ccb96f,2020,5
0f53acac-b63f-4562-a58e-085df512b432,2020,40
0f53acac-b63f-4562-a58e-085df512b432,2023,30
0f53acac-b63f-4562-a58e-085df512b432,2024,35
0feed1ce-577e-48dc-b013-e4e027fa9c66,2021,20
0feed1ce-577e-48dc-b013-e4e027fa9c66,2022,10
0feed1ce-577e-48dc-b013-e4e027fa9c66,2023,10
0feed1ce-577e-48dc-b013-e4e027fa9c66,2024,15
100ebcd8-cf40-4a15-83f8-eb510bdcb443,2020,15
100ebcd8-cf40-4a15-83f8-eb510bdcb443,2021,0
100ebcd8-cf40-4a15-83f8-eb510bdcb443,2023,10
101f881b-5a46-4bf1-8514-98a7da92c25d,2023,45
101f881b-5a46-4bf1-8514-98a7da92c25d,2024,15
1043528b-c777-405c-8eea-bcb996649db9,2020,15
1043528b-c777-405c-8eea-bcb996649db9,2022,5
1043528b-c777-405c-8eea-bcb996649db9,2023,30
10691115-963e-40f1-b3ee-afd85330c581,2020,10
10d52aea-8f29-48b6-bf10-1b2064e7b9bf,2020,30
10ed6b51-3616-4b50-b84b-9ba82aa39e78,2022,0
10ed6b51-3616-4b50-b84b-9ba82aa39e78,2024,10
10f97ed0-3ba9-4259-984b-b197a270c1db,2022,25
10f97ed0-3ba9-4259-984b-b197a270c1db,2023,15
10f97ed0-3ba9-4259-984b-b197a270c1db,2024,25
1114969b-d171-4b93-8e3c-ff07adc6ad22,2023,10
11189400-af03-4cfa-a6c6-343dbaa31757,2022,25
1139f1c6-1e6f-4224-983a-91ecbd7236b1,2023,20
116ecd63-41e9-4fc5-ae36-1922a426ddaf,2020,10
116ecd63-41e9-4fc5-ae36-1922a426ddaf,2023,15
116ecd63-41e9-4fc5-ae36-1922a426ddaf,2024,5
1190f87a-5041-42d2-be6e-f388c3b458ea,2023,10
11bcb363-76bd-4fd2-a268-9d202f35203f,2020,25
11bcb363-76bd-4fd2-a268-9d202f35203f,2023,30
11c9f082-161f-418d-8042-2985c4ce196d,2020,40
11c9f082-161f-418d-8042-2985c4ce196d,2021,10
11c9f082-161f-418d-8042-2985c4ce196d,2022,30
11c9f082-161f-418d-8042-2985c4ce196d,2023,20
11e12367-ab41-4cb8-add5-e2aac8d663a9,2020,75
1240d7c1-837c-499d-a74a-b3ae03bf41ce,2020,30
1240d7c1-837c-499d-a74a-b3ae03bf41ce,2021,15
1240d7c1-837c-499d-a74a-b3ae03bf41ce,2022,15
1240d7c1-837c-499d-a74a-b3ae03bf41ce,2023,25
124dd50c-2c31-4c33-baa7-77d24eb81017,2020,30
124dd50c-2c31-4c33-baa7-77d24eb81017,2023,20
124dd50c-2c31-4c33-baa7-77d24eb81017,2024,40
125f96d6-2e45-4bee-ba29-656e9bef3643,2021,30
125f96d6-2e45-4bee-ba29-656e9bef3643,2022,15
125f96d6-2e45-4bee-ba29-656e9bef3643,2023,145
12976028-c219-4703-a0db-91cfabac4116,2023,50
129f2304-3b33-437e-b4a6-f855b87e908b,2020,10
129f2304-3b33-437e-b4a6-f855b87e908b,2022,15
129f2304-3b33-437e-b4a6-f855b87e908b,2023,45
129f2304-3b33-437e-b4a6-f855b87e908b,2024,10
12cf11b9-5ef0-4c01-b72d-348bf2493f3e,2020,25
12cf11b9-5ef0-4c01-b72d-348bf2493f3e,2022,5
12cf11b9-5ef0-4c01-b72d-348bf2493f3e,2023,5
12da829e-7f16-4545-9aca-2e4829c8f374,2023,0
12ea9b72-7c4c-4253-ab28-673283a562f2,2022,25
12ea9b72-7c4c-4253-ab28-673283a562f2,2023,45
12f93455-ecc4-44c4-8174-54f297e649f1,2020,5
12f93455-ecc4-44c4-8174-54f297e649f1,2021,20
12f93455-ecc4-44c4-8174-54f297e649f1,2022,20
13044e8c-6575-4b54-9f9f-13d5b77870e6,2020,5
13044e8c-6575-4b54-9f9f-13d5b77870e6,2022,5
13044e8c-6575-4b54-9f9f-13d5b77870e6,2024,10
1309f48d-6b69-4faa-8bf2-bae28af60f40,2020,0
1309f48d-6b69-4faa-8bf2-bae28af60f40,2023,15
1309f48d-6b69-4faa-8bf2-bae28af60f40,2024,0
135adca1-9d97-4bce-8f4d-e0d879e27af4,2022,0
136067ac-479e-4780-9720-618471582c3c,2020,30
136067ac-479e-4780-9720-618471582c3c,2022,15
136067ac-479e-4780-9720-618471582c3c,2023,30
136067ac-479e-4780-9720-618471582c3c,2024,35
13890003-ebfe-45e1-9d89-59c47be77a7b,2021,5
13890003-ebfe-45e1-9d89-59c47be77a7b,2022,0
13909610-3ef2-4f39-930d-656dbe81af7b,2024,25
13a8ab0d-4059-48f9-80d5-9af7ec59ffef,2022,10
13a8ab0d-4059-48f9-80d5-9af7ec59ffef,2023,20
13bfd397-8e00-411c-99b5-db8339111b3e,2023,40
13da74a2-3285-4db8-b5ac-d317d3575698,2020,5
13da74a2-3285-4db8-b5ac-d317d3575698,2022,0
13da74a2-3285-4db8-b5ac-d317d3575698,2024,0
141bdd65-dfcc-438f-8a0b-2e1946c6ed2c,2020,5
141bdd65-dfcc-438f-8a0b-2e1946c6ed2c,2022,15
141bdd65-dfcc-438f-8a0b-2e1946c6ed2c,2024,10
14474c38-a4cb-4c75-ac9f-8a0f724e7489,2020,10
14474c38-a4cb-4c75-ac9f-8a0f724e7489,2021,30
14474c38-a4cb-4c75-ac9f-8a0f724e7489,2023,5
14474c38-a4cb-4c75-ac9f-8a0f724e7489,2024,20
14759fe4-6361-48b8-b120-fb8fbefe9b7b,2022,10
14759fe4-6361-48b8-b120-fb8fbefe9b7b,2023,20
14759fe4-6361-48b8-b120-fb8fbefe9b7b,2024,40
147714ce-8fb3-4b62-8e6d-8ac8f5176bfa,2020,0
147714ce-8fb3-4b62-8e6d-8ac8f5176bfa,2023,25
148f8905-617c-430b-a38c-3d5259d285c5,2020,5
148f8905-617c-430b-a38c-3d5259d285c5,2022,0
14948ac1-3ef4-4b19-8363-6e0b7b51bd28,2022,40
14a32469-ba8d-43e8-8464-baeb8b556ff9,2021,25
14a32469-ba8d-43e8-8464-baeb8b556ff9,2023,45
14a32469-ba8d-43e8-8464-baeb8b556ff9,2024,20
14c90f52-513e-46af-9189-b1c670dfd7ca,2022,25
14c90f52-513e-46af-9189-b1c670dfd7ca,2023,0
14c90f52-513e-46af-9189-b1c670dfd7ca,2024,10
14cd8d2c-ded2-4ef7-bdeb-16cbb3ac2395,2020,35
14cd8d2c-ded2-4ef7-bdeb-16cbb3ac2395,2022,15
14cd8d2c-ded2-4ef7-bdeb-16cbb3ac2395,2023,35
14f24658-e042-45b2-ba56-4bd77e6b3d53,2020,15
14f24658-e042-45b2-ba56-4bd77e6b3d53,2022,10
14f24658-e042-45b2-ba56-4bd77e6b3d53,2024,15
14f7a7e8-f865-4bb6-8bdc-4cb05dfe1f8c,2020,10
14f7a7e8-f865-4bb6-8bdc-4cb05dfe1f8c,2022,15
14f7a7e8-f865-4bb6-8bdc-4cb05dfe1f8c,2024,20
152343d9-e41e-4f90-8094-95ad854b53a1,2024,30
15255acb-46a8-45a6-b74b-d71210b0dae0,2020,0
15255acb-46a8-45a6-b74b-d71210b0dae0,2021,0
153975eb-e751-4c9c-8061-2754e385e0f8,2021,25
153975eb-e751-4c9c-8061-2754e385e0f8,2022,15
153975eb-e751-4c9c-8061-2754e385e0f8,2023,45
153975eb-e751-4c9c-8061-2754e385e0f8,2024,25
159f5378-ac9e-48fd-bc94-da425b55c406,2021,20
159f5378-ac9e-48fd-bc94-da425b55c406,2024,10
15c940c9-3e4d-4206-8e1c-6ed204757311,2023,0
15f6df03-a768-4ea9-b5a6-0e9efeabe9f3,2020,25
15f6df03-a768-4ea9-b5a6-0e9efeabe9f3,2021,50
15f6df03-a768-4ea9-b5a6-0e9efeabe9f3,2022,40
15f6df03-a768-4ea9-b5a6-0e9efeabe9f3,2023,30
15f81954-ec0f-4d7d-946a-97375eb7c7b0,2020,20
15f81954-ec0f-4d7d-946a-97375eb7c7b0,2021,45
15f81954-ec0f-4d7d-946a-97375eb7c7b0,2022,30
15f81954-ec0f-4d7d-946a-97375eb7c7b0,2023,55
15f81954-ec0f-4d7d-946a-97375eb7c7b0,2024,40
16059b66-10cf-489f-b2d8-4f3b9b8769d0,2022,0
16059b66-10cf-489f-b2d8-4f3b9b8769d0,2023,5
16059b66-10cf-489f-b2d8-4f3b9b8769d0,2024,20
162b2f56-066a-4ab2-b199-57cdb6770f42,2022,0
162b2f56-066a-4ab2-b199-57cdb6770f42,2023,5
163f1492-1cab-4661-bf16-a944fe6d15e2,2024,220
1661e77d-784f-4b43-8b99-1e40d78c23b6,2020,10
1661e77d-784f-4b43-8b99-1e40d78c23b6,2023,10
16a03218-e379-4547-94b5-f3ad4d8f935e,2020,30
16a03218-e379-4547-94b5-f3ad4d8f935e,2024,5
16abcfaa-8695-4df7-9b57-b2dbc4b9910d,2022,50
16ce367c-b096-4197-b050-c842ec5ba077,2020,5
16ce367c-b096-4197-b050-c842ec5ba077,2022,45
16ce367c-b096-4197-b050-c842ec5ba077,2023,30
16e8b69a-7b12-4f3f-a590-8577fe919870,2022,30
1727df0a-30fa-4fd8-8cf0-a3e9b1174459,2021,25
1727df0a-30fa-4fd8-8cf0-a3e9b1174459,2022,20
1727df0a-30fa-4fd8-8cf0-a3e9b1174459,2023,45
1727df0a-30fa-4fd8-8cf0-a3e9b1174459,2024,15
175900c4-a1c6-49c8-8c3a-6cd7047cf2c6,2022,15
175900c4-a1c6-49c8-8c3a-6cd7047cf2c6,2023,0
1759c8c8-e1de-4315-b80d-15ffeccf80b6,2024,10
177735c5-927d-47a4-b012-a55578ae0b84,2024,5
178e0c03-6590-4b91-8ab6-ece19461b317,2020,45
178e0c03-6590-4b91-8ab6-ece19461b317,2023,80
179c1dc3-1621-4a02-8e90-ab7467b36904,2023,5
17bb8cea-1694-4f79-a78a-acbef0f3b213,2020,45
17bb8cea-1694-4f79-a78a-acbef0f3b213,2021,55
17bb8cea-1694-4f79-a78a-acbef0f3b213,2022,15
17bb8cea-1694-4f79-a78a-acbef0f3b213,2023,80
17bb8cea-1694-4f79-a78a-acbef0f3b213,2024,40
17e0e77b-ed38-4a10-a638-9c94d30defd3,2021,20
17e0e77b-ed38-4a10-a638-9c94d30defd3,2022,25
17e0e77b-ed38-4a10-a638-9c94d30defd3,2024,45
17ec6fb6-3756-4506-bfb8-1a4354dcc9de,2020,40
17ec6fb6-3756-4506-bfb8-1a4354dcc9de,2021,20
17ec6fb6-3756-4506-bfb8-1a4354dcc9de,2022,85
17ec6fb6-3756-4506-bfb8-1a4354dcc9de,2023,50
17ec6fb6-3756-4506-bfb8-1a4354dcc9de,2024,55
18168301-09a6-4ba3-a7b2-abd61712d0be,2020,30
18168301-09a6-4ba3-a7b2-abd61712d0be,2021,40
18168301-09a6-4ba3-a7b2-abd61712d0be,2022,25
18168301-09a6-4ba3-a7b2-abd61712d0be,2023,50
18168301-09a6-4ba3-a7b2-abd61712d0be,2024,0
184e3f85-223d-49b8-a02d-6abb85e673c8,2024,0
18647ab4-6041-454a-bca6-bd27b1247299,2022,20
18647ab4-6041-454a-bca6-bd27b1247299,2023,45
18647ab4-6041-454a-bca6-bd27b1247299,2024,10
18889d0a-ce69-4c6e-b00d-1e283ffd1ace,2020,0
18a2cf69-1856-4e1c-a756-f06a8fd51bd2,2023,15
18fb4b7b-2c41-437d-a0f9-0ebf454696f7,2020,10
18fb4b7b-2c41-437d-a0f9-0ebf454696f7,2021,50
18fb4b7b-2c41-437d-a0f9-0ebf454696f7,2022,0
18fb4b7b-2c41-437d-a0f9-0ebf454696f7,2023,40
18fc336f-86b4-4d99-afbd-e5c508fa8ece,2020,40
18fc336f-86b4-4d99-afbd-e5c508fa8ece,2021,25
18fc336f-86b4-4d99-afbd-e5c508fa8ece,2022,10
18fc336f-86b4-4d99-afbd-e5c508fa8ece,2024,5
19130dc9-c4ea-4ca2-9836-673c2d91a374,2020,30
19130dc9-c4ea-4ca2-9836-673c2d91a374,2022,5
19130dc9-c4ea-4ca2-9836-673c2d91a374,2023,0
1969eb73-c7a2-4173-9ff4-c0a85b9981b3,2022,0
1969eb73-c7a2-4173-9ff4-c0a85b9981b3,2023,30
1969eb73-c7a2-4173-9ff4-c0a85b9981b3,2024,25
19b52bb8-340c-46de-a7aa-cbc7231cae6e,2020,15
19b52bb8-340c-46de-a7aa-cbc7231cae6e,2022,30
19b52bb8-340c-46de-a7aa-cbc7231cae6e,2023,40
19b52bb8-340c-46de-a7aa-cbc7231cae6e,2024,10
1a6cadfd-4a81-4395-b166-b666c0dac65c,2023,0
1ab54c7c-0255-4c72-aaa4-e9c7e36fb300,2022,0
1ab54c7c-0255-4c72-aaa4-e9c7e36fb300,2023,5
1ab54c7c-0255-4c72-aaa4-e9c7e36fb300,2024,25
1ab929ad-c481-464a-ade5-d72ea40766b7,2022,25
1ab929ad-c481-464a-ade5-d72ea40766b7,2023,30
1ab929ad-c481-464a-ade5-d72ea40766b7,2024,10
1afdf940-ede3-470e-a670-d81724547ded,2020,0
1afdf940-ede3-470e-a670-d81724547ded,2024,30
1b0f7a59-74de-4455-9b50-f4a08487cd51,2020,10
1b0f7a59-74de-4455-9b50-f4a08487cd51,2022,20
1b0f7a59-74de-4455-9b50-f4a08487cd51,2023,5
1b0f7a59-74de-4455-9b50-f4a08487cd51,2024,10
1b295dd2-e26f-489b-baef-601aadd7ae30,2021,10
1b295dd2-e26f-489b-baef-601aadd7ae30,2024,0
1bb9f85a-26fd-4d53-9985-2ba02c32a051,2022,45
1bb9f85a-26fd-4d53-9985-2ba02c32a051,2023,50
1bb9f85a-26fd-4d53-9985-2ba02c32a051,2024,5
1bbf0abc-9e5d-4111-a6a0-165cdd59cdba,2023,5
1bcbead7-5b21-499e-928b-21f5354131cc,2023,15
1c391bc1-616d-4c6d-b0fb-1359f7759786,2023,35
1c763aa8-8dfd-41fd-997b-8980f2138088,2020,35
1c763aa8-8dfd-41fd-997b-8980f2138088,2022,15
1c763aa8-8dfd-41fd-997b-8980f2138088,2023,55
1c763aa8-8dfd-41fd-997b-8980f2138088,2024,45
1c8f6edb-276f-4ce4-9777-65f15ada432b,2022,15
1cd3eacf-0325-4a2a-8e9a-28d27693ad26,2020,10
1cd3eacf-0325-4a2a-8e9a-28d27693ad26,2022,35
1cd3eacf-0325-4a2a-8e9a-28d27693ad26,2023,40
1cd3eacf-0325-4a2a-8e9a-28d27693ad26,2024,10
1d12a4e0-d798-4bc2-ba95-a4837e3c66d9,2020,5
1d1b8f6e-9041-488f-ad92-cc7cd40a6cd8,2020,15
1d1b8f6e-9041-488f-ad92-cc7cd40a6cd8,2021,30
1d1b8f6e-9041-488f-ad92-cc7cd40a6cd8,2022,20
1d1b8f6e-9041-488f-ad92-cc7cd40a6cd8,2023,0
1d1b8f6e-9041-488f-ad92-cc7cd40a6cd8,2024,0
1d5d4360-1841-42d5-bec5-4f0e6641ea22,2020,15
1d5d4360-1841-42d5-bec5-4f0e6641ea22,2023,50
1d97d557-c4e8-4d4d-98a9-190fa51e893f,2024,0
1db3e4f8-9a36-4603-8c61-256ef929690b,2023,0
1db3e4f8-9a36-4603-8c61-256ef929690b,2024,20
1dd42062-a848-4b83-801c-f450d77cd831,2021,10
1dd42062-a848-4b83-801c-f450d77cd831,2022,10
1dfb0506-7504-4472-8122-2ee3a3888c8d,2023,5
1e35feed-d04a-4a18-b04a-bc0a285b6fb9,2020,0
1e35feed-d04a-4a18-b04a-bc0a285b6fb9,2022,25
1e35feed-d04a-4a18-b04a-bc0a285b6fb9,2023,25
1e35feed-d04a-4a18-b04a-bc0a285b6fb9,2024,25
1e48f2ae-8854-4699-bbf4-6e99a6da9a01,2022,20
1e48f2ae-8854-4699-bbf4-6e99a6da9a01,2023,30
1ed1e4a5-0b13-4d47-a7bb-8beb35c5620f,2020,65
1ed1e4a5-0b13-4d47-a7bb-8beb35c5620f,2021,25
1ed1e4a5-0b13-4d47-a7bb-8beb35c5620f,2023,45
1ed1fd55-6759-4aa8-8af4-84af9f02ffbb,2023,20
1ed1fd55-6759-4aa8-8af4-84af9f02ffbb,2024,5
1efa563c-c3bb-4109-a998-16b6147c8785,2020,25
1efa563c-c3bb-4109-a998-16b6147c8785,2022,15
1efa563c-c3bb-4109-a998-16b6147c8785,2023,35
1efa563c-c3bb-4109-a998-16b6147c8785,2024,35
1eff0066-01b0-4f8a-b5e1-8f4e4563178a,2020,25
1eff0066-01b0-4f8a-b5e1-8f4e4563178a,2021,45
1eff0066-01b0-4f8a-b5e1-8f4e4563178a,2022,45
1eff0066-01b0-4f8a-b5e1-8f4e4563178a,2023,5
1eff0066-01b0-4f8a-b5e1-8f4e4563178a,2024,70
1f14482b-8640-4636-a44f-1f475f3b1f5b,2022,5
1f14482b-8640-4636-a44f-1f475f3b1f5b,2023,5
1f14e8ac-a034-487b-9f84-5264a7405ea2,2020,15
1f14e8ac-a034-487b-9f84-5264a7405ea2,2021,15
1f14e8ac-a034-487b-9f84-5264a7405ea2,2024,15
1f150ba2-101c-4911-8fb0-498c72810099,2021,40
1f150ba2-101c-4911-8fb0-498c72810099,2022,10
1f150ba2-101c-4911-8fb0-498c72810099,2023,50
1f150ba2-101c-4911-8fb0-498c72810099,2024,20
1f28ebc1-d0b2-4f15-bc92-6d22c7fd5363,2021,0
1f782d9b-a445-408b-a9fd-c58e9f57541e,2020,15
1f782d9b-a445-408b-a9fd-c58e9f57541e,2022,0
1f782d9b-a445-408b-a9fd-c58e9f57541e,2024,20
1f9b95ab-bfb1-42a7-9f35-e2620d46a3a0,2020,15
1f9b95ab-bfb1-42a7-9f35-e2620d46a3a0,2021,50
1f9b95ab-bfb1-42a7-9f35-e2620d46a3a0,2022,10
1fb881c4-1ff6-40a2-bb43-ed5cc96f0269,2022,30
1fb881c4-1ff6-40a2-bb43-ed5cc96f0269,2023,20
1fb881c4-1ff6-40a2-bb43-ed5cc96f0269,2024,35
1fe093a7-6adc-4736-8feb-de9346164f46,2023,55
1fe093a7-6adc-4736-8feb-de9346164f46,2024,0
1ffe4ef1-582a-43a6-a17a-e14fbb885dd4,2020,0
1ffe4ef1-582a-43a6-a17a-e14fbb885dd4,2023,0
2013f4e7-cf92-44bc-8db4-74315c8a4087,2023,15
20985cdb-8c98-40ab-b2c5-d6ebff7f6232,2020,0
20985cdb-8c98-40ab-b2c5-d6ebff7f6232,2023,5
20f34666-ce87-4786-ae37-9ac81e8e7424,2022,15
20f34666-ce87-4786-ae37-9ac81e8e7424,2023,15
20f34666-ce87-4786-ae37-9ac81e8e7424,2024,10
20f5f612-bcbf-43b3-9601-a46a9e25de58,2022,10
211761ec-14fa-4c5c-909c-f3827a6ca902,2020,35
211761ec-14fa-4c5c-909c-f3827a6ca902,2021,0
211761ec-14fa-4c5c-909c-f3827a6ca902,2022,10
211761ec-14fa-4c5c-909c-f3827a6ca902,2024,30
2138f41f-bb25-4ed5-8e8b-7303778acddf,2021,20
2138f41f-bb25-4ed5-8e8b-7303778acddf,2022,10
2145d88e-5f5f-45f4-8eee-148075dc78cc,2020,5
2145d88e-5f5f-45f4-8eee-148075dc78cc,2021,0
21469ad2-c254-4a37-bdc7-ac9d6b4a70f8,2021,5
21469ad2-c254-4a37-bdc7-ac9d6b4a70f8,2022,10
21469ad2-c254-4a37-bdc7-ac9d6b4a70f8,2024,20
21a06259-ea88-49f6-bcdc-9b8e50738a37,2020,40
21a06259-ea88-49f6-bcdc-9b8e50738a37,2021,20
21a06259-ea88-49f6-bcdc-9b8e50738a37,2022,40
21a06259-ea88-49f6-bcdc-9b8e50738a37,2023,45
21a192f0-fee9-4d35-a567-d84e4e05e2b3,2020,20
21a192f0-fee9-4d35-a567-d84e4e05e2b3,2022,25
21a192f0-fee9-4d35-a567-d84e4e05e2b3,2023,65
21a192f0-fee9-4d35-a567-d84e4e05e2b3,2024,30
21a5cc64-15a6-44dc-b67b-61db226893e2,2020,30
21a5cc64-15a6-44dc-b67b-61db226893e2,2021,35
21a5cc64-15a6-44dc-b67b-61db226893e2,2022,25
21a5cc64-15a6-44dc-b67b-61db226893e2,2023,150
21a5cc64-15a6-44dc-b67b-61db226893e2,2024,195
21b0498d-dc16-4ec0-9c2a-7ca03baae270,2020,10
21b0498d-dc16-4ec0-9c2a-7ca03baae270,2021,5
21b0498d-dc16-4ec0-9c2a-7ca03baae270,2023,30
21b0498d-dc16-4ec0-9c2a-7ca03baae270,2024,0
21bc6d26-82d8-456d-842e-da0df04d689d,2024,0
21d5cd8d-8fe8-423e-8c05-e6556ac63c15,2020,10
21d5cd8d-8fe8-423e-8c05-e6556ac63c15,2024,35
222dba5a-bed5-47c6-bacf-94edcd7fd61c,2023,0
225abced-0d62-44bc-8403-8a050b313d15,2020,10
225abced-0d62-44bc-8403-8a050b313d15,2021,5
225abced-0d62-44bc-8403-8a050b313d15,2023,20
225abced-0d62-44bc-8403-8a050b313d15,2024,25
2266fa06-024a-4948-9e6f-5e8ec596f0ed,2020,15
2266fa06-024a-4948-9e6f-5e8ec596f0ed,2023,20
2266fa06-024a-4948-9e6f-5e8ec596f0ed,2024,45
227251e8-4c77-44b7-af32-e73c960a9341,2020,25
227251e8-4c77-44b7-af32-e73c960a9341,2021,55
229a0e38-caf0-402a-be1e-ac1896c33c40,2020,15
229a0e38-caf0-402a-be1e-ac1896c33c40,2021,45
229a0e38-caf0-402a-be1e-ac1896c33c40,2022,15
229a0e38-caf0-402a-be1e-ac1896c33c40,2023,0
229a0e38-caf0-402a-be1e-ac1896c33c40,2024,25
22a882d7-f0e4-4998-9600-d8ec34a62aa0,2022,90
22a882d7-f0e4-4998-9600-d8ec34a62aa0,2023,75
22aad4b0-17c1-46c0-96c0-7d8937a58526,2022,0
22aad4b0-17c1-46c0-96c0-7d8937a58526,2023,0
22bd14ad-55aa-46d8-9ab6-e8e8b112597a,2020,25
22bd14ad-55aa-46d8-9ab6-e8e8b112597a,2022,20
22bd14ad-55aa-46d8-9ab6-e8e8b112597a,2023,30
2349542d-0d73-4b3d-9f49-73a18755e11e,2023,0
236bd5c9-a3f0-44ad-aaad-b56389bd1b87,2020,15
236bd5c9-a3f0-44ad-aaad-b56389bd1b87,2021,45
236bd5c9-a3f0-44ad-aaad-b56389bd1b87,2022,30
236bd5c9-a3f0-44ad-aaad-b56389bd1b87,2023,45
236bd5c9-a3f0-44ad-aaad-b56389bd1b87,2024,30
238261ab-2111-401b-9061-5af5a31ccb88,2020,35
238261ab-2111-401b-9061-5af5a31ccb88,2021,20
238261ab-2111-401b-9061-5af5a31ccb88,2022,20
238261ab-2111-401b-9061-5af5a31ccb88,2023,35
23b2d052-f096-4177-9634-275aa3267f5e,2020,10
23b2d052-f096-4177-9634-275aa3267f5e,2021,20
23b2d052-f096-4177-9634-275aa3267f5e,2023,45
23d8cdb5-4e7f-4475-9276-48e84fcb89f5,2020,45
23d8cdb5-4e7f-4475-9276-48e84fcb89f5,2021,30
23d8cdb5-4e7f-4475-9276-48e84fcb89f5,2022,25
23d8cdb5-4e7f-4475-9276-48e84fcb89f5,2024,5
240eac87-8159-4ba2-b23e-e5280ad9090c,2020,0
240eac87-8159-4ba2-b23e-e5280ad9090c,2022,15
240eac87-8159-4ba2-b23e-e5280ad9090c,2024,5
2446a526-b5a3-4a46-a48a-3914d1a72a34,2020,5
247b225e-4df6-4e5d-9c92-eac7a8e67a3e,2022,5
247b225e-4df6-4e5d-9c92-eac7a8e67a3e,2023,15
247b8c3d-ae10-4fed-ac4b-a1a73dae42ad,2020,20
247b8c3d-ae10-4fed-ac4b-a1a73dae42ad,2021,0
247b8c3d-ae10-4fed-ac4b-a1a73dae42ad,2022,35
247b8c3d-ae10-4fed-ac4b-a1a73dae42ad,2023,50
247b8c3d-ae10-4fed-ac4b-a1a73dae42ad,2024,45
24812146-a154-40c4-90e9-64dccad24485,2020,10
24812146-a154-40c4-90e9-64dccad24485,2021,50
24812146-a154-40c4-90e9-64dccad24485,2022,30
24812146-a154-40c4-90e9-64dccad24485,2023,55
2486b267-1685-460f-8111-6f398a751c8a,2022,10
2486b267-1685-460f-8111-6f398a751c8a,2023,15
24a68e54-37e9-4ba3-a570-f93a53bf5d42,2020,5
24a68e54-37e9-4ba3-a570-f93a53bf5d42,2021,5
24a68e54-37e9-4ba3-a570-f93a53bf5d42,2022,30
24a68e54-37e9-4ba3-a570-f93a53bf5d42,2023,55
24a68e54-37e9-4ba3-a570-f93a53bf5d42,2024,20
250d28e6-3f07-413c-84c2-ca04f0383433,2021,0
250d28e6-3f07-413c-84c2-ca04f0383433,2022,75
250d28e6-3f07-413c-84c2-ca04f0383433,2023,240
250d28e6-3f07-413c-84c2-ca04f0383433,2024,70
251d416f-d4da-40bd-b701-e3cac7238e15,2020,0
2538c317-2d41-4dd0-aa22-fd9b26a018c1,2022,35
2538c317-2d41-4dd0-aa22-fd9b26a018c1,2023,15
2538c317-2d41-4dd0-aa22-fd9b26a018c1,2024,5
25643460-a454-4a30-a205-6b6fde7cbb31,2020,25
25643460-a454-4a30-a205-6b6fde7cbb31,2021,40
25643460-a454-4a30-a205-6b6fde7cbb31,2022,25
25643460-a454-4a30-a205-6b6fde7cbb31,2024,40
25aa9996-3ec4-475d-90af-cd663f2f8545,2020,40
25aa9996-3ec4-475d-90af-cd663f2f8545,2021,45
25aa9996-3ec4-475d-90af-cd663f2f8545,2023,45
25b96a3a-34b5-427f-9b00-b01e3bc09997,2024,0
25bbd1e3-5bde-45aa-afbf-e082bf4ec51c,2023,0
25bbd1e3-5bde-45aa-afbf-e082bf4ec51c,2024,5
25c3cfd6-7880-4584-a08c-baed71b979ac,2024,0
25d37942-30a2-4d60-a4ac-e0db7236de8c,2020,35
25d37942-30a2-4d60-a4ac-e0db7236de8c,2022,25
25d37942-30a2-4d60-a4ac-e0db7236de8c,2023,25
264462ee-b4f3-4684-a895-d5c758069e7a,2020,20
264462ee-b4f3-4684-a895-d5c758069e7a,2022,10
264462ee-b4f3-4684-a895-d5c758069e7a,2023,25
2661a7ee-1ec6-4f57-908b-0da90ec1be7e,2022,0
2661a7ee-1ec6-4f57-908b-0da90ec1be7e,2024,10
266aa3a5-f3ea-4554-9139-c18b51bc6cd4,2020,45
2681492f-613b-41c5-ac3f-439edf595e8a,2020,35
2681492f-613b-41c5-ac3f-439edf595e8a,2021,35
2681492f-613b-41c5-ac3f-439edf595e8a,2022,15
2681492f-613b-41c5-ac3f-439edf595e8a,2023,60
2681492f-613b-41c5-ac3f-439edf595e8a,2024,30
2684be42-6cd8-4fdd-bcba-995f810aa692,2020,0
2684be42-6cd8-4fdd-bcba-995f810aa692,2021,10
2684be42-6cd8-4fdd-bcba-995f810aa692,2022,30
2684be42-6cd8-4fdd-bcba-995f810aa692,2023,30
26bdfd4d-be9b-4fa5-ad50-8293990dc84b,2020,0
26bdfd4d-be9b-4fa5-ad50-8293990dc84b,2021,10
26bdfd4d-be9b-4fa5-ad50-8293990dc84b,2023,20
26bdfd4d-be9b-4fa5-ad50-8293990dc84b,2024,15
26e8629b-648a-4ed1-a9a9-5259e9337699,2021,20
26e8629b-648a-4ed1-a9a9-5259e9337699,2022,25
26e8629b-648a-4ed1-a9a9-5259e9337699,2023,40
26e8629b-648a-4ed1-a9a9-5259e9337699,2024,35
270464eb-2ffb-4888-9b46-29fb88696b27,2022,35
270d837c-c05c-4a7a-a446-5f1209b8532a,2021,25
2742c4e1-0815-437f-8157-c2f08a1d44bc,2020,20
2742c4e1-0815-437f-8157-c2f08a1d44bc,2023,25
27527f08-3d01-444c-ab0b-524d89d25d7d,2020,15
27527f08-3d01-444c-ab0b-524d89d25d7d,2022,15
27527f08-3d01-444c-ab0b-524d89d25d7d,2023,165
27758edc-e97c-4c3f-8e77-cc2c9102073e,2020,10
27758edc-e97c-4c3f-8e77-cc2c9102073e,2021,5
27aef55f-ce9e-419b-83c8-e180605e0cdb,2020,5
27aef55f-ce9e-419b-83c8-e180605e0cdb,2022,40
27aef55f-ce9e-419b-83c8-e180605e0cdb,2023,10
27aef55f-ce9e-419b-83c8-e180605e0cdb,2024,30
27b579e1-8178-468b-8b86-b3ff82c0549d,2020,20
27b579e1-8178-468b-8b86-b3ff82c0549d,2023,45
27b579e1-8178-468b-8b86-b3ff82c0549d,2024,10
27c14f24-09f0-4acb-a922-eb4948ce2776,2020,0
27c14f24-09f0-4acb-a922-eb4948ce2776,2022,20
27c14f24-09f0-4acb-a922-eb4948ce2776,2023,45
27c14f24-09f0-4acb-a922-eb4948ce2776,2024,20
27dc229b-5ddd-4cc0-b17a-5205e462f549,2021,0
27efdded-9773-4487-9d8d-8b1074df6fa1,2021,10
2823a5df-4f24-4553-afd5-00098fa12c6a,2021,10
2823a5df-4f24-4553-afd5-00098fa12c6a,2022,15
2823a5df-4f24-4553-afd5-00098fa12c6a,2023,45
2823a5df-4f24-4553-afd5-00098fa12c6a,2024,25
28285e9c-1a54-4f20-b725-84cafbc7aaf4,2020,15
28285e9c-1a54-4f20-b725-84cafbc7aaf4,2023,30
28586cf3-09ea-4f59-a4b1-77fc8e2574c1,2020,5
28586cf3-09ea-4f59-a4b1-77fc8e2574c1,2021,20
28586cf3-09ea-4f59-a4b1-77fc8e2574c1,2022,0
28586cf3-09ea-4f59-a4b1-77fc8e2574c1,2023,30
28586cf3-09ea-4f59-a4b1-77fc8e2574c1,2024,10
2858ecae-ef7d-4788-b9be-49d59f86cecb,2020,35
2858ecae-ef7d-4788-b9be-49d59f86cecb,2021,15
2858ecae-ef7d-4788-b9be-49d59f86cecb,2022,25
2858ecae-ef7d-4788-b9be-49d59f86cecb,2023,5
2858ecae-ef7d-4788-b9be-49d59f86cecb,2024,30
285a9bc9-3f9a-48ae-a4b5-59b911de2637,2023,5
28a1c1cf-dcfa-4528-aef7-c8a7133161aa,2023,5
28cd992b-fee8-4758-9356-b6bb4160edd9,2020,30
28cd992b-fee8-4758-9356-b6bb4160edd9,2021,5
28cd992b-fee8-4758-9356-b6bb4160edd9,2022,0
28cd992b-fee8-4758-9356-b6bb4160edd9,2023,55
28cd992b-fee8-4758-9356-b6bb4160edd9,2024,10
290efadd-61e6-436c-a26d-b9cb6f574e8e,2023,25
290efadd-61e6-436c-a26d-b9cb6f574e8e,2024,235
2922ac7c-8a77-4d06-ab00-e54c8223b4ee,2020,25
2940f9b7-9195-43b5-a7e8-eeb16790f007,2020,15
2940f9b7-9195-43b5-a7e8-eeb16790f007,2024,0
29463908-b96b-4869-a9e9-a17063124137,2022,10
29463908-b96b-4869-a9e9-a17063124137,2023,5
29463908-b96b-4869-a9e9-a17063124137,2024,30
296a1603-cb10-4508-88ce-b723f1228a28,2022,30
296a1603-cb10-4508-88ce-b723f1228a28,2023,30
296a1603-cb10-4508-88ce-b723f1228a28,2024,20
298a97f7-f06e-45ca-818a-1713ebf7d244,2020,15
298a97f7-f06e-45ca-818a-1713ebf7d244,2021,25
298a97f7-f06e-45ca-818a-1713ebf7d244,2022,25
298a97f7-f06e-45ca-818a-1713ebf7d244,2023,0
298a97f7-f06e-45ca-818a-1713ebf7d244,2024,15
29d000dd-3c2f-4a16-b2a4-0de56c03ef88,2024,0
29e648fc-65b9-43c7-85ee-340d38da601f,2020,55
29e648fc-65b9-43c7-85ee-340d38da601f,2021,25
2a05f536-4f61-4ef0-ae80-7e412fbe4b9c,2022,10
2a05f536-4f61-4ef0-ae80-7e412fbe4b9c,2023,20
2a28cb46-0bf4-4d99-a192-298502a254f7,2020,0
2a28cb46-0bf4-4d99-a192-298502a254f7,2021,5
2a28cb46-0bf4-4d99-a192-298502a254f7,2022,5
2a28cb46-0bf4-4d99-a192-298502a254f7,2023,35
2a28cb46-0bf4-4d99-a192-298502a254f7,2024,25
2a3a2628-d13d-4abe-8354-d2b82f289302,2021,20
2a3a2628-d13d-4abe-8354-d2b82f289302,2022,45
2a3a2628-d13d-4abe-8354-d2b82f289302,2024,5
2a693bf1-693f-4217-aedc-b1c9e3638c36,2020,15
2a693bf1-693f-4217-aedc-b1c9e3638c36,2023,25
2a693bf1-693f-4217-aedc-b1c9e3638c36,2024,5
2a9b51e0-edeb-4f22-ac4d-1755bd318469,2021,45
2a9b51e0-edeb-4f22-ac4d-1755bd318469,2022,40
2a9b51e0-edeb-4f22-ac4d-1755bd318469,2023,65
2a9b51e0-edeb-4f22-ac4d-1755bd318469,2024,55
2aebea1a-4212-44d9-bfc6-7ff00edd3dee,2024,15
2b25c3dc-e7d2-4091-8e94-40642afa0b51,2021,0
2b32784e-d14a-479b-b24e-8795e443731d,2023,45
2b66a677-5bd7-4474-aa71-304d7d6fc467,2020,30
2b66a677-5bd7-4474-aa71-304d7d6fc467,2021,0
2b66a677-5bd7-4474-aa71-304d7d6fc467,2023,20
2b871c43-8405-4070-bb0f-30e3027f9e0e,2020,30
2b871c43-8405-4070-bb0f-30e3027f9e0e,2021,50
2b871c43-8405-4070-bb0f-30e3027f9e0e,2022,20
2b871c43-8405-4070-bb0f-30e3027f9e0e,2024,30
2b97c28a-59fb-4692-9105-91bf34b6e07f,2021,10
2b97c28a-59fb-4692-9105-91bf34b6e07f,2022,15
2b97c28a-59fb-4692-9105-91bf34b6e07f,2023,0
2b97c28a-59fb-4692-9105-91bf34b6e07f,2024,5
2bc33440-f87f-4f44-bf16-54e52050c8c1,2020,15
2bc33440-f87f-4f44-bf16-54e52050c8c1,2021,25
2bc33440-f87f-4f44-bf16-54e52050c8c1,2023,20
2c821882-e766-4c14-89cd-ca9aae3f2b02,2022,5
2c821882-e766-4c14-89cd-ca9aae3f2b02,2023,45
2c9605f1-f127-4917-a8a3-e69ccaf339c4,2020,30
2c9605f1-f127-4917-a8a3-e69ccaf339c4,2022,20
2c9605f1-f127-4917-a8a3-e69ccaf339c4,2023,45
2c9605f1-f127-4917-a8a3-e69ccaf339c4,2024,15
2cd9c975-2d17-4343-89e8-fdf20741da9c,2021,0
2d120f42-4f59-4e1f-847d-c6ff44000503,2020,35
2d120f42-4f59-4e1f-847d-c6ff44000503,2021,35
2d120f42-4f59-4e1f-847d-c6ff44000503,2022,20
2d120f42-4f59-4e1f-847d-c6ff44000503,2023,25
2d16f292-e644-4463-84c5-82f291b4309b,2020,0
2d288d9c-deeb-47b2-8a28-2ecf3f1cf106,2020,0
2d288d9c-deeb-47b2-8a28-2ecf3f1cf106,2021,5
2d288d9c-deeb-47b2-8a28-2ecf3f1cf106,2023,0
2d288d9c-deeb-47b2-8a28-2ecf3f1cf106,2024,5
2d699b21-6334-4c11-b0bb-65559865d48a,2020,35
2d699b21-6334-4c11-b0bb-65559865d48a,2021,20
2d699b21-6334-4c11-b0bb-65559865d48a,2022,5
2d699b21-6334-4c11-b0bb-65559865d48a,2023,45
2d7ccb2e-e66b-4894-b35f-c71a2d03ef23,2021,5
2d8b854f-5768-46b3-8ef1-246ce4274ce2,2020,5
2d8b854f-5768-46b3-8ef1-246ce4274ce2,2023,10
2d8b854f-5768-46b3-8ef1-246ce4274ce2,2024,35
2dbaefd0-2c26-4da2-aac1-8b008bd306aa,2020,35
2dbbfdbf-8641-4d75-9d0f-f04777067202,2022,5
2dc61ad4-0883-4e3f-883a-b812526abcd7,2020,30
2dc61ad4-0883-4e3f-883a-b812526abcd7,2022,10
2dcddc86-0161-4e10-aea3-aa7d45c7d776,2022,15
2dcddc86-0161-4e10-aea3-aa7d45c7d776,2023,5
2de2002f-80d6-4c7b-a14a-634512c0dff8,2024,0
2e0e590a-f366-435b-8696-31f441c56413,2023,25
2e2d8473-e524-4c41-9e81-cf60c1138436,2020,5
2e524f15-6d89-439f-9397-9ddb260953e7,2020,20
2e524f15-6d89-439f-9397-9ddb260953e7,2024,10
2e7502c8-51d4-4f5c-8db6-5fc616663885,2022,10
2e7502c8-51d4-4f5c-8db6-5fc616663885,2023,45
2e7502c8-51d4-4f5c-8db6-5fc616663885,2024,20
2eae8f78-e24d-4278-86d7-8e75b561a650,2023,5
2ed73fd3-a297-4bf3-8734-c1c46e325e6b,2022,0
2ef22f6a-fcea-4573-8248-398a83cd80aa,2024,35
2eff3d60-079a-40f6-be1e-6186a45b98f8,2021,20
2eff3d60-079a-40f6-be1e-6186a45b98f8,2022,30
2eff3d60-079a-40f6-be1e-6186a45b98f8,2023,25
2eff3d60-079a-40f6-be1e-6186a45b98f8,2024,10
2f26027a-ffa2-400b-a17c-e543d15af09a,2023,15
2f26027a-ffa2-400b-a17c-e543d15af09a,2024,0
2f3c80a3-dcdf-4fe8-a473-51d92070d950,2020,10
2f3c80a3-dcdf-4fe8-a473-51d92070d950,2021,5
2f3c80a3-dcdf-4fe8-a473-51d92070d950,2023,15
2f3c80a3-dcdf-4fe8-a473-51d92070d950,2024,15
2f6ca529-6225-4277-ad3f-d2d0ea769718,2024,5
2fb93b8f-b0f7-4c31-b6d4-89f201a0f19e,2024,10
2fbcfe31-a286-4f98-ab00-e93dec8bca21,2020,25
2fbcfe31-a286-4f98-ab00-e93dec8bca21,2022,20
2fbcfe31-a286-4f98-ab00-e93dec8bca21,2023,30
2fcb3121-8bc7-4594-b98c-c3705cd1e0f3,2023,0
2ff111e3-9921-4cd2-80b8-fe6231cccf34,2022,15
2ff111e3-9921-4cd2-80b8-fe6231cccf34,2023,45
2ff987b9-2eee-42ce-98a8-0de0012e232c,2021,15
2ff987b9-2eee-42ce-98a8-0de0012e232c,2022,20
2ff987b9-2eee-42ce-98a8-0de0012e232c,2023,0
2ff987b9-2eee-42ce-98a8-0de0012e232c,2024,0
30055a5b-e7a0-4735-aa4a-21b9e11fc4b2,2021,0
30625858-a259-4f2f-a5cd-81e0cce4e794,2020,0
30814d85-9673-403b-a9af-b4affe982fd8,2022,10
30814d85-9673-403b-a9af-b4affe982fd8,2023,40
30814d85-9673-403b-a9af-b4affe982fd8,2024,0
30ca033f-47da-4a91-911b-d628544fafd9,2022,50
30ca033f-47da-4a91-911b-d628544fafd9,2024,0
30f96cd5-87fa-454c-bcd1-aec08cdcca49,2020,60
30f96cd5-87fa-454c-bcd1-aec08cdcca49,2021,25
30f96cd5-87fa-454c-bcd1-aec08cdcca49,2023,20
30f96cd5-87fa-454c-bcd1-aec08cdcca49,2024,40
31001933-6d1d-490e-890c-21c4961e3650,2020,20
31001933-6d1d-490e-890c-21c4961e3650,2021,40
31001933-6d1d-490e-890c-21c4961e3650,2022,10
31001933-6d1d-490e-890c-21c4961e3650,2023,50
312ca1b8-e049-4ba0-99f1-0af1199efb34,2023,15
318a0d70-78e5-4a01-82d7-3a5596cb2488,2023,10
31c2557e-c687-41cc-940f-50271066d6f5,2023,0
31c2557e-c687-41cc-940f-50271066d6f5,2024,40
31df9c69-2304-4253-bdb0-e194b957c7bc,2024,0
31e03137-17fc-469f-ac63-5977ab4c772b,2021,0
31e03137-17fc-469f-ac63-5977ab4c772b,2023,30
31e03137-17fc-469f-ac63-5977ab4c772b,2024,5
31e6e34a-5f5c-48f8-b8c8-2ab4000e0354,2020,25
31e6e34a-5f5c-48f8-b8c8-2ab4000e0354,2023,40
327d346a-cee5-4347-889e-d8f3c5cee292,2020,15
327d346a-cee5-4347-889e-d8f3c5cee292,2023,30
327f3485-f49d-40e1-8d1a-fb0b381d835d,2020,15
327f3485-f49d-40e1-8d1a-fb0b381d835d,2021,30
327f3485-f49d-40e1-8d1a-fb0b381d835d,2023,20
327f3485-f49d-40e1-8d1a-fb0b381d835d,2024,5
32b86300-61d2-43a9-a59e-ba06474cc7e0,2020,20
32b86300-61d2-43a9-a59e-ba06474cc7e0,2023,45
32b86300-61d2-43a9-a59e-ba06474cc7e0,2024,0
32ca2436-d223-4fa2-aae5-f8dd333935c5,2020,0
32ca2436-d223-4fa2-aae5-f8dd333935c5,2021,0
32d9f9d6-da35-412b-9cd9-f6c37f04f2d8,2022,5
32d9f9d6-da35-412b-9cd9-f6c37f04f2d8,2023,15
3316ec39-575d-4779-91bd-f7d955f2e3b1,2020,10
3316ec39-575d-4779-91bd-f7d955f2e3b1,2021,0
3316ec39-575d-4779-91bd-f7d955f2e3b1,2023,15
3316ec39-575d-4779-91bd-f7d955f2e3b1,2024,10
331b64fc-57a8-4007-9d1c-3d740889658c,2020,20
331b64fc-57a8-4007-9d1c-3d740889658c,2021,5
331b64fc-57a8-4007-9d1c-3d740889658c,2022,35
331b64fc-57a8-4007-9d1c-3d740889658c,2023,5
334b3c97-11f2-404c-b304-b0c9c3c6b2c9,2024,0
3381efc5-6141-472a-981a-a05a47788f97,2024,0
338f37e5-0378-4405-ab70-13ee1bc4bb7c,2020,0
338f37e5-0378-4405-ab70-13ee1bc4bb7c,2022,15
338f37e5-0378-4405-ab70-13ee1bc4bb7c,2023,35
338f37e5-0378-4405-ab70-13ee1bc4bb7c,2024,10
33a6b764-8500-4150-9818-9b9d9d1264d4,2020,25
33a6b764-8500-4150-9818-9b9d9d1264d4,2023,30
33a6b764-8500-4150-9818-9b9d9d1264d4,2024,0
33b401a2-4b04-4671-b36f-47a98028f1a9,2023,25
33b401a2-4b04-4671-b36f-47a98028f1a9,2024,10
3414cf9d-9823-4bdf-9e15-489144038bf7,2022,40
3414cf9d-9823-4bdf-9e15-489144038bf7,2023,5
3446bed8-5aaa-47c4-8a81-8d1438b0e84e,2023,25
3446bed8-5aaa-47c4-8a81-8d1438b0e84e,2024,10
3460b51f-efc2-4f9f-921a-7f9502c48ee2,2023,15
3460b51f-efc2-4f9f-921a-7f9502c48ee2,2024,30
3479fbe0-12c5-4cdf-9f72-6567f9bb3ab4,2024,180
34816ad9-090c-4857-9932-3d7162d0be94,2022,140
348bf4c0-cb50-4ee8-ab0d-4f038c837320,2020,40
348bf4c0-cb50-4ee8-ab0d-4f038c837320,2021,50
348bf4c0-cb50-4ee8-ab0d-4f038c837320,2022,160
348bf4c0-cb50-4ee8-ab0d-4f038c837320,2023,50
348ef2ca-f871-40f3-866f-dabcb74138bb,2022,0
348ef2ca-f871-40f3-866f-dabcb74138bb,2023,0
349f19e4-e9db-457b-90dd-5db2a318ac4a,2022,20
349f19e4-e9db-457b-90dd-5db2a318ac4a,2023,40
34cee524-32a9-434e-9175-9936652691e9,2020,0
34cee524-32a9-434e-9175-9936652691e9,2022,20
34cee524-32a9-434e-9175-9936652691e9,2023,5
34cee524-32a9-434e-9175-9936652691e9,2024,5
34eb827b-11ee-4ecf-9294-25ed872a6306,2023,150
3536b8da-e728-4ded-b628-545d18307eda,2022,20
359bb2ca-0a97-4943-84f0-aa0921dfa34b,2021,30
35d6f0ff-a682-4943-ab4a-446909ef6a3b,2023,0
35df3bf3-dc27-4d46-84b6-9125fda3860c,2022,0
35df3bf3-dc27-4d46-84b6-9125fda3860c,2024,10
35e4c1fb-4d72-442b-bb8e-3b80124b090d,2020,5
35e4c1fb-4d72-442b-bb8e-3b80124b090d,2021,10
35e4c1fb-4d72-442b-bb8e-3b80124b090d,2023,20
35e4c1fb-4d72-442b-bb8e-3b80124b090d,2024,30
35ed1b50-d9fb-4319-94dd-66ac356c67e5,2023,0
35ed1b50-d9fb-4319-94dd-66ac356c67e5,2024,5
3611df6a-3154-4fd6-b305-945c1c04aaa0,2022,5
36192fb2-9ddb-4482-a613-a082c1cda636,2023,50
36192fb2-9ddb-4482-a613-a082c1cda636,2024,20
361f81b6-5db2-434e-9dfe-98400456bea9,2023,10
36675377-9986-48ff-83b1-038258b0ab3b,2020,25
36675377-9986-48ff-83b1-038258b0ab3b,2023,45
36675377-9986-48ff-83b1-038258b0ab3b,2024,15
366c5c28-3f82-48e4-bc3a-3ff56cbba685,2020,15
366c5c28-3f82-48e4-bc3a-3ff56cbba685,2021,15
366c5c28-3f82-48e4-bc3a-3ff56cbba685,2024,40
366de0a4-fbb8-4ef7-aae6-2cc8a4476497,2023,165
366de0a4-fbb8-4ef7-aae6-2cc8a4476497,2024,5
36841800-58c3-4cfc-987f-99a583021159,2022,0
36abd15a-4627-4ae8-9896-3d7cc803c019,2022,45
36d14a48-db01-4115-932b-e6527fb56bc8,2020,20
36d14a48-db01-4115-932b-e6527fb56bc8,2023,0
37611059-a46f-40dd-86de-91006b8876db,2024,0
37ed33ae-644b-4835-818e-d8cd87e8bd4f,2020,25
37ed33ae-644b-4835-818e-d8cd87e8bd4f,2021,25
383005cf-81ef-4beb-911f-29e455e87ce6,2023,15
38d95e97-0be1-487a-b898-588c1a59489a,2020,20
38d95e97-0be1-487a-b898-588c1a59489a,2021,40
38d95e97-0be1-487a-b898-588c1a59489a,2022,0
38d95e97-0be1-487a-b898-588c1a59489a,2023,55
38d95e97-0be1-487a-b898-588c1a59489a,2024,30
390fbf20-b420-4aa0-b069-0b51013f4959,2020,25
390fbf20-b420-4aa0-b069-0b51013f4959,2021,5
390fbf20-b420-4aa0-b069-0b51013f4959,2022,10
390fbf20-b420-4aa0-b069-0b51013f4959,2023,25
39512afc-bcac-456d-9783-23611698475d,2020,20
39512afc-bcac-456d-9783-23611698475d,2021,10
39512afc-bcac-456d-9783-23611698475d,2022,15
39512afc-bcac-456d-9783-23611698475d,2023,40
39512afc-bcac-456d-9783-23611698475d,2024,30
3951bc89-cb3e-45de-a66a-6f1b4286334b,2020,85
3951bc89-cb3e-45de-a66a-6f1b4286334b,2021,0
3951bc89-cb3e-45de-a66a-6f1b4286334b,2023,5
39638971-04ae-438a-8a54-7f6b47b2e247,2020,0
397a45fb-bc95-4d07-9147-b5645a807b26,2020,5
397a45fb-bc95-4d07-9147-b5645a807b26,2021,35
397a45fb-bc95-4d07-9147-b5645a807b26,2023,10
39952dfe-e8e1-49b1-a127-c4df2059881a,2020,25
39952dfe-e8e1-49b1-a127-c4df2059881a,2021,0
39952dfe-e8e1-49b1-a127-c4df2059881a,2022,5
39952dfe-e8e1-49b1-a127-c4df2059881a,2023,25
39952dfe-e8e1-49b1-a127-c4df2059881a,2024,15
39a90deb-7510-481e-bd9d-b1e3f2077305,2024,5
39b82dbf-754e-427a-8fc1-591078c9cfc9,2020,45
39b82dbf-754e-427a-8fc1-591078c9cfc9,2021,5
39b82dbf-754e-427a-8fc1-591078c9cfc9,2022,25
39b82dbf-754e-427a-8fc1-591078c9cfc9,2023,35
39b82dbf-754e-427a-8fc1-591078c9cfc9,2024,15
39d6f863-04f0-4888-8705-0656ea5060d6,2020,35
39d6f863-04f0-4888-8705-0656ea5060d6,2023,105
3a3a6fe4-57ea-41fb-952d-bec7417d0264,2020,15
3a3a6fe4-57ea-41fb-952d-bec7417d0264,2023,15
3a67ae79-7545-4892-9639-76baaa54225c,2020,0
3a7120bc-f06a-447b-9d2a-b26087911115,2020,10
3a7120bc-f06a-447b-9d2a-b26087911115,2022,5
3ad5393e-b4e0-4487-8bfc-40448cb9a14d,2022,0
3b26a93f-759a-418a-a150-bbf95c441533,2020,25
3b26a93f-759a-418a-a150-bbf95c441533,2021,25
3b26a93f-759a-418a-a150-bbf95c441533,2022,30
3b26a93f-759a-418a-a150-bbf95c441533,2023,20
3b302174-97e0-4aba-abf7-5101964b070b,2023,30
3b39d666-cf8b-4a38-91e7-efa73438a92c,2020,15
3b39d666-cf8b-4a38-91e7-efa73438a92c,2021,35
3b39d666-cf8b-4a38-91e7-efa73438a92c,2023,15
3b67fd1b-d16e-4cb0-b018-1f6606ab720c,2020,15
3b67fd1b-d16e-4cb0-b018-1f6606ab720c,2022,90
3b67fd1b-d16e-4cb0-b018-1f6606ab720c,2023,20
3b8bb2ab-d464-4b28-8df6-ee80ee337025,2020,0
3b8bb2ab-d464-4b28-8df6-ee80ee337025,2022,15
3b8bb2ab-d464-4b28-8df6-ee80ee337025,2023,45
3b8bb2ab-d464-4b28-8df6-ee80ee337025,2024,35
3c0b3445-9626-4100-98a1-09f39eb391ec,2020,35
3c0b3445-9626-4100-98a1-09f39eb391ec,2022,25
3c0b3445-9626-4100-98a1-09f39eb391ec,2023,20
3c0b3445-9626-4100-98a1-09f39eb391ec,2024,30
3c75ee38-e7df-41a4-9f63-34a6d967cdef,2020,30
3c75ee38-e7df-41a4-9f63-34a6d967cdef,2022,0
3c75ee38-e7df-41a4-9f63-34a6d967cdef,2023,30
3c839854-b534-402b-bc5d-effaeb3dae81,2023,10
3c839854-b534-402b-bc5d-effaeb3dae81,2024,5
3d3b48d7-fd1e-4f3c-839b-f7937d9ffa87,2023,25
3d42bf57-4a5f-493f-8759-e1e53aede2ad,2020,20
3d42bf57-4a5f-493f-8759-e1e53aede2ad,2021,35
3d42bf57-4a5f-493f-8759-e1e53aede2ad,2022,40
3d42bf57-4a5f-493f-8759-e1e53aede2ad,2023,0
3d42bf57-4a5f-493f-8759-e1e53aede2ad,2024,30
3d9ff21f-8a9a-4678-9d41-22c10f5c4dc4,2020,20
3d9ff21f-8a9a-4678-9d41-22c10f5c4dc4,2021,35
3d9ff21f-8a9a-4678-9d41-22c10f5c4dc4,2022,40
3d9ff21f-8a9a-4678-9d41-22c10f5c4dc4,2023,0
3d9ff21f-8a9a-4678-9d41-22c10f5c4dc4,2024,25
3da8c2c9-1ab6-46b3-8dec-f42e3cdb9ec0,2020,0
3dc65494-2672-4c78-95a7-92db6e944374,2024,0
3ddbdbc2-2652-4be2-ab1d-b68ba763e597,2020,25
3ddbdbc2-2652-4be2-ab1d-b68ba763e597,2022,25
3ddbdbc2-2652-4be2-ab1d-b68ba763e597,2023,35
3e306aba-f893-413c-9f58-e310a28ecebe,2022,15
3e4b6be8-2b42-4852-bcf9-8e676af2c795,2020,25
3e4b6be8-2b42-4852-bcf9-8e676af2c795,2021,0
3e4b6be8-2b42-4852-bcf9-8e676af2c795,2022,40
3e4b6be8-2b42-4852-bcf9-8e676af2c795,2023,20
3e4b6be8-2b42-4852-bcf9-8e676af2c795,2024,10
3e50e1bc-e694-41b3-8670-b722d99f406d,2020,10
3e50e1bc-e694-41b3-8670-b722d99f406d,2022,20
3e50e1bc-e694-41b3-8670-b722d99f406d,2024,20
3e7443ba-dd8c-49d3-8318-0aae10436dc9,2021,0
3e7443ba-dd8c-49d3-8318-0aae10436dc9,2022,15
3e8877aa-735d-4763-a061-f7974874dc4b,2021,10
3e8877aa-735d-4763-a061-f7974874dc4b,2024,10
3ed2b92f-e8aa-4913-b2dc-c3b6e5ccb8c5,2020,20
3ed2b92f-e8aa-4913-b2dc-c3b6e5ccb8c5,2021,40
3ed2b92f-e8aa-4913-b2dc-c3b6e5ccb8c5,2022,20
3ed2b92f-e8aa-4913-b2dc-c3b6e5ccb8c5,2023,35
3ed2b92f-e8aa-4913-b2dc-c3b6e5ccb8c5,2024,15
3f05c8bc-706c-42b3-be88-9783ea1ee5ef,2020,30
3f05c8bc-706c-42b3-be88-9783ea1ee5ef,2021,15
3f05c8bc-706c-42b3-be88-9783ea1ee5ef,2022,20
3f05c8bc-706c-42b3-be88-9783ea1ee5ef,2023,40
3f05c8bc-706c-42b3-be88-9783ea1ee5ef,2024,25
3f1060be-f2fb-49cb-ad22-aa0aa0082603,2020,20
3f1060be-f2fb-49cb-ad22-aa0aa0082603,2021,10
3f1060be-f2fb-49cb-ad22-aa0aa0082603,2024,30
3f3c6bb1-1fee-4849-8fae-e8134591f157,2020,50
3f3c6bb1-1fee-4849-8fae-e8134591f157,2021,50
3f3c6bb1-1fee-4849-8fae-e8134591f157,2022,75
3f3c6bb1-1fee-4849-8fae-e8134591f157,2023,45
3f3c6bb1-1fee-4849-8fae-e8134591f157,2024,25
3f62c41e-c48b-4bb0-a0ee-05482bca41d2,2020,40
3f62c41e-c48b-4bb0-a0ee-05482bca41d2,2021,45
3f62c41e-c48b-4bb0-a0ee-05482bca41d2,2023,65
3f78ba2d-02fc-4b97-b5d7-b6a94ad6d958,2020,15
3f78ba2d-02fc-4b97-b5d7-b6a94ad6d958,2021,10
3f78ba2d-02fc-4b97-b5d7-b6a94ad6d958,2023,5
3f812ec6-989f-4642-a340-5f093c61ee06,2023,180
3f812ec6-989f-4642-a340-5f093c61ee06,2024,155
3f834fef-4640-498f-a6a8-a3f0fbc07a98,2021,10
3fadcb28-aeb9-45c4-9f20-bde99ec8383d,2020,10
3fadcb28-aeb9-45c4-9f20-bde99ec8383d,2021,10
3fadcb28-aeb9-45c4-9f20-bde99ec8383d,2024,15
3fdc6b31-9c1d-4ca9-88dc-6d73fb643060,2020,20
3fdc6b31-9c1d-4ca9-88dc-6d73fb643060,2022,10
3fdc6b31-9c1d-4ca9-88dc-6d73fb643060,2023,5
3fdc6b31-9c1d-4ca9-88dc-6d73fb643060,2024,30
401d0874-26ac-4347-83d2-a825421804f1,2020,30
401d0874-26ac-4347-83d2-a825421804f1,2021,5
401d0874-26ac-4347-83d2-a825421804f1,2023,30
401d0874-26ac-4347-83d2-a825421804f1,2024,50
40643689-feef-49ba-af2d-b6aa067a3ccb,2020,15
40643689-feef-49ba-af2d-b6aa067a3ccb,2022,25
40643689-feef-49ba-af2d-b6aa067a3ccb,2023,45
40643689-feef-49ba-af2d-b6aa067a3ccb,2024,5
40b7e8d5-8e1f-43d4-b801-62dda7b7d4d1,2022,195
40b7e8d5-8e1f-43d4-b801-62dda7b7d4d1,2023,360
40b7e8d5-8e1f-43d4-b801-62dda7b7d4d1,2024,325
40e7f1b8-0bd8-4df1-a28c-5a686c2eb36c,2022,0
40e7f1b8-0bd8-4df1-a28c-5a686c2eb36c,2023,0
41304b40-19b5-4292-89c4-e45e91704ba2,2020,5
4147268b-2a72-430f-8094-904dd8e38c87,2020,25
41c91a8d-95c7-41b7-b262-c0dc3c39a787,2021,10
41c91a8d-95c7-41b7-b262-c0dc3c39a787,2022,0
41c91a8d-95c7-41b7-b262-c0dc3c39a787,2023,20
41c91a8d-95c7-41b7-b262-c0dc3c39a787,2024,0
42244871-2f29-47ff-9671-3717bc343ddd,2020,30
42244871-2f29-47ff-9671-3717bc343ddd,2021,20
42244871-2f29-47ff-9671-3717bc343ddd,2022,25
42244871-2f29-47ff-9671-3717bc343ddd,2023,15
424829bd-64c3-4c25-a262-1a4cba79eafc,2022,20
424829bd-64c3-4c25-a262-1a4cba79eafc,2023,35
424829bd-64c3-4c25-a262-1a4cba79eafc,2024,25
425df129-78d7-4662-bad6-9e43a7b360c0,2021,5
42dd0315-c417-4153-be99-5d3be7b1c1ed,2020,20
42dd0315-c417-4153-be99-5d3be7b1c1ed,2021,15
42f97273-8356-4fbb-a77e-f08f3603027b,2020,5
42f97273-8356-4fbb-a77e-f08f3603027b,2022,15
42f97273-8356-4fbb-a77e-f08f3603027b,2023,35
430ff207-df3b-4a6b-8de2-28f48472760f,2020,35
430ff207-df3b-4a6b-8de2-28f48472760f,2022,20
430ff207-df3b-4a6b-8de2-28f48472760f,2023,35
430ff207-df3b-4a6b-8de2-28f48472760f,2024,20
4323305e-e4f2-42ed-bd8c-902fc95ed496,2022,25
4323305e-e4f2-42ed-bd8c-902fc95ed496,2023,15
4352de64-db64-4347-863b-87e73b361cd8,2020,10
4352de64-db64-4347-863b-87e73b361cd8,2024,10
436502ae-ac95-4674-829f-a3174b5d3443,2020,30
436502ae-ac95-4674-829f-a3174b5d3443,2021,15
436502ae-ac95-4674-829f-a3174b5d3443,2023,25
436502ae-ac95-4674-829f-a3174b5d3443,2024,15
436c6184-42ec-4d10-b296-7ab756127dd7,2022,45
436c6184-42ec-4d10-b296-7ab756127dd7,2023,5
436c6184-42ec-4d10-b296-7ab756127dd7,2024,0
43d92529-b815-494a-bcc7-5a016056f6b9,2020,20
43d92529-b815-494a-bcc7-5a016056f6b9,2021,100
43d92529-b815-494a-bcc7-5a016056f6b9,2023,5
43d92529-b815-494a-bcc7-5a016056f6b9,2024,105
43e6d8e2-15a3-444a-a05b-8a91e2d97ce1,2021,5
43e6d8e2-15a3-444a-a05b-8a91e2d97ce1,2023,0
43e6d8e2-15a3-444a-a05b-8a91e2d97ce1,2024,30
43f9ff5f-c2f2-483d-ba79-3908ddd7486d,2020,30
43f9ff5f-c2f2-483d-ba79-3908ddd7486d,2022,35
43f9ff5f-c2f2-483d-ba79-3908ddd7486d,2024,30
442d0557-7d13-450d-a309-82118cecf481,2020,55
442d0557-7d13-450d-a309-82118cecf481,2022,0
442d0557-7d13-450d-a309-82118cecf481,2024,35
44a6cd7f-f50b-4f31-bcb4-f7181328531c,2020,10
44a6cd7f-f50b-4f31-bcb4-f7181328531c,2021,10
44a6cd7f-f50b-4f31-bcb4-f7181328531c,2022,10
44a6cd7f-f50b-4f31-bcb4-f7181328531c,2023,25
44a6cd7f-f50b-4f31-bcb4-f7181328531c,2024,40
44b09769-d3dc-4aba-931b-b641348445b4,2020,5
44c24308-5045-4c7d-a9a2-47bd85197325,2020,0
44c24308-5045-4c7d-a9a2-47bd85197325,2021,0
44c24308-5045-4c7d-a9a2-47bd85197325,2022,150
44c24308-5045-4c7d-a9a2-47bd85197325,2023,30
44c4b577-8dc9-4779-9a01-fc365eb79ec0,2020,40
44c4b577-8dc9-4779-9a01-fc365eb79ec0,2021,15
44c4b577-8dc9-4779-9a01-fc365eb79ec0,2022,25
44c4b577-8dc9-4779-9a01-fc365eb79ec0,2023,30
44c4b577-8dc9-4779-9a01-fc365eb79ec0,2024,30
44dd969a-e502-480b-b429-98b884b144e3,2020,0
44dd969a-e502-480b-b429-98b884b144e3,2022,80
44dd969a-e502-480b-b429-98b884b144e3,2023,5
44dd969a-e502-480b-b429-98b884b144e3,2024,0
44e745d4-28a6-4809-af64-0041e45e8636,2020,25
44e745d4-28a6-4809-af64-0041e45e8636,2022,40
44e745d4-28a6-4809-af64-0041e45e8636,2024,30
450c4810-4de4-49c1-8ebc-53ce274abc26,2021,0
4547ac58-94ce-4ced-8260-4e0c31ca06c1,2021,5
4547ac58-94ce-4ced-8260-4e0c31ca06c1,2023,30
45813315-4485-47d0-a5e7-71e3da33e7a4,2020,25
45813315-4485-47d0-a5e7-71e3da33e7a4,2022,20
45813315-4485-47d0-a5e7-71e3da33e7a4,2023,20
458b2494-319d-42dd-9fca-c4a8c6a0de8a,2021,0
458b2494-319d-42dd-9fca-c4a8c6a0de8a,2022,15
462e45c0-5ee7-451a-a14e-cbc86672452e,2020,0
462edf73-3a85-4485-abd0-ecb6d914bc19,2022,170
462edf73-3a85-4485-abd0-ecb6d914bc19,2023,235
462edf73-3a85-4485-abd0-ecb6d914bc19,2024,0
463224f5-3bff-4bf0-9432-52b30256fb6c,2020,20
463224f5-3bff-4bf0-9432-52b30256fb6c,2021,50
463224f5-3bff-4bf0-9432-52b30256fb6c,2023,40
4658f4a0-0a97-4416-bd1c-33fdbab05034,2020,50
4682b15b-4ee9-416b-abc9-115f378c705b,2020,15
4682b15b-4ee9-416b-abc9-115f378c705b,2022,35
4682b15b-4ee9-416b-abc9-115f378c705b,2023,0
4682b15b-4ee9-416b-abc9-115f378c705b,2024,35
46b7eaf6-ebcb-4dec-878f-2889de25ec65,2020,50
46b7eaf6-ebcb-4dec-878f-2889de25ec65,2021,35
46b7eaf6-ebcb-4dec-878f-2889de25ec65,2022,35
46b7eaf6-ebcb-4dec-878f-2889de25ec65,2023,20
46b7eaf6-ebcb-4dec-878f-2889de25ec65,2024,35
46cb6df9-7af4-40b4-94af-59e794463c79,2020,5
46cb6df9-7af4-40b4-94af-59e794463c79,2022,55
46cb6df9-7af4-40b4-94af-59e794463c79,2023,40
4729a807-0b04-4941-a5cf-9b0ad42afcf3,2020,25
4729a807-0b04-4941-a5cf-9b0ad42afcf3,2021,40
4729a807-0b04-4941-a5cf-9b0ad42afcf3,2022,60
4729a807-0b04-4941-a5cf-9b0ad42afcf3,2023,85
4729a807-0b04-4941-a5cf-9b0ad42afcf3,2024,295
4732bc53-0a25-4398-9a3d-821425b3a38b,2021,5
4732bc53-0a25-4398-9a3d-821425b3a38b,2022,0
47710e72-f5e3-4fa7-be06-03439805878b,2020,30
47710e72-f5e3-4fa7-be06-03439805878b,2021,5
47710e72-f5e3-4fa7-be06-03439805878b,2023,30
47710e72-f5e3-4fa7-be06-03439805878b,2024,10
47782a17-7bd8-457e-bb71-b38ddfeae09c,2020,0
47782a17-7bd8-457e-bb71-b38ddfeae09c,2022,0
47782a17-7bd8-457e-bb71-b38ddfeae09c,2023,0
478032a1-5d89-426c-b052-7eb7e9c1e43b,2020,15
478032a1-5d89-426c-b052-7eb7e9c1e43b,2022,30
478032a1-5d89-426c-b052-7eb7e9c1e43b,2024,45
47eba176-0b10-4e0e-a9a3-ab9069041ced,2022,15
481b9fa1-f8d6-4156-bab3-ebac2f450849,2020,20
481b9fa1-f8d6-4156-bab3-ebac2f450849,2022,0
481b9fa1-f8d6-4156-bab3-ebac2f450849,2023,35
481b9fa1-f8d6-4156-bab3-ebac2f450849,2024,25
48800fde-b15d-4122-8233-d5ab1d6292f5,2020,60
48800fde-b15d-4122-8233-d5ab1d6292f5,2021,55
48800fde-b15d-4122-8233-d5ab1d6292f5,2022,20
48800fde-b15d-4122-8233-d5ab1d6292f5,2023,60
48800fde-b15d-4122-8233-d5ab1d6292f5,2024,55
48893a75-f3df-4eab-8070-808e78d13fa4,2022,30
48893a75-f3df-4eab-8070-808e78d13fa4,2024,5
48ee2527-2f49-4b5b-b6f5-5fd0a1c0119a,2022,0
48efbf38-6b7c-41c4-b3a1-ba519e27f99e,2022,65
48efbf38-6b7c-41c4-b3a1-ba519e27f99e,2023,35
48efbf38-6b7c-41c4-b3a1-ba519e27f99e,2024,10
4907a2de-3344-4084-aecf-15abcfad4bd0,2021,90
4907a2de-3344-4084-aecf-15abcfad4bd0,2023,15
4907a2de-3344-4084-aecf-15abcfad4bd0,2024,5
492e3840-40f6-438c-862c-b49845c7c63d,2020,20
492e3840-40f6-438c-862c-b49845c7c63d,2021,5
492e3840-40f6-438c-862c-b49845c7c63d,2022,5
492e3840-40f6-438c-862c-b49845c7c63d,2023,40
492e3840-40f6-438c-862c-b49845c7c63d,2024,35
49534c40-9407-4218-8e81-060f9c7b3f28,2022,10
49534c40-9407-4218-8e81-060f9c7b3f28,2023,25
49534c40-9407-4218-8e81-060f9c7b3f28,2024,5
49729304-ef4f-41c8-bbfc-650563271a97,2020,35
49729304-ef4f-41c8-bbfc-650563271a97,2021,10
49729304-ef4f-41c8-bbfc-650563271a97,2022,20
49729304-ef4f-41c8-bbfc-650563271a97,2023,45
49729304-ef4f-41c8-bbfc-650563271a97,2024,5
497a76ce-56b3-4edd-a978-a90c74ab099b,2020,0
497a76ce-56b3-4edd-a978-a90c74ab099b,2022,5
497a76ce-56b3-4edd-a978-a90c74ab099b,2023,45
497a76ce-56b3-4edd-a978-a90c74ab099b,2024,5
49f1e4cd-3b73-44ff-8816-6bc61cb7b65c,2023,25
49ff5ddd-a1f8-4213-bf86-8b7fdd38118a,2022,30
49ff5ddd-a1f8-4213-bf86-8b7fdd38118a,2023,5
4a2b2e8e-6ef0-40c9-a91e-1e3b09ae68da,2020,20
4a2b2e8e-6ef0-40c9-a91e-1e3b09ae68da,2021,15
4a2b2e8e-6ef0-40c9-a91e-1e3b09ae68da,2023,25
4a2b2e8e-6ef0-40c9-a91e-1e3b09ae68da,2024,190
4a2f66df-d11d-46f5-b420-1d0958308867,2020,30
4a2f66df-d11d-46f5-b420-1d0958308867,2023,15
4aa1b537-7ae3-4483-a504-35e64dc9a424,2020,10
4aa1b537-7ae3-4483-a504-35e64dc9a424,2021,0
4aa1b537-7ae3-4483-a504-35e64dc9a424,2022,20
4aa1b537-7ae3-4483-a504-35e64dc9a424,2024,15
4aa26cb2-35e7-473e-a1fc-8deed4b0fcc7,2020,10
4aa26cb2-35e7-473e-a1fc-8deed4b0fcc7,2023,5
4ad9dacd-2fa1-417e-a34f-4a38fe29758b,2020,20
4ad9dacd-2fa1-417e-a34f-4a38fe29758b,2022,5
4ad9dacd-2fa1-417e-a34f-4a38fe29758b,2023,5
4b1d0164-03ff-4f6b-aca8-a27ace1cfc01,2020,235
4b220e5b-ef02-4c8e-a69b-cea5b766d23c,2020,40
4b220e5b-ef02-4c8e-a69b-cea5b766d23c,2022,10
4b220e5b-ef02-4c8e-a69b-cea5b766d23c,2023,40
4b2931b6-8597-42ab-8451-7275985d9274,2022,5
4b2931b6-8597-42ab-8451-7275985d9274,2023,0
4b2931b6-8597-42ab-8451-7275985d9274,2024,5
4b49a263-b70b-44e6-bcf8-b18651990ae9,2020,230
4b63f7d0-0a19-4ddf-9cc4-fb7d3d66cba9,2021,15
4b63f7d0-0a19-4ddf-9cc4-fb7d3d66cba9,2022,10
4b63f7d0-0a19-4ddf-9cc4-fb7d3d66cba9,2023,65
4b63f7d0-0a19-4ddf-9cc4-fb7d3d66cba9,2024,30
4b7b1156-4808-45da-a85e-d62a3e4a89f0,2020,15
4b7b1156-4808-45da-a85e-d62a3e4a89f0,2021,10
4b7b1156-4808-45da-a85e-d62a3e4a89f0,2023,30
4b7b1156-4808-45da-a85e-d62a3e4a89f0,2024,30
4c16975d-2802-4bb2-a695-67f0922f009b,2023,45
4c16975d-2802-4bb2-a695-67f0922f009b,2024,0
4c1b0dd5-3c21-4d9d-8544-98cde5603d86,2022,0
4c1b0dd5-3c21-4d9d-8544-98cde5603d86,2024,15
4c3bdb81-0237-4356-b9cb-24815fedb950,2020,20
4c3bdb81-0237-4356-b9cb-24815fedb950,2021,45
4c3bdb81-0237-4356-b9cb-24815fedb950,2022,10
4c3bdb81-0237-4356-b9cb-24815fedb950,2023,10
4c3bdb81-0237-4356-b9cb-24815fedb950,2024,40
4c492e94-1961-4500-9ec5-aba36504514b,2020,10
4c492e94-1961-4500-9ec5-aba36504514b,2023,45
4c653550-2625-429d-b919-51d472e69afa,2020,10
4c653550-2625-429d-b919-51d472e69afa,2023,50
4c653550-2625-429d-b919-51d472e69afa,2024,15
4c7e5875-03b2-4042-bccb-6740df73f505,2020,40
4c7e5875-03b2-4042-bccb-6740df73f505,2021,55
4c7e5875-03b2-4042-bccb-6740df73f505,2022,55
4c7e5875-03b2-4042-bccb-6740df73f505,2023,15
4c7e5875-03b2-4042-bccb-6740df73f505,2024,10
4cc98057-6122-4274-9b72-9e04acaea7d5,2022,5
4cc98057-6122-4274-9b72-9e04acaea7d5,2023,10
4cc98057-6122-4274-9b72-9e04acaea7d5,2024,10
4cdd9544-f3a5-437f-94af-fce48dd05b01,2020,0
4ce8b286-8a72-4ce7-8cf4-a3a9a3092b1b,2023,0
4cf1d66e-f6ab-40aa-b7ed-b86f2ef77bb4,2020,30
4cf1d66e-f6ab-40aa-b7ed-b86f2ef77bb4,2021,50
4cf1d66e-f6ab-40aa-b7ed-b86f2ef77bb4,2022,35
4cf1d66e-f6ab-40aa-b7ed-b86f2ef77bb4,2023,50
4cf1d66e-f6ab-40aa-b7ed-b86f2ef77bb4,2024,15
4d05c978-8ae8-4f48-8412-2a55ae8e03a5,2022,50
4d05c978-8ae8-4f48-8412-2a55ae8e03a5,2023,20
4d05c978-8ae8-4f48-8412-2a55ae8e03a5,2024,45
4d09d1c8-8731-4c33-a865-bc075ceee601,2020,10
4d09d1c8-8731-4c33-a865-bc075ceee601,2021,10
4d09d1c8-8731-4c33-a865-bc075ceee601,2022,20
4d09d1c8-8731-4c33-a865-bc075ceee601,2023,0
4d09d1c8-8731-4c33-a865-bc075ceee601,2024,10
4d1aca58-25c6-46b3-87c9-b810fb6d11d7,2024,170
4d3d9df8-1470-4f2d-b1c9-1d0031d7f04c,2020,10
4d3d9df8-1470-4f2d-b1c9-1d0031d7f04c,2021,0
4daa72a4-a4a5-4e9b-94be-b37b98a8f2b3,2021,20
4daa72a4-a4a5-4e9b-94be-b37b98a8f2b3,2022,20
4daa72a4-a4a5-4e9b-94be-b37b98a8f2b3,2024,25
4e0c1953-5fdf-4e2e-890c-e069be3ffc91,2020,45
4e2087e6-4f08-48bb-a8c8-92e6040ea06d,2023,0
4e2087e6-4f08-48bb-a8c8-92e6040ea06d,2024,35
4e2bef2a-bdb9-4479-99c3-3fb9982f03f3,2023,20
4e2bef2a-bdb9-4479-99c3-3fb9982f03f3,2024,195
4e2fadce-d243-4d15-97b6-ec9ae3563e88,2020,10
4e2fadce-d243-4d15-97b6-ec9ae3563e88,2021,40
4e2fadce-d243-4d15-97b6-ec9ae3563e88,2022,25
4e2fadce-d243-4d15-97b6-ec9ae3563e88,2023,55
4e2fadce-d243-4d15-97b6-ec9ae3563e88,2024,20
4e560570-592e-43a3-8186-68c19eba0231,2020,120
4e560570-592e-43a3-8186-68c19eba0231,2022,75
4e667695-151d-4d1e-b6fb-942eee7b5971,2020,5
4e667695-151d-4d1e-b6fb-942eee7b5971,2023,30
4ed5e3cd-550d-48c0-9d6d-4f27f37f1e52,2020,25
4ed5e3cd-550d-48c0-9d6d-4f27f37f1e52,2022,25
4ed5e3cd-550d-48c0-9d6d-4f27f37f1e52,2023,10
4ed5e3cd-550d-48c0-9d6d-4f27f37f1e52,2024,10
4edf54f7-4621-4f73-873f-5fd080cb6eb1,2020,10
4edf54f7-4621-4f73-873f-5fd080cb6eb1,2024,10
4ee428e0-7e45-4895-9ae9-0572cbc6af69,2020,35
4ee428e0-7e45-4895-9ae9-0572cbc6af69,2023,0
4eef292e-7f1c-4c28-849d-62e06fedc8ef,2020,25
4eef292e-7f1c-4c28-849d-62e06fedc8ef,2023,30
4ef54fdf-ac9d-4cf3-aa17-7036295d820d,2024,0
4f0041b6-8c7c-40ff-893d-e579a00559d4,2023,95
4f26fe0c-f306-4fbb-a396-d0e6ddd42901,2023,30
4f26fe0c-f306-4fbb-a396-d0e6ddd42901,2024,20
4f5436cb-fd4b-44f9-9ef9-b9753fc440db,2020,5
4f5436cb-fd4b-44f9-9ef9-b9753fc440db,2022,40
4f5436cb-fd4b-44f9-9ef9-b9753fc440db,2023,0
4f5436cb-fd4b-44f9-9ef9-b9753fc440db,2024,15
4f73299e-6740-4297-8901-45b7a1424bd4,2021,30
4f73299e-6740-4297-8901-45b7a1424bd4,2022,5
4f73299e-6740-4297-8901-45b7a1424bd4,2023,45
4f73299e-6740-4297-8901-45b7a1424bd4,2024,25
4f934e3e-198b-4abf-8833-5212afcb8ba2,2020,5
4f934e3e-198b-4abf-8833-5212afcb8ba2,2021,30
4f934e3e-198b-4abf-8833-5212afcb8ba2,2023,55
4fdc1576-ff97-41b0-97a7-4eaee5b14331,2020,10
4fdc1576-ff97-41b0-97a7-4eaee5b14331,2022,30
505cc972-6e2a-46b8-82f1-eb5c2cd86a74,2020,35
505cc972-6e2a-46b8-82f1-eb5c2cd86a74,2023,35
50b2e84b-96f9-4e24-81dc-e71b74bd9264,2023,45
5155aa13-e874-493c-bf4b-86f5d82245b0,2022,0
515ba336-f5ee-4d92-be59-6e7673562498,2020,15
515ba336-f5ee-4d92-be59-6e7673562498,2024,15
51616f43-5bc6-48ad-90fa-501ed9e074d6,2021,0
51ee6c00-51d5-4f4d-936b-be27b4a28448,2023,30
524c5120-dbee-48d4-a4da-32a829174688,2020,90
524c5120-dbee-48d4-a4da-32a829174688,2023,60
52788eb7-5251-49d9-a8f5-a59a0a47d60d,2022,0
527defef-f716-4c86-8564-79c2adff0d59,2021,10
527defef-f716-4c86-8564-79c2adff0d59,2023,5
527defef-f716-4c86-8564-79c2adff0d59,2024,10
5291e5d9-422e-4d02-90fb-95714ab7969a,2023,5
52b9b5df-b827-4615-8a9c-89dea55ee1cf,2020,0
52b9b5df-b827-4615-8a9c-89dea55ee1cf,2021,10
52b9b5df-b827-4615-8a9c-89dea55ee1cf,2022,20
52b9b5df-b827-4615-8a9c-89dea55ee1cf,2023,60
53160855-d506-49eb-b805-8af364ed7b98,2020,10
53160855-d506-49eb-b805-8af364ed7b98,2021,10
53160855-d506-49eb-b805-8af364ed7b98,2022,20
53160855-d506-49eb-b805-8af364ed7b98,2023,10
53160855-d506-49eb-b805-8af364ed7b98,2024,20
53361d4c-b221-4c89-99d5-c60c4e0f299d,2020,0
53361d4c-b221-4c89-99d5-c60c4e0f299d,2023,20
534359d7-f173-4148-87dc-a08d7e46b50a,2020,5
534359d7-f173-4148-87dc-a08d7e46b50a,2023,0
534359d7-f173-4148-87dc-a08d7e46b50a,2024,55
535047aa-954a-4d26-84b3-c921ca1ed9a1,2024,20
53a4d65b-47ec-4514-a7e3-c9cfa7b35e67,2022,0
53a4d65b-47ec-4514-a7e3-c9cfa7b35e67,2023,10
53b843e6-1643-4be9-8ec2-d5249f705f20,2020,35
53b843e6-1643-4be9-8ec2-d5249f705f20,2021,5
53b843e6-1643-4be9-8ec2-d5249f705f20,2022,15
53b843e6-1643-4be9-8ec2-d5249f705f20,2023,15
53b843e6-1643-4be9-8ec2-d5249f705f20,2024,5
53f152c9-94b9-4afd-98ea-0a9b39076413,2022,25
5414ce4f-243b-461a-a1b7-40140954ed96,2022,20
5414ce4f-243b-461a-a1b7-40140954ed96,2023,5
542ea558-ced4-4298-b4a9-dfe8c28402f1,2020,40
542ea558-ced4-4298-b4a9-dfe8c28402f1,2022,25
542ea558-ced4-4298-b4a9-dfe8c28402f1,2024,25
5430c861-78c3-47cd-ab85-9ea1eb1cac9d,2020,0
5430c861-78c3-47cd-ab85-9ea1eb1cac9d,2021,10
5430c861-78c3-47cd-ab85-9ea1eb1cac9d,2022,5
5430c861-78c3-47cd-ab85-9ea1eb1cac9d,2023,0
545a9819-aef7-495f-bff0-7575f40c496e,2020,40
545a9819-aef7-495f-bff0-7575f40c496e,2021,5
545a9819-aef7-495f-bff0-7575f40c496e,2022,35
545a9819-aef7-495f-bff0-7575f40c496e,2023,355
545a9819-aef7-495f-bff0-7575f40c496e,2024,145
54c5a8a9-8b60-4b47-a774-6c1e2342590a,2020,25
54c5a8a9-8b60-4b47-a774-6c1e2342590a,2021,5
54c5a8a9-8b60-4b47-a774-6c1e2342590a,2023,40
54c5a8a9-8b60-4b47-a774-6c1e2342590a,2024,0
54d2023f-327d-4dc9-9902-a3a5c69fe98f,2020,20
54d2023f-327d-4dc9-9902-a3a5c69fe98f,2022,40
54d8f5b7-bdf1-4503-8601-b085d2459032,2020,15
54d8f5b7-bdf1-4503-8601-b085d2459032,2023,15
54ef07b4-2068-4f52-addd-66a43755aa82,2020,10
54ef07b4-2068-4f52-addd-66a43755aa82,2021,0
54ef07b4-2068-4f52-addd-66a43755aa82,2023,20
54efa568-3b11-4058-8f66-9bc0c04f0e1f,2020,5
54efa568-3b11-4058-8f66-9bc0c04f0e1f,2022,190
54efa568-3b11-4058-8f66-9bc0c04f0e1f,2023,285
54efa568-3b11-4058-8f66-9bc0c04f0e1f,2024,210
551554de-5c0c-485f-8a60-36e96b4a909b,2020,20
551554de-5c0c-485f-8a60-36e96b4a909b,2021,20
551554de-5c0c-485f-8a60-36e96b4a909b,2023,20
551554de-5c0c-485f-8a60-36e96b4a909b,2024,5
55ba2f5d-81ac-4e55-9671-54660560fd41,2020,40
55ba2f5d-81ac-4e55-9671-54660560fd41,2021,40
55ba2f5d-81ac-4e55-9671-54660560fd41,2023,5
55ba2f5d-81ac-4e55-9671-54660560fd41,2024,30
55be1d0f-2d64-4f29-b979-f3e995986abd,2020,40
55be1d0f-2d64-4f29-b979-f3e995986abd,2023,20
55be1d0f-2d64-4f29-b979-f3e995986abd,2024,5
55d5de5c-29ea-4023-a5f8-7cf1108e1906,2021,45
55d5de5c-29ea-4023-a5f8-7cf1108e1906,2023,20
55d5de5c-29ea-4023-a5f8-7cf1108e1906,2024,20
55e8804f-8505-4556-939b-a70382b1f86d,2020,35
55e8804f-8505-4556-939b-a70382b1f86d,2021,5
55e8804f-8505-4556-939b-a70382b1f86d,2022,30
55e8804f-8505-4556-939b-a70382b1f86d,2023,0
5618ea23-203b-4f3f-883b-5a4792028983,2024,0
565552fc-323f-4f55-9c77-ccd6f91e6838,2020,5
565552fc-323f-4f55-9c77-ccd6f91e6838,2022,30
565552fc-323f-4f55-9c77-ccd6f91e6838,2023,15
5656ff58-2f5d-4881-bb86-2d7ebe7c91ad,2024,0
56a0be86-5e88-41bc-859a-688ee3d0f44c,2024,35
56b51036-27c4-4757-a01e-f2c9b430dad8,2020,25
56b51036-27c4-4757-a01e-f2c9b430dad8,2023,5
5723a6d6-be55-4fe6-a70d-3fb74ec1dd1b,2020,0
5723a6d6-be55-4fe6-a70d-3fb74ec1dd1b,2021,20
5723a6d6-be55-4fe6-a70d-3fb74ec1dd1b,2023,10
5724eded-d5fe-4a89-895c-716e7618bb2e,2020,10
5724eded-d5fe-4a89-895c-716e7618bb2e,2022,50
5724eded-d5fe-4a89-895c-716e7618bb2e,2024,35
572c7ad9-5df9-489e-bf03-e642231f5d50,2020,130
572c7ad9-5df9-489e-bf03-e642231f5d50,2022,175
572c7ad9-5df9-489e-bf03-e642231f5d50,2023,155
572c7ad9-5df9-489e-bf03-e642231f5d50,2024,360
573940fa-2512-4cc2-b628-84fdc8d0d32c,2020,190
574e75d5-1b27-446a-9969-6d3d737ca30f,2022,5
574e75d5-1b27-446a-9969-6d3d737ca30f,2023,15
57600ad4-66a1-4f1a-a885-54a123a442a4,2020,20
57600ad4-66a1-4f1a-a885-54a123a442a4,2021,25
57600ad4-66a1-4f1a-a885-54a123a442a4,2022,50
57600ad4-66a1-4f1a-a885-54a123a442a4,2024,5
57646ccd-c133-41f1-8715-59c7e3a655f4,2020,5
57646ccd-c133-41f1-8715-59c7e3a655f4,2021,30
57646ccd-c133-41f1-8715-59c7e3a655f4,2022,30
57646ccd-c133-41f1-8715-59c7e3a655f4,2023,75
57646ccd-c133-41f1-8715-59c7e3a655f4,2024,25
5765f590-4371-440f-8c00-0b672f671414,2020,0
5765f590-4371-440f-8c00-0b672f671414,2023,0
577c0c42-5865-4ec5-8588-10449ca5eac2,2020,45
577c0c42-5865-4ec5-8588-10449ca5eac2,2021,15
577c0c42-5865-4ec5-8588-10449ca5eac2,2022,30
577c0c42-5865-4ec5-8588-10449ca5eac2,2023,45
577c0c42-5865-4ec5-8588-10449ca5eac2,2024,30
57962189-dbcc-44c0-997a-9ce847d734d3,2020,20
57962189-dbcc-44c0-997a-9ce847d734d3,2023,25
57c13078-97bb-4f5b-a002-52cbbbd33af6,2020,15
57c13078-97bb-4f5b-a002-52cbbbd33af6,2022,10
57c13078-97bb-4f5b-a002-52cbbbd33af6,2023,60
57c13078-97bb-4f5b-a002-52cbbbd33af6,2024,35
57dc59f5-3c45-402a-a89f-c9d11e22b3b4,2020,25
57dc59f5-3c45-402a-a89f-c9d11e22b3b4,2024,5
580042d1-09a6-4e38-b2ef-b17eebc85bf2,2020,10
580042d1-09a6-4e38-b2ef-b17eebc85bf2,2023,10
580042d1-09a6-4e38-b2ef-b17eebc85bf2,2024,0
584b8f95-a8f1-4f57-b5ec-6de93284c8e8,2020,5
584b8f95-a8f1-4f57-b5ec-6de93284c8e8,2022,10
5857469a-87b7-473f-a9d0-30c04f2b57e9,2020,0
5857469a-87b7-473f-a9d0-30c04f2b57e9,2023,20
58999aa3-0453-4eeb-a141-571320f2a6d3,2020,40
58999aa3-0453-4eeb-a141-571320f2a6d3,2021,35
58999aa3-0453-4eeb-a141-571320f2a6d3,2022,20
58999aa3-0453-4eeb-a141-571320f2a6d3,2023,45
58999aa3-0453-4eeb-a141-571320f2a6d3,2024,40
58bd425c-7232-4abf-a0d1-7141e4734b66,2021,0
58bd425c-7232-4abf-a0d1-7141e4734b66,2023,40
58bd425c-7232-4abf-a0d1-7141e4734b66,2024,15
58f3ffe7-9b86-46aa-ab9d-078c6b69579d,2020,10
58f3ffe7-9b86-46aa-ab9d-078c6b69579d,2021,15
58f3ffe7-9b86-46aa-ab9d-078c6b69579d,2023,35
58f3ffe7-9b86-46aa-ab9d-078c6b69579d,2024,15
5917fc5f-637e-48ba-a5f1-50e3aa44958a,2020,5
5933d3be-e3e2-45df-8cc2-979a06fb0791,2020,35
5933d3be-e3e2-45df-8cc2-979a06fb0791,2021,15
5933d3be-e3e2-45df-8cc2-979a06fb0791,2024,15
595b0dac-7c83-4c79-ae89-eba073a7b9af,2020,15
595b0dac-7c83-4c79-ae89-eba073a7b9af,2023,5
595b0dac-7c83-4c79-ae89-eba073a7b9af,2024,5
5970e5de-fbf3-4efd-b98f-a2eca5ad215b,2020,35
5970e5de-fbf3-4efd-b98f-a2eca5ad215b,2021,25
5970e5de-fbf3-4efd-b98f-a2eca5ad215b,2022,20
5970e5de-fbf3-4efd-b98f-a2eca5ad215b,2023,0
59ca9964-4022-4c0e-af14-e0ad2cc0e762,2020,5
59ca9964-4022-4c0e-af14-e0ad2cc0e762,2022,25
59ca9964-4022-4c0e-af14-e0ad2cc0e762,2023,25
5a19c8fd-0c8f-4903-8cb6-ef2423ab8990,2022,20
5a2b865f-7563-4c1d-932d-119038239c8c,2020,10
5a2b865f-7563-4c1d-932d-119038239c8c,2022,15
5a2b865f-7563-4c1d-932d-119038239c8c,2024,25
5a38e4ba-587f-43c2-b087-42840f485aee,2021,45
5a38e4ba-587f-43c2-b087-42840f485aee,2022,15
5a38e4ba-587f-43c2-b087-42840f485aee,2023,45
5a38e4ba-587f-43c2-b087-42840f485aee,2024,20
5a52eb92-9adf-4021-9d8c-9f3e63e52cca,2022,0
5a52eb92-9adf-4021-9d8c-9f3e63e52cca,2023,10
5a52eb92-9adf-4021-9d8c-9f3e63e52cca,2024,10
5a690a7a-8c02-468a-a3de-f76412afc30d,2020,40
5a690a7a-8c02-468a-a3de-f76412afc30d,2021,25
5a690a7a-8c02-468a-a3de-f76412afc30d,2022,40
5a690a7a-8c02-468a-a3de-f76412afc30d,2023,55
5a690a7a-8c02-468a-a3de-f76412afc30d,2024,20
5ac2cb8c-e914-4310-b6d1-6c4eb5f7ac4a,2020,25
5ac2cb8c-e914-4310-b6d1-6c4eb5f7ac4a,2022,20
5ac2cb8c-e914-4310-b6d1-6c4eb5f7ac4a,2024,5
5ac675a3-8798-4322-9887-97f6fd5450c6,2020,30
5ac675a3-8798-4322-9887-97f6fd5450c6,2024,15
5ad07e06-fc30-4ff9-935e-3b4fac3be6b0,2020,15
5ad07e06-fc30-4ff9-935e-3b4fac3be6b0,2021,35
5ad07e06-fc30-4ff9-935e-3b4fac3be6b0,2022,0
5ad07e06-fc30-4ff9-935e-3b4fac3be6b0,2023,0
5ad07e06-fc30-4ff9-935e-3b4fac3be6b0,2024,10
5aee460a-dedd-4819-95aa-58d217f22944,2021,25
5aee460a-dedd-4819-95aa-58d217f22944,2023,25
5af5bb77-b29b-4494-8797-9de36a457ac4,2022,15
5af5bb77-b29b-4494-8797-9de36a457ac4,2023,25
5af5bb77-b29b-4494-8797-9de36a457ac4,2024,25
5b14f9db-3cca-4f6e-9bc0-95f18f461c3f,2024,165
5b1bb510-5bc0-4e69-8276-941bfc037860,2020,20
5b1bb510-5bc0-4e69-8276-941bfc037860,2021,10
5b1bb510-5bc0-4e69-8276-941bfc037860,2022,30
5b1bb510-5bc0-4e69-8276-941bfc037860,2023,40
5b1bb510-5bc0-4e69-8276-941bfc037860,2024,20
5b2d2bfe-9ce1-4585-b5b1-493d56ccbce6,2020,100
5b50fdee-5d76-44ad-b9fb-a9538abb4a4f,2020,5
5b50fdee-5d76-44ad-b9fb-a9538abb4a4f,2021,10
5b50fdee-5d76-44ad-b9fb-a9538abb4a4f,2022,5
5b50fdee-5d76-44ad-b9fb-a9538abb4a4f,2023,0
5b83c535-70b5-4f78-b68a-4eafe0819d42,2020,5
5b83c535-70b5-4f78-b68a-4eafe0819d42,2021,5
5b98a3c0-1265-4c2e-a6c4-42e809e68788,2022,15
5b98a3c0-1265-4c2e-a6c4-42e809e68788,2023,35
5b98a3c0-1265-4c2e-a6c4-42e809e68788,2024,45
5bc24222-332b-4320-bd13-7b9f3363e807,2022,25
5bc24222-332b-4320-bd13-7b9f3363e807,2023,10
5bc24222-332b-4320-bd13-7b9f3363e807,2024,15
5bda6cef-dc6e-46f7-8049-5f644b9ebc0b,2023,30
5bea1f9c-3e9b-4c75-aad1-5c33421cb539,2021,15
5bea1f9c-3e9b-4c75-aad1-5c33421cb539,2023,40
5bea1f9c-3e9b-4c75-aad1-5c33421cb539,2024,35
5c1cfbae-15fa-4b2d-a85a-4dbcd3d52d3b,2020,0
5c1cfbae-15fa-4b2d-a85a-4dbcd3d52d3b,2021,30
5c1cfbae-15fa-4b2d-a85a-4dbcd3d52d3b,2022,5
5c1cfbae-15fa-4b2d-a85a-4dbcd3d52d3b,2023,10
5c240352-6762-4231-b859-f32c634d8575,2022,0
5c8c7af9-2e8a-4fcf-a2c9-49b3d32bd16e,2022,10
5c8c7af9-2e8a-4fcf-a2c9-49b3d32bd16e,2023,15
5c8c7af9-2e8a-4fcf-a2c9-49b3d32bd16e,2024,30
5c9eaa8a-41bc-4abd-91a9-ff0ece4c4c44,2020,25
5c9eaa8a-41bc-4abd-91a9-ff0ece4c4c44,2022,5
5c9eaa8a-41bc-4abd-91a9-ff0ece4c4c44,2023,10
5c9eaa8a-41bc-4abd-91a9-ff0ece4c4c44,2024,30
5caa5a76-a910-4725-a5c9-6ceac01e6575,2020,25
5caa5a76-a910-4725-a5c9-6ceac01e6575,2021,35
5caa5a76-a910-4725-a5c9-6ceac01e6575,2022,5
5cd9831f-67e5-4022-8864-bbaf750b5df8,2020,45
5cd9831f-67e5-4022-8864-bbaf750b5df8,2021,15
5cd9831f-67e5-4022-8864-bbaf750b5df8,2022,25
5cd9831f-67e5-4022-8864-bbaf750b5df8,2023,10
5cd9831f-67e5-4022-8864-bbaf750b5df8,2024,20
5cdaf4ee-699c-41f1-8b77-adf422ecdb3c,2022,25
5cdaf4ee-699c-41f1-8b77-adf422ecdb3c,2024,30
5d170e49-424a-401b-b0d7-48edf448cd4a,2023,15
5d170e49-424a-401b-b0d7-48edf448cd4a,2024,30
5d2bd6f6-6733-439d-85a2-be0c36bff33f,2023,15
5d47050e-3568-402a-a2ef-9b2d502ad071,2021,25
5d514875-5a90-4b65-be2c-44c40f8ed9f4,2020,40
5d514875-5a90-4b65-be2c-44c40f8ed9f4,2021,35
5d514875-5a90-4b65-be2c-44c40f8ed9f4,2022,10
5d514875-5a90-4b65-be2c-44c40f8ed9f4,2023,30
5d514875-5a90-4b65-be2c-44c40f8ed9f4,2024,25
5d6a9593-2a6f-4021-b4b1-75e46439dc68,2023,5
5d8972d8-314b-4f3d-895e-f48eb293ae43,2021,0
5d8972d8-314b-4f3d-895e-f48eb293ae43,2023,60
5d8972d8-314b-4f3d-895e-f48eb293ae43,2024,5
5d94cbdf-abca-4e89-bc7c-c88ef5105fe4,2020,30
5d94cbdf-abca-4e89-bc7c-c88ef5105fe4,2021,30
5d94cbdf-abca-4e89-bc7c-c88ef5105fe4,2022,30
5d94cbdf-abca-4e89-bc7c-c88ef5105fe4,2023,25
5dbbb8d6-1979-40e6-af99-415f95a4fc08,2024,75
5dbf2f9a-b2e4-4c50-806a-7c452f16455e,2020,30
5dbf2f9a-b2e4-4c50-806a-7c452f16455e,2021,5
5dbf2f9a-b2e4-4c50-806a-7c452f16455e,2024,5
5de9a894-f9d5-4f35-8b03-6220b6e6ba15,2021,20
5dfb791b-0f95-4f01-8a00-1f07f520c4de,2020,0
5e24b554-95d9-4e3e-a383-3f8dd70ee14c,2021,25
5e24b554-95d9-4e3e-a383-3f8dd70ee14c,2022,25
5e24b554-95d9-4e3e-a383-3f8dd70ee14c,2023,60
5e24b554-95d9-4e3e-a383-3f8dd70ee14c,2024,35
5e301b84-d86e-4a3a-89bf-6fba283efff6,2022,0
5e45089b-959a-4ba2-8742-7586bcec6158,2022,35
5e45089b-959a-4ba2-8742-7586bcec6158,2024,50
5e4571c4-8cff-4b9e-9150-899c07b90c0e,2022,10
5e4571c4-8cff-4b9e-9150-899c07b90c0e,2024,10
5ec8cb4f-8711-45fc-9694-bb5af6e266fb,2020,30
5ec8cb4f-8711-45fc-9694-bb5af6e266fb,2021,25
5ec8cb4f-8711-45fc-9694-bb5af6e266fb,2023,50
5ec8cb4f-8711-45fc-9694-bb5af6e266fb,2024,5
5ee2747e-2f4e-4f8e-854f-19d6d4cb4612,2020,20
5ee2747e-2f4e-4f8e-854f-19d6d4cb4612,2021,10
5ee2747e-2f4e-4f8e-854f-19d6d4cb4612,2023,30
5f2ebd2e-cc89-43ab-b82d-010587e605a2,2024,10
5f59bd84-8762-4a3c-9592-c97f8cb5ae4b,2023,35
5f59bd84-8762-4a3c-9592-c97f8cb5ae4b,2024,5
5f99a73b-f25e-4d19-a177-1b96a0a51db7,2020,15
5f99a73b-f25e-4d19-a177-1b96a0a51db7,2023,20
5f99a73b-f25e-4d19-a177-1b96a0a51db7,2024,25
5fae3e98-f0a3-42eb-b4c4-1c5b50849175,2023,40
5fae3e98-f0a3-42eb-b4c4-1c5b50849175,2024,20
5fb24fa5-d817-4656-a4fc-e1c8c65031b2,2023,70
5fb24fa5-d817-4656-a4fc-e1c8c65031b2,2024,135
5fc84724-2a81-4bb3-9dee-e89d6e6dbc03,2021,20
5fc84724-2a81-4bb3-9dee-e89d6e6dbc03,2023,0
5fc84724-2a81-4bb3-9dee-e89d6e6dbc03,2024,0
5fd872ff-99cf-4bed-93d9-5becb73ebd73,2020,40
5fd872ff-99cf-4bed-93d9-5becb73ebd73,2021,5
5fd872ff-99cf-4bed-93d9-5becb73ebd73,2022,15
5fd872ff-99cf-4bed-93d9-5becb73ebd73,2023,55
5fd872ff-99cf-4bed-93d9-5becb73ebd73,2024,40
5fe84c51-5026-45bf-bc3b-9bd14df3a174,2021,10
5fe84c51-5026-45bf-bc3b-9bd14df3a174,2024,5
5ffb28e9-14d9-48d5-85c4-797e269c1e57,2021,25
5ffb28e9-14d9-48d5-85c4-797e269c1e57,2022,45
5ffb28e9-14d9-48d5-85c4-797e269c1e57,2023,15
601fe651-4533-4a4d-8d1c-bd0d9b9efd71,2020,45
601fe651-4533-4a4d-8d1c-bd0d9b9efd71,2022,0
601fe651-4533-4a4d-8d1c-bd0d9b9efd71,2023,60
601fe651-4533-4a4d-8d1c-bd0d9b9efd71,2024,40
602c77d4-cd7b-4575-8269-18884e0483e2,2020,30
602c77d4-cd7b-4575-8269-18884e0483e2,2021,40
602c77d4-cd7b-4575-8269-18884e0483e2,2022,15
602c77d4-cd7b-4575-8269-18884e0483e2,2023,15
603cbc90-1af2-4077-9363-e36d8b2b062f,2023,25
606341c4-87c2-494c-9e6b-12f4f888e3f6,2020,5
606341c4-87c2-494c-9e6b-12f4f888e3f6,2021,20
606341c4-87c2-494c-9e6b-12f4f888e3f6,2022,30
606341c4-87c2-494c-9e6b-12f4f888e3f6,2024,15
6087389a-fd54-4d4a-be32-bd8729421a88,2022,5
6097eeaf-9759-499f-9597-fd73f702ab00,2020,0
6097eeaf-9759-499f-9597-fd73f702ab00,2021,40
6097eeaf-9759-499f-9597-fd73f702ab00,2022,25
6097eeaf-9759-499f-9597-fd73f702ab00,2023,15
6097eeaf-9759-499f-9597-fd73f702ab00,2024,30
60bb5b68-43c4-4282-af35-9ffb64478ad9,2020,30
60bb5b68-43c4-4282-af35-9ffb64478ad9,2021,10
60bb5b68-43c4-4282-af35-9ffb64478ad9,2022,40
60bb5b68-43c4-4282-af35-9ffb64478ad9,2023,40
60d2a5be-1e77-4357-af53-2f72b324d13b,2020,5
60d2a5be-1e77-4357-af53-2f72b324d13b,2021,10
60d2a5be-1e77-4357-af53-2f72b324d13b,2022,30
60d2a5be-1e77-4357-af53-2f72b324d13b,2023,10
60d3fcff-2fae-4a9a-ab6c-726a4ac3f890,2020,15
60d3fcff-2fae-4a9a-ab6c-726a4ac3f890,2023,40
60d3fcff-2fae-4a9a-ab6c-726a4ac3f890,2024,0
61776171-4a65-49cb-81c6-5caac39ed95f,2024,10
617d69f3-cb77-49f1-9ff2-ff49c1682ae7,2020,10
617d69f3-cb77-49f1-9ff2-ff49c1682ae7,2022,15
617d69f3-cb77-49f1-9ff2-ff49c1682ae7,2023,50
617d69f3-cb77-49f1-9ff2-ff49c1682ae7,2024,5
619f99cc-7bef-4ac0-8b73-eefdca2f6d78,2023,5
619f99cc-7bef-4ac0-8b73-eefdca2f6d78,2024,15
61afa116-b055-4e65-b6ab-be9a9a905821,2021,15
61afa116-b055-4e65-b6ab-be9a9a905821,2024,5
620c0fc0-23ed-47de-a97c-0f9aaf10bca9,2020,15
620c0fc0-23ed-47de-a97c-0f9aaf10bca9,2022,0
620c0fc0-23ed-47de-a97c-0f9aaf10bca9,2023,20
62260868-16b0-41de-ad11-1ee5c179ab16,2020,40
62260868-16b0-41de-ad11-1ee5c179ab16,2021,15
62260868-16b0-41de-ad11-1ee5c179ab16,2022,15
62260868-16b0-41de-ad11-1ee5c179ab16,2024,40
62482117-f02c-4f7d-b21f-7f21ee68f32b,2020,15
62482117-f02c-4f7d-b21f-7f21ee68f32b,2021,0
62482117-f02c-4f7d-b21f-7f21ee68f32b,2023,0
627a429e-9eed-4a1c-a17c-c640b83712a1,2023,0
627a429e-9eed-4a1c-a17c-c640b83712a1,2024,0
628af358-f23e-4759-a933-2bfc5c694d65,2022,5
628af358-f23e-4759-a933-2bfc5c694d65,2023,40
62a44024-8283-4b03-8f92-b09e2fd0331f,2020,15
62a44024-8283-4b03-8f92-b09e2fd0331f,2022,5
62a44024-8283-4b03-8f92-b09e2fd0331f,2023,25
62a44024-8283-4b03-8f92-b09e2fd0331f,2024,10
62d6be86-4a2b-4ea3-980b-8d64869dacca,2020,5
62d6be86-4a2b-4ea3-980b-8d64869dacca,2022,130
62d6be86-4a2b-4ea3-980b-8d64869dacca,2023,15
6334f5e2-8e1d-4816-97d8-1afa9bca3137,2021,10
6334f5e2-8e1d-4816-97d8-1afa9bca3137,2022,5
6334f5e2-8e1d-4816-97d8-1afa9bca3137,2023,50
6335550b-cb2b-442c-9c8c-0366708109e9,2022,20
6335550b-cb2b-442c-9c8c-0366708109e9,2023,25
6335550b-cb2b-442c-9c8c-0366708109e9,2024,15
636377ec-f5a0-4178-8145-25a716a0f9e2,2024,15
637835b8-336e-442a-ac16-e81fc6b50721,2023,0
637d0f14-8ada-4926-af78-7653ecedb915,2020,20
637d0f14-8ada-4926-af78-7653ecedb915,2021,10
637d0f14-8ada-4926-af78-7653ecedb915,2022,25
63bb205e-42f6-404f-809c-3cd148ae8c0a,2023,10
63bb205e-42f6-404f-809c-3cd148ae8c0a,2024,5
6411b745-049c-463b-9b96-7fb605600d99,2020,5
6411b745-049c-463b-9b96-7fb605600d99,2021,20
641d004e-458e-46bc-941c-eb0b7b79cef0,2022,15
641d004e-458e-46bc-941c-eb0b7b79cef0,2023,0
641d004e-458e-46bc-941c-eb0b7b79cef0,2024,10
64337e88-5010-48f5-b0fa-e1bd142b41aa,2020,5
643c1ca0-cd89-4bc6-a3e4-231010166dfa,2021,0
643c1ca0-cd89-4bc6-a3e4-231010166dfa,2024,0
646527b5-0d4e-4a68-bcba-e23da7ea9146,2020,15
657007e0-187f-4bd2-a8fc-219715b0a2f0,2020,30
657007e0-187f-4bd2-a8fc-219715b0a2f0,2021,30
657007e0-187f-4bd2-a8fc-219715b0a2f0,2022,15
657007e0-187f-4bd2-a8fc-219715b0a2f0,2023,5
65aaebdb-e6ae-4394-93a9-f7c5c54f75ac,2021,0
65aaebdb-e6ae-4394-93a9-f7c5c54f75ac,2022,20
65aaebdb-e6ae-4394-93a9-f7c5c54f75ac,2023,5
65abec57-a437-4528-acc3-e156f5609a3a,2020,25
65abec57-a437-4528-acc3-e156f5609a3a,2022,20
65abec57-a437-4528-acc3-e156f5609a3a,2024,20
65acfec3-0d2b-4c53-82fc-4640129d8195,2023,0
65ae5eb7-4aa5-4682-af8d-d9899d965ef8,2020,45
65ae5eb7-4aa5-4682-af8d-d9899d965ef8,2021,20
65ae5eb7-4aa5-4682-af8d-d9899d965ef8,2022,20
65ae5eb7-4aa5-4682-af8d-d9899d965ef8,2023,40
65ae5eb7-4aa5-4682-af8d-d9899d965ef8,2024,50
65b74b88-400a-48f0-a7e4-41309145f673,2021,35
65b74b88-400a-48f0-a7e4-41309145f673,2022,20
65b74b88-400a-48f0-a7e4-41309145f673,2023,10
65f4ca71-c904-4d22-836e-a1ae0c5384ec,2020,0
65f4ca71-c904-4d22-836e-a1ae0c5384ec,2023,0
65f4ca71-c904-4d22-836e-a1ae0c5384ec,2024,0
661d9659-6f00-4791-949b-f2a197fb7078,2020,30
66441e65-a542-4b95-9709-4122ed7c2ffa,2020,5
66441e65-a542-4b95-9709-4122ed7c2ffa,2023,0
664828c2-a0ca-425b-bd86-b1ba0d4c92a8,2020,340
66756efd-8f4a-47cb-ad17-e088e944d64b,2023,45
66dbacf4-bab6-4568-b628-6c1be2595ea5,2021,5
66dbacf4-bab6-4568-b628-6c1be2595ea5,2023,20
66e98503-d8fb-43b9-b0c1-7233c2d38b88,2023,5
66eb9a8e-0ee2-4e6a-98bc-fe068a79fda9,2023,40
66f2892b-53d7-43b2-8e94-9154f3c0778b,2020,0
66f2892b-53d7-43b2-8e94-9154f3c0778b,2023,0
66f2892b-53d7-43b2-8e94-9154f3c0778b,2024,25
671931eb-6aa7-4fb0-b0ee-c87c49f105b0,2021,15
671931eb-6aa7-4fb0-b0ee-c87c49f105b0,2023,15
671931eb-6aa7-4fb0-b0ee-c87c49f105b0,2024,10
6726b8e4-24ad-4ecb-85a7-c31ee9172a82,2022,60
6726b8e4-24ad-4ecb-85a7-c31ee9172a82,2023,30
6726b8e4-24ad-4ecb-85a7-c31ee9172a82,2024,5
67291468-14c5-486f-8e48-a0450f7d638b,2020,25
67291468-14c5-486f-8e48-a0450f7d638b,2024,5
676a935c-784e-4ab7-a4c6-b3d0420fb36c,2020,10
676a935c-784e-4ab7-a4c6-b3d0420fb36c,2021,20
676a935c-784e-4ab7-a4c6-b3d0420fb36c,2022,10
676a935c-784e-4ab7-a4c6-b3d0420fb36c,2023,35
676a935c-784e-4ab7-a4c6-b3d0420fb36c,2024,5
677e5386-6062-4927-8134-25ee1929849b,2020,40
677e5386-6062-4927-8134-25ee1929849b,2021,40
677e5386-6062-4927-8134-25ee1929849b,2022,30
677e5386-6062-4927-8134-25ee1929849b,2023,45
677e5386-6062-4927-8134-25ee1929849b,2024,35
67949fc5-5428-43fc-be0a-4209b09dedee,2024,5
67970341-56eb-4a5d-8712-389e76a49504,2021,35
67d7c09d-47bf-49e9-af5f-6f373397c4f2,2022,15
67d7c09d-47bf-49e9-af5f-6f373397c4f2,2023,30
67d7c09d-47bf-49e9-af5f-6f373397c4f2,2024,15
680a3ba7-b1ea-4414-b5a9-c93c7fbf243b,2024,5
68345990-d197-4960-be5f-94c1bdffc0bb,2020,15
68345990-d197-4960-be5f-94c1bdffc0bb,2021,155
68345990-d197-4960-be5f-94c1bdffc0bb,2023,40
68345990-d197-4960-be5f-94c1bdffc0bb,2024,40
6857a51d-466e-405e-ac5e-ee9e2b65d3e9,2020,15
6857a51d-466e-405e-ac5e-ee9e2b65d3e9,2021,60
6857a51d-466e-405e-ac5e-ee9e2b65d3e9,2022,15
6857a51d-466e-405e-ac5e-ee9e2b65d3e9,2023,50
6857a51d-466e-405e-ac5e-ee9e2b65d3e9,2024,10
688aeab4-9121-48cf-95cf-565e48f79aa2,2021,15
689a8595-a2bb-4707-90f6-5752c18c393a,2024,40
68f51eb4-fc9d-4da1-ae6b-99ad9aa137f4,2022,20
68f51eb4-fc9d-4da1-ae6b-99ad9aa137f4,2024,10
6943854e-16d5-4c01-be46-d3718fe5d5c5,2020,25
6943854e-16d5-4c01-be46-d3718fe5d5c5,2023,35
6943854e-16d5-4c01-be46-d3718fe5d5c5,2024,5
6948d2b8-c6c9-403d-88cf-c15436e1a189,2020,0
695671ca-94eb-4122-95c6-c65c3b3d3c2e,2020,230
695671ca-94eb-4122-95c6-c65c3b3d3c2e,2023,10
6960c9c4-1614-4c64-9c6b-50aa8f6a1d03,2022,10
6960c9c4-1614-4c64-9c6b-50aa8f6a1d03,2023,25
6960c9c4-1614-4c64-9c6b-50aa8f6a1d03,2024,10
696b6350-0d9f-471c-9506-da6785fed44e,2022,0
696b6350-0d9f-471c-9506-da6785fed44e,2023,0
6a33349a-e42e-4da6-a34a-7c74a8bea566,2022,55
6a33349a-e42e-4da6-a34a-7c74a8bea566,2024,15
6a5bd5c0-4613-4031-99f7-0300e9d01853,2020,10
6a5bd5c0-4613-4031-99f7-0300e9d01853,2021,10
6a5bd5c0-4613-4031-99f7-0300e9d01853,2024,20
6a5e95e9-fe67-46c6-85cc-5c7403c183ef,2021,0
6a5e95e9-fe67-46c6-85cc-5c7403c183ef,2023,30
6a7f7f72-00c6-46a8-bf1f-fc64186a2f91,2020,0
6a7f7f72-00c6-46a8-bf1f-fc64186a2f91,2023,5
6ac891d9-8bcb-40bf-8d70-040c3134d832,2021,5
6ac891d9-8bcb-40bf-8d70-040c3134d832,2022,5
6ac891d9-8bcb-40bf-8d70-040c3134d832,2023,0
6afbeae6-7d5f-499c-8e01-41dfa27316a5,2020,0
6afbeae6-7d5f-499c-8e01-41dfa27316a5,2021,30
6afbeae6-7d5f-499c-8e01-41dfa27316a5,2022,15
6b3e7349-222b-43aa-a665-e82e87f8a1e0,2023,5
6b5d5b29-090b-47ff-8588-e9aabe220fe0,2020,20
6b5d5b29-090b-47ff-8588-e9aabe220fe0,2021,5
6b70ea8a-d3f2-4705-8436-7e224b038f41,2020,20
6b70ea8a-d3f2-4705-8436-7e224b038f41,2023,10
6b70ea8a-d3f2-4705-8436-7e224b038f41,2024,15
6b7ef26b-4984-4fe6-bc0a-ea00a6837a3c,2020,10
6b7ef26b-4984-4fe6-bc0a-ea00a6837a3c,2021,35
6b7ef26b-4984-4fe6-bc0a-ea00a6837a3c,2024,15
6ba246bc-aee2-4d82-9442-ecf3994163c5,2020,160
6ba246bc-aee2-4d82-9442-ecf3994163c5,2023,50
6bba5b89-008c-4d23-9511-befc82f7e0d5,2020,20
6bba5b89-008c-4d23-9511-befc82f7e0d5,2023,240
6bba5b89-008c-4d23-9511-befc82f7e0d5,2024,220
6bc0c516-0b79-4b14-bfae-b7d5050fa300,2020,5
6bc0c516-0b79-4b14-bfae-b7d5050fa300,2021,30
6bc0c516-0b79-4b14-bfae-b7d5050fa300,2023,25
6be9dd25-34ac-4af8-b9d8-fd01bf5eb4b7,2020,20
6be9dd25-34ac-4af8-b9d8-fd01bf5eb4b7,2021,35
6be9dd25-34ac-4af8-b9d8-fd01bf5eb4b7,2022,15
6be9dd25-34ac-4af8-b9d8-fd01bf5eb4b7,2023,35
6be9dd25-34ac-4af8-b9d8-fd01bf5eb4b7,2024,35
6c4bb938-b2df-455d-8f9f-c0bae1fc3f2a,2022,0
6c51e4bb-6862-4a80-89bb-dcb3e50b742e,2020,10
6c51e4bb-6862-4a80-89bb-dcb3e50b742e,2024,5
6c792190-7529-460b-a70a-2e75999e34e0,2022,30
6c792190-7529-460b-a70a-2e75999e34e0,2023,35
6c792190-7529-460b-a70a-2e75999e34e0,2024,5
6cf8d484-f946-4a14-bad5-9c9186f22f03,2022,15
6cf8d484-f946-4a14-bad5-9c9186f22f03,2023,5
6cf8d484-f946-4a14-bad5-9c9186f22f03,2024,10
6d07c008-eef6-4049-a006-a9a09a6fbfdf,2024,0
6d128053-9d31-4fa1-8e44-ce95d196328b,2021,15
6d128053-9d31-4fa1-8e44-ce95d196328b,2022,5
6d153455-0cb9-46de-9afc-b68330200fd8,2020,15
6d153455-0cb9-46de-9afc-b68330200fd8,2022,0
6d30a802-afe5-4df7-a5fe-6f213a1a19b5,2020,5
6d30a802-afe5-4df7-a5fe-6f213a1a19b5,2021,50
6d30a802-afe5-4df7-a5fe-6f213a1a19b5,2022,20
6dc514e0-d113-4886-b5fa-be246b585dd4,2022,10
6dc514e0-d113-4886-b5fa-be246b585dd4,2024,10
6ddb3364-64fe-44da-bc13-3caa8485b93c,2024,20
6de3a3f7-bf06-41dc-8b33-d1c090c69d9c,2020,0
6de3a3f7-bf06-41dc-8b33-d1c090c69d9c,2023,0
6de3a3f7-bf06-41dc-8b33-d1c090c69d9c,2024,5
6e08db73-e5f6-4ca7-b34f-0f2d9175cbd7,2020,0
6e08db73-e5f6-4ca7-b34f-0f2d9175cbd7,2024,35
6e3221b6-1b99-40b7-a081-60458b6465ed,2020,40
6e3221b6-1b99-40b7-a081-60458b6465ed,2023,10
6e40bed7-49c2-4cab-ba1b-de31c53d2688,2020,0
6e42b819-aa88-40f5-a888-bf4c4f9d9cc1,2020,20
6e42b819-aa88-40f5-a888-bf4c4f9d9cc1,2022,10
6e59d3b9-6150-40fc-85f9-d3bab21a98c0,2023,10
6e640f33-da6e-4280-8617-f069dded3966,2020,20
6e640f33-da6e-4280-8617-f069dded3966,2021,5
6e640f33-da6e-4280-8617-f069dded3966,2023,50
6e640f33-da6e-4280-8617-f069dded3966,2024,30
6e711e0a-0e6a-47a4-a1d4-53bd8f55c28d,2021,5
6e831803-15a0-46e0-b766-3c9351981548,2024,20
6e9094c7-6659-48bd-a40a-5d8b5c9e5a2c,2020,15
6e9094c7-6659-48bd-a40a-5d8b5c9e5a2c,2023,10
6e9094c7-6659-48bd-a40a-5d8b5c9e5a2c,2024,10
6ea52758-ceab-4e9e-801d-24c1aaa9bece,2020,25
6ea52758-ceab-4e9e-801d-24c1aaa9bece,2023,0
6ea52758-ceab-4e9e-801d-24c1aaa9bece,2024,30
6ec6e4ba-9cd0-43ef-a01a-1b3cfbc9d2b6,2020,15
6ec6e4ba-9cd0-43ef-a01a-1b3cfbc9d2b6,2022,0
6ec6e4ba-9cd0-43ef-a01a-1b3cfbc9d2b6,2023,130
6ec6e4ba-9cd0-43ef-a01a-1b3cfbc9d2b6,2024,50
6ecab319-9441-4d0d-9dba-140157e79379,2020,15
6ecab319-9441-4d0d-9dba-140157e79379,2021,40
6ecab319-9441-4d0d-9dba-140157e79379,2023,50
6ecab319-9441-4d0d-9dba-140157e79379,2024,40
6f5a2748-cdf5-4d3b-b614-7ea42ae659bb,2020,225
6f5a2748-cdf5-4d3b-b614-7ea42ae659bb,2021,5
6f7ef58a-05d3-4072-92e3-10bb13f5977d,2020,30
6f7ef58a-05d3-4072-92e3-10bb13f5977d,2021,35
6f7ef58a-05d3-4072-92e3-10bb13f5977d,2022,45
6f7ef58a-05d3-4072-92e3-10bb13f5977d,2023,15
6f7ef58a-05d3-4072-92e3-10bb13f5977d,2024,25
6fcf8aa2-8e97-4826-8eb1-58594a702dc4,2020,15
6fcf8aa2-8e97-4826-8eb1-58594a702dc4,2022,20
6fcf8aa2-8e97-4826-8eb1-58594a702dc4,2023,35
6fe33498-61aa-48a2-8570-87b06fd1876a,2023,205
6fe33498-61aa-48a2-8570-87b06fd1876a,2024,25
6fe6a2c0-3c92-428d-825d-a6501b8ba9d6,2020,15
6fe6a2c0-3c92-428d-825d-a6501b8ba9d6,2022,15
6fe6a2c0-3c92-428d-825d-a6501b8ba9d6,2023,10
700a304a-5595-4230-8b47-9fc2855d3713,2024,15
70712340-00bb-4042-8149-829f18d88399,2021,30
70712340-00bb-4042-8149-829f18d88399,2022,5
70712340-00bb-4042-8149-829f18d88399,2023,10
70712340-00bb-4042-8149-829f18d88399,2024,0
707f1200-7512-4034-b26f-9365a411f5ed,2020,5
707f1200-7512-4034-b26f-9365a411f5ed,2022,0
707f1200-7512-4034-b26f-9365a411f5ed,2023,5
707f1200-7512-4034-b26f-9365a411f5ed,2024,0
708516d4-4cca-4476-ad05-e05a4c14d48d,2021,15
708516d4-4cca-4476-ad05-e05a4c14d48d,2024,5
70fb672f-c1d4-4fba-8def-c6d3f8f90f5a,2020,10
70fb672f-c1d4-4fba-8def-c6d3f8f90f5a,2022,0
70fb672f-c1d4-4fba-8def-c6d3f8f90f5a,2023,30
70fb672f-c1d4-4fba-8def-c6d3f8f90f5a,2024,20
71680f5c-0f6c-4490-805e-2af25404e692,2020,15
71717413-7c42-4a14-ae53-42a3e8830c61,2020,30
71717413-7c42-4a14-ae53-42a3e8830c61,2022,30
71717413-7c42-4a14-ae53-42a3e8830c61,2023,25
71717413-7c42-4a14-ae53-42a3e8830c61,2024,30
717502fd-6659-4544-80fd-f70e316e7329,2020,15
717502fd-6659-4544-80fd-f70e316e7329,2021,20
717502fd-6659-4544-80fd-f70e316e7329,2024,15
719bd0e5-89da-49b6-b8d0-3903a670a845,2021,25
719bd0e5-89da-49b6-b8d0-3903a670a845,2022,10
719bd0e5-89da-49b6-b8d0-3903a670a845,2024,0
71d0f18a-96ff-40d2-9ab2-ca21b18fe71d,2020,0
71d0f18a-96ff-40d2-9ab2-ca21b18fe71d,2024,0
724ad3f8-9e76-4e41-a40f-72cd778b2a70,2020,50
724ad3f8-9e76-4e41-a40f-72cd778b2a70,2021,5
724ad3f8-9e76-4e41-a40f-72cd778b2a70,2022,30
724ad3f8-9e76-4e41-a40f-72cd778b2a70,2023,60
725988d4-431d-4fff-8668-0614a7bf8fe7,2021,10
72cd27f1-85e7-4767-8856-8616b7117310,2023,50
72cd27f1-85e7-4767-8856-8616b7117310,2024,15
72e055ca-571e-4295-a8e6-3803c6fcc078,2021,35
72e6dec1-b4b2-45ee-9ab9-916bc73c2ab2,2021,5
73363cc4-c878-43d5-8dd8-baf1a1711ac1,2023,35
73369423-b4f5-4957-aa2b-3dc34bf3f173,2022,0
73369423-b4f5-4957-aa2b-3dc34bf3f173,2023,15
73369423-b4f5-4957-aa2b-3dc34bf3f173,2024,0
73564097-783a-417a-bb06-655a85065b39,2020,25
73564097-783a-417a-bb06-655a85065b39,2022,10
735bdcf9-8af7-4827-9430-bfbf9423d3a6,2020,0
735bdcf9-8af7-4827-9430-bfbf9423d3a6,2021,0
735bdcf9-8af7-4827-9430-bfbf9423d3a6,2024,30
736452ba-30a8-493e-bf12-a2f04b324f1a,2022,0
736452ba-30a8-493e-bf12-a2f04b324f1a,2023,10
7384e827-59f4-4f4f-a371-27c50e9a486a,2020,35
7384e827-59f4-4f4f-a371-27c50e9a486a,2022,35
7384e827-59f4-4f4f-a371-27c50e9a486a,2023,50
7384e827-59f4-4f4f-a371-27c50e9a486a,2024,15
73b52e5a-0b90-48b0-8750-4284d12b59bd,2020,20
73b52e5a-0b90-48b0-8750-4284d12b59bd,2022,15
73b52e5a-0b90-48b0-8750-4284d12b59bd,2023,10
73b52e5a-0b90-48b0-8750-4284d12b59bd,2024,5
73f4616e-10e4-473d-bfe4-ac56a9dcbc49,2020,110
74285670-4831-4241-bf88-ecd7add5422e,2020,5
74285670-4831-4241-bf88-ecd7add5422e,2021,0
7428ea7d-e8dd-4840-b3a1-729a17ad356d,2020,40
7428ea7d-e8dd-4840-b3a1-729a17ad356d,2023,25
744bc631-58e0-4a64-8e58-0c293715b913,2020,15
744bc631-58e0-4a64-8e58-0c293715b913,2021,15
744bc631-58e0-4a64-8e58-0c293715b913,2022,15
744bc631-58e0-4a64-8e58-0c293715b913,2024,5
746c0305-89a3-4dbe-a925-340850599f77,2020,10
746c0305-89a3-4dbe-a925-340850599f77,2021,15
746c0305-89a3-4dbe-a925-340850599f77,2022,20
746c0305-89a3-4dbe-a925-340850599f77,2023,15
74ad6339-a2fe-4202-9897-ad6019ff9da5,2024,15
74ea56aa-6ba8-4a70-b240-51f47b3844b8,2020,15
74ea56aa-6ba8-4a70-b240-51f47b3844b8,2023,35
74f08f20-737b-456c-a7f7-723786584d3f,2020,15
74f4f532-cbf7-4918-ae33-a38ec3d3301f,2020,15
74fe84e7-8ea2-47e6-a616-f744e9e64f83,2020,15
74fe84e7-8ea2-47e6-a616-f744e9e64f83,2021,0
74fe84e7-8ea2-47e6-a616-f744e9e64f83,2022,145
74fe84e7-8ea2-47e6-a616-f744e9e64f83,2023,10
7506d15d-e08a-4ac9-894e-37d935bb1a99,2022,0
753c49c3-3871-4463-8aec-5b7baa78ee47,2022,25
753c49c3-3871-4463-8aec-5b7baa78ee47,2023,210
753c49c3-3871-4463-8aec-5b7baa78ee47,2024,40
7550fcfa-d7c5-4068-8b50-a2f19c4fff59,2020,110
7550fcfa-d7c5-4068-8b50-a2f19c4fff59,2022,65
7550fcfa-d7c5-4068-8b50-a2f19c4fff59,2023,240
7550fcfa-d7c5-4068-8b50-a2f19c4fff59,2024,35
7555cb34-2028-41ca-a98d-dcf0e42450af,2020,25
7555cb34-2028-41ca-a98d-dcf0e42450af,2023,20
7555cb34-2028-41ca-a98d-dcf0e42450af,2024,35
756b34ca-e9f7-4fb0-aec0-066eef6c3771,2020,0
75ce8f09-69f5-4605-a8a5-41359e80b3fb,2020,0
75ce8f09-69f5-4605-a8a5-41359e80b3fb,2022,0
76726eae-93a2-4db4-ae88-bdccd7b68c04,2020,20
76753ce7-ccc3-4ec3-a64b-0694b95b7745,2022,10
76753ce7-ccc3-4ec3-a64b-0694b95b7745,2024,5
769bab31-7506-4d55-93ef-4b76da79e085,2022,0
770bbdad-2bbb-445f-baf2-df5699c12f66,2020,15
770eab39-5202-4610-9754-e5889f900f66,2021,40
770eab39-5202-4610-9754-e5889f900f66,2023,50
7710edc9-e9ae-4f87-8d4b-5ff0f7a0c807,2022,0
7712f422-687c-42e6-b698-70530249ff70,2022,0
7712f422-687c-42e6-b698-70530249ff70,2023,0
771b772a-0862-4ace-9651-fcb59288bd93,2020,150
771b772a-0862-4ace-9651-fcb59288bd93,2022,25
771b772a-0862-4ace-9651-fcb59288bd93,2023,240
771b772a-0862-4ace-9651-fcb59288bd93,2024,330
7730ef24-0127-4321-bba4-db7a344b99b7,2023,10
7730f169-aa4e-4ba1-a3a3-65b1539a5d7d,2020,45
7730f169-aa4e-4ba1-a3a3-65b1539a5d7d,2021,40
7730f169-aa4e-4ba1-a3a3-65b1539a5d7d,2022,40
7730f169-aa4e-4ba1-a3a3-65b1539a5d7d,2023,70
7730f169-aa4e-4ba1-a3a3-65b1539a5d7d,2024,20
773f8e93-b9eb-49ed-bf46-de715fa834d7,2020,30
773f8e93-b9eb-49ed-bf46-de715fa834d7,2023,40
77724390-11df-4b0a-9130-5bf29ba12546,2020,25
77724390-11df-4b0a-9130-5bf29ba12546,2021,5
7772d11b-8328-4d31-98e2-3eba8f9f17ae,2020,20
7772d11b-8328-4d31-98e2-3eba8f9f17ae,2021,5
7772d11b-8328-4d31-98e2-3eba8f9f17ae,2022,5
7772d11b-8328-4d31-98e2-3eba8f9f17ae,2023,30
7772d11b-8328-4d31-98e2-3eba8f9f17ae,2024,25
778e0c2c-be0b-488d-8643-c6c6eb7ab813,2020,0
778e0c2c-be0b-488d-8643-c6c6eb7ab813,2022,0
778e0c2c-be0b-488d-8643-c6c6eb7ab813,2023,0
779fc038-6db2-4b44-95be-b95762ccf4c7,2022,0
77afb1a7-2360-4528-b49e-835a34735c38,2020,25
77afb1a7-2360-4528-b49e-835a34735c38,2021,30
77afb1a7-2360-4528-b49e-835a34735c38,2022,25
77afb1a7-2360-4528-b49e-835a34735c38,2023,50
77db169a-22ff-414c-9e2d-965e317230f3,2020,0
77db169a-22ff-414c-9e2d-965e317230f3,2021,25
77db169a-22ff-414c-9e2d-965e317230f3,2024,25
77f4a745-a497-43c2-b80c-ec5900e143a3,2020,35
77f4a745-a497-43c2-b80c-ec5900e143a3,2022,40
77f4a745-a497-43c2-b80c-ec5900e143a3,2024,25
7835b412-5744-4169-8ddf-c0c69099b0c9,2023,0
7851e8b6-14b4-4b9b-b0bb-f4fb12a956f6,2020,15
78566bce-d50a-4906-b51d-405b4228d826,2020,20
78566bce-d50a-4906-b51d-405b4228d826,2021,45
78566bce-d50a-4906-b51d-405b4228d826,2023,25
78566bce-d50a-4906-b51d-405b4228d826,2024,0
78568e36-b211-4bc4-81ca-97629963b7c0,2020,30
78568e36-b211-4bc4-81ca-97629963b7c0,2023,10
78568e36-b211-4bc4-81ca-97629963b7c0,2024,25
7870a11c-a5aa-4a5b-bfc0-51ba0f01dff8,2020,15
7870a11c-a5aa-4a5b-bfc0-51ba0f01dff8,2023,20
7870a11c-a5aa-4a5b-bfc0-51ba0f01dff8,2024,10
787226b4-53df-4406-9e59-d74e6cfc9759,2020,25
787226b4-53df-4406-9e59-d74e6cfc9759,2021,10
787226b4-53df-4406-9e59-d74e6cfc9759,2023,30
789127ad-cd05-40ea-8e14-2fc8fbb1835a,2021,15
789127ad-cd05-40ea-8e14-2fc8fbb1835a,2022,25
789127ad-cd05-40ea-8e14-2fc8fbb1835a,2023,35
789127ad-cd05-40ea-8e14-2fc8fbb1835a,2024,25
78bd9fdb-e86a-48b7-ba82-0b4551f708e9,2023,0
78d15e7c-ce72-4302-8238-72749917c0ea,2021,25
78d15e7c-ce72-4302-8238-72749917c0ea,2022,10
78d15e7c-ce72-4302-8238-72749917c0ea,2023,15
78dec08c-b35a-4da9-a79a-dc7c9f72b56e,2020,20
78dec08c-b35a-4da9-a79a-dc7c9f72b56e,2021,10
78dec08c-b35a-4da9-a79a-dc7c9f72b56e,2022,0
7933f883-0ed6-4dff-a32a-cd34f5a023bd,2023,25
793f553d-5a31-4500-88a6-4c1774c3367d,2023,10
793f553d-5a31-4500-88a6-4c1774c3367d,2024,10
7956b4e9-83ad-4aa2-8d86-82ac0e1e233e,2020,5
7961fe5d-75b4-4729-904e-4abdcf9c1c36,2020,30
7961fe5d-75b4-4729-904e-4abdcf9c1c36,2022,15
79d0fcf7-dafc-4052-bac7-16acfd26b357,2020,40
79d0fcf7-dafc-4052-bac7-16acfd26b357,2021,5
79d0fcf7-dafc-4052-bac7-16acfd26b357,2022,15
79d0fcf7-dafc-4052-bac7-16acfd26b357,2023,45
79d0fcf7-dafc-4052-bac7-16acfd26b357,2024,20
7a3ff3aa-6e5b-48d2-a9d7-13ba50679702,2022,75
7a3ff3aa-6e5b-48d2-a9d7-13ba50679702,2023,35
7a3ff3aa-6e5b-48d2-a9d7-13ba50679702,2024,40
7a545e3f-d1d8-43f4-99f0-57446b6b2e99,2020,0
7a545e3f-d1d8-43f4-99f0-57446b6b2e99,2024,0
7a7aff77-804f-44b5-a1b9-5d71346f3190,2020,15
7a7aff77-804f-44b5-a1b9-5d71346f3190,2021,20
7a7aff77-804f-44b5-a1b9-5d71346f3190,2022,80
7a7aff77-804f-44b5-a1b9-5d71346f3190,2023,10
7a7aff77-804f-44b5-a1b9-5d71346f3190,2024,40
7ab1bc07-5087-46c1-8029-f5376528e93a,2020,15
7ab1bc07-5087-46c1-8029-f5376528e93a,2021,10
7ab1bc07-5087-46c1-8029-f5376528e93a,2022,20
7ab1bc07-5087-46c1-8029-f5376528e93a,2023,30
7acb6ed4-16c8-456b-bc3f-50781d6c8455,2023,25
7acb6ed4-16c8-456b-bc3f-50781d6c8455,2024,5
7b01142f-fa39-4a0b-9a28-eb6525069a8f,2022,0
7b0fc3fa-5db3-448b-9285-f8537cfd9d3b,2020,20
7b0fc3fa-5db3-448b-9285-f8537cfd9d3b,2022,10
7b0fc3fa-5db3-448b-9285-f8537cfd9d3b,2024,30
7b35b1cd-46aa-453e-a538-dbba1549c180,2024,5
7b5f8637-f991-46ea-8e8e-4d6f89937139,2021,20
7b5f8637-f991-46ea-8e8e-4d6f89937139,2022,5
7b5f8637-f991-46ea-8e8e-4d6f89937139,2023,45
7b5f8637-f991-46ea-8e8e-4d6f89937139,2024,10
7be182ae-8e9c-47f0-972c-49bdf03f2ed5,2021,0
7be182ae-8e9c-47f0-972c-49bdf03f2ed5,2022,0
7c446431-c94a-4676-8eb5-58775e58a90a,2022,85
7c446431-c94a-4676-8eb5-58775e58a90a,2023,0
7c446431-c94a-4676-8eb5-58775e58a90a,2024,15
7c86194a-f4b7-441f-8c2c-a71b2b846c53,2022,30
7c86194a-f4b7-441f-8c2c-a71b2b846c53,2023,0
7c86194a-f4b7-441f-8c2c-a71b2b846c53,2024,0
7cb59e08-a4a9-4f0d-98be-d5714b04f708,2020,5
7cb59e08-a4a9-4f0d-98be-d5714b04f708,2022,20
7cb59e08-a4a9-4f0d-98be-d5714b04f708,2023,35
7cb59e08-a4a9-4f0d-98be-d5714b04f708,2024,20
7cc57f85-daed-40fa-a4d7-c4862a1b2c5e,2020,40
7cc57f85-daed-40fa-a4d7-c4862a1b2c5e,2021,25
7cc57f85-daed-40fa-a4d7-c4862a1b2c5e,2022,15
7cc57f85-daed-40fa-a4d7-c4862a1b2c5e,2023,45
7cc57f85-daed-40fa-a4d7-c4862a1b2c5e,2024,35
7cc5dab1-e127-4d30-a54f-db5265e9d696,2020,0
7cc5dab1-e127-4d30-a54f-db5265e9d696,2021,15
7cc5dab1-e127-4d30-a54f-db5265e9d696,2022,0
7cc5dab1-e127-4d30-a54f-db5265e9d696,2023,10
7ce201dc-2bc8-4452-9de5-a0106349a25f,2021,10
7ce201dc-2bc8-4452-9de5-a0106349a25f,2023,40
7ce201dc-2bc8-4452-9de5-a0106349a25f,2024,40
7d19f431-b358-4d5d-97eb-39e7c7810ea1,2020,50
7d827fb9-84ab-424f-9bb4-b4cd1e5b7743,2020,35
7d827fb9-84ab-424f-9bb4-b4cd1e5b7743,2021,25
7d827fb9-84ab-424f-9bb4-b4cd1e5b7743,2022,25
7d827fb9-84ab-424f-9bb4-b4cd1e5b7743,2023,35
7daa41ae-6fc3-46b8-a5c6-dbcc02b5deab,2020,40
7daa41ae-6fc3-46b8-a5c6-dbcc02b5deab,2023,25
7e2ab75e-3cb9-48ea-80a6-e7ac9b8816b5,2020,10
7e2ab75e-3cb9-48ea-80a6-e7ac9b8816b5,2021,30
7e2ab75e-3cb9-48ea-80a6-e7ac9b8816b5,2022,20
7e2ab75e-3cb9-48ea-80a6-e7ac9b8816b5,2023,15
7e2ab75e-3cb9-48ea-80a6-e7ac9b8816b5,2024,0
7e4a97c0-d350-43b8-b090-dd0eb39d872e,2021,0
7e4a97c0-d350-43b8-b090-dd0eb39d872e,2022,40
7e4a97c0-d350-43b8-b090-dd0eb39d872e,2023,35
7e4a97c0-d350-43b8-b090-dd0eb39d872e,2024,35
7e52cedc-754b-43fe-9f1b-2f1b87ff35f6,2023,35
7e72131c-beba-4542-95f8-13fae5c56676,2020,20
7e72131c-beba-4542-95f8-13fae5c56676,2022,40
7e72131c-beba-4542-95f8-13fae5c56676,2023,10
7e72131c-beba-4542-95f8-13fae5c56676,2024,10
7ea1f3d3-c7ee-4597-b177-0ab4251b00e8,2020,10
7ea1f3d3-c7ee-4597-b177-0ab4251b00e8,2023,35
7ea1f3d3-c7ee-4597-b177-0ab4251b00e8,2024,45
7f269aac-75bf-4102-9171-d5c400d06cc1,2021,15
7f269aac-75bf-4102-9171-d5c400d06cc1,2022,10
7f269aac-75bf-4102-9171-d5c400d06cc1,2023,25
7f53e086-b206-4c6e-a801-6e87f623d92b,2023,0
7f6dd789-d917-47e2-8dd6-e01a798cf5b4,2020,25
7f6dd789-d917-47e2-8dd6-e01a798cf5b4,2021,40
7f6dd789-d917-47e2-8dd6-e01a798cf5b4,2023,40
7f6dd789-d917-47e2-8dd6-e01a798cf5b4,2024,60
7f9e48ce-935d-4f29-85db-a53431cb5a3d,2020,15
7f9e48ce-935d-4f29-85db-a53431cb5a3d,2021,30
7f9e48ce-935d-4f29-85db-a53431cb5a3d,2022,5
7f9e48ce-935d-4f29-85db-a53431cb5a3d,2023,35
7f9e48ce-935d-4f29-85db-a53431cb5a3d,2024,10
7faff847-5ce7-441b-89f5-f50ed71a821c,2020,5
7faff847-5ce7-441b-89f5-f50ed71a821c,2023,0
7fbc0001-a38f-4700-b67b-c0e3df1f3214,2020,10
7fbc0001-a38f-4700-b67b-c0e3df1f3214,2021,5
7fbc0001-a38f-4700-b67b-c0e3df1f3214,2023,30
7fbc0001-a38f-4700-b67b-c0e3df1f3214,2024,35
7fd49528-f08d-48ab-9124-b0def92e50fd,2021,0
7fd49528-f08d-48ab-9124-b0def92e50fd,2022,5
7fd49528-f08d-48ab-9124-b0def92e50fd,2023,5
7fd49528-f08d-48ab-9124-b0def92e50fd,2024,10
801188dc-e71d-4313-8641-d7706710a7fe,2020,20
801188dc-e71d-4313-8641-d7706710a7fe,2021,50
801188dc-e71d-4313-8641-d7706710a7fe,2022,5
801188dc-e71d-4313-8641-d7706710a7fe,2023,20
801188dc-e71d-4313-8641-d7706710a7fe,2024,0
809ea13b-0c9e-4fa2-ac17-597dd400cbd8,2022,10
809ea13b-0c9e-4fa2-ac17-597dd400cbd8,2023,0
80b593a8-2e5b-482c-ac3c-274f65f4fc69,2020,10
80b593a8-2e5b-482c-ac3c-274f65f4fc69,2022,10
80b593a8-2e5b-482c-ac3c-274f65f4fc69,2023,40
810a8596-b1c9-4be3-b9e3-b1cbd7c3efd0,2020,0
810a8596-b1c9-4be3-b9e3-b1cbd7c3efd0,2021,5
810a8596-b1c9-4be3-b9e3-b1cbd7c3efd0,2023,35
8141eef6-98d3-4eae-9a08-15ff2dfc9b33,2020,15
8141eef6-98d3-4eae-9a08-15ff2dfc9b33,2021,0
8141eef6-98d3-4eae-9a08-15ff2dfc9b33,2022,45
8143da09-f119-496b-8b61-6d8b17f7bbc9,2023,0
814aa298-4229-4a29-906a-c4ef86167d54,2020,20
814aa298-4229-4a29-906a-c4ef86167d54,2021,0
814aa298-4229-4a29-906a-c4ef86167d54,2022,0
814aa298-4229-4a29-906a-c4ef86167d54,2023,5
819054e1-6b7b-4465-bc7c-9621a80cfb83,2023,5
81a0a28e-b920-4e22-a65e-84c68e989e55,2020,25
81a0a28e-b920-4e22-a65e-84c68e989e55,2021,10
81a0a28e-b920-4e22-a65e-84c68e989e55,2022,35
81a0a28e-b920-4e22-a65e-84c68e989e55,2023,40
81a0a28e-b920-4e22-a65e-84c68e989e55,2024,30
81a71c22-3fed-4e0f-a12e-c7fea0fa47a9,2020,40
81a71c22-3fed-4e0f-a12e-c7fea0fa47a9,2021,20
828bc0a0-7641-4ca0-bcdb-b5a5df3a3b62,2024,80
8298ec14-959d-4214-870e-b55fdb998b87,2020,5
8298ec14-959d-4214-870e-b55fdb998b87,2021,15
8298ec14-959d-4214-870e-b55fdb998b87,2022,30
8298ec14-959d-4214-870e-b55fdb998b87,2023,45
82b6092c-daca-433f-9b93-e21e0b0926b1,2021,45
82b6092c-daca-433f-9b93-e21e0b0926b1,2023,235
82b6092c-daca-433f-9b93-e21e0b0926b1,2024,5
82e7a821-5d83-4f92-888d-a62dcd4e362d,2020,40
82e7a821-5d83-4f92-888d-a62dcd4e362d,2021,30
82e7a821-5d83-4f92-888d-a62dcd4e362d,2022,35
82f4fba3-07fe-487a-b1fc-51424e2e7afe,2022,15
82f4fba3-07fe-487a-b1fc-51424e2e7afe,2023,20
82f4fba3-07fe-487a-b1fc-51424e2e7afe,2024,25
8300c4fc-d3e3-40b5-be40-22924c73f5db,2021,10
8300c4fc-d3e3-40b5-be40-22924c73f5db,2022,25
835d7a69-1a29-422a-be23-ba66e87db05c,2023,0
835d7a69-1a29-422a-be23-ba66e87db05c,2024,35
836470fd-e807-4fe5-b934-d621100cf4dd,2020,0
836470fd-e807-4fe5-b934-d621100cf4dd,2021,5
836470fd-e807-4fe5-b934-d621100cf4dd,2024,0
837632ac-4521-44b6-9228-6b41063b7f0f,2020,0
837632ac-4521-44b6-9228-6b41063b7f0f,2021,15
8379bb06-bedd-4d8e-8c49-97625b4ea5fc,2020,15
8379bb06-bedd-4d8e-8c49-97625b4ea5fc,2021,5
8379bb06-bedd-4d8e-8c49-97625b4ea5fc,2023,45
83a781a1-ddbd-445f-bf3f-5cf18a85c8ad,2020,5
83a781a1-ddbd-445f-bf3f-5cf18a85c8ad,2022,15
83a781a1-ddbd-445f-bf3f-5cf18a85c8ad,2024,20
84a3784c-b377-4e8a-8772-66914a6eae63,2020,350
84a3784c-b377-4e8a-8772-66914a6eae63,2021,10
84a3784c-b377-4e8a-8772-66914a6eae63,2023,15
84a3784c-b377-4e8a-8772-66914a6eae63,2024,30
84a6a56c-fca3-4a7c-a59d-66e8918e2411,2020,25
84a6a56c-fca3-4a7c-a59d-66e8918e2411,2021,15
84a6a56c-fca3-4a7c-a59d-66e8918e2411,2022,30
84a6a56c-fca3-4a7c-a59d-66e8918e2411,2023,45
84a6a56c-fca3-4a7c-a59d-66e8918e2411,2024,25
84cf4558-3cc2-494b-a4bb-53f7bee3639e,2023,0
84cf4558-3cc2-494b-a4bb-53f7bee3639e,2024,0
84d64e79-fbf5-45dc-985d-a456b7cdc202,2020,5
856ac75f-a7c2-434b-aa0e-55108ca6d7e8,2020,5
856ac75f-a7c2-434b-aa0e-55108ca6d7e8,2023,10
856ac75f-a7c2-434b-aa0e-55108ca6d7e8,2024,5
857c1b6a-4a6a-456b-86d0-f4a2ba1d69cf,2020,20
857c1b6a-4a6a-456b-86d0-f4a2ba1d69cf,2021,40
857c1b6a-4a6a-456b-86d0-f4a2ba1d69cf,2023,45
85caae38-b705-43f7-9a6f-a2a8763c991b,2020,15
85caae38-b705-43f7-9a6f-a2a8763c991b,2024,0
8637c0cf-30eb-47fb-b674-77097fde9662,2022,10
8653059f-f30a-41da-bd72-178c8c9d85d2,2021,5
8653f44d-2b80-473d-a521-9a0fafbc8da7,2020,0
8653f44d-2b80-473d-a521-9a0fafbc8da7,2021,20
8653f44d-2b80-473d-a521-9a0fafbc8da7,2023,0
8653f44d-2b80-473d-a521-9a0fafbc8da7,2024,0
8664c3fe-697e-4859-965f-6a81dd32b124,2020,5
8664c3fe-697e-4859-965f-6a81dd32b124,2023,10
8664c3fe-697e-4859-965f-6a81dd32b124,2024,195
86c7f20e-a57e-4dbf-806f-a629e49852c0,2020,20
86c7f20e-a57e-4dbf-806f-a629e49852c0,2021,30
86c7f20e-a57e-4dbf-806f-a629e49852c0,2023,0
86d7535c-32f5-415d-be17-ebdcfa38b799,2022,15
86d7535c-32f5-415d-be17-ebdcfa38b799,2024,20
86df21df-01c4-4fd0-9aad-78349cc3f160,2022,0
86df21df-01c4-4fd0-9aad-78349cc3f160,2024,0
86ed7c3b-33a4-4e4d-bb5e-42e88d58e98f,2020,10
86ed7c3b-33a4-4e4d-bb5e-42e88d58e98f,2023,25
86ed7c3b-33a4-4e4d-bb5e-42e88d58e98f,2024,0
8734ded6-6d75-41ac-847a-c7185100086c,2021,10
8734ded6-6d75-41ac-847a-c7185100086c,2022,40
8734ded6-6d75-41ac-847a-c7185100086c,2023,0
8734ded6-6d75-41ac-847a-c7185100086c,2024,10
878f00a7-a792-4c95-b127-41a6efed70d3,2023,45
87a2245a-256e-4804-9eea-23bdbc740576,2020,50
87a2245a-256e-4804-9eea-23bdbc740576,2021,60
87a2245a-256e-4804-9eea-23bdbc740576,2022,50
87a2245a-256e-4804-9eea-23bdbc740576,2023,35
87a2245a-256e-4804-9eea-23bdbc740576,2024,15
87c8b4c2-2b59-45c8-9271-5fcf39f57b09,2022,5
87c8b4c2-2b59-45c8-9271-5fcf39f57b09,2024,5
87cbeed4-7718-495d-8a7b-c7e978833719,2020,0
87cbeed4-7718-495d-8a7b-c7e978833719,2024,35
88317774-95e0-4e9f-a571-c6c8ad51e079,2021,0
889baed6-e6cf-440e-9504-5f97e2735b98,2020,25
889baed6-e6cf-440e-9504-5f97e2735b98,2021,10
889baed6-e6cf-440e-9504-5f97e2735b98,2022,25
88b721d6-ff22-45ab-b1aa-76062a84ac54,2023,10
88b721d6-ff22-45ab-b1aa-76062a84ac54,2024,20
88f9f473-b4a4-4356-8325-56460f9f76b1,2020,0
88f9f473-b4a4-4356-8325-56460f9f76b1,2024,15
89598096-e5c2-4b16-b3b1-87d15d65fffe,2022,5
89598096-e5c2-4b16-b3b1-87d15d65fffe,2023,0
898888b1-1e52-49dd-a8ef-13611192135f,2023,25
899e2a29-4385-48e1-801a-f70caeafac8f,2020,45
899e2a29-4385-48e1-801a-f70caeafac8f,2023,20
89a8cb73-fb2e-4e8c-8935-c9d795cbc289,2022,10
89c02039-3c98-418c-afe0-19750e8e845d,2022,15
89c02039-3c98-418c-afe0-19750e8e845d,2023,30
89dfc81d-bab8-45c0-88c8-43632014f710,2021,5
89dfc81d-bab8-45c0-88c8-43632014f710,2022,5
89dfc81d-bab8-45c0-88c8-43632014f710,2023,30
89dfc81d-bab8-45c0-88c8-43632014f710,2024,15
8a084c80-8402-4d7c-bd02-ad5b9e12f55a,2021,25
8a084c80-8402-4d7c-bd02-ad5b9e12f55a,2022,30
8a10e0b2-126c-4eca-87f1-9fb9988ac32e,2024,20
8a278f38-2971-43da-ac56-ec3c4773227f,2022,5
8a278f38-2971-43da-ac56-ec3c4773227f,2024,5
8a5c5380-d2a0-4975-ba67-39fc938c6852,2021,10
8a5c5380-d2a0-4975-ba67-39fc938c6852,2022,5
8a5c5380-d2a0-4975-ba67-39fc938c6852,2023,0
8a5c5380-d2a0-4975-ba67-39fc938c6852,2024,0
8a69c85e-f252-4174-aa7d-2768f3ba7162,2020,40
8a69c85e-f252-4174-aa7d-2768f3ba7162,2022,25
8a69c85e-f252-4174-aa7d-2768f3ba7162,2023,40
8a69c85e-f252-4174-aa7d-2768f3ba7162,2024,30
8a6da54f-a18a-4c51-bf9d-dacf771eb46b,2020,20
8a6da54f-a18a-4c51-bf9d-dacf771eb46b,2023,10
8a6da54f-a18a-4c51-bf9d-dacf771eb46b,2024,0
8a7eebed-c282-4dd1-b466-e3431a8a40d7,2020,10
8a7eebed-c282-4dd1-b466-e3431a8a40d7,2021,15
8a7eebed-c282-4dd1-b466-e3431a8a40d7,2022,10
8a7eebed-c282-4dd1-b466-e3431a8a40d7,2023,5
8a7f1be7-f2c3-4744-b678-5655b34a107e,2023,5
8a8d57b5-ce81-4043-b8ad-388758ac4725,2022,0
8aacc882-802b-4e72-9dbd-7ad8c26a4a0b,2020,10
8aacc882-802b-4e72-9dbd-7ad8c26a4a0b,2022,0
8aacc882-802b-4e72-9dbd-7ad8c26a4a0b,2023,5
8acd017c-0cf7-46b9-95fd-ad63099376de,2020,0
8b053817-6a5a-4c13-a346-668c15ff9d3e,2020,0
8b053817-6a5a-4c13-a346-668c15ff9d3e,2021,20
8b053817-6a5a-4c13-a346-668c15ff9d3e,2023,25
8c229511-086b-4e09-889d-13ffa9b3eccf,2021,35
8c2e39fb-c08d-454b-a80d-f6e91e2df1a0,2020,5
8c2e39fb-c08d-454b-a80d-f6e91e2df1a0,2021,15
8c2e39fb-c08d-454b-a80d-f6e91e2df1a0,2023,45
8c2e39fb-c08d-454b-a80d-f6e91e2df1a0,2024,10
8cda6b4d-4742-4b3b-9028-94a68d7578a0,2022,0
8cda6b4d-4742-4b3b-9028-94a68d7578a0,2024,0
8ce95922-c175-4c73-833d-95b4383d92f4,2020,0
8ce95922-c175-4c73-833d-95b4383d92f4,2021,25
8ce95922-c175-4c73-833d-95b4383d92f4,2022,40
8ce95922-c175-4c73-833d-95b4383d92f4,2024,10
8cf6afe7-e67a-4d45-987b-a30d4b124120,2020,10
8cf6afe7-e67a-4d45-987b-a30d4b124120,2022,15
8cf6afe7-e67a-4d45-987b-a30d4b124120,2023,15
8cf6afe7-e67a-4d45-987b-a30d4b124120,2024,30
8d25e780-4394-4270-8e2d-9664ebce5a20,2020,5
8d25e780-4394-4270-8e2d-9664ebce5a20,2022,15
8d25e780-4394-4270-8e2d-9664ebce5a20,2023,35
8d5dd66e-bec6-4695-b74c-2af9be231f29,2020,15
8d5dd66e-bec6-4695-b74c-2af9be231f29,2021,0
8d5dd66e-bec6-4695-b74c-2af9be231f29,2023,90
8d5dd66e-bec6-4695-b74c-2af9be231f29,2024,190
8d666540-5551-4253-be3d-0731f2487958,2022,15
8d666540-5551-4253-be3d-0731f2487958,2023,30
8d7b3902-a639-46df-87ca-b1ed74738902,2023,0
8db148e8-2ca8-47e6-8792-2a0062247be9,2020,25
8db148e8-2ca8-47e6-8792-2a0062247be9,2022,25
8db148e8-2ca8-47e6-8792-2a0062247be9,2023,40
8db148e8-2ca8-47e6-8792-2a0062247be9,2024,30
8dbe1438-3837-4ab6-ae8f-c125e20c55a1,2020,5
8dbe1438-3837-4ab6-ae8f-c125e20c55a1,2021,30
8dbe1438-3837-4ab6-ae8f-c125e20c55a1,2024,15
8df49c95-431f-4d49-9640-6977ef8a478d,2024,0
8e49743d-01db-47a1-870a-634eabb6cf45,2020,15
8e49743d-01db-47a1-870a-634eabb6cf45,2021,15
8e49743d-01db-47a1-870a-634eabb6cf45,2023,0
8e5e6f0d-42a8-42a4-b11d-fe3579ae776d,2022,30
8e5e6f0d-42a8-42a4-b11d-fe3579ae776d,2023,55
8e5e6f0d-42a8-42a4-b11d-fe3579ae776d,2024,40
8e749b60-0c9f-43b3-8985-1055c7575055,2020,30
8e749b60-0c9f-43b3-8985-1055c7575055,2022,10
8e749b60-0c9f-43b3-8985-1055c7575055,2023,55
8e749b60-0c9f-43b3-8985-1055c7575055,2024,30
8e7e0372-11f4-4be2-8a67-6f313c4d2982,2020,25
8e7e0372-11f4-4be2-8a67-6f313c4d2982,2024,20
8e8e0ce6-0778-40c0-b4d4-45ecd6a9df93,2021,30
8e8e0ce6-0778-40c0-b4d4-45ecd6a9df93,2022,30
8e8e0ce6-0778-40c0-b4d4-45ecd6a9df93,2024,10
8e9fe9ea-5f5c-4f71-98f5-6741b24d965b,2022,15
8e9fe9ea-5f5c-4f71-98f5-6741b24d965b,2024,5
8f491d96-9ddd-4d25-bd05-707c33f93873,2022,170
8f491d96-9ddd-4d25-bd05-707c33f93873,2023,195
8fc36a49-58eb-45ac-ac84-e23272f6eae5,2020,20
8fc36a49-58eb-45ac-ac84-e23272f6eae5,2021,0
8fe42bf5-b441-457a-b431-4babe451c07c,2020,35
8ff4c636-8550-4585-8ff1-d60b21d84651,2022,5
900b3940-cc01-4365-8279-1beb74bf7ae5,2022,0
90269896-576d-4b52-ae4b-3fcc224e6e6a,2020,360
90269896-576d-4b52-ae4b-3fcc224e6e6a,2021,0
90269896-576d-4b52-ae4b-3fcc224e6e6a,2022,0
90269896-576d-4b52-ae4b-3fcc224e6e6a,2023,240
903f57da-c8ad-4669-9c83-a6400ab9fd75,2020,35
9041ccbe-9cf8-4203-914d-6cb24b981f2d,2020,40
9041ccbe-9cf8-4203-914d-6cb24b981f2d,2021,10
9041ccbe-9cf8-4203-914d-6cb24b981f2d,2023,5
9041ccbe-9cf8-4203-914d-6cb24b981f2d,2024,0
904bb0be-13c6-4ad6-a50f-df555b291db0,2023,5
904bb0be-13c6-4ad6-a50f-df555b291db0,2024,50
90c10704-2be2-447f-931a-2edb38a58938,2024,0
91028476-3ac0-489e-8ea4-fdb7fa30698f,2020,360
91028476-3ac0-489e-8ea4-fdb7fa30698f,2021,360
91028476-3ac0-489e-8ea4-fdb7fa30698f,2022,265
91244ad2-0863-4100-a0c9-2ed0af1a57a0,2022,0
912bb86b-7318-4f9c-addb-8037bb3e63c0,2022,15
912bb86b-7318-4f9c-addb-8037bb3e63c0,2023,0
912f11ea-2e9e-4d01-ac3a-d61c757ad6a9,2020,10
912f11ea-2e9e-4d01-ac3a-d61c757ad6a9,2024,15
917b5439-77b5-411b-a6d9-d435b2c8f596,2023,30
91e2c691-4050-43a3-b933-298029dd7191,2022,5
91e2c691-4050-43a3-b933-298029dd7191,2023,20
91efd69e-f120-43b3-a495-27df3593d47f,2022,10
91efd69e-f120-43b3-a495-27df3593d47f,2023,10
91efd69e-f120-43b3-a495-27df3593d47f,2024,10
91fc1a25-0948-4df1-a80a-0430bbc2faca,2020,5
91fc1a25-0948-4df1-a80a-0430bbc2faca,2021,25
91fc1a25-0948-4df1-a80a-0430bbc2faca,2024,25
9220d1d3-d231-4d71-b27e-5aa80659d861,2020,0
9220d1d3-d231-4d71-b27e-5aa80659d861,2021,15
9220d1d3-d231-4d71-b27e-5aa80659d861,2023,45
9220d1d3-d231-4d71-b27e-5aa80659d861,2024,10
92403ff0-123c-415f-bd0e-47c4162b0400,2021,0
92403ff0-123c-415f-bd0e-47c4162b0400,2023,0
92acc31d-190a-4ef5-8ff5-4405a9e94d24,2020,15
92acc31d-190a-4ef5-8ff5-4405a9e94d24,2021,10
92acc31d-190a-4ef5-8ff5-4405a9e94d24,2022,15
92acc31d-190a-4ef5-8ff5-4405a9e94d24,2023,0
92acc31d-190a-4ef5-8ff5-4405a9e94d24,2024,30
92c0d147-99c8-4b08-bd68-6b2a0ab7a0ab,2020,20
92c0d147-99c8-4b08-bd68-6b2a0ab7a0ab,2024,35
937bfbbc-a11e-4b90-90ac-c3df818cab8b,2020,35
937bfbbc-a11e-4b90-90ac-c3df818cab8b,2022,20
937bfbbc-a11e-4b90-90ac-c3df818cab8b,2023,30
937bfbbc-a11e-4b90-90ac-c3df818cab8b,2024,35
938d812e-e929-4239-85da-5cc05713d1d1,2020,5
938d812e-e929-4239-85da-5cc05713d1d1,2023,230
938d812e-e929-4239-85da-5cc05713d1d1,2024,340
9421ab8d-7ab7-4178-a583-d3a3b30dd76b,2020,0
9421ab8d-7ab7-4178-a583-d3a3b30dd76b,2021,10
9421ab8d-7ab7-4178-a583-d3a3b30dd76b,2023,30
9421ab8d-7ab7-4178-a583-d3a3b30dd76b,2024,30
943bb90a-725d-4e2e-a33e-269aafbe8103,2020,125
943bb90a-725d-4e2e-a33e-269aafbe8103,2022,175
943bb90a-725d-4e2e-a33e-269aafbe8103,2023,360
943bb90a-725d-4e2e-a33e-269aafbe8103,2024,195
945ef0b9-c565-4817-afc8-7b1391279903,2021,10
945ef0b9-c565-4817-afc8-7b1391279903,2023,40
948889e1-8bf2-4a51-8431-951fa07030da,2020,10
948889e1-8bf2-4a51-8431-951fa07030da,2021,20
948889e1-8bf2-4a51-8431-951fa07030da,2022,10
948889e1-8bf2-4a51-8431-951fa07030da,2023,25
949864e5-de6f-4e92-8261-7200cabf9a65,2021,15
94a2a34e-d23a-406b-a49a-296f6100062f,2021,10
94a2a34e-d23a-406b-a49a-296f6100062f,2022,25
94a2a34e-d23a-406b-a49a-296f6100062f,2023,25
94a5fdb0-1c1e-40d9-b556-43913e89e6fb,2020,30
94a5fdb0-1c1e-40d9-b556-43913e89e6fb,2021,40
94a5fdb0-1c1e-40d9-b556-43913e89e6fb,2022,10
94a5fdb0-1c1e-40d9-b556-43913e89e6fb,2024,5
94ae3cbc-3f21-4aba-a72c-1d44e9975471,2023,10
94bcd9aa-a52b-4fdb-8ff7-ac5c3de4c58c,2020,5
94bcd9aa-a52b-4fdb-8ff7-ac5c3de4c58c,2021,0
94bcd9aa-a52b-4fdb-8ff7-ac5c3de4c58c,2022,20
94bcd9aa-a52b-4fdb-8ff7-ac5c3de4c58c,2023,45
94e76e7d-197a-4892-84b4-b3a3db3639f9,2022,15
94ecdda7-3f78-486b-a283-aebd8bd94955,2022,35
94ecdda7-3f78-486b-a283-aebd8bd94955,2024,5
952c1053-2ac9-43b2-9d33-ac72b1d954cf,2020,15
952c1053-2ac9-43b2-9d33-ac72b1d954cf,2023,5
952c1053-2ac9-43b2-9d33-ac72b1d954cf,2024,5
9535575e-7090-4d13-ab29-a7acea947e0c,2020,0
9535575e-7090-4d13-ab29-a7acea947e0c,2024,25
95719106-98c5-4978-9472-222653466b96,2020,30
95719106-98c5-4978-9472-222653466b96,2021,0
95719106-98c5-4978-9472-222653466b96,2022,10
95719106-98c5-4978-9472-222653466b96,2023,50
95719106-98c5-4978-9472-222653466b96,2024,30
9571a4cd-edda-4cd0-a2de-4b258f8c4a84,2023,30
95cb7eac-ecc4-4cee-8617-32360f7616cf,2023,45
95cc7f51-348a-4a78-9fed-40de387077a1,2020,15
95cc7f51-348a-4a78-9fed-40de387077a1,2022,10
95f392f6-60d9-4d6f-b7aa-d2e25682ba7a,2020,15
95f392f6-60d9-4d6f-b7aa-d2e25682ba7a,2023,5
96251736-08b4-448f-b524-bdea97e218d9,2020,5
96251736-08b4-448f-b524-bdea97e218d9,2021,0
96251736-08b4-448f-b524-bdea97e218d9,2022,30
96251736-08b4-448f-b524-bdea97e218d9,2023,15
96251736-08b4-448f-b524-bdea97e218d9,2024,35
96258cd9-f2c9-4fc4-855d-56ba2896ef2d,2020,20
96258cd9-f2c9-4fc4-855d-56ba2896ef2d,2022,15
96258cd9-f2c9-4fc4-855d-56ba2896ef2d,2023,20
96258cd9-f2c9-4fc4-855d-56ba2896ef2d,2024,35
96501445-ae7f-42c1-81f7-58cf3cdef348,2020,10
96501445-ae7f-42c1-81f7-58cf3cdef348,2021,5
96501445-ae7f-42c1-81f7-58cf3cdef348,2022,15
96501445-ae7f-42c1-81f7-58cf3cdef348,2023,0
96828dc3-2640-48a4-a5f8-f71943462768,2021,40
96828dc3-2640-48a4-a5f8-f71943462768,2023,225
96828dc3-2640-48a4-a5f8-f71943462768,2024,5
96aeb8b5-0422-4a31-b162-038cb8b91dee,2020,20
96aeb8b5-0422-4a31-b162-038cb8b91dee,2021,15
96aeb8b5-0422-4a31-b162-038cb8b91dee,2023,45
96bab2f4-aba4-4d94-858b-d109f0a159b0,2022,25
96baba71-f2a9-4456-b96f-64c26035cb65,2020,20
96baba71-f2a9-4456-b96f-64c26035cb65,2021,25
96baba71-f2a9-4456-b96f-64c26035cb65,2022,15
97005f31-f8be-4e66-9f2f-3c41ea683d73,2020,20
97005f31-f8be-4e66-9f2f-3c41ea683d73,2022,15
97005f31-f8be-4e66-9f2f-3c41ea683d73,2023,15
978ccfc6-0cee-4101-9512-78fc345437b2,2022,195
978ccfc6-0cee-4101-9512-78fc345437b2,2023,360
978ccfc6-0cee-4101-9512-78fc345437b2,2024,5
97a2bc3e-1f6a-49ca-ba09-eb57542f02dd,2021,25
97a2bc3e-1f6a-49ca-ba09-eb57542f02dd,2022,15
97d96a06-2276-4d0d-bc5d-076e7c7e5ea6,2024,5
97f774f1-cddb-4dc4-b798-11edec0e563a,2020,5
97f774f1-cddb-4dc4-b798-11edec0e563a,2021,25
97f774f1-cddb-4dc4-b798-11edec0e563a,2022,35
97fc917c-8c56-484c-a6e2-65425e5cad0d,2021,10
97fc917c-8c56-484c-a6e2-65425e5cad0d,2022,50
97ffe357-d403-4558-a973-f4cd667e626d,2020,15
97ffe357-d403-4558-a973-f4cd667e626d,2024,15
98100d84-c47b-4519-9972-df5855df1b26,2020,10
98100d84-c47b-4519-9972-df5855df1b26,2021,50
98100d84-c47b-4519-9972-df5855df1b26,2022,35
98100d84-c47b-4519-9972-df5855df1b26,2023,65
98100d84-c47b-4519-9972-df5855df1b26,2024,25
98344668-a18a-4f21-8b8c-1f789e5453bf,2020,25
98536f2d-fe7f-4077-a6a8-0736094d83e3,2022,0
989a41bc-baf1-4281-94c6-83b70b5e0ad0,2020,15
989a41bc-baf1-4281-94c6-83b70b5e0ad0,2022,10
98b20040-dfb0-4f9c-8b6a-a7d1b8435676,2020,15
98b20040-dfb0-4f9c-8b6a-a7d1b8435676,2021,35
98b20040-dfb0-4f9c-8b6a-a7d1b8435676,2022,10
98b20040-dfb0-4f9c-8b6a-a7d1b8435676,2023,30
98b20040-dfb0-4f9c-8b6a-a7d1b8435676,2024,35
99092dbc-6897-43e8-b4f0-30f79b1f8abd,2020,5
99092dbc-6897-43e8-b4f0-30f79b1f8abd,2021,20
99092dbc-6897-43e8-b4f0-30f79b1f8abd,2022,5
99092dbc-6897-43e8-b4f0-30f79b1f8abd,2023,5
990d6d72-03f8-426b-a0a9-033687f0f5e3,2020,360
990d6d72-03f8-426b-a0a9-033687f0f5e3,2021,30
990d6d72-03f8-426b-a0a9-033687f0f5e3,2023,80
990d6d72-03f8-426b-a0a9-033687f0f5e3,2024,40
9a26c08a-5d8b-404e-93f6-af5cea94d724,2023,25
9a6defc7-08a8-4bfc-b40d-d3695db3e788,2020,15
9a6defc7-08a8-4bfc-b40d-d3695db3e788,2022,5
9a6defc7-08a8-4bfc-b40d-d3695db3e788,2023,25
9a6defc7-08a8-4bfc-b40d-d3695db3e788,2024,10
9a6edab3-b992-486e-9564-32707c65bc17,2023,20
9ac5faf2-4e01-40a8-be83-b10cb7dc2c8c,2021,15
9ac5faf2-4e01-40a8-be83-b10cb7dc2c8c,2022,10
9ac5faf2-4e01-40a8-be83-b10cb7dc2c8c,2023,5
9ac5faf2-4e01-40a8-be83-b10cb7dc2c8c,2024,20
9ac75bbb-d963-4385-80f9-d1e55834fb1d,2021,25
9ac75bbb-d963-4385-80f9-d1e55834fb1d,2024,20
9ac9cd5c-3e50-4b3d-bc21-c18338f9420f,2020,30
9ac9cd5c-3e50-4b3d-bc21-c18338f9420f,2023,30
9acc8d41-e413-4a38-b90b-8749c2d75dde,2020,25
9acc8d41-e413-4a38-b90b-8749c2d75dde,2021,0
9acc8d41-e413-4a38-b90b-8749c2d75dde,2022,30
9acc8d41-e413-4a38-b90b-8749c2d75dde,2023,55
9acc8d41-e413-4a38-b90b-8749c2d75dde,2024,50
9b244c05-cc53-4cba-830d-6e5b6f1f2a70,2022,0
9b254c4d-301f-4212-b537-72599fccd69f,2020,10
9b254c4d-301f-4212-b537-72599fccd69f,2022,15
9b254c4d-301f-4212-b537-72599fccd69f,2023,100
9b254c4d-301f-4212-b537-72599fccd69f,2024,345
9b285b09-0def-4bff-ab9e-cf82ae89baac,2022,15
9b8c9e82-44e7-4671-8db7-49f37f7ed254,2023,35
9b8c9e82-44e7-4671-8db7-49f37f7ed254,2024,30
9bbb3e20-f32e-4ddd-99ce-8c675fa19b8c,2021,25
9c1149fb-31ca-41d8-8c8c-3a73e8f09e8a,2020,25
9c1149fb-31ca-41d8-8c8c-3a73e8f09e8a,2021,0
9c1149fb-31ca-41d8-8c8c-3a73e8f09e8a,2022,20
9c1149fb-31ca-41d8-8c8c-3a73e8f09e8a,2023,35
9c1149fb-31ca-41d8-8c8c-3a73e8f09e8a,2024,45
9c16dc1d-75c1-431e-8937-d327655e6a34,2022,10
9c16dc1d-75c1-431e-8937-d327655e6a34,2023,15
9c16dc1d-75c1-431e-8937-d327655e6a34,2024,30
9c193545-b2d6-4133-98a4-d4378ad06c7e,2020,50
9c193545-b2d6-4133-98a4-d4378ad06c7e,2022,40
9c193545-b2d6-4133-98a4-d4378ad06c7e,2023,20
9c193545-b2d6-4133-98a4-d4378ad06c7e,2024,25
9c2f8181-326d-4026-b27d-19a782929224,2021,5
9c2f8181-326d-4026-b27d-19a782929224,2023,0
9c2f8181-326d-4026-b27d-19a782929224,2024,0
9c36de92-c6fe-4883-8f2e-cd586566f2c1,2023,30
9c36de92-c6fe-4883-8f2e-cd586566f2c1,2024,20
9cae21c0-281d-4662-bb33-ddc5ee7fb6c8,2020,25
9ccb0812-432a-484f-800d-88b314bd7ef7,2020,40
9ccb0812-432a-484f-800d-88b314bd7ef7,2021,40
9ccb0812-432a-484f-800d-88b314bd7ef7,2023,10
9ccb0812-432a-484f-800d-88b314bd7ef7,2024,20
9d0fc903-3c3a-47b4-934d-ab0fbd4666d8,2020,35
9d0fc903-3c3a-47b4-934d-ab0fbd4666d8,2021,30
9d0fc903-3c3a-47b4-934d-ab0fbd4666d8,2022,15
9d0fc903-3c3a-47b4-934d-ab0fbd4666d8,2023,40
9d1d6cef-250c-4fd4-b7a0-5fcb8dd1dff2,2020,40
9d1d6cef-250c-4fd4-b7a0-5fcb8dd1dff2,2021,30
9d1d6cef-250c-4fd4-b7a0-5fcb8dd1dff2,2023,0
9d1f9443-b1e9-46c7-95a6-69facdb2335d,2020,25
9d1f9443-b1e9-46c7-95a6-69facdb2335d,2021,5
9d1f9443-b1e9-46c7-95a6-69facdb2335d,2023,30
9d1f9443-b1e9-46c7-95a6-69facdb2335d,2024,30
9d4ace5e-9593-4719-89ec-5971445bb330,2020,170
9d5396a8-fb72-4089-9c51-f6146fbad062,2020,15
9d5396a8-fb72-4089-9c51-f6146fbad062,2021,25
9d5396a8-fb72-4089-9c51-f6146fbad062,2022,30
9d5396a8-fb72-4089-9c51-f6146fbad062,2023,5
9d5396a8-fb72-4089-9c51-f6146fbad062,2024,15
9d6cc06c-9bee-4dc7-b455-fb116e832ba4,2020,5
9d6cc06c-9bee-4dc7-b455-fb116e832ba4,2021,5
9d6e7a55-73e4-4a6a-935e-276d41a901c9,2023,165
9d6e7a55-73e4-4a6a-935e-276d41a901c9,2024,220
9d7a060a-d83d-45ae-b399-7a6c17a86009,2020,10
9d7a060a-d83d-45ae-b399-7a6c17a86009,2022,15
9d7a060a-d83d-45ae-b399-7a6c17a86009,2023,30
9da4b909-32d5-4fc0-913a-770fc6c173ff,2021,55
9da4b909-32d5-4fc0-913a-770fc6c173ff,2022,0
9db673f2-1cdf-429b-a29c-d0ed0218245f,2020,90
9de155c2-6d88-4f6a-b837-ad4598c1db62,2022,100
9de155c2-6d88-4f6a-b837-ad4598c1db62,2023,65
9e1b1fbf-24d8-4977-8899-7093eef5d8ba,2022,15
9e1b1fbf-24d8-4977-8899-7093eef5d8ba,2023,5
9e1b1fbf-24d8-4977-8899-7093eef5d8ba,2024,25
9e1b6444-8ed4-410c-880d-910eaf2ccb3f,2020,0
9e2efd42-389b-4922-8f55-c02f45aa0e37,2021,45
9e2efd42-389b-4922-8f55-c02f45aa0e37,2023,25
9e2efd42-389b-4922-8f55-c02f45aa0e37,2024,10
9e43983a-729e-40ed-88d9-b8a75f7f39c1,2020,30
9e43983a-729e-40ed-88d9-b8a75f7f39c1,2021,50
9e43983a-729e-40ed-88d9-b8a75f7f39c1,2022,35
9e43983a-729e-40ed-88d9-b8a75f7f39c1,2023,5
9e43983a-729e-40ed-88d9-b8a75f7f39c1,2024,45
9e7970c9-939a-413f-bea2-e9a30d83ad9b,2023,0
9e831308-2779-4bc0-bf06-6aaad7d73425,2023,5
9ec08cd8-d25c-4a8d-891e-1d1fc0f6f070,2020,45
9f14ec03-3b5f-4880-9d61-5e2242cf814b,2022,15
9f14ec03-3b5f-4880-9d61-5e2242cf814b,2023,40
9f14ec03-3b5f-4880-9d61-5e2242cf814b,2024,5
9f24ab5c-2a34-4f65-a0c6-2ad72e34ab94,2020,0
9f24ab5c-2a34-4f65-a0c6-2ad72e34ab94,2022,5
9f24ab5c-2a34-4f65-a0c6-2ad72e34ab94,2023,0
9f445fe1-b3b2-4181-821a-9a993f66e9ab,2020,5
9f445fe1-b3b2-4181-821a-9a993f66e9ab,2024,20
9f44bc89-d509-48c0-832a-ed78f0749508,2022,20
9f44bc89-d509-48c0-832a-ed78f0749508,2023,30
9f44bc89-d509-48c0-832a-ed78f0749508,2024,35
9f51ccd9-48b1-4d19-8f9b-cce0fd2ba4c0,2021,35
9f51ccd9-48b1-4d19-8f9b-cce0fd2ba4c0,2024,190
9f543c3e-0f94-4913-80a3-8cfa8857f9b8,2020,0
9f729e8e-bbb1-462d-acd6-f5b84ad0f9fe,2020,25
9f729e8e-bbb1-462d-acd6-f5b84ad0f9fe,2021,35
9f729e8e-bbb1-462d-acd6-f5b84ad0f9fe,2022,25
9f729e8e-bbb1-462d-acd6-f5b84ad0f9fe,2023,50
9f729e8e-bbb1-462d-acd6-f5b84ad0f9fe,2024,0
9f9ef343-a5f8-4ee9-80a5-efbf494a7d8d,2021,40
9faa0ead-3618-4032-a2a4-a718738ea2f1,2020,30
9faa0ead-3618-4032-a2a4-a718738ea2f1,2022,20
9faa0ead-3618-4032-a2a4-a718738ea2f1,2023,30
9faa0ead-3618-4032-a2a4-a718738ea2f1,2024,15
9fc053a3-73a5-43d7-8516-62d4a149726e,2020,10
9fc053a3-73a5-43d7-8516-62d4a149726e,2022,25
9fc053a3-73a5-43d7-8516-62d4a149726e,2023,10
9fc053a3-73a5-43d7-8516-62d4a149726e,2024,25
9fd38490-b37d-4235-aa8d-021185d4d3cf,2020,0
9fd38490-b37d-4235-aa8d-021185d4d3cf,2021,10
9fd38490-b37d-4235-aa8d-021185d4d3cf,2023,15
9fe4d979-b479-4354-b82e-00b4b584a0d0,2023,20
9fe4d979-b479-4354-b82e-00b4b584a0d0,2024,20
a00b0c42-a7b8-42dc-81e5-c2d10f8e8aae,2020,10
a00b0c42-a7b8-42dc-81e5-c2d10f8e8aae,2021,25
a00b0c42-a7b8-42dc-81e5-c2d10f8e8aae,2022,20
a00b0c42-a7b8-42dc-81e5-c2d10f8e8aae,2023,40
a03bc652-5fa6-43a5-8633-e7ca68b2a907,2020,30
a03bc652-5fa6-43a5-8633-e7ca68b2a907,2021,30
a03bc652-5fa6-43a5-8633-e7ca68b2a907,2022,10
a03bc652-5fa6-43a5-8633-e7ca68b2a907,2023,70
a03bc652-5fa6-43a5-8633-e7ca68b2a907,2024,35
a043cc5d-583d-427f-9daa-77217a087870,2020,15
a043cc5d-583d-427f-9daa-77217a087870,2021,20
a043cc5d-583d-427f-9daa-77217a087870,2022,30
a043cc5d-583d-427f-9daa-77217a087870,2023,50
a043cc5d-583d-427f-9daa-77217a087870,2024,40
a04c2824-1987-481a-8f4f-7191646355b1,2020,20
a04c2824-1987-481a-8f4f-7191646355b1,2021,45
a04c2824-1987-481a-8f4f-7191646355b1,2022,95
a04c2824-1987-481a-8f4f-7191646355b1,2023,10
a04c2824-1987-481a-8f4f-7191646355b1,2024,65
a085016b-3a81-46ee-b28f-970aa9f9e505,2020,5
a085016b-3a81-46ee-b28f-970aa9f9e505,2022,5
a085016b-3a81-46ee-b28f-970aa9f9e505,2023,30
a085016b-3a81-46ee-b28f-970aa9f9e505,2024,35
a0a96146-7812-418b-8380-8ba5dded52bf,2021,10
a0a96146-7812-418b-8380-8ba5dded52bf,2022,10
a0a96146-7812-418b-8380-8ba5dded52bf,2023,15
a131499d-e379-4286-86c2-3d755dfdde44,2020,10
a131499d-e379-4286-86c2-3d755dfdde44,2021,40
a131499d-e379-4286-86c2-3d755dfdde44,2022,15
a131499d-e379-4286-86c2-3d755dfdde44,2023,25
a1425e6e-bd37-41f0-bd29-01b74adc2d17,2020,25
a1584c76-0869-4fef-986f-62e6fcb5d5b5,2020,20
a1584c76-0869-4fef-986f-62e6fcb5d5b5,2021,35
a1584c76-0869-4fef-986f-62e6fcb5d5b5,2022,10
a1584c76-0869-4fef-986f-62e6fcb5d5b5,2023,55
a1584c76-0869-4fef-986f-62e6fcb5d5b5,2024,20
a162526d-bafc-4085-886d-c82cb8e35b3b,2022,0
a162526d-bafc-4085-886d-c82cb8e35b3b,2023,0
a16867ec-27a6-43df-b832-d6de846dd991,2020,5
a16867ec-27a6-43df-b832-d6de846dd991,2021,5
a16867ec-27a6-43df-b832-d6de846dd991,2022,20
a16867ec-27a6-43df-b832-d6de846dd991,2023,25
a16867ec-27a6-43df-b832-d6de846dd991,2024,25
a173ca99-d358-4488-a978-08c97e463735,2020,40
a173ca99-d358-4488-a978-08c97e463735,2021,25
a173ca99-d358-4488-a978-08c97e463735,2022,5
a173ca99-d358-4488-a978-08c97e463735,2023,55
a173ca99-d358-4488-a978-08c97e463735,2024,50
a17b995f-4d92-4240-87e1-00460e3dd088,2021,20
a17b995f-4d92-4240-87e1-00460e3dd088,2022,25
a17b995f-4d92-4240-87e1-00460e3dd088,2023,45
a17b995f-4d92-4240-87e1-00460e3dd088,2024,30
a1c2747d-c6b6-42b2-b49c-037cb0d34a66,2021,10
a1c2747d-c6b6-42b2-b49c-037cb0d34a66,2022,25
a1c2747d-c6b6-42b2-b49c-037cb0d34a66,2023,110
a1c2747d-c6b6-42b2-b49c-037cb0d34a66,2024,200
a2006035-2c59-49ee-a046-7e9a85ddfcf3,2021,25
a2006035-2c59-49ee-a046-7e9a85ddfcf3,2022,10
a2006035-2c59-49ee-a046-7e9a85ddfcf3,2023,10
a23dab5f-97c8-4c6c-9b5a-f525a32b625a,2021,0
a23dab5f-97c8-4c6c-9b5a-f525a32b625a,2024,0
a242260e-bda0-498f-8927-d58eaf803a57,2023,0
a262adb3-bf67-46a4-808e-cf02d0bbc9e2,2022,5
a262adb3-bf67-46a4-808e-cf02d0bbc9e2,2023,20
a262adb3-bf67-46a4-808e-cf02d0bbc9e2,2024,15
a28509e9-82b4-4cfc-846a-120012cc8a33,2023,0
a28509e9-82b4-4cfc-846a-120012cc8a33,2024,0
a2a80f99-69d5-451f-bcfe-08f5ab628514,2022,0
a2a82fc7-b54f-4430-8bde-8569383057a2,2023,45
a2a82fc7-b54f-4430-8bde-8569383057a2,2024,25
a2dbe75a-4657-4bb9-b67c-424168b089ac,2020,10
a2dbe75a-4657-4bb9-b67c-424168b089ac,2023,15
a31a9daa-ffdd-48a7-aef2-d28e662c6f3c,2021,5
a31a9daa-ffdd-48a7-aef2-d28e662c6f3c,2022,10
a31a9daa-ffdd-48a7-aef2-d28e662c6f3c,2024,100
a31c33cd-4f3a-4bde-9566-44f1f168e065,2022,15
a31c33cd-4f3a-4bde-9566-44f1f168e065,2024,10
a358c6ea-ffe9-42cc-abe2-23216300459c,2020,20
a358c6ea-ffe9-42cc-abe2-23216300459c,2023,20
a3633bc7-f939-47ee-9b20-28c4a5cf4172,2020,125
a36a52e9-4f44-4a43-9964-211c4239d089,2020,20
a36a52e9-4f44-4a43-9964-211c4239d089,2023,35
a36a52e9-4f44-4a43-9964-211c4239d089,2024,10
a37a2283-d1d1-4e56-a103-1dc8c7c7c8ba,2020,20
a37a2283-d1d1-4e56-a103-1dc8c7c7c8ba,2022,0
a3b55f4b-d1d8-497a-ba44-5ea9ff45de7e,2024,15
a3b5b229-9877-4044-8676-f845e8d96aac,2024,0
a3e5d1e8-17cc-4529-9b59-a4e9d421a7f9,2022,5
a3e5d1e8-17cc-4529-9b59-a4e9d421a7f9,2023,25
a407b6a6-c5ee-4d5a-a8c9-75aadc72eb46,2023,0
a4173b36-46d6-4ccf-a716-b49528d0b47f,2022,35
a4173b36-46d6-4ccf-a716-b49528d0b47f,2024,45
a4292444-3c25-4623-b92a-c02064d3758d,2020,0
a42b1be7-fc8e-480c-9c96-138b407c41ce,2023,10
a42b1be7-fc8e-480c-9c96-138b407c41ce,2024,20
a44b295f-4420-4fd9-b346-b2ca900b87f9,2020,25
a44b295f-4420-4fd9-b346-b2ca900b87f9,2021,5
a44b295f-4420-4fd9-b346-b2ca900b87f9,2023,30
a46d2628-44cf-4ebb-9683-6573c245ff78,2022,0
a474c3a8-32c3-4096-90d9-e06264a940bb,2023,20
a474c3a8-32c3-4096-90d9-e06264a940bb,2024,10
a478fd81-3c85-43f9-a84e-e998674c911b,2020,0
a4b28b87-ec81-41ee-bc2d-7002bdbee76a,2022,30
a4c70a14-ade3-43e6-84bb-7e953d4d50c0,2020,35
a4c70a14-ade3-43e6-84bb-7e953d4d50c0,2022,0
a4c70a14-ade3-43e6-84bb-7e953d4d50c0,2023,25
a4c70a14-ade3-43e6-84bb-7e953d4d50c0,2024,35
a4f9e307-e06b-4f1c-83e6-8abdd50c39d1,2022,15
a4f9e307-e06b-4f1c-83e6-8abdd50c39d1,2023,30
a4f9e307-e06b-4f1c-83e6-8abdd50c39d1,2024,10
a5198ede-0b13-49e3-866d-4a179b56f2a9,2022,15
a5198ede-0b13-49e3-866d-4a179b56f2a9,2023,25
a51a4e75-5975-4421-be61-fa7d2d00e4f7,2021,15
a528489c-f11c-4d71-8f56-c30336f8001d,2023,5
a5449a13-6362-41d0-bf5d-eba2a0bd6778,2020,15
a5449a13-6362-41d0-bf5d-eba2a0bd6778,2022,20
a56406a4-cfed-4275-a1a0-60c3d97a5238,2020,5
a58b168b-b5ee-40fd-8ba6-ac2160bebef5,2024,0
a58befbb-9dca-4d44-9225-c5cd69217be8,2020,25
a58befbb-9dca-4d44-9225-c5cd69217be8,2022,10
a58befbb-9dca-4d44-9225-c5cd69217be8,2023,5
a58befbb-9dca-4d44-9225-c5cd69217be8,2024,5
a59d7e64-4a4b-4eeb-98d8-4d0ab2846651,2020,25
a59d7e64-4a4b-4eeb-98d8-4d0ab2846651,2024,200
a5a2565f-6529-43d4-9782-c4e81d7013ea,2020,20
a5a2565f-6529-43d4-9782-c4e81d7013ea,2022,35
a5a2565f-6529-43d4-9782-c4e81d7013ea,2024,15
a5ada058-3e72-4dfc-b5a1-83811feeff8c,2020,40
a5ada058-3e72-4dfc-b5a1-83811feeff8c,2023,35
a5ada058-3e72-4dfc-b5a1-83811feeff8c,2024,30
a5d3d206-3cb5-4d7d-8a8e-9551fc7bfcda,2020,0
a5d3d206-3cb5-4d7d-8a8e-9551fc7bfcda,2021,0
a5d3d206-3cb5-4d7d-8a8e-9551fc7bfcda,2023,35
a5d3d206-3cb5-4d7d-8a8e-9551fc7bfcda,2024,5
a5fbe187-0028-4f9c-823c-c3c6e4208bc3,2020,25
a5fbe187-0028-4f9c-823c-c3c6e4208bc3,2023,0
a63ef78e-44a9-4b9c-bebf-108ac6b1a4c6,2020,15
a672aaa3-5db8-43dd-9099-e4c7845dc613,2021,35
a672aaa3-5db8-43dd-9099-e4c7845dc613,2022,25
a672aaa3-5db8-43dd-9099-e4c7845dc613,2023,10
a672aaa3-5db8-43dd-9099-e4c7845dc613,2024,30
a68f10af-04d3-45de-ae16-2ebeff4dd943,2020,0
a68f10af-04d3-45de-ae16-2ebeff4dd943,2022,15
a68f10af-04d3-45de-ae16-2ebeff4dd943,2023,45
a697e29d-93a7-4b0a-9db9-a9c5a6b12be4,2020,10
a69bf7cd-313d-49f8-b884-e6cc7e23cecd,2020,5
a6c74df5-efd8-41ff-a9ba-6d1d1cd57b00,2020,10
a6c74df5-efd8-41ff-a9ba-6d1d1cd57b00,2021,15
a6c74df5-efd8-41ff-a9ba-6d1d1cd57b00,2022,25
a6c74df5-efd8-41ff-a9ba-6d1d1cd57b00,2023,15
a6c74df5-efd8-41ff-a9ba-6d1d1cd57b00,2024,20
a71c1c36-11db-48b4-8ead-3095f3fd2a4c,2021,30
a71c1c36-11db-48b4-8ead-3095f3fd2a4c,2022,45
a71c1c36-11db-48b4-8ead-3095f3fd2a4c,2023,15
a71c1c36-11db-48b4-8ead-3095f3fd2a4c,2024,30
a71e298f-a919-4241-8e15-67770899e6cc,2020,10
a71e298f-a919-4241-8e15-67770899e6cc,2023,25
a74b57c8-7fcb-4f24-b392-76e3066591fa,2021,55
a74b57c8-7fcb-4f24-b392-76e3066591fa,2022,25
a74b57c8-7fcb-4f24-b392-76e3066591fa,2023,40
a74b57c8-7fcb-4f24-b392-76e3066591fa,2024,0
a74d29c6-e79e-43dd-b673-89b173ce24b3,2023,0
a77059a7-ef54-4922-9009-36c9cf0a42b2,2020,5
a772398f-8573-4bed-81f3-27cbd3365337,2023,30
a772398f-8573-4bed-81f3-27cbd3365337,2024,25
a79a0c4d-1fc7-4373-a1f5-87952aafdb98,2023,160
a7e55fac-240b-4dfb-b8ca-7b94a6a37564,2020,40
a7e55fac-240b-4dfb-b8ca-7b94a6a37564,2021,35
a7e55fac-240b-4dfb-b8ca-7b94a6a37564,2022,70
a7e55fac-240b-4dfb-b8ca-7b94a6a37564,2024,30
a7ed3930-9998-4fc3-8213-3923241c5ec0,2023,0
a8067f18-a142-4bba-bb9c-1a76f24ad704,2020,0
a8067f18-a142-4bba-bb9c-1a76f24ad704,2023,30
a8067f18-a142-4bba-bb9c-1a76f24ad704,2024,5
a853b5f1-b90b-4e5d-8327-b95dbeda5a77,2023,0
a8566695-64c6-472a-871f-3a6866cae642,2024,0
a882f3c1-f187-4fd2-b68c-a45916a35173,2023,0
a88db611-2c72-4cea-8512-8bbfaf80afa3,2020,20
a88db611-2c72-4cea-8512-8bbfaf80afa3,2021,35
a88db611-2c72-4cea-8512-8bbfaf80afa3,2022,35
a88db611-2c72-4cea-8512-8bbfaf80afa3,2023,35
a8d1f792-eed2-4465-b28c-6cb27520bf9e,2020,10
a8d54d0e-6f88-4f25-9532-feaf8f596aa6,2023,70
a8d54d0e-6f88-4f25-9532-feaf8f596aa6,2024,195
a91f5568-88dd-46e7-8f19-2836e22ef1bf,2020,0
a985b1aa-ffb9-426f-866e-908c67148746,2020,0
a985b1aa-ffb9-426f-866e-908c67148746,2024,55
a9912c6e-c7fd-40e0-921b-d365b3d3ab4a,2020,10
a9912c6e-c7fd-40e0-921b-d365b3d3ab4a,2022,20
a9912c6e-c7fd-40e0-921b-d365b3d3ab4a,2023,5
a9940f21-f423-4031-9ec2-94fd2eeeb9c2,2020,0
a9940f21-f423-4031-9ec2-94fd2eeeb9c2,2022,35
a9940f21-f423-4031-9ec2-94fd2eeeb9c2,2023,30
a996bc16-5383-403a-8b6d-2376423c0f22,2022,5
a996bc16-5383-403a-8b6d-2376423c0f22,2024,0
a99b8797-4029-46b2-9659-a908d6440767,2020,10
a99b8797-4029-46b2-9659-a908d6440767,2024,5
a9a14dcf-c263-44fd-9b33-16afd79169ba,2024,200
a9a9e3e1-6f30-4712-baf2-8e059051a355,2020,100
a9cd41f0-7448-4fdd-afe5-2751707102de,2023,20
a9de636e-82d3-4633-8ce3-1bd8e0bea5ec,2023,230
a9de636e-82d3-4633-8ce3-1bd8e0bea5ec,2024,340
aa6b53d7-f79a-480d-bc22-b0cc9bed5c75,2020,30
aa6b53d7-f79a-480d-bc22-b0cc9bed5c75,2021,25
aa6b53d7-f79a-480d-bc22-b0cc9bed5c75,2022,25
aa6b53d7-f79a-480d-bc22-b0cc9bed5c75,2023,35
aa6b53d7-f79a-480d-bc22-b0cc9bed5c75,2024,20
aa6fee17-7ad3-4dce-9370-5bcabf0bf516,2022,15
aa6fee17-7ad3-4dce-9370-5bcabf0bf516,2023,5
aa717dc3-c175-462e-9c5d-1807a776e17c,2020,15
aa717dc3-c175-462e-9c5d-1807a776e17c,2023,5
aa717dc3-c175-462e-9c5d-1807a776e17c,2024,0
aa7fe31d-8c12-4e1f-95bd-9c799829e3e4,2020,10
aa7fe31d-8c12-4e1f-95bd-9c799829e3e4,2022,10
aa7fe31d-8c12-4e1f-95bd-9c799829e3e4,2023,5
aa7fe31d-8c12-4e1f-95bd-9c799829e3e4,2024,10
aa8030b4-ed6d-4e02-9ef9-4671d79d763a,2021,30
aa8030b4-ed6d-4e02-9ef9-4671d79d763a,2022,10
aa8030b4-ed6d-4e02-9ef9-4671d79d763a,2023,30
aa8030b4-ed6d-4e02-9ef9-4671d79d763a,2024,20
aa950eb4-833b-4c0c-a8a3-8eb8df43f503,2022,15
aa950eb4-833b-4c0c-a8a3-8eb8df43f503,2023,20
aa95612e-596d-40c0-98cf-b4f97cdd5ae7,2020,0
ab132aed-9b91-4365-9c6a-786872af47bb,2022,0
ab2546ac-3d6d-4dcb-8fba-3db5b6015c8b,2020,55
ab2546ac-3d6d-4dcb-8fba-3db5b6015c8b,2022,0
ab3fd847-8249-4b5e-8310-64fbd03c2da6,2020,55
ab3fd847-8249-4b5e-8310-64fbd03c2da6,2021,10
ab3fd847-8249-4b5e-8310-64fbd03c2da6,2022,25
ab3fd847-8249-4b5e-8310-64fbd03c2da6,2023,50
ab3fd847-8249-4b5e-8310-64fbd03c2da6,2024,45
ab635de2-9b05-4203-810d-c4aa36c2f86a,2023,10
ab635de2-9b05-4203-810d-c4aa36c2f86a,2024,0
abc930be-746d-4d26-94fb-7ffabb06587e,2020,0
abc930be-746d-4d26-94fb-7ffabb06587e,2023,40
ac623051-b31b-470f-9ee9-b43b5257c99b,2020,125
ac623051-b31b-470f-9ee9-b43b5257c99b,2023,45
ac623051-b31b-470f-9ee9-b43b5257c99b,2024,255
ad247a86-4fc5-4ae5-9417-3c6f3046e654,2020,5
ad247a86-4fc5-4ae5-9417-3c6f3046e654,2022,0
ad247a86-4fc5-4ae5-9417-3c6f3046e654,2023,15
ad75fbd9-9deb-494b-b2d8-77034ce7cd86,2022,20
adb2941e-5a8c-42cd-a78d-81a4e3e2c4ea,2022,25
adb2941e-5a8c-42cd-a78d-81a4e3e2c4ea,2024,5
adc505d4-491a-49a2-9ad5-c42bdb95150a,2021,20
adc505d4-491a-49a2-9ad5-c42bdb95150a,2023,50
adfdd6c8-e92d-4214-9fb6-93f3abd7b4c6,2022,0
adfdd6c8-e92d-4214-9fb6-93f3abd7b4c6,2023,0
ae048dc8-8330-4c9f-adb1-71324eeeb33a,2020,0
ae16c8f9-617a-4310-a958-24020cd5b0d9,2020,15
ae16c8f9-617a-4310-a958-24020cd5b0d9,2023,5
ae16c8f9-617a-4310-a958-24020cd5b0d9,2024,10
ae22920b-bd99-4aaa-b055-ea8e006cbb87,2020,15
ae22920b-bd99-4aaa-b055-ea8e006cbb87,2022,5
ae22920b-bd99-4aaa-b055-ea8e006cbb87,2023,30
ae30cd9a-ba45-496a-a785-1b1f1e444775,2020,10
ae30cd9a-ba45-496a-a785-1b1f1e444775,2023,0
ae6f4676-5db1-4dc0-accd-654aa9533bbe,2022,10
ae6f4676-5db1-4dc0-accd-654aa9533bbe,2023,20
aee5d2a8-c595-449b-80cd-56d8f143cb54,2020,5
aee5d2a8-c595-449b-80cd-56d8f143cb54,2022,35
aefc5ca3-e281-4cc0-a673-b356bc3065fb,2023,10
aefc5ca3-e281-4cc0-a673-b356bc3065fb,2024,15
af05c024-6cd3-413a-b83d-11523dbc3cad,2022,0
af05c024-6cd3-413a-b83d-11523dbc3cad,2023,0
af6822f5-9497-4884-9d27-5c8be33ad1bc,2020,45
af6822f5-9497-4884-9d27-5c8be33ad1bc,2021,10
af6822f5-9497-4884-9d27-5c8be33ad1bc,2023,0
af6822f5-9497-4884-9d27-5c8be33ad1bc,2024,30
af6d49f0-b1ce-461e-82b1-79c74fa35983,2020,15
af6d49f0-b1ce-461e-82b1-79c74fa35983,2022,25
af6d49f0-b1ce-461e-82b1-79c74fa35983,2024,5
af7e7f0b-4a60-4034-8f59-2b47f6f9f6b9,2022,15
af7e7f0b-4a60-4034-8f59-2b47f6f9f6b9,2024,15
af91c764-8f9a-46f9-b94a-ced5540f6948,2023,30
afbea308-f26b-4897-a7f1-e56d4385207f,2022,15
afbea308-f26b-4897-a7f1-e56d4385207f,2023,60
afbea308-f26b-4897-a7f1-e56d4385207f,2024,35
afcf2ca5-e57f-4598-aa86-e387260b6859,2020,5
afcf2ca5-e57f-4598-aa86-e387260b6859,2022,15
afd14d43-eb29-4800-bc72-8178697ae845,2023,195
afda9e24-e12e-4ad8-8ebd-eebd536f5d51,2020,20
afda9e24-e12e-4ad8-8ebd-eebd536f5d51,2021,10
afda9e24-e12e-4ad8-8ebd-eebd536f5d51,2022,15
afda9e24-e12e-4ad8-8ebd-eebd536f5d51,2023,20
aff11c70-7f6e-4509-b805-9b78048eed92,2020,5
aff11c70-7f6e-4509-b805-9b78048eed92,2022,5
aff11c70-7f6e-4509-b805-9b78048eed92,2023,5
aff11c70-7f6e-4509-b805-9b78048eed92,2024,180
aff8d1e1-08d4-4828-9059-9dca65b06441,2020,35
aff8d1e1-08d4-4828-9059-9dca65b06441,2022,5
aff8d1e1-08d4-4828-9059-9dca65b06441,2023,25
b04bc08c-066a-4d1f-87be-de48ffa71581,2020,0
b04bc08c-066a-4d1f-87be-de48ffa71581,2021,35
b04bc08c-066a-4d1f-87be-de48ffa71581,2023,30
b04bc08c-066a-4d1f-87be-de48ffa71581,2024,25
b051a974-df92-42f9-b364-6a15657c0d4a,2022,25
b051a974-df92-42f9-b364-6a15657c0d4a,2023,35
b051a974-df92-42f9-b364-6a15657c0d4a,2024,15
b08b7866-352e-4588-b998-993ff1e3d8b2,2020,20
b08b7866-352e-4588-b998-993ff1e3d8b2,2024,65
b0c31bcf-4587-45ef-977d-86aa75e85541,2020,35
b0c31bcf-4587-45ef-977d-86aa75e85541,2022,25
b0c31bcf-4587-45ef-977d-86aa75e85541,2023,15
b0c83bce-5b84-4e03-85b7-dcbfbd36b901,2023,0
b0f7b48d-5fbf-4e45-a281-be83aadaef2c,2020,10
b0f7b48d-5fbf-4e45-a281-be83aadaef2c,2022,35
b0f7b48d-5fbf-4e45-a281-be83aadaef2c,2023,10
b0f7b48d-5fbf-4e45-a281-be83aadaef2c,2024,35
b1662bd3-051c-49b9-bf29-0698e9dc25ed,2020,20
b1662bd3-051c-49b9-bf29-0698e9dc25ed,2022,25
b1662bd3-051c-49b9-bf29-0698e9dc25ed,2023,60
b1ae0bfb-3eec-4bbf-b7a9-ba1782230eeb,2023,20
b1c63d2a-9862-469c-824e-f725cf27ccad,2020,20
b1c63d2a-9862-469c-824e-f725cf27ccad,2021,25
b1c63d2a-9862-469c-824e-f725cf27ccad,2022,10
b1c63d2a-9862-469c-824e-f725cf27ccad,2023,45
b1c63d2a-9862-469c-824e-f725cf27ccad,2024,20
b1d8482f-95fc-4993-b867-ef900f7b0fdc,2022,20
b1d8482f-95fc-4993-b867-ef900f7b0fdc,2023,50
b1ed6f68-ef56-41c1-b9f3-3748a3b321e9,2021,5
b1ed6f68-ef56-41c1-b9f3-3748a3b321e9,2022,10
b22085b1-5dd9-42b8-abc8-ecd348bb5c3f,2020,20
b22085b1-5dd9-42b8-abc8-ecd348bb5c3f,2022,25
b22085b1-5dd9-42b8-abc8-ecd348bb5c3f,2023,15
b226e126-8ef1-47e5-93b5-9aa8fb99e558,2024,0
b26045c8-74cf-4aa7-ae25-021db311c606,2020,10
b26045c8-74cf-4aa7-ae25-021db311c606,2024,0
b27364a0-f3c4-4149-ab81-968464b13630,2023,20
b27364a0-f3c4-4149-ab81-968464b13630,2024,0
b2fc38d9-4183-4121-8bc9-173313906017,2022,30
b39f7259-1d89-443f-ba4c-ba8e4bee5f67,2020,20
b39f7259-1d89-443f-ba4c-ba8e4bee5f67,2022,15
b39f7259-1d89-443f-ba4c-ba8e4bee5f67,2023,110
b3b2b692-0c77-4bac-8d9a-df0bd22ce6a0,2023,25
b4154001-d36a-43e5-9800-d62deb121695,2024,350
b441453d-fcbb-4c08-bfa9-f1745ccd1466,2022,5
b441453d-fcbb-4c08-bfa9-f1745ccd1466,2023,25
b460ef6f-7ed6-4a88-857d-3d8ad18f9cda,2020,15
b460ef6f-7ed6-4a88-857d-3d8ad18f9cda,2024,30
b4b18b5c-fb5c-48fe-8ce2-b0548cd9a2b5,2020,35
b4b18b5c-fb5c-48fe-8ce2-b0548cd9a2b5,2021,45
b4b18b5c-fb5c-48fe-8ce2-b0548cd9a2b5,2022,25
b4b18b5c-fb5c-48fe-8ce2-b0548cd9a2b5,2023,35
b4b18b5c-fb5c-48fe-8ce2-b0548cd9a2b5,2024,5
b4b6e031-5f73-472e-bbb4-10efdd8bb251,2021,20
b4b6e031-5f73-472e-bbb4-10efdd8bb251,2023,20
b4be427b-824a-469d-a7db-21ac3604a1e2,2020,5
b4be427b-824a-469d-a7db-21ac3604a1e2,2021,20
b4be427b-824a-469d-a7db-21ac3604a1e2,2024,20
b5854e93-bb9b-4d43-929a-e0a222191101,2020,10
b5854e93-bb9b-4d43-929a-e0a222191101,2021,35
b5854e93-bb9b-4d43-929a-e0a222191101,2023,30
b5ae9ff2-844d-4083-b448-184ef8e2d10e,2020,15
b5ae9ff2-844d-4083-b448-184ef8e2d10e,2023,180
b5ae9ff2-844d-4083-b448-184ef8e2d10e,2024,40
b5b3ddd8-524a-4dfa-9822-070a5423e7e4,2020,15
b5b3ddd8-524a-4dfa-9822-070a5423e7e4,2023,55
b5b3ddd8-524a-4dfa-9822-070a5423e7e4,2024,30
b5cf3db1-f927-491c-8977-28871cd3ebcb,2023,5
b5dd1371-812a-4ef9-90d5-71739f408706,2020,10
b5dd1371-812a-4ef9-90d5-71739f408706,2023,0
b6455de5-9dae-4f94-80fc-56c0bde13b2d,2022,15
b6455de5-9dae-4f94-80fc-56c0bde13b2d,2023,40
b6455de5-9dae-4f94-80fc-56c0bde13b2d,2024,15
b6525d8a-9ca8-4a0c-96ee-a882b80a80a4,2020,20
b6525d8a-9ca8-4a0c-96ee-a882b80a80a4,2023,25
b6525d8a-9ca8-4a0c-96ee-a882b80a80a4,2024,15
b662f226-b372-475c-88f4-51ffcab203fd,2020,40
b662f226-b372-475c-88f4-51ffcab203fd,2021,25
b662f226-b372-475c-88f4-51ffcab203fd,2022,10
b662f226-b372-475c-88f4-51ffcab203fd,2023,25
b66485b8-8b4b-4c8d-a2a6-a444396e1d15,2020,5
b66485b8-8b4b-4c8d-a2a6-a444396e1d15,2021,30
b66485b8-8b4b-4c8d-a2a6-a444396e1d15,2022,45
b66485b8-8b4b-4c8d-a2a6-a444396e1d15,2023,50
b66485b8-8b4b-4c8d-a2a6-a444396e1d15,2024,30
b66c650c-d85d-4060-8402-090eb36e7eea,2020,40
b66c650c-d85d-4060-8402-090eb36e7eea,2022,10
b66c650c-d85d-4060-8402-090eb36e7eea,2023,5
b6803603-caa0-489b-a8d2-e9a9643f0a5c,2020,35
b6803603-caa0-489b-a8d2-e9a9643f0a5c,2021,30
b6803603-caa0-489b-a8d2-e9a9643f0a5c,2022,15
b6803603-caa0-489b-a8d2-e9a9643f0a5c,2023,20
b68fff97-890d-420f-9c92-6deddd4c4d82,2020,10
b68fff97-890d-420f-9c92-6deddd4c4d82,2021,20
b68fff97-890d-420f-9c92-6deddd4c4d82,2023,30
b68fff97-890d-420f-9c92-6deddd4c4d82,2024,30
b6a9c939-da51-42cc-9177-330e081e338f,2021,35
b6a9c939-da51-42cc-9177-330e081e338f,2022,25
b6a9c939-da51-42cc-9177-330e081e338f,2023,55
b6b7310d-9151-4b3c-a821-3a57ec24c65b,2020,5
b6b7310d-9151-4b3c-a821-3a57ec24c65b,2022,5
b6b7310d-9151-4b3c-a821-3a57ec24c65b,2024,0
b6c9c815-edcc-478a-b32b-9ee0a0443046,2020,5
b6c9c815-edcc-478a-b32b-9ee0a0443046,2022,20
b6c9c815-edcc-478a-b32b-9ee0a0443046,2023,5
b71a38b2-3267-4c74-8e92-ffd03bcf11f3,2021,15
b71a38b2-3267-4c74-8e92-ffd03bcf11f3,2023,30
b74cbbb5-e78f-4614-a096-3e7058696766,2021,15
b74cbbb5-e78f-4614-a096-3e7058696766,2022,5
b74cbbb5-e78f-4614-a096-3e7058696766,2023,10
b74cbbb5-e78f-4614-a096-3e7058696766,2024,20
b762a9f1-0c28-4c3e-ae6a-60b226f32778,2020,35
b762a9f1-0c28-4c3e-ae6a-60b226f32778,2021,5
b762a9f1-0c28-4c3e-ae6a-60b226f32778,2022,35
b762a9f1-0c28-4c3e-ae6a-60b226f32778,2023,20
b768c455-6807-4c14-b4c7-51f2ad19bdc7,2020,0
b78520e0-985f-4f38-9bdc-edc6ecb58106,2020,25
b78520e0-985f-4f38-9bdc-edc6ecb58106,2021,40
b78520e0-985f-4f38-9bdc-edc6ecb58106,2022,25
b78520e0-985f-4f38-9bdc-edc6ecb58106,2023,30
b7929481-daa0-4cc7-a9c8-34eae857c99b,2020,25
b7929481-daa0-4cc7-a9c8-34eae857c99b,2022,0
b7929481-daa0-4cc7-a9c8-34eae857c99b,2024,5
b7bfa147-1f85-4651-9b6f-bb565ef19e48,2021,20
b7bfa147-1f85-4651-9b6f-bb565ef19e48,2023,25
b7ddb147-2e0f-4b67-ae5d-f45c38f40ac9,2020,5
b7ddb147-2e0f-4b67-ae5d-f45c38f40ac9,2022,0
b7ddb147-2e0f-4b67-ae5d-f45c38f40ac9,2023,5
b7e20404-a038-45ab-ac7c-126a3c13381f,2020,95
b7e20404-a038-45ab-ac7c-126a3c13381f,2021,345
b7e20404-a038-45ab-ac7c-126a3c13381f,2022,190
b7e20404-a038-45ab-ac7c-126a3c13381f,2023,10
b8459b2e-7dbc-47f2-9c43-c1782fc5a41e,2021,5
b8459b2e-7dbc-47f2-9c43-c1782fc5a41e,2022,0
b890ce09-780b-41d4-af9d-5857394d3c3e,2020,20
b890ce09-780b-41d4-af9d-5857394d3c3e,2023,10
b8b6e5b7-eac7-4af3-8ce0-a53ec10a245a,2020,15
b8b6e5b7-eac7-4af3-8ce0-a53ec10a245a,2022,10
b8b6e5b7-eac7-4af3-8ce0-a53ec10a245a,2023,35
b8dfe56c-fe90-48a4-8eab-c2e897b41a92,2020,0
b8dfe56c-fe90-48a4-8eab-c2e897b41a92,2021,5
b8dfe56c-fe90-48a4-8eab-c2e897b41a92,2022,15
b8dfe56c-fe90-48a4-8eab-c2e897b41a92,2024,15
b8f3aec6-e4b7-4f4e-b6f2-045d033f8885,2020,15
b8f3aec6-e4b7-4f4e-b6f2-045d033f8885,2021,30
b8f3aec6-e4b7-4f4e-b6f2-045d033f8885,2022,20
b8f3aec6-e4b7-4f4e-b6f2-045d033f8885,2023,40
b8f3aec6-e4b7-4f4e-b6f2-045d033f8885,2024,15
b9016b7a-ce79-4526-9619-62b71226ca45,2022,35
b9016b7a-ce79-4526-9619-62b71226ca45,2023,25
b92f7fd2-7202-4e59-9cbd-98580dac97ac,2023,0
b94ee9fd-279d-4fa5-a7ec-94e173d71619,2023,35
b94ee9fd-279d-4fa5-a7ec-94e173d71619,2024,10
b9624bbd-df2f-4a73-8cb5-0fada973ef60,2020,180
b9624bbd-df2f-4a73-8cb5-0fada973ef60,2022,0
b9624bbd-df2f-4a73-8cb5-0fada973ef60,2024,40
b9dad260-151a-4e12-a253-90731fceb96e,2020,0
b9dad260-151a-4e12-a253-90731fceb96e,2023,15
b9dad260-151a-4e12-a253-90731fceb96e,2024,25
ba564a86-dc12-485a-bda9-48d6256f9b58,2024,5
ba5a4741-28f8-4aa1-8783-43c7dbf82c6b,2022,25
ba5a4741-28f8-4aa1-8783-43c7dbf82c6b,2023,15
ba5ab444-d6f8-4b88-a2ce-00fbff07606b,2023,15
ba5ab444-d6f8-4b88-a2ce-00fbff07606b,2024,15
ba7b296f-5a0e-4133-a7f2-a8d6f8d9fa88,2020,45
ba7b296f-5a0e-4133-a7f2-a8d6f8d9fa88,2022,15
ba7b296f-5a0e-4133-a7f2-a8d6f8d9fa88,2024,20
ba9fcbb1-0ae2-4a87-9693-c6d19260db42,2020,35
ba9fcbb1-0ae2-4a87-9693-c6d19260db42,2021,45
ba9fcbb1-0ae2-4a87-9693-c6d19260db42,2022,30
ba9fcbb1-0ae2-4a87-9693-c6d19260db42,2023,50
ba9fcbb1-0ae2-4a87-9693-c6d19260db42,2024,45
baa8a5d8-4c09-4f1d-8d2e-5fdf72bfa50d,2022,10
baa8a5d8-4c09-4f1d-8d2e-5fdf72bfa50d,2023,15
baa8a5d8-4c09-4f1d-8d2e-5fdf72bfa50d,2024,20
bac48d18-4e57-432f-b706-87d37b79574b,2022,55
bac48d18-4e57-432f-b706-87d37b79574b,2023,5
bacbb6dc-7949-487f-b45c-8e4c3fd6a41f,2020,25
bacbb6dc-7949-487f-b45c-8e4c3fd6a41f,2023,10
bacbb6dc-7949-487f-b45c-8e4c3fd6a41f,2024,5
bae97b6a-3b50-4858-b554-a2b1a5e1e60b,2020,30
bae97b6a-3b50-4858-b554-a2b1a5e1e60b,2021,10
bae97b6a-3b50-4858-b554-a2b1a5e1e60b,2022,10
bae97b6a-3b50-4858-b554-a2b1a5e1e60b,2023,15
bae97b6a-3b50-4858-b554-a2b1a5e1e60b,2024,15
bb241e1c-c1d6-4418-8e53-9feaba4b8d44,2020,0
bb241e1c-c1d6-4418-8e53-9feaba4b8d44,2023,15
bb4a8a4b-aa49-4809-a6d0-83335d640f2d,2020,20
bb4a8a4b-aa49-4809-a6d0-83335d640f2d,2021,15
bb4a8a4b-aa49-4809-a6d0-83335d640f2d,2022,5
bbab2682-531a-4c05-9250-fcf18086ea64,2020,20
bbab2682-531a-4c05-9250-fcf18086ea64,2022,0
bbab2682-531a-4c05-9250-fcf18086ea64,2023,0
bbdaaaa1-a369-4168-a290-a4bd571eb58f,2020,30
bbdaaaa1-a369-4168-a290-a4bd571eb58f,2021,10
bbdaaaa1-a369-4168-a290-a4bd571eb58f,2022,45
bbdaaaa1-a369-4168-a290-a4bd571eb58f,2023,20
bbdaaaa1-a369-4168-a290-a4bd571eb58f,2024,10
bbe39f6c-b17e-465e-a828-5bf603bb9641,2020,20
bbe39f6c-b17e-465e-a828-5bf603bb9641,2023,5
bbe7435d-2096-4ba8-b576-b2368f7c1c50,2020,20
bbe7435d-2096-4ba8-b576-b2368f7c1c50,2022,20
bbe7435d-2096-4ba8-b576-b2368f7c1c50,2024,25
bbf2a2d9-657d-4e08-9a70-24283bd23fea,2023,5
bbfe4baf-955a-44ae-88ad-d11b3b21046b,2020,30
bbfe4baf-955a-44ae-88ad-d11b3b21046b,2021,5
bbfe4baf-955a-44ae-88ad-d11b3b21046b,2022,40
bc59a760-d191-40c2-a93f-8373395ef5a4,2020,0
bc59a760-d191-40c2-a93f-8373395ef5a4,2021,0
bc59d011-c8b3-4d77-a787-d13251a1e71f,2023,10
bc5ac7bc-5c78-4d61-8580-091f8fce6f98,2023,35
bc5ac7bc-5c78-4d61-8580-091f8fce6f98,2024,5
bc846b77-7182-4349-8617-5b51848f88b1,2022,0
bcae4707-ae9b-440f-a29f-025f6a461828,2020,0
bcae4707-ae9b-440f-a29f-025f6a461828,2021,20
bcae4707-ae9b-440f-a29f-025f6a461828,2022,5
bcae4707-ae9b-440f-a29f-025f6a461828,2023,40
bcae4707-ae9b-440f-a29f-025f6a461828,2024,25
bcd0e37a-e35f-4b59-888f-c11f4bdc58b7,2023,10
bcd0e37a-e35f-4b59-888f-c11f4bdc58b7,2024,15
bcf083f5-3938-4eb5-b00a-5fbad580e37e,2023,0
bcf083f5-3938-4eb5-b00a-5fbad580e37e,2024,5
bd4674e1-3959-499f-9c13-60f588445189,2021,5
bd4674e1-3959-499f-9c13-60f588445189,2023,30
bd9007cc-c7fb-4ec8-a08e-e3b6d34b3473,2020,0
bd9007cc-c7fb-4ec8-a08e-e3b6d34b3473,2021,10
bd9007cc-c7fb-4ec8-a08e-e3b6d34b3473,2022,80
bd9c6498-3641-4c62-bd8d-96a03ecad260,2023,15
bd9c6498-3641-4c62-bd8d-96a03ecad260,2024,10
bda11546-53cd-44c3-a393-1a6e33cfa29f,2021,50
bda11546-53cd-44c3-a393-1a6e33cfa29f,2022,10
bda11546-53cd-44c3-a393-1a6e33cfa29f,2023,45
bda11546-53cd-44c3-a393-1a6e33cfa29f,2024,45
be21a136-469b-4f52-9172-00bc6cb65829,2020,0
be21a136-469b-4f52-9172-00bc6cb65829,2021,30
be21a136-469b-4f52-9172-00bc6cb65829,2022,5
be21a136-469b-4f52-9172-00bc6cb65829,2023,20
be21a136-469b-4f52-9172-00bc6cb65829,2024,5
be2529e6-1662-4d5e-b4d8-fd932d15027e,2022,5
be2529e6-1662-4d5e-b4d8-fd932d15027e,2023,5
be2529e6-1662-4d5e-b4d8-fd932d15027e,2024,0
be3fe954-9c9d-49c9-bf73-e1f2cf4f7a37,2023,35
be3fe954-9c9d-49c9-bf73-e1f2cf4f7a37,2024,5
be49f4ac-354e-4d26-8aa6-bcafa2a88a6b,2020,0
be6134b7-8b8a-4839-bf40-df77ba94125c,2020,5
be6134b7-8b8a-4839-bf40-df77ba94125c,2022,25
beab4f6d-a20e-42d8-8bb0-16004cc810af,2020,5
beab4f6d-a20e-42d8-8bb0-16004cc810af,2022,5
bebd5321-9337-45b7-83a7-bdc64380548b,2021,55
bebd5321-9337-45b7-83a7-bdc64380548b,2023,30
bebd5321-9337-45b7-83a7-bdc64380548b,2024,5
bec9c045-f1a3-4dba-a884-d48ff2529792,2020,25
bec9c045-f1a3-4dba-a884-d48ff2529792,2021,15
bec9c045-f1a3-4dba-a884-d48ff2529792,2023,20
bed9ce4b-f483-4721-a294-61b1f537efe7,2020,45
bed9ce4b-f483-4721-a294-61b1f537efe7,2022,75
bed9ce4b-f483-4721-a294-61b1f537efe7,2023,40
bef1e7de-9c71-41b2-8c88-d00d1e4a7762,2020,5
bef1e7de-9c71-41b2-8c88-d00d1e4a7762,2021,30
bef1e7de-9c71-41b2-8c88-d00d1e4a7762,2022,15
bef1e7de-9c71-41b2-8c88-d00d1e4a7762,2023,25
bef1e7de-9c71-41b2-8c88-d00d1e4a7762,2024,35
bf623167-c4ff-4e81-8bc2-e2c0c646f028,2022,0
bfaee6fc-e888-434c-95fb-712ae9e49b33,2024,5
bfc84161-e4af-45e6-b8d8-c3cf2ec2b13f,2020,25
bfc84161-e4af-45e6-b8d8-c3cf2ec2b13f,2022,5
bffe3861-855b-43c2-8f9b-22c2405dc2ff,2020,20
bffe3861-855b-43c2-8f9b-22c2405dc2ff,2021,10
bffe3861-855b-43c2-8f9b-22c2405dc2ff,2022,0
bffe3861-855b-43c2-8f9b-22c2405dc2ff,2023,25
bffe3861-855b-43c2-8f9b-22c2405dc2ff,2024,40
c04078d5-a3a6-4ae8-b084-143967f5baa7,2023,0
c052a543-6419-4de5-90da-52ba29c666a1,2020,25
c052a543-6419-4de5-90da-52ba29c666a1,2021,45
c052a543-6419-4de5-90da-52ba29c666a1,2022,35
c052a543-6419-4de5-90da-52ba29c666a1,2023,55
c052a543-6419-4de5-90da-52ba29c666a1,2024,25
c056fed0-5dea-41cd-8ea9-88ef896806cb,2020,45
c056fed0-5dea-41cd-8ea9-88ef896806cb,2022,25
c056fed0-5dea-41cd-8ea9-88ef896806cb,2023,15
c058a097-d881-47d2-997f-ff1b47cbf784,2024,25
c0601362-f65e-47ca-b98d-ffd92f0b72c5,2020,5
c0601362-f65e-47ca-b98d-ffd92f0b72c5,2021,5
c0601362-f65e-47ca-b98d-ffd92f0b72c5,2022,45
c0601362-f65e-47ca-b98d-ffd92f0b72c5,2023,25
c075f147-5a84-45ba-8929-c1ff41ca4cbc,2022,35
c075f147-5a84-45ba-8929-c1ff41ca4cbc,2024,15
c08b2319-61b7-4cd9-ab8b-ac23f5caa078,2020,0
c12a5865-088b-45cb-b8b5-e0edaffd37dd,2020,5
c12aa741-0ce8-41b9-8426-ea5ea95952d3,2020,0
c13d1a55-10e2-487c-ab9d-d2efaa66bdad,2021,35
c13d1a55-10e2-487c-ab9d-d2efaa66bdad,2022,30
c13d1a55-10e2-487c-ab9d-d2efaa66bdad,2023,15
c14d2c42-17f5-46ad-b515-bbc8117c50ae,2020,5
c164be6a-627a-48a5-84a8-338ce8ef6ef0,2023,0
c164be6a-627a-48a5-84a8-338ce8ef6ef0,2024,25
c1ab5afa-d8f7-4f38-aee5-b8c010f412ee,2023,60
c1ab5afa-d8f7-4f38-aee5-b8c010f412ee,2024,180
c1dec103-c15f-4bc0-8002-0dc353cf95f3,2020,30
c1dec103-c15f-4bc0-8002-0dc353cf95f3,2021,45
c1dec103-c15f-4bc0-8002-0dc353cf95f3,2022,5
c1dec103-c15f-4bc0-8002-0dc353cf95f3,2023,30
c1dec103-c15f-4bc0-8002-0dc353cf95f3,2024,25
c24dba38-57d0-4759-8039-0dd1e2c223be,2020,15
c24dba38-57d0-4759-8039-0dd1e2c223be,2021,0
c24dba38-57d0-4759-8039-0dd1e2c223be,2022,0
c2726a98-506f-46ad-b2e3-f178c45f5313,2021,5
c2726a98-506f-46ad-b2e3-f178c45f5313,2023,10
c28729ba-be0c-461c-8e82-951fe25747d4,2023,15
c28729ba-be0c-461c-8e82-951fe25747d4,2024,5
c2bf75ec-e2b4-4af6-8880-1bd63103fb8c,2021,0
c2bf75ec-e2b4-4af6-8880-1bd63103fb8c,2022,35
c2bf75ec-e2b4-4af6-8880-1bd63103fb8c,2023,60
c2bf75ec-e2b4-4af6-8880-1bd63103fb8c,2024,30
c36b599c-3cc9-4f81-a835-a1cdf4bf0b4b,2024,15
c3793f5e-c37a-46e9-a52f-ad47866654a4,2023,10
c3793f5e-c37a-46e9-a52f-ad47866654a4,2024,0
c3a5f418-5c98-4d7a-8ced-fcedbe15d8be,2020,15
c3a5f418-5c98-4d7a-8ced-fcedbe15d8be,2021,20
c3a5f418-5c98-4d7a-8ced-fcedbe15d8be,2022,0
c3a5f418-5c98-4d7a-8ced-fcedbe15d8be,2023,10
c3a5f418-5c98-4d7a-8ced-fcedbe15d8be,2024,25
c3b07df8-3b71-4fb3-a847-3ac9076fd23b,2022,5
c3b6150d-bfa4-49bd-b119-3ccbc8b5f71d,2023,35
c3b6150d-bfa4-49bd-b119-3ccbc8b5f71d,2024,50
c417c097-96d9-42d6-8f56-6191335c7e7d,2020,15
c417c097-96d9-42d6-8f56-6191335c7e7d,2021,5
c417c097-96d9-42d6-8f56-6191335c7e7d,2022,20
c417c097-96d9-42d6-8f56-6191335c7e7d,2023,25
c417c097-96d9-42d6-8f56-6191335c7e7d,2024,35
c42377c3-676f-4462-b285-6c5443342113,2023,0
c446c2d6-3bfb-4b4e-9e55-74191b906506,2020,15
c446c2d6-3bfb-4b4e-9e55-74191b906506,2022,10
c49235a9-ef80-4bb3-8d09-7f5856bf3269,2020,40
c49235a9-ef80-4bb3-8d09-7f5856bf3269,2022,25
c49235a9-ef80-4bb3-8d09-7f5856bf3269,2023,35
c492c704-bb26-4618-ac14-0e4674e80e88,2020,20
c492c704-bb26-4618-ac14-0e4674e80e88,2021,40
c492c704-bb26-4618-ac14-0e4674e80e88,2022,0
c492c704-bb26-4618-ac14-0e4674e80e88,2023,5
c4cee506-8940-499d-9eef-9c9a78dccef9,2020,50
c4cee506-8940-499d-9eef-9c9a78dccef9,2021,40
c4cee506-8940-499d-9eef-9c9a78dccef9,2022,60
c4cee506-8940-499d-9eef-9c9a78dccef9,2023,55
c4cee506-8940-499d-9eef-9c9a78dccef9,2024,35
c4f515cb-55a4-4312-80b8-7851bd197385,2023,10
c4f515cb-55a4-4312-80b8-7851bd197385,2024,20
c504dd2c-e160-42ee-9a8a-e44988307e5b,2022,0
c504dd2c-e160-42ee-9a8a-e44988307e5b,2023,5
c51d6797-451f-4b72-8815-ae2dd158376a,2023,0
c56827a3-af18-4f99-97d0-cafa40591a9b,2020,35
c56827a3-af18-4f99-97d0-cafa40591a9b,2021,35
c56827a3-af18-4f99-97d0-cafa40591a9b,2022,40
c56827a3-af18-4f99-97d0-cafa40591a9b,2023,65
c5709931-1053-4e61-88ab-7529f3e80453,2020,35
c5709931-1053-4e61-88ab-7529f3e80453,2021,40
c5709931-1053-4e61-88ab-7529f3e80453,2023,10
c5709931-1053-4e61-88ab-7529f3e80453,2024,25
c58bec29-f280-4630-8b6d-34ca27fc866b,2020,45
c58bec29-f280-4630-8b6d-34ca27fc866b,2022,15
c58bec29-f280-4630-8b6d-34ca27fc866b,2023,0
c58bec29-f280-4630-8b6d-34ca27fc866b,2024,5
c5910755-0639-419f-9aec-35b574b2d06e,2020,30
c5910755-0639-419f-9aec-35b574b2d06e,2021,20
c5910755-0639-419f-9aec-35b574b2d06e,2022,70
c5910755-0639-419f-9aec-35b574b2d06e,2024,45
c592cb6f-a7db-4ade-b11e-2fdc148c2cb5,2020,10
c592cb6f-a7db-4ade-b11e-2fdc148c2cb5,2022,5
c592cb6f-a7db-4ade-b11e-2fdc148c2cb5,2023,40
c594f178-d47c-421a-8231-bf17644f130f,2023,30
c594f178-d47c-421a-8231-bf17644f130f,2024,15
c59ecc97-fe5e-4f52-8646-3387df2ddb76,2020,20
c59ecc97-fe5e-4f52-8646-3387df2ddb76,2021,20
c59ecc97-fe5e-4f52-8646-3387df2ddb76,2023,50
c5aec8f7-5c07-4f41-b78f-6625563d1e49,2024,0
c5ffd807-db14-44a4-b0f8-5cc81fd9b29f,2020,35
c5ffd807-db14-44a4-b0f8-5cc81fd9b29f,2021,35
c5ffd807-db14-44a4-b0f8-5cc81fd9b29f,2022,5
c5ffd807-db14-44a4-b0f8-5cc81fd9b29f,2024,20
c660525e-70dc-4697-983a-906a423ea58e,2021,10
c660525e-70dc-4697-983a-906a423ea58e,2023,20
c69f756e-e11b-4516-b360-4ccbee7ac950,2020,20
c69f756e-e11b-4516-b360-4ccbee7ac950,2024,5
c6bc745c-755b-4075-a825-4b34f3b56f42,2020,20
c6c90f9e-27e1-4712-81bb-c35f35a31173,2020,40
c6c90f9e-27e1-4712-81bb-c35f35a31173,2022,15
c6c90f9e-27e1-4712-81bb-c35f35a31173,2023,30
c6c90f9e-27e1-4712-81bb-c35f35a31173,2024,15
c6d5c550-41bd-446e-aa7f-3e51e7d290dd,2020,25
c6d5c550-41bd-446e-aa7f-3e51e7d290dd,2021,30
c6d5c550-41bd-446e-aa7f-3e51e7d290dd,2022,20
c6d5c550-41bd-446e-aa7f-3e51e7d290dd,2024,10
c713e4ca-9565-44bc-97cd-a38a0b1e6e0e,2023,5
c716a3b1-e247-41fd-bd4b-07c953012c19,2023,10
c726f566-60e8-499c-a3cf-263a492d71d4,2020,40
c726f566-60e8-499c-a3cf-263a492d71d4,2023,15
c74772d0-5291-42a5-96c7-78cfa39ea2b3,2020,30
c74772d0-5291-42a5-96c7-78cfa39ea2b3,2021,20
c74772d0-5291-42a5-96c7-78cfa39ea2b3,2023,0
c74772d0-5291-42a5-96c7-78cfa39ea2b3,2024,20
c7ac1013-bc49-4622-8b76-33eb8ced03ae,2020,45
c7ac1013-bc49-4622-8b76-33eb8ced03ae,2021,45
c7ac1013-bc49-4622-8b76-33eb8ced03ae,2022,0
c7ac1013-bc49-4622-8b76-33eb8ced03ae,2023,20
c7ac1013-bc49-4622-8b76-33eb8ced03ae,2024,205
c7bed12c-baa0-44ee-afd7-ceb733f26e01,2020,15
c7bed12c-baa0-44ee-afd7-ceb733f26e01,2023,80
c7cb8552-ad59-42e8-8132-eb69b303449d,2020,20
c7cb8552-ad59-42e8-8132-eb69b303449d,2021,0
c7cb8552-ad59-42e8-8132-eb69b303449d,2022,15
c7cb8552-ad59-42e8-8132-eb69b303449d,2024,10
c7d225d2-6410-4b6f-83fc-aabfcaddbe57,2020,15
c7d225d2-6410-4b6f-83fc-aabfcaddbe57,2022,5
c7d225d2-6410-4b6f-83fc-aabfcaddbe57,2023,20
c7d225d2-6410-4b6f-83fc-aabfcaddbe57,2024,20
c7dcfa34-96de-44f3-8cbf-3377e54a4e84,2020,35
c7dcfa34-96de-44f3-8cbf-3377e54a4e84,2022,35
c7dcfa34-96de-44f3-8cbf-3377e54a4e84,2023,30
c7efe8bc-706e-49d6-be2e-cbdd89066391,2020,25
c7efe8bc-706e-49d6-be2e-cbdd89066391,2023,50
c7efe8bc-706e-49d6-be2e-cbdd89066391,2024,5
c84b7105-635e-4ba2-9da6-9007e74af6d0,2020,15
c84b7105-635e-4ba2-9da6-9007e74af6d0,2021,15
c84b7105-635e-4ba2-9da6-9007e74af6d0,2022,5
c8721c3d-5161-41ef-a0c5-0eb3b4b068fb,2022,5
c884f011-c5dd-48f7-9d31-aa3de2048455,2020,40
c884f011-c5dd-48f7-9d31-aa3de2048455,2022,5
c94e32dc-bace-490f-86d6-45f6d68b2943,2023,0
c94e32dc-bace-490f-86d6-45f6d68b2943,2024,10
c95d7056-b6f2-471c-a583-a132cb3c2b0e,2020,20
c95d7056-b6f2-471c-a583-a132cb3c2b0e,2024,25
c977583f-1526-47ba-8527-f1209dbedd20,2023,25
c977583f-1526-47ba-8527-f1209dbedd20,2024,10
c983e11e-4d14-445d-84ce-685d585e3470,2020,5
c983e11e-4d14-445d-84ce-685d585e3470,2021,0
c983e11e-4d14-445d-84ce-685d585e3470,2022,15
ca207608-92e8-4a39-a176-a336192d6f10,2020,40
ca207608-92e8-4a39-a176-a336192d6f10,2021,15
ca207608-92e8-4a39-a176-a336192d6f10,2023,20
ca207608-92e8-4a39-a176-a336192d6f10,2024,45
ca8d051a-302d-4f70-bccf-ba28220e53d2,2021,40
ca8d051a-302d-4f70-bccf-ba28220e53d2,2022,0
ca8d051a-302d-4f70-bccf-ba28220e53d2,2023,30
ca8d051a-302d-4f70-bccf-ba28220e53d2,2024,15
cae86349-6444-45b2-892a-e90b62dd4c64,2021,0
cb057f1f-c663-4050-a770-fc219ae4ff50,2020,35
cb057f1f-c663-4050-a770-fc219ae4ff50,2022,20
cb057f1f-c663-4050-a770-fc219ae4ff50,2023,10
cb46d6b4-a8f0-40c8-a064-cb37d2f94740,2023,20
cb46d6b4-a8f0-40c8-a064-cb37d2f94740,2024,5
cb4fb993-80ec-4d5b-9aa7-cb2748adeb71,2022,45
cb4fb993-80ec-4d5b-9aa7-cb2748adeb71,2023,55
cb4fb993-80ec-4d5b-9aa7-cb2748adeb71,2024,30
cba27a84-85ac-4a10-8e03-b723a03db715,2020,10
cba27a84-85ac-4a10-8e03-b723a03db715,2022,25
cbab70bf-be72-4eee-b7b4-8f1556035f20,2020,70
cbab70bf-be72-4eee-b7b4-8f1556035f20,2021,40
cbab70bf-be72-4eee-b7b4-8f1556035f20,2022,15
cbab70bf-be72-4eee-b7b4-8f1556035f20,2023,30
cbab70bf-be72-4eee-b7b4-8f1556035f20,2024,25
cbed588a-72a4-492e-9de3-08cf7f13fa5e,2021,65
cc0ca756-1676-451a-96e2-36021af1b33a,2020,30
cc0ca756-1676-451a-96e2-36021af1b33a,2023,10
cc0ca756-1676-451a-96e2-36021af1b33a,2024,45
cc12c5d3-0212-4f77-94af-f63a542e7aa6,2022,50
cc199645-2d74-47ec-a61c-bf1a5f33ebb6,2023,15
cc199645-2d74-47ec-a61c-bf1a5f33ebb6,2024,40
cc2ac1f7-2a3f-4d5a-a2f0-e13832ffffb6,2020,20
cc2ac1f7-2a3f-4d5a-a2f0-e13832ffffb6,2021,5
cc2ac1f7-2a3f-4d5a-a2f0-e13832ffffb6,2022,10
cc2ac1f7-2a3f-4d5a-a2f0-e13832ffffb6,2023,5
cc2ac1f7-2a3f-4d5a-a2f0-e13832ffffb6,2024,15
cc2af75a-c4db-4090-b5ad-ab5337a53a19,2020,35
cc2af75a-c4db-4090-b5ad-ab5337a53a19,2021,55
cc2af75a-c4db-4090-b5ad-ab5337a53a19,2022,30
cc2af75a-c4db-4090-b5ad-ab5337a53a19,2023,45
cc2af75a-c4db-4090-b5ad-ab5337a53a19,2024,35
cc2ef20e-f739-425b-8aef-1dcd8aa886dc,2020,35
cc2ef20e-f739-425b-8aef-1dcd8aa886dc,2022,10
cc2ef20e-f739-425b-8aef-1dcd8aa886dc,2023,5
cc49d5c1-5cc3-40dc-ae48-6cfd93ed05df,2023,0
cc590f86-6808-480f-ae37-8edb1c8498ad,2020,30
cc590f86-6808-480f-ae37-8edb1c8498ad,2022,5
cc590f86-6808-480f-ae37-8edb1c8498ad,2023,25
cc976949-f832-4737-b498-523aa08c3658,2020,30
cc976949-f832-4737-b498-523aa08c3658,2021,5
cc976949-f832-4737-b498-523aa08c3658,2023,10
cc976949-f832-4737-b498-523aa08c3658,2024,15
ccd72aa3-3ed5-4c40-a921-c29a810948ec,2020,30
ccd72aa3-3ed5-4c40-a921-c29a810948ec,2021,0
ccd72aa3-3ed5-4c40-a921-c29a810948ec,2022,35
ccd72aa3-3ed5-4c40-a921-c29a810948ec,2023,50
ccd72aa3-3ed5-4c40-a921-c29a810948ec,2024,45
cd06d9e5-5a12-4771-896a-2bc358a83084,2020,25
cd06d9e5-5a12-4771-896a-2bc358a83084,2021,15
cd06d9e5-5a12-4771-896a-2bc358a83084,2023,15
cd06d9e5-5a12-4771-896a-2bc358a83084,2024,25
cd1096d1-9b30-4dec-9e20-a4410dda9761,2024,0
cd7075a9-8f91-4b0e-b7aa-9c2acfd3b4c9,2022,25
cd71b5de-b411-4236-ad23-57f0edc1e7bd,2020,190
cd71b5de-b411-4236-ad23-57f0edc1e7bd,2023,185
cd71c16e-13ea-42f9-932e-446b95f4633d,2020,5
cd71c16e-13ea-42f9-932e-446b95f4633d,2023,40
cdd5ce57-f64e-42ef-9323-944171728e90,2023,5
ce02c71e-6f42-40ce-bc9e-bf75c09a24a8,2022,20
ce02c71e-6f42-40ce-bc9e-bf75c09a24a8,2023,25
ce047b93-1f5b-4fd7-9db1-d37e8ea5dba1,2020,15
ce047b93-1f5b-4fd7-9db1-d37e8ea5dba1,2022,0
ce047b93-1f5b-4fd7-9db1-d37e8ea5dba1,2024,15
ce273882-5abc-4395-afd0-137ebdd214b3,2022,30
ce273882-5abc-4395-afd0-137ebdd214b3,2023,0
ce273882-5abc-4395-afd0-137ebdd214b3,2024,10
ce96af13-7581-4ab9-aa6e-a256cc7347f0,2024,5
cee3d484-0d5c-4797-93b3-864648fb07ba,2023,40
cf7c03f4-4534-455a-854c-794058bb6670,2020,25
cf7c03f4-4534-455a-854c-794058bb6670,2022,15
cf7c03f4-4534-455a-854c-794058bb6670,2024,10
cfacd828-fbd7-43a6-8dc5-4943b2b02306,2023,110
cfacd828-fbd7-43a6-8dc5-4943b2b02306,2024,230
cfca681c-5887-43af-b1f3-e64420b1c811,2021,20
cfca681c-5887-43af-b1f3-e64420b1c811,2022,35
cfca681c-5887-43af-b1f3-e64420b1c811,2023,55
d02e7664-1d22-4211-be06-95540cdc696c,2020,5
d02e7664-1d22-4211-be06-95540cdc696c,2022,0
d02e7664-1d22-4211-be06-95540cdc696c,2023,45
d02e7664-1d22-4211-be06-95540cdc696c,2024,15
d03d5bab-2ae7-429b-a987-cfba2565e0cf,2021,25
d03d5bab-2ae7-429b-a987-cfba2565e0cf,2023,25
d03d5bab-2ae7-429b-a987-cfba2565e0cf,2024,35
d057b1a3-906f-4956-af98-2980986200b4,2022,10
d057b1a3-906f-4956-af98-2980986200b4,2024,5
d06d11bd-3151-43fe-8336-55834f96e407,2023,0
d06d11bd-3151-43fe-8336-55834f96e407,2024,0
d0f1f832-8179-4a71-ac05-40dc538a7cf2,2020,15
d0f1f832-8179-4a71-ac05-40dc538a7cf2,2024,25
d109a0f7-a667-42bd-ad4e-e4b941bac264,2020,170
d109a0f7-a667-42bd-ad4e-e4b941bac264,2021,10
d109a0f7-a667-42bd-ad4e-e4b941bac264,2022,10
d109a0f7-a667-42bd-ad4e-e4b941bac264,2023,170
d109a0f7-a667-42bd-ad4e-e4b941bac264,2024,195
d1861110-15ed-47b1-a8d5-6efcea370054,2020,5
d1861110-15ed-47b1-a8d5-6efcea370054,2022,35
d1861110-15ed-47b1-a8d5-6efcea370054,2023,45
d1d89e4f-5d0e-491f-950b-7dcb7791b7b3,2022,5
d1d89e4f-5d0e-491f-950b-7dcb7791b7b3,2023,25
d1d89e4f-5d0e-491f-950b-7dcb7791b7b3,2024,10
d1e7f43c-efe8-4643-a0f0-b7d3d81e7acd,2020,10
d1e7f43c-efe8-4643-a0f0-b7d3d81e7acd,2021,45
d1e7f43c-efe8-4643-a0f0-b7d3d81e7acd,2022,60
d1e7f43c-efe8-4643-a0f0-b7d3d81e7acd,2023,70
d1e7f43c-efe8-4643-a0f0-b7d3d81e7acd,2024,40
d22329cd-242e-42e1-abfd-9a28f759c333,2020,45
d22329cd-242e-42e1-abfd-9a28f759c333,2021,0
d22329cd-242e-42e1-abfd-9a28f759c333,2022,5
d22329cd-242e-42e1-abfd-9a28f759c333,2023,15
d22329cd-242e-42e1-abfd-9a28f759c333,2024,5
d22ab23e-56cb-4bc7-995d-a28d919b1ff6,2020,5
d22ab23e-56cb-4bc7-995d-a28d919b1ff6,2021,0
d22ab23e-56cb-4bc7-995d-a28d919b1ff6,2023,0
d27f92eb-8933-4c3f-b98f-70d90d482063,2020,30
d287706d-a6fe-4734-bf15-3f42872fd250,2023,0
d2b42492-b045-4c0b-acf5-a04e0af62fd6,2020,5
d2b42492-b045-4c0b-acf5-a04e0af62fd6,2022,0
d2dd5415-f954-4d6f-9443-91630109225e,2024,25
d3103f2e-881d-4820-bae8-2a4fb49e73ac,2022,30
d3103f2e-881d-4820-bae8-2a4fb49e73ac,2023,10
d3103f2e-881d-4820-bae8-2a4fb49e73ac,2024,0
d32d065a-4267-4933-9345-b731afeaf872,2023,165
d32d065a-4267-4933-9345-b731afeaf872,2024,360
d33212cf-fb34-4712-94cd-9cfdc1e38079,2020,45
d33212cf-fb34-4712-94cd-9cfdc1e38079,2022,35
d35bc7f1-8806-4a4b-892b-7bf42b851289,2022,0
d378a524-c4b5-4947-8144-77d93c0d4955,2020,25
d378a524-c4b5-4947-8144-77d93c0d4955,2021,5
d378a524-c4b5-4947-8144-77d93c0d4955,2022,5
d378a524-c4b5-4947-8144-77d93c0d4955,2023,50
d38baa3f-24f3-4635-9be7-4d476450717b,2020,5
d38baa3f-24f3-4635-9be7-4d476450717b,2021,10
d38baa3f-24f3-4635-9be7-4d476450717b,2022,185
d38baa3f-24f3-4635-9be7-4d476450717b,2023,360
d38baa3f-24f3-4635-9be7-4d476450717b,2024,10
d3f670b0-d9d8-4588-825f-baaae3b3abcb,2023,30
d41e7637-6ae2-44c7-b3bc-9fc27860c4f1,2023,0
d44a78e1-2b08-4d3f-85e7-197737999a60,2024,25
d4539521-9bd4-48d4-8477-f5421442c5c7,2020,15
d4539521-9bd4-48d4-8477-f5421442c5c7,2021,5
d4539521-9bd4-48d4-8477-f5421442c5c7,2022,20
d4b4f4e5-93fa-4977-9550-ab3acb9d0f90,2023,65
d4b6fbd0-59d7-4519-826e-ada52128db5b,2024,20
d4ed0c2f-6586-498c-ab59-47bc35ef6c1b,2020,15
d4ed0c2f-6586-498c-ab59-47bc35ef6c1b,2024,5
d50fb9a2-cd4b-4669-a62f-1fa810c40194,2020,35
d50fb9a2-cd4b-4669-a62f-1fa810c40194,2022,60
d50fb9a2-cd4b-4669-a62f-1fa810c40194,2024,15
d529abc6-b063-45b0-a387-c2a904262b42,2022,5
d529abc6-b063-45b0-a387-c2a904262b42,2023,15
d529abc6-b063-45b0-a387-c2a904262b42,2024,220
d5520217-57e3-4c55-88f8-4f4911f826e9,2024,30
d56501be-37a2-4349-8e87-a0238a447561,2020,20
d56501be-37a2-4349-8e87-a0238a447561,2023,35
d56501be-37a2-4349-8e87-a0238a447561,2024,0
d568ed26-2968-4567-aef2-411554dd7ee0,2021,0
d568ed26-2968-4567-aef2-411554dd7ee0,2022,25
d568ed26-2968-4567-aef2-411554dd7ee0,2023,30
d568ed26-2968-4567-aef2-411554dd7ee0,2024,15
d583b8a4-c5bd-4ec5-8340-9c87686bd45d,2020,40
d583b8a4-c5bd-4ec5-8340-9c87686bd45d,2022,0
d583b8a4-c5bd-4ec5-8340-9c87686bd45d,2023,10
d583b8a4-c5bd-4ec5-8340-9c87686bd45d,2024,10
d5b629a8-bd69-4b7e-ae82-506d1bae9e6a,2020,40
d5c54426-ec7d-4a4c-9a0f-026d41bb2e1f,2020,10
d5c54426-ec7d-4a4c-9a0f-026d41bb2e1f,2022,30
d5c54426-ec7d-4a4c-9a0f-026d41bb2e1f,2023,55
d5c54426-ec7d-4a4c-9a0f-026d41bb2e1f,2024,15
d5d515c3-2e95-4591-acef-ad159cb48ef0,2021,15
d62f28d5-a6b5-4dcf-8e71-8c46315d572a,2024,10
d677d130-f333-4a89-aa86-2025a5bdcc15,2022,15
d677d130-f333-4a89-aa86-2025a5bdcc15,2023,20
d696b355-1a86-42f1-bb4d-108f7351f30e,2023,0
d696b355-1a86-42f1-bb4d-108f7351f30e,2024,210
d698bf1c-1389-47a5-969a-8c621028aca1,2023,0
d6b6ebf6-f88b-451b-b1c6-f9d92222a705,2020,25
d6b6ebf6-f88b-451b-b1c6-f9d92222a705,2022,20
d6b6ebf6-f88b-451b-b1c6-f9d92222a705,2024,30
d6be3d55-5fcf-434a-be33-3376216f94b0,2023,35
d6d41d66-0de5-4815-a2c7-f8d134f2d9ff,2020,5
d6d41d66-0de5-4815-a2c7-f8d134f2d9ff,2022,20
d6d41d66-0de5-4815-a2c7-f8d134f2d9ff,2023,40
d6d41d66-0de5-4815-a2c7-f8d134f2d9ff,2024,10
d748e347-6694-4330-b480-e4e781d68a4d,2020,160
d76e0ae6-7c04-460d-9388-ba6d24bd3494,2020,30
d76e0ae6-7c04-460d-9388-ba6d24bd3494,2021,10
d76e0ae6-7c04-460d-9388-ba6d24bd3494,2022,20
d76e0ae6-7c04-460d-9388-ba6d24bd3494,2023,25
d76e0ae6-7c04-460d-9388-ba6d24bd3494,2024,10
d79955ba-1b35-41ec-b4ff-59a36cbde3b9,2023,25
d80c16e9-421b-4e2b-a260-1cc9b15eb213,2022,0
d848670f-40ff-41d0-904a-7dffb0f2c573,2022,10
d848670f-40ff-41d0-904a-7dffb0f2c573,2023,30
d848670f-40ff-41d0-904a-7dffb0f2c573,2024,15
d85d9b57-8919-4cfc-93bd-249d7e39d065,2022,0
d85d9b57-8919-4cfc-93bd-249d7e39d065,2023,5
d88b868b-d1fe-4a04-a69e-d26a99f3adb6,2020,0
d88b868b-d1fe-4a04-a69e-d26a99f3adb6,2022,35
d88b868b-d1fe-4a04-a69e-d26a99f3adb6,2023,20
d88b868b-d1fe-4a04-a69e-d26a99f3adb6,2024,40
d8994b6c-c9ce-446b-be0c-aeb798a8ec51,2020,15
d8994b6c-c9ce-446b-be0c-aeb798a8ec51,2022,20
d8ade029-e64d-475c-816d-f1d13a38d114,2020,10
d8ade029-e64d-475c-816d-f1d13a38d114,2022,25
d8ade029-e64d-475c-816d-f1d13a38d114,2023,15
d8ade029-e64d-475c-816d-f1d13a38d114,2024,0
d8c2cd7a-7c50-4625-a9a0-d9355304baf1,2020,0
d8c2cd7a-7c50-4625-a9a0-d9355304baf1,2021,20
d8c2cd7a-7c50-4625-a9a0-d9355304baf1,2023,10
d8df7f94-1e18-49c2-9434-cb1aa8fa5c4c,2020,190
d8df7f94-1e18-49c2-9434-cb1aa8fa5c4c,2022,35
d909ef46-5137-48da-995a-31ff90ae0fd8,2022,15
d93e2710-ae2b-442d-890d-82ab338cfe78,2020,10
d93e2710-ae2b-442d-890d-82ab338cfe78,2022,25
d93e2710-ae2b-442d-890d-82ab338cfe78,2023,5
d9c55161-b528-4b26-889b-edc930fefc7b,2020,0
d9c55161-b528-4b26-889b-edc930fefc7b,2022,10
d9c55161-b528-4b26-889b-edc930fefc7b,2023,0
d9cdb426-b92c-4420-8549-064bcb799773,2020,15
d9cdb426-b92c-4420-8549-064bcb799773,2022,20
d9cdb426-b92c-4420-8549-064bcb799773,2023,40
d9cdb426-b92c-4420-8549-064bcb799773,2024,20
d9ce0be1-62f9-4f27-90da-6a8ea497bc09,2020,0
d9ce0be1-62f9-4f27-90da-6a8ea497bc09,2022,20
d9da72e2-adf8-4430-9413-b13ca3be065c,2020,35
d9da72e2-adf8-4430-9413-b13ca3be065c,2021,10
da27720a-7d30-40be-9938-6f186ea6a24f,2022,0
da27720a-7d30-40be-9938-6f186ea6a24f,2024,5
da492502-2843-40ec-a1a6-77ce884a0629,2023,0
da500079-6337-4e75-8507-6d0ccac60fc3,2020,0
da500079-6337-4e75-8507-6d0ccac60fc3,2022,5
da500079-6337-4e75-8507-6d0ccac60fc3,2023,40
da58187e-0c94-43c3-986f-55fdb3b744e6,2023,25
da58187e-0c94-43c3-986f-55fdb3b744e6,2024,30
da973eed-bc0a-4e2f-b036-269866c54d42,2020,0
da973eed-bc0a-4e2f-b036-269866c54d42,2022,0
dab026d0-7d77-4f12-926f-b3bf1f808501,2020,10
dab026d0-7d77-4f12-926f-b3bf1f808501,2022,25
dab026d0-7d77-4f12-926f-b3bf1f808501,2023,35
dac1bf8d-8f07-46fc-9350-43906fc5eb98,2020,0
dac1bf8d-8f07-46fc-9350-43906fc5eb98,2022,20
dad348a0-de21-4224-abc2-e56d87a486a6,2020,25
dad348a0-de21-4224-abc2-e56d87a486a6,2021,30
dad348a0-de21-4224-abc2-e56d87a486a6,2022,15
dad348a0-de21-4224-abc2-e56d87a486a6,2023,25
dad348a0-de21-4224-abc2-e56d87a486a6,2024,20
db026eaf-3b48-4bfa-a2b9-243791cd4cb5,2020,10
db026eaf-3b48-4bfa-a2b9-243791cd4cb5,2021,15
db026eaf-3b48-4bfa-a2b9-243791cd4cb5,2022,15
db026eaf-3b48-4bfa-a2b9-243791cd4cb5,2023,35
db026eaf-3b48-4bfa-a2b9-243791cd4cb5,2024,35
db253b90-685b-4139-be4a-53e1e6b3ffd4,2020,0
db253b90-685b-4139-be4a-53e1e6b3ffd4,2023,5
db253b90-685b-4139-be4a-53e1e6b3ffd4,2024,20
db35cf8c-067d-4559-8376-3b719121dd33,2024,0
db6fb561-bc06-4791-b8eb-dd477ef7bcbc,2020,10
db6fb561-bc06-4791-b8eb-dd477ef7bcbc,2021,5
db6fb561-bc06-4791-b8eb-dd477ef7bcbc,2022,40
db6fb561-bc06-4791-b8eb-dd477ef7bcbc,2023,50
db6fb561-bc06-4791-b8eb-dd477ef7bcbc,2024,20
db7c091d-48f1-4e8c-acf0-f68a4b15ba19,2021,25
db7c091d-48f1-4e8c-acf0-f68a4b15ba19,2023,15
db7c091d-48f1-4e8c-acf0-f68a4b15ba19,2024,15
db8e8581-e344-42b7-bd6c-1295af25dcdc,2021,40
dbb06a62-ca0d-4cc9-ba32-164195fe4ea1,2020,0
dbb06a62-ca0d-4cc9-ba32-164195fe4ea1,2024,15
dbbb2a2d-8a0a-4de3-ab58-80aade5c1394,2023,25
dbcbef5c-100c-489b-af25-5a3cd5275178,2020,0
dbe94b55-c244-4cd5-a43a-0a2b3d1c6b67,2023,0
dc1b8b33-0f29-4ff6-9ee1-381da0cd760d,2020,20
dc1b8b33-0f29-4ff6-9ee1-381da0cd760d,2022,0
dc1b8b33-0f29-4ff6-9ee1-381da0cd760d,2023,0
dc1b8b33-0f29-4ff6-9ee1-381da0cd760d,2024,10
dc2f88f6-3a35-469d-aa5a-97cd3571740e,2020,25
dc2f88f6-3a35-469d-aa5a-97cd3571740e,2021,15
dc2f88f6-3a35-469d-aa5a-97cd3571740e,2022,25
dc2f88f6-3a35-469d-aa5a-97cd3571740e,2023,35
dc2f88f6-3a35-469d-aa5a-97cd3571740e,2024,55
dc4ab99a-59e4-44f7-a4b1-c817966eec81,2021,10
dc4ab99a-59e4-44f7-a4b1-c817966eec81,2022,15
dc4ab99a-59e4-44f7-a4b1-c817966eec81,2023,35
dc774e1f-bc12-49de-89da-4924d44a6d56,2021,30
dc774e1f-bc12-49de-89da-4924d44a6d56,2024,35
dca091b0-726c-4917-b7a5-5628dbbb81eb,2020,10
dca091b0-726c-4917-b7a5-5628dbbb81eb,2021,30
dca091b0-726c-4917-b7a5-5628dbbb81eb,2023,35
dcbefdf5-6178-45ae-a9ab-0e29913f3cd6,2020,0
dcee90ca-d1f5-4739-8b89-3650881a79ae,2020,15
dcee90ca-d1f5-4739-8b89-3650881a79ae,2021,10
dcee90ca-d1f5-4739-8b89-3650881a79ae,2023,15
dcfd1971-e823-4f39-8bad-722cc28ccd0c,2020,10
dcfd1971-e823-4f39-8bad-722cc28ccd0c,2022,35
dcfd1971-e823-4f39-8bad-722cc28ccd0c,2023,35
dcfd1971-e823-4f39-8bad-722cc28ccd0c,2024,0
dd706fd9-dfe5-461a-8201-f4af1f40a930,2024,0
dd9bfc3d-59e5-44a1-86c2-49807b0294f1,2020,25
dd9bfc3d-59e5-44a1-86c2-49807b0294f1,2021,5
dd9bfc3d-59e5-44a1-86c2-49807b0294f1,2024,0
ddbcfcb5-5e88-494c-b76d-06af535bfec7,2022,15
ddbcfcb5-5e88-494c-b76d-06af535bfec7,2024,20
ddc21c89-debc-48bc-bd0d-92f9eacbf630,2020,10
ddc21c89-debc-48bc-bd0d-92f9eacbf630,2021,15
ddc21c89-debc-48bc-bd0d-92f9eacbf630,2022,40
ddc21c89-debc-48bc-bd0d-92f9eacbf630,2023,40
ddc21c89-debc-48bc-bd0d-92f9eacbf630,2024,0
ddcf64b3-c552-4322-b718-f5d0bb7d7856,2020,20
de0c40ae-7925-4cdf-aea4-0369e1718136,2020,5
de2b0a8c-6e09-4aab-8792-e18a90c47f32,2021,40
de2b0a8c-6e09-4aab-8792-e18a90c47f32,2022,15
de2b0a8c-6e09-4aab-8792-e18a90c47f32,2023,20
de2b0a8c-6e09-4aab-8792-e18a90c47f32,2024,25
de3cca39-dba0-40a6-9e9d-a35f2d7e4ec0,2022,10
de3cca39-dba0-40a6-9e9d-a35f2d7e4ec0,2023,10
de3cca39-dba0-40a6-9e9d-a35f2d7e4ec0,2024,15
de5c3c26-200d-4d08-ac10-1839fcc2bbb2,2020,0
de5c3c26-200d-4d08-ac10-1839fcc2bbb2,2021,5
de5c3c26-200d-4d08-ac10-1839fcc2bbb2,2023,10
de5c3c26-200d-4d08-ac10-1839fcc2bbb2,2024,5
de6fbd41-79fb-4ad0-bf38-f5963225b84e,2023,40
de7f870b-9f79-421c-beff-286480105635,2020,15
de7f870b-9f79-421c-beff-286480105635,2023,0
de7f870b-9f79-421c-beff-286480105635,2024,25
dead4e56-b243-48a8-a83a-4e639a849775,2023,0
dead4e56-b243-48a8-a83a-4e639a849775,2024,5
ded928ab-536c-4ed3-90d3-42aef153325a,2024,40
dedc4e3f-2381-4bab-a6f5-93d2c5f05c0a,2022,15
dedc4e3f-2381-4bab-a6f5-93d2c5f05c0a,2023,40
dedc4e3f-2381-4bab-a6f5-93d2c5f05c0a,2024,45
df377a9a-c4d7-4067-981f-e9105d23fc7f,2023,155
df377a9a-c4d7-4067-981f-e9105d23fc7f,2024,330
df489dbe-ba2f-4fae-b3c4-8ad5c0284529,2020,5
df489dbe-ba2f-4fae-b3c4-8ad5c0284529,2021,30
df489dbe-ba2f-4fae-b3c4-8ad5c0284529,2023,10
df64d9ae-7b87-493b-98d5-50bf1de221ad,2022,0
df64d9ae-7b87-493b-98d5-50bf1de221ad,2023,25
df64d9ae-7b87-493b-98d5-50bf1de221ad,2024,25
df91de41-0cc0-4a9b-9bc5-773fb26962bd,2023,0
dfc594ec-52c1-4c95-bd7c-5d99f60d213e,2020,15
dfc594ec-52c1-4c95-bd7c-5d99f60d213e,2022,85
dfc594ec-52c1-4c95-bd7c-5d99f60d213e,2023,40
dfc594ec-52c1-4c95-bd7c-5d99f60d213e,2024,40
dfd3ef08-8334-4818-8f31-f72f77edb798,2023,25
e0031c15-ed47-4ade-9a67-1d6c7097556e,2021,0
e0031c15-ed47-4ade-9a67-1d6c7097556e,2022,0
e0031c15-ed47-4ade-9a67-1d6c7097556e,2023,0
e062c598-bb7d-43af-a462-082b8f26cedc,2021,5
e062c598-bb7d-43af-a462-082b8f26cedc,2022,5
e062c598-bb7d-43af-a462-082b8f26cedc,2023,55
e062c598-bb7d-43af-a462-082b8f26cedc,2024,20
e0add70d-0a41-4e54-9ee8-65b3d7a2596d,2020,10
e0b04619-5c38-4d22-a04c-7fd8877c0e13,2020,40
e0b04619-5c38-4d22-a04c-7fd8877c0e13,2023,35
e0b04619-5c38-4d22-a04c-7fd8877c0e13,2024,5
e0bac1ff-be35-4833-ab1c-dfe515183588,2022,160
e0bac1ff-be35-4833-ab1c-dfe515183588,2023,5
e0eb7b83-e217-4699-bf5a-470eacf02688,2020,25
e0eb7b83-e217-4699-bf5a-470eacf02688,2022,5
e0eb7b83-e217-4699-bf5a-470eacf02688,2023,10
e0eb7b83-e217-4699-bf5a-470eacf02688,2024,20
e114b72a-162a-40e8-a2d5-fa9813ed8658,2023,15
e114b72a-162a-40e8-a2d5-fa9813ed8658,2024,35
e115c309-ec55-4470-a8b4-a7ce02e28b0e,2020,15
e115c309-ec55-4470-a8b4-a7ce02e28b0e,2021,35
e115c309-ec55-4470-a8b4-a7ce02e28b0e,2022,35
e115c309-ec55-4470-a8b4-a7ce02e28b0e,2023,0
e115c309-ec55-4470-a8b4-a7ce02e28b0e,2024,15
e13392e4-4084-4987-9bc2-4a292d760bcd,2020,5
e13392e4-4084-4987-9bc2-4a292d760bcd,2022,25
e13392e4-4084-4987-9bc2-4a292d760bcd,2023,0
e191b889-54fa-424c-a9bb-7172574944d5,2022,10
e191b889-54fa-424c-a9bb-7172574944d5,2023,40
e191b889-54fa-424c-a9bb-7172574944d5,2024,35
e1c322ec-42a2-4a60-9ad6-5613742e521c,2022,0
e1e44785-3eea-4f7f-b7c4-2c3f74c52676,2020,0
e1e44785-3eea-4f7f-b7c4-2c3f74c52676,2022,25
e1e44785-3eea-4f7f-b7c4-2c3f74c52676,2023,25
e23f6d36-fd26-49ff-91d7-8398a02ecbac,2020,10
e23f6d36-fd26-49ff-91d7-8398a02ecbac,2021,25
e23f6d36-fd26-49ff-91d7-8398a02ecbac,2022,10
e23f6d36-fd26-49ff-91d7-8398a02ecbac,2023,10
e2843e55-c2ba-40c0-8b9e-1ae712759210,2020,30
e2843e55-c2ba-40c0-8b9e-1ae712759210,2021,45
e2843e55-c2ba-40c0-8b9e-1ae712759210,2022,30
e2843e55-c2ba-40c0-8b9e-1ae712759210,2023,50
e2843e55-c2ba-40c0-8b9e-1ae712759210,2024,45
e2b09750-db5c-46a6-b4fa-3ea8037cea29,2023,5
e2d02fd7-3c52-4ca4-bf85-4a49b83f9582,2022,10
e2d02fd7-3c52-4ca4-bf85-4a49b83f9582,2023,40
e2d02fd7-3c52-4ca4-bf85-4a49b83f9582,2024,15
e2ede2e4-959a-4dc4-96a2-a98f307c0fe4,2020,10
e2ede2e4-959a-4dc4-96a2-a98f307c0fe4,2022,0
e2ede2e4-959a-4dc4-96a2-a98f307c0fe4,2023,0
e2ede2e4-959a-4dc4-96a2-a98f307c0fe4,2024,10
e2fd5391-7b0d-4846-be74-bd60311cf509,2020,5
e2fd5391-7b0d-4846-be74-bd60311cf509,2022,10
e2fd5391-7b0d-4846-be74-bd60311cf509,2023,30
e2fd5391-7b0d-4846-be74-bd60311cf509,2024,15
e32782f5-5823-4483-ab63-965c7248f2ec,2022,10
e32782f5-5823-4483-ab63-965c7248f2ec,2023,10
e32782f5-5823-4483-ab63-965c7248f2ec,2024,20
e32a0709-8443-4152-8526-8a59ffb8371e,2020,5
e32a0709-8443-4152-8526-8a59ffb8371e,2024,10
e37faa53-91b8-4f4d-bd4f-3fcd941fac5f,2022,15
e37faa53-91b8-4f4d-bd4f-3fcd941fac5f,2024,0
e3955bac-afbc-45c4-8663-4a60a7674365,2020,55
e3955bac-afbc-45c4-8663-4a60a7674365,2021,10
e3955bac-afbc-45c4-8663-4a60a7674365,2022,35
e3955bac-afbc-45c4-8663-4a60a7674365,2023,5
e3955bac-afbc-45c4-8663-4a60a7674365,2024,20
e3b06195-1325-4b6f-88f7-d8a1143a059d,2022,5
e3c9c618-b795-48ae-9849-84157a93b713,2020,20
e3c9c618-b795-48ae-9849-84157a93b713,2021,30
e3c9c618-b795-48ae-9849-84157a93b713,2023,35
e3c9c618-b795-48ae-9849-84157a93b713,2024,10
e3d796df-691f-4131-a2e8-277ea20cf3ba,2021,0
e3d796df-691f-4131-a2e8-277ea20cf3ba,2022,10
e3d796df-691f-4131-a2e8-277ea20cf3ba,2024,35
e40a1999-037d-4a9d-8ee2-f943eae6b200,2022,0
e40a1999-037d-4a9d-8ee2-f943eae6b200,2023,0
e40a1999-037d-4a9d-8ee2-f943eae6b200,2024,0
e418873c-ddd3-444f-95ff-1e2bf5d0d890,2020,20
e418873c-ddd3-444f-95ff-1e2bf5d0d890,2023,20
e45659e5-99e5-4a6c-b144-db0ba6617eaa,2022,0
e4607f31-db04-4981-93d1-03faeb6a3986,2020,20
e4607f31-db04-4981-93d1-03faeb6a3986,2022,20
e4607f31-db04-4981-93d1-03faeb6a3986,2023,40
e4607f31-db04-4981-93d1-03faeb6a3986,2024,20
e475ce38-8476-4d79-b6ad-09659db84d1b,2020,15
e475ce38-8476-4d79-b6ad-09659db84d1b,2021,50
e475ce38-8476-4d79-b6ad-09659db84d1b,2022,25
e475ce38-8476-4d79-b6ad-09659db84d1b,2023,20
e475ce38-8476-4d79-b6ad-09659db84d1b,2024,20
e4c36b8a-9656-4c3f-8bc1-09add32b58b9,2020,40
e4c36b8a-9656-4c3f-8bc1-09add32b58b9,2021,30
e4c36b8a-9656-4c3f-8bc1-09add32b58b9,2022,15
e4c36b8a-9656-4c3f-8bc1-09add32b58b9,2023,55
e4c36b8a-9656-4c3f-8bc1-09add32b58b9,2024,15
e4cc720d-9f55-4d51-9364-c528e505f033,2021,35
e4cc720d-9f55-4d51-9364-c528e505f033,2022,15
e4cc720d-9f55-4d51-9364-c528e505f033,2023,15
e4eb6a50-7a9f-4fbf-b6a5-54a2690837d7,2023,10
e4eb6a50-7a9f-4fbf-b6a5-54a2690837d7,2024,10
e4fb2a0d-8df9-4e3a-9337-c3144b0f12ed,2020,25
e4fb2a0d-8df9-4e3a-9337-c3144b0f12ed,2022,10
e515173f-d561-42e1-89bd-c7216f2ff6cf,2020,30
e515173f-d561-42e1-89bd-c7216f2ff6cf,2021,10
e515173f-d561-42e1-89bd-c7216f2ff6cf,2022,25
e515173f-d561-42e1-89bd-c7216f2ff6cf,2023,5
e515173f-d561-42e1-89bd-c7216f2ff6cf,2024,25
e57296d1-adeb-4f01-84a7-5cd86578d865,2020,10
e57d5c3c-990e-4674-8cb3-78865d724b32,2020,0
e57d5c3c-990e-4674-8cb3-78865d724b32,2022,5
e57d5c3c-990e-4674-8cb3-78865d724b32,2024,10
e5990a7b-213b-49e4-8149-266e76d970cf,2020,0
e5990a7b-213b-49e4-8149-266e76d970cf,2022,5
e5990a7b-213b-49e4-8149-266e76d970cf,2023,45
e5990a7b-213b-49e4-8149-266e76d970cf,2024,25
e5d1deb9-f6e5-4313-a457-07953e2093d3,2024,10
e6227cb6-e3c9-426b-bb30-0b4cedf07b7e,2020,5
e6227cb6-e3c9-426b-bb30-0b4cedf07b7e,2021,5
e6227cb6-e3c9-426b-bb30-0b4cedf07b7e,2023,10
e6227cb6-e3c9-426b-bb30-0b4cedf07b7e,2024,10
e69762c4-65c1-47d4-8701-bf2251e667ab,2020,40
e69762c4-65c1-47d4-8701-bf2251e667ab,2021,20
e69762c4-65c1-47d4-8701-bf2251e667ab,2022,80
e69762c4-65c1-47d4-8701-bf2251e667ab,2023,55
e69762c4-65c1-47d4-8701-bf2251e667ab,2024,40
e6aa0ca3-5454-4325-99e4-f12e93123c29,2021,30
e6aa0ca3-5454-4325-99e4-f12e93123c29,2022,10
e6beea7c-5b83-4443-88ee-d4d22cc5b37c,2021,25
e6beea7c-5b83-4443-88ee-d4d22cc5b37c,2022,20
e6beea7c-5b83-4443-88ee-d4d22cc5b37c,2023,5
e6f4622f-b3b3-46b0-ac5a-9e572d0b5b0b,2020,30
e71a84c0-f3fe-4ffd-a779-76df6c374fe7,2020,10
e71a84c0-f3fe-4ffd-a779-76df6c374fe7,2021,35
e71a84c0-f3fe-4ffd-a779-76df6c374fe7,2023,60
e7402c90-9f15-418b-b084-d3b9557a18ea,2020,0
e78b1d9a-0f85-452f-8aba-1c883850008b,2020,20
e78b1d9a-0f85-452f-8aba-1c883850008b,2023,30
e78b1d9a-0f85-452f-8aba-1c883850008b,2024,20
e817fc12-6644-4ae3-b6f1-dad13586512e,2020,55
e817fc12-6644-4ae3-b6f1-dad13586512e,2022,25
e817fc12-6644-4ae3-b6f1-dad13586512e,2023,15
e817fc12-6644-4ae3-b6f1-dad13586512e,2024,5
e867c299-d794-4d63-8d39-0d7cd2e20c33,2022,30
e867c299-d794-4d63-8d39-0d7cd2e20c33,2023,25
e867c299-d794-4d63-8d39-0d7cd2e20c33,2024,195
e8728cca-567a-4f1c-93bd-06c533ce7ce4,2023,20
e8763fc6-39f3-468f-b9ff-f9dfd72b0727,2023,35
e87a9382-1866-4a55-9d51-69dfcbd9b4f5,2020,30
e87a9382-1866-4a55-9d51-69dfcbd9b4f5,2021,5
e87a9382-1866-4a55-9d51-69dfcbd9b4f5,2022,25
e87a9382-1866-4a55-9d51-69dfcbd9b4f5,2023,55
e8ae77ee-8c45-4364-956d-df04fee23bae,2020,10
e8ae77ee-8c45-4364-956d-df04fee23bae,2021,20
e8ae77ee-8c45-4364-956d-df04fee23bae,2022,5
e8ae77ee-8c45-4364-956d-df04fee23bae,2023,35
e8ae77ee-8c45-4364-956d-df04fee23bae,2024,40
e8b65330-98a0-476b-a799-3394c408f290,2022,0
e8b65330-98a0-476b-a799-3394c408f290,2023,5
e8b65330-98a0-476b-a799-3394c408f290,2024,30
e8c5b2c1-cffe-4244-a38c-94c4458b471d,2023,35
e8c5b2c1-cffe-4244-a38c-94c4458b471d,2024,50
e8d9111e-fd90-4171-a352-023a0d06769a,2020,0
e8d9111e-fd90-4171-a352-023a0d06769a,2023,5
e8d9111e-fd90-4171-a352-023a0d06769a,2024,0
e8e9fc55-9f11-479f-8214-c5c03476680a,2020,25
e8e9fc55-9f11-479f-8214-c5c03476680a,2021,10
e8e9fc55-9f11-479f-8214-c5c03476680a,2022,10
e8e9fc55-9f11-479f-8214-c5c03476680a,2023,40
e8e9fc55-9f11-479f-8214-c5c03476680a,2024,0
e900061b-a63d-4382-a5cd-66b2165bc5e8,2020,0
e956ba43-72c3-49b3-bb74-524725540169,2020,5
e956ba43-72c3-49b3-bb74-524725540169,2022,15
e9706895-5b00-423b-8e90-3b384943f4f9,2022,30
e9706895-5b00-423b-8e90-3b384943f4f9,2023,30
e9706895-5b00-423b-8e90-3b384943f4f9,2024,10
e9820cd9-e91b-42a1-b554-4a071ac72292,2022,145
e9820cd9-e91b-42a1-b554-4a071ac72292,2023,340
e9d12bbb-8ec6-4212-99ab-045b4a601abf,2020,10
e9d12bbb-8ec6-4212-99ab-045b4a601abf,2021,25
e9d12bbb-8ec6-4212-99ab-045b4a601abf,2022,0
e9d12bbb-8ec6-4212-99ab-045b4a601abf,2023,15
e9d12bbb-8ec6-4212-99ab-045b4a601abf,2024,175
e9d8c17d-515f-424e-a323-73b4a877a140,2020,5
e9d8c17d-515f-424e-a323-73b4a877a140,2021,0
e9d8c17d-515f-424e-a323-73b4a877a140,2022,20
e9d8c17d-515f-424e-a323-73b4a877a140,2023,40
ea348431-abbd-4d09-9c16-105ef809f751,2022,15
ea348431-abbd-4d09-9c16-105ef809f751,2024,0
ea560337-bc75-4a47-8b34-6fcea3d334b5,2020,30
ea560337-bc75-4a47-8b34-6fcea3d334b5,2021,30
ea560337-bc75-4a47-8b34-6fcea3d334b5,2022,30
ea560337-bc75-4a47-8b34-6fcea3d334b5,2023,50
ea560337-bc75-4a47-8b34-6fcea3d334b5,2024,35
ea8bfc49-cf5d-4c8e-97ab-14df21715bbc,2022,15
ea8bfc49-cf5d-4c8e-97ab-14df21715bbc,2023,35
ea983d75-7d53-4c8a-9bb3-a8396fb66aa0,2020,35
ea983d75-7d53-4c8a-9bb3-a8396fb66aa0,2022,10
ea983d75-7d53-4c8a-9bb3-a8396fb66aa0,2023,10
eaa73c9b-a1f0-491c-859d-27e2fad390db,2024,10
eacf92a8-fbcd-4836-867f-4cb85bae023c,2024,0
eb1aba7f-9d9e-40a2-9faf-27824192b45f,2021,30
eb1aba7f-9d9e-40a2-9faf-27824192b45f,2022,0
eb1aba7f-9d9e-40a2-9faf-27824192b45f,2023,15
eb43fbd9-c391-4ece-b3f4-99d528a6f21a,2020,20
eb43fbd9-c391-4ece-b3f4-99d528a6f21a,2022,25
eb43fbd9-c391-4ece-b3f4-99d528a6f21a,2023,35
eb43fbd9-c391-4ece-b3f4-99d528a6f21a,2024,20
eb5fd39c-c190-48c1-987c-3fa678a26b93,2023,0
eb74404b-7efe-4289-809f-2ac8414815a9,2020,45
eb74404b-7efe-4289-809f-2ac8414815a9,2022,45
eb74404b-7efe-4289-809f-2ac8414815a9,2023,45
eb74404b-7efe-4289-809f-2ac8414815a9,2024,15
eb79eb51-007b-47f4-872d-d8a06574d109,2020,5
eb79eb51-007b-47f4-872d-d8a06574d109,2024,25
ebd3c20b-d2d8-420b-a00c-9d87d90b3e0b,2020,5
ebd3c20b-d2d8-420b-a00c-9d87d90b3e0b,2023,10
ebd3c20b-d2d8-420b-a00c-9d87d90b3e0b,2024,40
ec026ae9-313c-493c-99dd-c15a7ed385f5,2020,5
ec50de1a-5dba-4078-b439-c649975d1782,2020,25
ec50de1a-5dba-4078-b439-c649975d1782,2022,20
ec9602e1-34e4-4215-8405-6e86618c2ea7,2022,5
ec9602e1-34e4-4215-8405-6e86618c2ea7,2023,40
ec9602e1-34e4-4215-8405-6e86618c2ea7,2024,10
eca23817-5339-45a2-9536-66420d4d1b03,2021,10
eca23817-5339-45a2-9536-66420d4d1b03,2023,5
eca23817-5339-45a2-9536-66420d4d1b03,2024,30
eca83343-baef-47ee-9f56-47ced7835d49,2022,20
eca83343-baef-47ee-9f56-47ced7835d49,2023,10
eca83343-baef-47ee-9f56-47ced7835d49,2024,25
ecc22775-f3b1-459f-b17f-ca86d82e4c9a,2023,15
ecc22775-f3b1-459f-b17f-ca86d82e4c9a,2024,20
ecd1aac2-b212-48bf-b2d8-41bde85c017a,2020,175
ecdc2328-da25-4046-9b27-19ef4041ea03,2020,25
ecdc2328-da25-4046-9b27-19ef4041ea03,2021,40
ecdc2328-da25-4046-9b27-19ef4041ea03,2022,30
ecdc2328-da25-4046-9b27-19ef4041ea03,2023,25
ecec944a-fa5c-48e7-9054-5cdbe6c6c2f7,2024,5
ed161b1b-dfad-4d2f-ae7b-5c7713a4f461,2020,0
ed161b1b-dfad-4d2f-ae7b-5c7713a4f461,2023,35
ed267c20-ff11-4ff3-9880-6360498dc750,2020,25
ed267c20-ff11-4ff3-9880-6360498dc750,2021,15
ed267c20-ff11-4ff3-9880-6360498dc750,2023,0
ed9cf3ec-bcee-45b0-b03f-0f5357c46e02,2021,0
ed9cf3ec-bcee-45b0-b03f-0f5357c46e02,2022,15
ed9cf3ec-bcee-45b0-b03f-0f5357c46e02,2023,20
ed9cf3ec-bcee-45b0-b03f-0f5357c46e02,2024,15
edb6e7f2-984d-407f-98be-d24f4b2a44a4,2020,180
edb6e7f2-984d-407f-98be-d24f4b2a44a4,2021,10
edb6e7f2-984d-407f-98be-d24f4b2a44a4,2023,60
edd51a00-ae58-4c20-8c49-b8c5be4866f8,2021,0
ee5d92c7-6abc-43e5-8dfc-057cfe21e5fe,2021,5
ee5d92c7-6abc-43e5-8dfc-057cfe21e5fe,2022,30
ee5d92c7-6abc-43e5-8dfc-057cfe21e5fe,2024,5
eeabf845-6cce-4c4e-b569-3d0ea39f704b,2020,20
eeabf845-6cce-4c4e-b569-3d0ea39f704b,2022,25
eeabf845-6cce-4c4e-b569-3d0ea39f704b,2023,40
eec789da-2da1-484b-bc76-3d1cf1edfa98,2022,10
eec789da-2da1-484b-bc76-3d1cf1edfa98,2023,30
eec789da-2da1-484b-bc76-3d1cf1edfa98,2024,25
eed1ac5e-1c6b-4600-8939-3b091b1e14b0,2020,15
eed1ac5e-1c6b-4600-8939-3b091b1e14b0,2021,30
eed1ac5e-1c6b-4600-8939-3b091b1e14b0,2024,5
eeda42ba-e5ce-43cd-9f34-a93ad2c7517d,2023,125
eeda42ba-e5ce-43cd-9f34-a93ad2c7517d,2024,10
ef205161-d65e-4465-9d42-0e009630442d,2023,20
ef4171b1-06cb-40cf-9697-a584d6853bad,2020,5
ef4171b1-06cb-40cf-9697-a584d6853bad,2022,30
ef4171b1-06cb-40cf-9697-a584d6853bad,2023,5
ef4171b1-06cb-40cf-9697-a584d6853bad,2024,15
ef68ad4e-be56-4c0f-a5a3-ac4e8d05dddc,2020,30
ef68ad4e-be56-4c0f-a5a3-ac4e8d05dddc,2021,10
ef68ad4e-be56-4c0f-a5a3-ac4e8d05dddc,2022,35
ef68ad4e-be56-4c0f-a5a3-ac4e8d05dddc,2023,30
ef68ad4e-be56-4c0f-a5a3-ac4e8d05dddc,2024,30
ef95e00c-abee-4383-a5a9-404048161c22,2020,0
ef95e00c-abee-4383-a5a9-404048161c22,2022,20
ef95e00c-abee-4383-a5a9-404048161c22,2023,25
ef95e00c-abee-4383-a5a9-404048161c22,2024,20
efc67abc-0060-429b-a84d-4e7d3fad765d,2023,60
efd262a6-6e67-4530-af3f-e39978f952eb,2022,25
eff7d6fc-5690-49af-a6f3-d95d6cf04101,2020,10
eff7d6fc-5690-49af-a6f3-d95d6cf04101,2024,5
f0033f64-59d1-4a52-9eeb-e7af0b7b5e6b,2020,30
f0033f64-59d1-4a52-9eeb-e7af0b7b5e6b,2021,5
f0033f64-59d1-4a52-9eeb-e7af0b7b5e6b,2022,0
f0033f64-59d1-4a52-9eeb-e7af0b7b5e6b,2023,30
f0033f64-59d1-4a52-9eeb-e7af0b7b5e6b,2024,10
f004b02a-98bb-4395-8274-cecc6a6781ed,2021,5
f01ae26f-9e01-483b-90e6-4d3ce00540a5,2021,10
f01ae26f-9e01-483b-90e6-4d3ce00540a5,2023,5
f01ae26f-9e01-483b-90e6-4d3ce00540a5,2024,120
f03d6877-22e2-4aee-b631-fe32a2af9d88,2020,15
f03d6877-22e2-4aee-b631-fe32a2af9d88,2023,15
f03d6877-22e2-4aee-b631-fe32a2af9d88,2024,30
f0cfcf01-4375-4a3d-8645-b0df587fe4f5,2020,20
f0cfcf01-4375-4a3d-8645-b0df587fe4f5,2021,30
f0cfcf01-4375-4a3d-8645-b0df587fe4f5,2022,50
f0cfcf01-4375-4a3d-8645-b0df587fe4f5,2023,45
f0cfcf01-4375-4a3d-8645-b0df587fe4f5,2024,285
f0e45276-3c61-4440-a362-35b0b0d18fb5,2021,10
f0e45276-3c61-4440-a362-35b0b0d18fb5,2022,5
f0e45276-3c61-4440-a362-35b0b0d18fb5,2023,5
f0e45276-3c61-4440-a362-35b0b0d18fb5,2024,15
f10bd5e1-57b6-4e4e-a47c-12b14fbaac05,2020,45
f10bd5e1-57b6-4e4e-a47c-12b14fbaac05,2021,30
f10bd5e1-57b6-4e4e-a47c-12b14fbaac05,2022,20
f10bd5e1-57b6-4e4e-a47c-12b14fbaac05,2023,35
f10bd5e1-57b6-4e4e-a47c-12b14fbaac05,2024,25
f10dc22f-188f-4fbd-bbaf-536cb8a156a4,2020,20
f10dc22f-188f-4fbd-bbaf-536cb8a156a4,2021,5
f10dc22f-188f-4fbd-bbaf-536cb8a156a4,2023,0
f118f4c8-a3b2-48d9-86be-a63a078dbef0,2020,15
f118f4c8-a3b2-48d9-86be-a63a078dbef0,2021,10
f118f4c8-a3b2-48d9-86be-a63a078dbef0,2022,20
f118f4c8-a3b2-48d9-86be-a63a078dbef0,2023,40
f118f4c8-a3b2-48d9-86be-a63a078dbef0,2024,15
f166f9ba-565f-45e4-a38e-e17718ef70d3,2020,15
f166f9ba-565f-45e4-a38e-e17718ef70d3,2021,5
f166f9ba-565f-45e4-a38e-e17718ef70d3,2022,35
f166f9ba-565f-45e4-a38e-e17718ef70d3,2024,35
f1d13546-6e75-4b9c-a535-f0bbfc094257,2023,10
f2296ad5-de57-450e-b5dc-4532ee3e6445,2020,5
f2296ad5-de57-450e-b5dc-4532ee3e6445,2023,10
f24f607e-f2cb-47b5-bdc2-62bf1bab5236,2021,15
f24f607e-f2cb-47b5-bdc2-62bf1bab5236,2023,25
f257601c-72a9-4b88-a558-b624c21030f4,2022,25
f257601c-72a9-4b88-a558-b624c21030f4,2023,55
f257601c-72a9-4b88-a558-b624c21030f4,2024,5
f2779c18-6877-4b3f-9337-bd0f28a2db5f,2023,5
f2779c18-6877-4b3f-9337-bd0f28a2db5f,2024,5
f2fe9fe4-6780-45f0-8985-c500f5b65244,2022,5
f2fe9fe4-6780-45f0-8985-c500f5b65244,2023,35
f30351d7-aafa-4315-9814-6b9785f5b988,2024,5
f319091c-a7d2-4832-8643-7ec60eb7812e,2020,30
f319091c-a7d2-4832-8643-7ec60eb7812e,2022,5
f319091c-a7d2-4832-8643-7ec60eb7812e,2024,215
f320d069-44e8-4cea-b464-b5cd3cef0cbf,2020,30
f320d069-44e8-4cea-b464-b5cd3cef0cbf,2022,5
f320d069-44e8-4cea-b464-b5cd3cef0cbf,2023,70
f320d069-44e8-4cea-b464-b5cd3cef0cbf,2024,75
f3481679-5bbc-4011-8320-9b4462d4c617,2020,15
f3481679-5bbc-4011-8320-9b4462d4c617,2022,25
f3481679-5bbc-4011-8320-9b4462d4c617,2023,0
f3588833-5102-4e92-8174-ee7843fe155e,2020,45
f3588833-5102-4e92-8174-ee7843fe155e,2022,15
f3588833-5102-4e92-8174-ee7843fe155e,2024,20
f37fb40c-00e7-410b-88a7-820ea61bb9a4,2022,10
f37fb40c-00e7-410b-88a7-820ea61bb9a4,2024,0
f39f1e87-0cab-43f9-bc6e-8602820b0fdc,2020,25
f39f1e87-0cab-43f9-bc6e-8602820b0fdc,2022,15
f39f1e87-0cab-43f9-bc6e-8602820b0fdc,2024,15
f3dd9ee4-e253-451f-bd7e-07daa195f67c,2020,5
f3dd9ee4-e253-451f-bd7e-07daa195f67c,2022,25
f3dd9ee4-e253-451f-bd7e-07daa195f67c,2023,20
f3e747f4-7641-4e5f-91e5-635ac466d822,2023,40
f3e86e12-b6be-48ec-9fd5-fada1ca8a921,2024,0
f40ee633-dd4f-4041-8a1c-e01265f5ebc4,2020,0
f467c03c-2fe0-49b9-bf21-4ca08269260b,2020,5
f467c03c-2fe0-49b9-bf21-4ca08269260b,2021,15
f467c03c-2fe0-49b9-bf21-4ca08269260b,2022,5
f467c03c-2fe0-49b9-bf21-4ca08269260b,2023,15
f468793f-89ec-4284-8e13-bfd724c91155,2020,0
f46b5001-d625-4000-814b-451054d48b5d,2020,5
f47dcab0-ff4c-44e4-b0d8-b9be26b320b7,2020,40
f47dcab0-ff4c-44e4-b0d8-b9be26b320b7,2021,10
f47dcab0-ff4c-44e4-b0d8-b9be26b320b7,2023,10
f47dcab0-ff4c-44e4-b0d8-b9be26b320b7,2024,35
f4daf535-b554-49b1-a655-62a5418f1df1,2024,0
f4f31747-8e26-48be-a2a3-1641a50181d4,2023,10
f50d0763-1627-4bb9-b464-e89bcbd4c883,2021,0
f5364a22-9cae-4742-b936-b165a22f6136,2020,25
f5364a22-9cae-4742-b936-b165a22f6136,2021,25
f5364a22-9cae-4742-b936-b165a22f6136,2022,30
f5364a22-9cae-4742-b936-b165a22f6136,2023,20
f5364a22-9cae-4742-b936-b165a22f6136,2024,50
f5448b2d-fecd-4ea3-9811-b90d3a91d5fb,2023,0
f56d36c4-deb2-4c03-95cb-e8f960494e01,2023,35
f5761898-7182-43e4-8b33-e4a58976a74b,2023,5
f58b7264-d65b-4e38-abf2-756475eef2d0,2020,30
f58b7264-d65b-4e38-abf2-756475eef2d0,2022,15
f58b7264-d65b-4e38-abf2-756475eef2d0,2023,25
f594a258-7e09-4d94-95f5-271d91d18925,2024,5
f595bad3-6ad6-4ab0-bced-96e5432a74ff,2021,25
f595bad3-6ad6-4ab0-bced-96e5432a74ff,2022,0
f5bf2174-96e2-4fc4-8aae-2e7bf077f4fb,2021,0
f5f7369a-9a88-49ab-a4cf-e173fe89c5ae,2020,15
f5f7369a-9a88-49ab-a4cf-e173fe89c5ae,2021,15
f5f7369a-9a88-49ab-a4cf-e173fe89c5ae,2022,15
f5f7369a-9a88-49ab-a4cf-e173fe89c5ae,2023,45
f5f7369a-9a88-49ab-a4cf-e173fe89c5ae,2024,25
f6295790-6a40-4663-afdd-5a7e091db45d,2020,15
f6295790-6a40-4663-afdd-5a7e091db45d,2023,5
f6295790-6a40-4663-afdd-5a7e091db45d,2024,15
f630c6de-ebde-48cf-858a-edbd06a9a72e,2023,25
f6550840-0f25-4c98-92bb-9234c062ebd4,2020,0
f6550840-0f25-4c98-92bb-9234c062ebd4,2024,5
f65a73fd-2735-4e87-856f-53cb968a077a,2024,20
f67a8f6f-06c1-4f48-ad02-701ba8a51d25,2020,5
f67a8f6f-06c1-4f48-ad02-701ba8a51d25,2022,15
f67a8f6f-06c1-4f48-ad02-701ba8a51d25,2023,10
f68302e8-25f1-45c9-9f37-93ae9add4666,2022,30
f72218a5-ca77-4298-8f8e-268e67d30340,2022,15
f77447f6-27d3-4952-816c-e2bd082ef77f,2024,200
f7899123-073c-496f-aba8-e995eb08c5e7,2020,15
f79faf28-25fb-4146-96bb-629d0b6ce13a,2020,30
f79faf28-25fb-4146-96bb-629d0b6ce13a,2022,15
f79faf28-25fb-4146-96bb-629d0b6ce13a,2023,35
f79faf28-25fb-4146-96bb-629d0b6ce13a,2024,30
f7ea0015-03c9-483e-aca9-2eaf1c4c71ef,2020,5
f8177233-1dfd-4ed5-b1e2-efed0c89cf44,2022,15
f8177233-1dfd-4ed5-b1e2-efed0c89cf44,2023,10
f8177233-1dfd-4ed5-b1e2-efed0c89cf44,2024,0
f85acfcf-e279-402d-9cf4-eca68f544f34,2022,0
f85acfcf-e279-402d-9cf4-eca68f544f34,2024,15
f88f1ab6-52d8-4bdc-a52e-6290a79fbd12,2020,30
f88f1ab6-52d8-4bdc-a52e-6290a79fbd12,2021,45
f88f1ab6-52d8-4bdc-a52e-6290a79fbd12,2023,75
f88f1ab6-52d8-4bdc-a52e-6290a79fbd12,2024,10
f8a17340-0d29-4ad4-895e-0a6b3bb19069,2020,40
f8a17340-0d29-4ad4-895e-0a6b3bb19069,2021,15
f8a17340-0d29-4ad4-895e-0a6b3bb19069,2022,15
f8a17340-0d29-4ad4-895e-0a6b3bb19069,2023,45
f8ca6384-7b9d-4d6a-b5c6-1aa64d598faa,2020,20
f8ca6384-7b9d-4d6a-b5c6-1aa64d598faa,2023,30
f8eb7514-5079-4d66-93f5-ef4e796ace50,2020,25
f8eb7514-5079-4d66-93f5-ef4e796ace50,2023,45
f91c7e1a-5179-41b8-88ef-d8d0189cb8e0,2020,5
f91c7e1a-5179-41b8-88ef-d8d0189cb8e0,2023,0
f98ed7ca-9f17-448c-bd0c-60684cc6a6e9,2024,10
f9f75545-3562-42e3-846e-e7e2f1a976d4,2020,10
f9f75545-3562-42e3-846e-e7e2f1a976d4,2022,20
f9f75545-3562-42e3-846e-e7e2f1a976d4,2023,0
f9f9c412-c797-4c5e-be1e-fd3fcf2aacf4,2021,5
f9fdbd7f-5e66-4843-9cc1-6dc4a143020d,2022,70
f9fdbd7f-5e66-4843-9cc1-6dc4a143020d,2023,240
f9fdbd7f-5e66-4843-9cc1-6dc4a143020d,2024,145
fa232014-f477-4046-8658-13522028a7f1,2020,10
fa232014-f477-4046-8658-13522028a7f1,2022,20
fa232014-f477-4046-8658-13522028a7f1,2024,15
fa3bfa9c-1d79-4fc8-9cb1-a3c261846c2e,2020,25
fa3bfa9c-1d79-4fc8-9cb1-a3c261846c2e,2021,5
fa3bfa9c-1d79-4fc8-9cb1-a3c261846c2e,2022,0
fa3bfa9c-1d79-4fc8-9cb1-a3c261846c2e,2024,25
fa4255f4-c43a-4f66-98a5-554e674e43cf,2022,10
fa4255f4-c43a-4f66-98a5-554e674e43cf,2023,30
fa44cec2-ee38-4332-916c-5e61ea9763e4,2020,45
fad7e5de-c850-4267-84d7-ed3fda7571db,2023,10
faf0feb0-d1a2-494f-a081-ec0af1299462,2020,15
faf0feb0-d1a2-494f-a081-ec0af1299462,2022,20
faf0feb0-d1a2-494f-a081-ec0af1299462,2023,5
faf0feb0-d1a2-494f-a081-ec0af1299462,2024,15
faf8c89e-e8d8-433d-8dcd-0a3004b026d9,2024,0
fb351c28-4cdd-4095-ae83-7f7338df98f2,2022,15
fb351c28-4cdd-4095-ae83-7f7338df98f2,2023,40
fb97b8e9-4916-4d37-8856-6e8141ff1c40,2023,5
fbc15be4-a244-457e-aec1-3b1f361dc0c8,2022,0
fbe46877-8bec-41b1-93bc-e55b5bc9ef75,2023,20
fc70f130-558c-44b2-a4da-d2daaf8027b8,2022,155
fc70f130-558c-44b2-a4da-d2daaf8027b8,2023,10
fc877825-d175-4ad8-b8a8-30dd15bc1e4f,2023,25
fce3d25b-6cf1-47ae-a065-edc15a1122c3,2020,45
fce3d25b-6cf1-47ae-a065-edc15a1122c3,2021,30
fce3d25b-6cf1-47ae-a065-edc15a1122c3,2022,40
fce3d25b-6cf1-47ae-a065-edc15a1122c3,2023,30
fcfcb01f-7e84-4f9d-8158-588a68d481e9,2021,15
fcfcb01f-7e84-4f9d-8158-588a68d481e9,2022,15
fd35808d-2875-46d8-9a1b-3629b021ff77,2020,20
fd35808d-2875-46d8-9a1b-3629b021ff77,2023,35
fd378a2b-f1b8-49e0-88b9-021c45beb43a,2022,10
fd378a2b-f1b8-49e0-88b9-021c45beb43a,2023,30
fd378a2b-f1b8-49e0-88b9-021c45beb43a,2024,35
fd3f97e6-edb5-4c2a-9c0d-27ca3a80fcac,2020,20
fd3f97e6-edb5-4c2a-9c0d-27ca3a80fcac,2023,35
fd3f97e6-edb5-4c2a-9c0d-27ca3a80fcac,2024,25
fd40a913-d972-4b58-a6c2-6c7052e649aa,2020,25
fd4c85a7-cc96-46e7-9777-17b10a52d6e3,2021,0
fd4c85a7-cc96-46e7-9777-17b10a52d6e3,2024,10
fd6d0bc2-b3d8-45b4-9bbb-5f781b140265,2020,15
fd6d0bc2-b3d8-45b4-9bbb-5f781b140265,2021,30
fd6d0bc2-b3d8-45b4-9bbb-5f781b140265,2022,30
fd6d0bc2-b3d8-45b4-9bbb-5f781b140265,2023,20
fd6d0bc2-b3d8-45b4-9bbb-5f781b140265,2024,5
fd6ea176-a484-4469-bfab-b5fb9bb95282,2021,5
fd6ea176-a484-4469-bfab-b5fb9bb95282,2022,0
fd77f4ac-8d88-4fa4-b41e-ad5ec8b7f29a,2023,25
fd7f08f7-4639-436e-95bc-e8d60c314354,2020,5
fd7f08f7-4639-436e-95bc-e8d60c314354,2023,25
fd8a0f72-b6ac-4c6b-9e2d-6aa0613d7ec1,2020,20
fd8a0f72-b6ac-4c6b-9e2d-6aa0613d7ec1,2022,0
fd8a0f72-b6ac-4c6b-9e2d-6aa0613d7ec1,2023,5
fd8a0f72-b6ac-4c6b-9e2d-6aa0613d7ec1,2024,40
fda2e58f-da3d-433f-bac1-ae3f8d743620,2021,25
fda2e58f-da3d-433f-bac1-ae3f8d743620,2022,20
fdcfda06-04e1-4f83-9451-ae5355265932,2020,45
fdcfda06-04e1-4f83-9451-ae5355265932,2021,10
fdcfda06-04e1-4f83-9451-ae5355265932,2022,10
fde05275-cfe9-4167-88a8-7f32ae959d25,2020,0
fde05275-cfe9-4167-88a8-7f32ae959d25,2024,225
fde88439-045a-46b4-a6f5-8053df1da4b4,2022,25
fde88439-045a-46b4-a6f5-8053df1da4b4,2023,20
fe26701a-aff6-4ca9-9fe0-245912a6146b,2023,0
fe777533-ee34-4c3a-b380-6262d5c51441,2020,0
fe777533-ee34-4c3a-b380-6262d5c51441,2024,5
feb22610-dc34-4127-bcc7-0eb2d142184e,2020,70
fed896e5-6adb-4a3f-90b2-715514b18d73,2020,60
fed896e5-6adb-4a3f-90b2-715514b18d73,2023,25
fedd1626-93f9-4e11-84ef-27b7c4c20868,2023,25
fedd1626-93f9-4e11-84ef-27b7c4c20868,2024,5
ff41184d-6595-46aa-b540-382dcafcc862,2021,0
ff41184d-6595-46aa-b540-382dcafcc862,2023,20
ff538f53-911b-4dfb-98b8-c8eeab050434,2020,25
ff538f53-911b-4dfb-98b8-c8eeab050434,2021,10
ff538f53-911b-4dfb-98b8-c8eeab050434,2023,10
ff768745-6500-4ab3-9a41-af8863afcd08,2021,25
ff9a3379-01ec-4b01-8c3f-9b3f21618c12,2020,30
ff9a3379-01ec-4b01-8c3f-9b3f21618c12,2022,5
ff9a3379-01ec-4b01-8c3f-9b3f21618c12,2023,80
ffc0a0f2-dc2f-4842-badf-baceafad9f12,2020,10
ffc0a0f2-dc2f-4842-badf-baceafad9f12,2022,20
ffc0a0f2-dc2f-4842-badf-baceafad9f12,2023,0
ffc0a0f2-dc2f-4842-badf-baceafad9f12,2024,20
ffc5bffd-d702-4f76-96ba-8d8a470a5b31,2020,0
ffc5bffd-d702-4f76-96ba-8d8a470a5b31,2022,5
ffc5bffd-d702-4f76-96ba-8d8a470a5b31,2024,20
ffc6c030-1bdb-416d-a8ba-1bc7b64d7624,2020,25
ffc6c030-1bdb-416d-a8ba-1bc7b64d7624,2022,50
ffc6c030-1bdb-416d-a8ba-1bc7b64d7624,2023,40
