{
  "0": {
    "precision": 0.90956749672346,
    "recall": 0.9101639344262296,
    "f1-score": 0.9098656178302196,
    "support": 1525.0
  },
  "1": {
    "precision": 0.7200272479564033,
    "recall": 0.7983383685800605,
    "f1-score": 0.7571633237822349,
    "support": 1324.0
  },
  "2": {
    "precision": 0.8534704370179949,
    "recall": 0.8058252427184466,
    "f1-score": 0.8289637952559301,
    "support": 412.0
  },
  "3": {
    "precision": 0.8047722342733189,
    "recall": 0.6363636363636364,
    "f1-score": 0.710727969348659,
    "support": 583.0
  },
  "accuracy": 0.8189386056191468,
  "macro avg": {
    "precision": 0.8219593539927943,
    "recall": 0.7876727955220932,
    "f1-score": 0.8016801765542608,
    "support": 3844.0
  },
  "weighted avg": {
    "precision": 0.8223773520890514,
    "recall": 0.8189386056191468,
    "f1-score": 0.8183966695250977,
    "support": 3844.0
  }
}