{
  "0": {
    "precision": 0.9023591087811271,
    "recall": 0.9029508196721312,
    "f1-score": 0.9026548672566371,
    "support": 1525.0
  },
  "1": {
    "precision": 0.7171929824561404,
    "recall": 0.7719033232628398,
    "f1-score": 0.7435431065842124,
    "support": 1324.0
  },
  "2": {
    "precision": 0.8256658595641646,
    "recall": 0.8276699029126213,
    "f1-score": 0.8266666666666667,
    "support": 412.0
  },
  "3": {
    "precision": 0.7875,
    "recall": 0.6483704974271012,
    "f1-score": 0.7111947318908749,
    "support": 583.0
  },
  "accuracy": 0.8111342351716961,
  "macro avg": {
    "precision": 0.8081794877003581,
    "recall": 0.7877236358186734,
    "f1-score": 0.7960148430995978,
    "support": 3844.0
  },
  "weighted avg": {
    "precision": 0.8129417231538981,
    "recall": 0.8111342351716961,
    "f1-score": 0.8106693395012786,
    "support": 3844.0
  }
}