{
  "0": {
    "precision": 0.9030982201713909,
    "recall": 0.898360655737705,
    "f1-score": 0.9007232084155161,
    "support": 1525.0
  },
  "1": {
    "precision": 0.7176966292134831,
    "recall": 0.7719033232628398,
    "f1-score": 0.7438136826783115,
    "support": 1324.0
  },
  "2": {
    "precision": 0.8233890214797136,
    "recall": 0.837378640776699,
    "f1-score": 0.8303249097472925,
    "support": 412.0
  },
  "3": {
    "precision": 0.7892561983471075,
    "recall": 0.6552315608919382,
    "f1-score": 0.7160262417994376,
    "support": 583.0
  },
  "accuracy": 0.8113943808532779,
  "macro avg": {
    "precision": 0.8083600173029238,
    "recall": 0.7907185451672956,
    "f1-score": 0.7977220106601395,
    "support": 3844.0
  },
  "weighted avg": {
    "precision": 0.8134307396789876,
    "recall": 0.8113943808532779,
    "f1-score": 0.8111210641219311,
    "support": 3844.0
  }
}