{
  "0": {
    "precision": 0.8950617283950617,
    "recall": 0.8964451313755796,
    "f1-score": 0.8957528957528957,
    "support": 647.0
  },
  "1": {
    "precision": 0.6774691358024691,
    "recall": 0.7232289950576606,
    "f1-score": 0.699601593625498,
    "support": 607.0
  },
  "2": {
    "precision": 0.8119266055045872,
    "recall": 0.8232558139534883,
    "f1-score": 0.8175519630484989,
    "support": 215.0
  },
  "3": {
    "precision": 0.7837078651685393,
    "recall": 0.6957605985037406,
    "f1-score": 0.7371202113606341,
    "support": 401.0
  },
  "accuracy": 0.7887700534759359,
  "macro avg": {
    "precision": 0.7920413337176643,
    "recall": 0.7846726347226173,
    "f1-score": 0.7875066659468817,
    "support": 1870.0
  },
  "weighted avg": {
    "precision": 0.7909945335934622,
    "recall": 0.7887700534759359,
    "f1-score": 0.7890744212266537,
    "support": 1870.0
  }
}