{
  "0": {
    "precision": 0.8776758409785933,
    "recall": 0.8871715610510046,
    "f1-score": 0.8823981552651806,
    "support": 647.0
  },
  "1": {
    "precision": 0.6714743589743589,
    "recall": 0.6902800658978583,
    "f1-score": 0.6807473598700243,
    "support": 607.0
  },
  "2": {
    "precision": 0.7962962962962963,
    "recall": 0.8,
    "f1-score": 0.7981438515081206,
    "support": 215.0
  },
  "3": {
    "precision": 0.7606382978723404,
    "recall": 0.713216957605985,
    "f1-score": 0.7361647361647362,
    "support": 401.0
  },
  "accuracy": 0.7759358288770053,
  "macro avg": {
    "precision": 0.7765211985303972,
    "recall": 0.772667146138712,
    "f1-score": 0.7743635257020155,
    "support": 1870.0
  },
  "weighted avg": {
    "precision": 0.7762892332412288,
    "recall": 0.7759358288770053,
    "f1-score": 0.7758974551732523,
    "support": 1870.0
  }
}