{
  "0": {
    "precision": 0.8894009216589862,
    "recall": 0.8948995363214838,
    "f1-score": 0.8921417565485362,
    "support": 647.0
  },
  "1": {
    "precision": 0.6765163297045101,
    "recall": 0.7166392092257001,
    "f1-score": 0.696,
    "support": 607.0
  },
  "2": {
    "precision": 0.8060344827586207,
    "recall": 0.8697674418604651,
    "f1-score": 0.8366890380313199,
    "support": 215.0
  },
  "3": {
    "precision": 0.7965116279069767,
    "recall": 0.683291770573566,
    "f1-score": 0.7355704697986577,
    "support": 401.0
  },
  "accuracy": 0.7887700534759359,
  "macro avg": {
    "precision": 0.7921158405072735,
    "recall": 0.7911494894953037,
    "f1-score": 0.7901003160946285,
    "support": 1870.0
  },
  "weighted avg": {
    "precision": 0.7907948583036378,
    "recall": 0.7887700534759359,
    "f1-score": 0.7885238599213361,
    "support": 1870.0
  }
}