{
  "0": {
    "precision": 0.9108956602031394,
    "recall": 0.9013248058474189,
    "f1-score": 0.9060849598163031,
    "support": 2189.0
  },
  "1": {
    "precision": 0.7240179015415217,
    "recall": 0.7917346383904296,
    "f1-score": 0.7563636363636363,
    "support": 1839.0
  },
  "2": {
    "precision": 0.848421052631579,
    "recall": 0.7794970986460348,
    "f1-score": 0.8125,
    "support": 517.0
  },
  "3": {
    "precision": 0.7797356828193832,
    "recall": 0.6738578680203046,
    "f1-score": 0.7229407760381211,
    "support": 788.0
  },
  "accuracy": 0.8181136321020064,
  "macro avg": {
    "precision": 0.8157675742989058,
    "recall": 0.786603602726047,
    "f1-score": 0.7994723430545152,
    "support": 5333.0
  },
  "weighted avg": {
    "precision": 0.821017236713244,
    "recall": 0.8181136321020064,
    "f1-score": 0.8183222456082231,
    "support": 5333.0
  }
}