{
  "0": {
    "precision": 0.9099276791584484,
    "recall": 0.9075409836065573,
    "f1-score": 0.9087327642810243,
    "support": 1525.0
  },
  "1": {
    "precision": 0.7280575539568346,
    "recall": 0.7643504531722054,
    "f1-score": 0.7457627118644068,
    "support": 1324.0
  },
  "2": {
    "precision": 0.8229665071770335,
    "recall": 0.8349514563106796,
    "f1-score": 0.8289156626506025,
    "support": 412.0
  },
  "3": {
    "precision": 0.7650485436893204,
    "recall": 0.6758147512864494,
    "f1-score": 0.7176684881602914,
    "support": 583.0
  },
  "accuracy": 0.8152965660770031,
  "macro avg": {
    "precision": 0.8065000709954092,
    "recall": 0.7956644110939729,
    "f1-score": 0.8002699067390813,
    "support": 3844.0
  },
  "weighted avg": {
    "precision": 0.8159920432058517,
    "recall": 0.8152965660770031,
    "f1-score": 0.8150679702514397,
    "support": 3844.0
  }
}