{
  "0": {
    "precision": 0.9088489687292083,
    "recall": 0.8957377049180328,
    "f1-score": 0.9022457067371202,
    "support": 1525.0
  },
  "1": {
    "precision": 0.7183499288762447,
    "recall": 0.7628398791540786,
    "f1-score": 0.73992673992674,
    "support": 1324.0
  },
  "2": {
    "precision": 0.8175355450236966,
    "recall": 0.837378640776699,
    "f1-score": 0.8273381294964028,
    "support": 412.0
  },
  "3": {
    "precision": 0.7641325536062378,
    "recall": 0.6723842195540308,
    "f1-score": 0.7153284671532847,
    "support": 583.0
  },
  "accuracy": 0.8098335067637877,
  "macro avg": {
    "precision": 0.8022167490588469,
    "recall": 0.7920851111007103,
    "f1-score": 0.7962097608283869,
    "support": 3844.0
  },
  "weighted avg": {
    "precision": 0.8114994553710693,
    "recall": 0.8098335067637877,
    "f1-score": 0.809960330941726,
    "support": 3844.0
  }
}