{
  "0": {
    "precision": 0.8880368098159509,
    "recall": 0.8948995363214838,
    "f1-score": 0.8914549653579676,
    "support": 647.0
  },
  "1": {
    "precision": 0.6745283018867925,
    "recall": 0.7067545304777595,
    "f1-score": 0.6902654867256637,
    "support": 607.0
  },
  "2": {
    "precision": 0.8088888888888889,
    "recall": 0.8465116279069768,
    "f1-score": 0.8272727272727273,
    "support": 215.0
  },
  "3": {
    "precision": 0.7787114845938375,
    "recall": 0.6932668329177057,
    "f1-score": 0.7335092348284961,
    "support": 401.0
  },
  "accuracy": 0.7850267379679144,
  "macro avg": {
    "precision": 0.7875413712963674,
    "recall": 0.7853581319059815,
    "f1-score": 0.7856256035462136,
    "support": 1870.0
  },
  "weighted avg": {
    "precision": 0.7861887227964937,
    "recall": 0.7850267379679144,
    "f1-score": 0.7849001885341959,
    "support": 1870.0
  }
}