{
  "0": {
    "precision": 0.9147920927062031,
    "recall": 0.88,
    "f1-score": 0.8970588235294118,
    "support": 1525.0
  },
  "1": {
    "precision": 0.7344236760124611,
    "recall": 0.7122356495468278,
    "f1-score": 0.723159509202454,
    "support": 1324.0
  },
  "2": {
    "precision": 0.7665289256198347,
    "recall": 0.9004854368932039,
    "f1-score": 0.828125,
    "support": 412.0
  },
  "3": {
    "precision": 0.7175697865353038,
    "recall": 0.7495711835334476,
    "f1-score": 0.7332214765100671,
    "support": 583.0
  },
  "accuracy": 0.804630593132154,
  "macro avg": {
    "precision": 0.7833286202184506,
    "recall": 0.8105730674933699,
    "f1-score": 0.7953912023104832,
    "support": 3844.0
  },
  "weighted avg": {
    "precision": 0.8068647219882705,
    "recall": 0.804630593132154,
    "f1-score": 0.8049254726513452,
    "support": 3844.0
  }
}