{
  "0": {
    "precision": 0.9089709762532981,
    "recall": 0.9036065573770492,
    "f1-score": 0.906280828674778,
    "support": 1525.0
  },
  "1": {
    "precision": 0.7203690560681334,
    "recall": 0.7666163141993958,
    "f1-score": 0.7427735089645079,
    "support": 1324.0
  },
  "2": {
    "precision": 0.8126463700234192,
    "recall": 0.8422330097087378,
    "f1-score": 0.8271752085816448,
    "support": 412.0
  },
  "3": {
    "precision": 0.7764227642276422,
    "recall": 0.6552315608919382,
    "f1-score": 0.7106976744186047,
    "support": 583.0
  },
  "accuracy": 0.8121748178980229,
  "macro avg": {
    "precision": 0.8046022916431232,
    "recall": 0.7919218605442803,
    "f1-score": 0.7967318051598838,
    "support": 3844.0
  },
  "weighted avg": {
    "precision": 0.8135832843430937,
    "recall": 0.8121748178980229,
    "f1-score": 0.8118218833818235,
    "support": 3844.0
  }
}