{
  "0": {
    "precision": 0.9402214022140222,
    "recall": 0.8354098360655737,
    "f1-score": 0.8847222222222222,
    "support": 1525.0
  },
  "1": {
    "precision": 0.7195421095666394,
    "recall": 0.6646525679758308,
    "f1-score": 0.6910090302316451,
    "support": 1324.0
  },
  "2": {
    "precision": 0.6759098786828422,
    "recall": 0.9466019417475728,
    "f1-score": 0.788675429726997,
    "support": 412.0
  },
  "3": {
    "precision": 0.6719883889695211,
    "recall": 0.7941680960548885,
    "f1-score": 0.7279874213836478,
    "support": 583.0
  },
  "accuracy": 0.782258064516129,
  "macro avg": {
    "precision": 0.7519154448582563,
    "recall": 0.8102081104609664,
    "f1-score": 0.773098525891128,
    "support": 3844.0
  },
  "weighted avg": {
    "precision": 0.7952017409545205,
    "recall": 0.782258064516129,
    "f1-score": 0.7839355589567577,
    "support": 3844.0
  }
}