{
  "0": {
    "precision": 0.908612754766601,
    "recall": 0.9062295081967213,
    "f1-score": 0.9074195666447801,
    "support": 1525.0
  },
  "1": {
    "precision": 0.7161422708618331,
    "recall": 0.790785498489426,
    "f1-score": 0.7516152189519024,
    "support": 1324.0
  },
  "2": {
    "precision": 0.8430379746835444,
    "recall": 0.808252427184466,
    "f1-score": 0.8252788104089219,
    "support": 412.0
  },
  "3": {
    "precision": 0.7939914163090128,
    "recall": 0.6346483704974271,
    "f1-score": 0.7054337464251669,
    "support": 583.0
  },
  "accuracy": 0.8147762747138397,
  "macro avg": {
    "precision": 0.8154461041552478,
    "recall": 0.78497895109201,
    "f1-score": 0.7974368356076927,
    "support": 3844.0
  },
  "weighted avg": {
    "precision": 0.8179072473771875,
    "recall": 0.8147762747138397,
    "f1-score": 0.8143174123517057,
    "support": 3844.0
  }
}