{
  "0": {
    "precision": 0.9061679790026247,
    "recall": 0.9055737704918033,
    "f1-score": 0.9058707773040341,
    "support": 1525.0
  },
  "1": {
    "precision": 0.7280575539568346,
    "recall": 0.7643504531722054,
    "f1-score": 0.7457627118644068,
    "support": 1324.0
  },
  "2": {
    "precision": 0.8175355450236966,
    "recall": 0.837378640776699,
    "f1-score": 0.8273381294964028,
    "support": 412.0
  },
  "3": {
    "precision": 0.7775590551181102,
    "recall": 0.6775300171526587,
    "f1-score": 0.7241063244729606,
    "support": 583.0
  },
  "accuracy": 0.8150364203954215,
  "macro avg": {
    "precision": 0.8073300332753165,
    "recall": 0.7962082203983416,
    "f1-score": 0.800769485784451,
    "support": 3844.0
  },
  "weighted avg": {
    "precision": 0.815815802055534,
    "recall": 0.8150364203954215,
    "f1-score": 0.8147398705560303,
    "support": 3844.0
  }
}