{
  "0": {
    "precision": 0.9129239230064161,
    "recall": 0.9100045682960256,
    "f1-score": 0.911461908030199,
    "support": 2189.0
  },
  "1": {
    "precision": 0.7358778625954199,
    "recall": 0.7862969004893964,
    "f1-score": 0.7602523659305994,
    "support": 1839.0
  },
  "2": {
    "precision": 0.825,
    "recall": 0.8297872340425532,
    "f1-score": 0.8273866923818708,
    "support": 517.0
  },
  "3": {
    "precision": 0.8018018018018018,
    "recall": 0.6776649746192893,
    "f1-score": 0.734525447042641,
    "support": 788.0
  },
  "accuracy": 0.8252390774423402,
  "macro avg": {
    "precision": 0.8189008968509095,
    "recall": 0.8009384193618161,
    "f1-score": 0.8084066033463275,
    "support": 5333.0
  },
  "weighted avg": {
    "precision": 0.8269294349510299,
    "recall": 0.8252390774423402,
    "f1-score": 0.825025162170543,
    "support": 5333.0
  }
}