{
  "0": {
    "precision": 0.9088507265521797,
    "recall": 0.9022950819672131,
    "f1-score": 0.9055610398157289,
    "support": 1525.0
  },
  "1": {
    "precision": 0.7235252309879175,
    "recall": 0.7688821752265861,
    "f1-score": 0.7455144635664591,
    "support": 1324.0
  },
  "2": {
    "precision": 0.8203309692671394,
    "recall": 0.8422330097087378,
    "f1-score": 0.8311377245508982,
    "support": 412.0
  },
  "3": {
    "precision": 0.776,
    "recall": 0.6655231560891939,
    "f1-score": 0.716528162511542,
    "support": 583.0
  },
  "accuracy": 0.8139958376690947,
  "macro avg": {
    "precision": 0.807176731701809,
    "recall": 0.7947333557479327,
    "f1-score": 0.7996853476111572,
    "support": 3844.0
  },
  "weighted avg": {
    "precision": 0.8153821860453013,
    "recall": 0.8139958376690947,
    "f1-score": 0.8137893852081627,
    "support": 3844.0
  }
}