{
  "0": {
    "precision": 0.916206261510129,
    "recall": 0.9090909090909091,
    "f1-score": 0.9126347168080715,
    "support": 2189.0
  },
  "1": {
    "precision": 0.738265306122449,
    "recall": 0.7868406742794998,
    "f1-score": 0.7617794156356936,
    "support": 1839.0
  },
  "2": {
    "precision": 0.8260038240917782,
    "recall": 0.8355899419729207,
    "f1-score": 0.8307692307692308,
    "support": 517.0
  },
  "3": {
    "precision": 0.7935103244837758,
    "recall": 0.682741116751269,
    "f1-score": 0.7339699863574352,
    "support": 788.0
  },
  "accuracy": 0.826364147759235,
  "macro avg": {
    "precision": 0.818496429052033,
    "recall": 0.8035656605236496,
    "f1-score": 0.8097883373926078,
    "support": 5333.0
  },
  "weighted avg": {
    "precision": 0.8279721577261431,
    "recall": 0.826364147759235,
    "f1-score": 0.8262789765618339,
    "support": 5333.0
  }
}