{
  "0": {
    "precision": 0.9138627187079408,
    "recall": 0.8904918032786885,
    "f1-score": 0.9020259050149452,
    "support": 1525.0
  },
  "1": {
    "precision": 0.6893890675241158,
    "recall": 0.8096676737160121,
    "f1-score": 0.7447030218825981,
    "support": 1324.0
  },
  "2": {
    "precision": 0.8451443569553806,
    "recall": 0.7815533980582524,
    "f1-score": 0.8121059268600253,
    "support": 412.0
  },
  "3": {
    "precision": 0.7914691943127962,
    "recall": 0.5728987993138936,
    "f1-score": 0.6646766169154229,
    "support": 583.0
  },
  "accuracy": 0.8028095733610822,
  "macro avg": {
    "precision": 0.8099663343750584,
    "recall": 0.7636529185917117,
    "f1-score": 0.7808778676682477,
    "support": 3844.0
  },
  "weighted avg": {
    "precision": 0.8106185709629334,
    "recall": 0.8028095733610822,
    "f1-score": 0.8022035420521263,
    "support": 3844.0
  }
}