{
  "0": {
    "precision": 0.9094514210178454,
    "recall": 0.9022950819672131,
    "f1-score": 0.9058591178406846,
    "support": 1525.0
  },
  "1": {
    "precision": 0.7241625089094796,
    "recall": 0.7673716012084593,
    "f1-score": 0.7451411807847451,
    "support": 1324.0
  },
  "2": {
    "precision": 0.8281622911694511,
    "recall": 0.8422330097087378,
    "f1-score": 0.8351383874849578,
    "support": 412.0
  },
  "3": {
    "precision": 0.7662082514734774,
    "recall": 0.6689536878216124,
    "f1-score": 0.7142857142857143,
    "support": 583.0
  },
  "accuracy": 0.8139958376690947,
  "macro avg": {
    "precision": 0.8069961181425633,
    "recall": 0.7952133451765055,
    "f1-score": 0.8001061000990255,
    "support": 3844.0
  },
  "weighted avg": {
    "precision": 0.8151942906917837,
    "recall": 0.8139958376690947,
    "f1-score": 0.8138677588809627,
    "support": 3844.0
  }
}