{
  "0": {
    "precision": 0.9197936210131332,
    "recall": 0.89584285061672,
    "f1-score": 0.9076602638278176,
    "support": 2189.0
  },
  "1": {
    "precision": 0.7733333333333333,
    "recall": 0.6623164763458401,
    "f1-score": 0.7135325131810193,
    "support": 1839.0
  },
  "2": {
    "precision": 0.7338461538461538,
    "recall": 0.9226305609284333,
    "f1-score": 0.8174807197943444,
    "support": 517.0
  },
  "3": {
    "precision": 0.6721311475409836,
    "recall": 0.8324873096446701,
    "f1-score": 0.7437641723356009,
    "support": 788.0
  },
  "accuracy": 0.8085505344084005,
  "macro avg": {
    "precision": 0.774776063933401,
    "recall": 0.8283192993839159,
    "f1-score": 0.7956094172846956,
    "support": 5333.0
  },
  "weighted avg": {
    "precision": 0.8146682996809498,
    "recall": 0.8085505344084005,
    "f1-score": 0.8077589179060783,
    "support": 5333.0
  }
}