{
  "0": {
    "precision": 0.9138248847926267,
    "recall": 0.9058931018730013,
    "f1-score": 0.9098417068134893,
    "support": 2189.0
  },
  "1": {
    "precision": 0.7287699433865157,
    "recall": 0.7699836867862969,
    "f1-score": 0.7488101533580116,
    "support": 1839.0
  },
  "2": {
    "precision": 0.8227360308285164,
    "recall": 0.8259187620889749,
    "f1-score": 0.8243243243243243,
    "support": 517.0
  },
  "3": {
    "precision": 0.7717546362339515,
    "recall": 0.6865482233502538,
    "f1-score": 0.7266621893888516,
    "support": 788.0
  },
  "accuracy": 0.8188636789799363,
  "macro avg": {
    "precision": 0.8092713738104026,
    "recall": 0.7970859435246318,
    "f1-score": 0.8024095934711692,
    "support": 5333.0
  },
  "weighted avg": {
    "precision": 0.8201889705587023,
    "recall": 0.8188636789799363,
    "f1-score": 0.8189557189488471,
    "support": 5333.0
  }
}