{
  "0": {
    "precision": 0.8982939632545932,
    "recall": 0.8977049180327868,
    "f1-score": 0.8979993440472286,
    "support": 1525.0
  },
  "1": {
    "precision": 0.7179305457122608,
    "recall": 0.7651057401812689,
    "f1-score": 0.7407678244972578,
    "support": 1324.0
  },
  "2": {
    "precision": 0.8391959798994975,
    "recall": 0.8106796116504854,
    "f1-score": 0.8246913580246914,
    "support": 412.0
  },
  "3": {
    "precision": 0.7651663405088063,
    "recall": 0.6706689536878216,
    "f1-score": 0.7148080438756855,
    "support": 583.0
  },
  "accuracy": 0.8082726326742976,
  "macro avg": {
    "precision": 0.8051467073437893,
    "recall": 0.7860398058880906,
    "f1-score": 0.7945666426112158,
    "support": 3844.0
  },
  "weighted avg": {
    "precision": 0.8096459564832245,
    "recall": 0.8082726326742976,
    "f1-score": 0.8082027909448726,
    "support": 3844.0
  }
}