{
  "0": {
    "precision": 0.8997378768020969,
    "recall": 0.900327868852459,
    "f1-score": 0.9000327761389708,
    "support": 1525.0
  },
  "1": {
    "precision": 0.714185393258427,
    "recall": 0.7681268882175226,
    "f1-score": 0.740174672489083,
    "support": 1324.0
  },
  "2": {
    "precision": 0.8132387706855791,
    "recall": 0.8349514563106796,
    "f1-score": 0.8239520958083832,
    "support": 412.0
  },
  "3": {
    "precision": 0.7940552016985138,
    "recall": 0.6415094339622641,
    "f1-score": 0.7096774193548387,
    "support": 583.0
  },
  "accuracy": 0.8085327783558793,
  "macro avg": {
    "precision": 0.8053043106111542,
    "recall": 0.7862289118357313,
    "f1-score": 0.793459240947819,
    "support": 3844.0
  },
  "weighted avg": {
    "precision": 0.8105281682908552,
    "recall": 0.8085327783558793,
    "f1-score": 0.8079478275089493,
    "support": 3844.0
  }
}