{
  "0": {
    "precision": 0.8953125,
    "recall": 0.8856259659969088,
    "f1-score": 0.8904428904428905,
    "support": 647.0
  },
  "1": {
    "precision": 0.6666666666666666,
    "recall": 0.7116968698517299,
    "f1-score": 0.6884462151394423,
    "support": 607.0
  },
  "2": {
    "precision": 0.8082191780821918,
    "recall": 0.8232558139534883,
    "f1-score": 0.815668202764977,
    "support": 215.0
  },
  "3": {
    "precision": 0.7741046831955923,
    "recall": 0.7007481296758105,
    "f1-score": 0.7356020942408377,
    "support": 401.0
  },
  "accuracy": 0.7823529411764706,
  "macro avg": {
    "precision": 0.7860757569861128,
    "recall": 0.7803316948694844,
    "f1-score": 0.7825398506470369,
    "support": 1870.0
  },
  "weighted avg": {
    "precision": 0.7850892809710003,
    "recall": 0.7823529411764706,
    "f1-score": 0.7830740674284693,
    "support": 1870.0
  }
}