{
  "0": {
    "precision": 0.9132450331125828,
    "recall": 0.9042622950819672,
    "f1-score": 0.9087314662273476,
    "support": 1525.0
  },
  "1": {
    "precision": 0.719225449515906,
    "recall": 0.7854984894259819,
    "f1-score": 0.7509025270758123,
    "support": 1324.0
  },
  "2": {
    "precision": 0.843520782396088,
    "recall": 0.837378640776699,
    "f1-score": 0.8404384896467723,
    "support": 412.0
  },
  "3": {
    "precision": 0.7807933194154488,
    "recall": 0.6415094339622641,
    "f1-score": 0.704331450094162,
    "support": 583.0
  },
  "accuracy": 0.8163371488033299,
  "macro avg": {
    "precision": 0.8141961461100065,
    "recall": 0.792162214811728,
    "f1-score": 0.8011009832610234,
    "support": 3844.0
  },
  "weighted avg": {
    "precision": 0.8188569818475918,
    "recall": 0.8163371488033299,
    "f1-score": 0.8160500325141641,
    "support": 3844.0
  }
}