{
  "0": {
    "precision": 0.9087926509186351,
    "recall": 0.9081967213114754,
    "f1-score": 0.9084945883896359,
    "support": 1525.0
  },
  "1": {
    "precision": 0.7203564084989719,
    "recall": 0.7938066465256798,
    "f1-score": 0.755300035932447,
    "support": 1324.0
  },
  "2": {
    "precision": 0.8524173027989822,
    "recall": 0.8131067961165048,
    "f1-score": 0.8322981366459627,
    "support": 412.0
  },
  "3": {
    "precision": 0.7970085470085471,
    "recall": 0.6397941680960549,
    "f1-score": 0.7098001902949572,
    "support": 583.0
  },
  "accuracy": 0.81789802289282,
  "macro avg": {
    "precision": 0.819643727306284,
    "recall": 0.7887260830124289,
    "f1-score": 0.8014732378157507,
    "support": 3844.0
  },
  "weighted avg": {
    "precision": 0.820892973247326,
    "recall": 0.81789802289282,
    "f1-score": 0.817427637385237,
    "support": 3844.0
  }
}