{
  "0": {
    "precision": 0.9101796407185628,
    "recall": 0.8970491803278688,
    "f1-score": 0.9035667107001321,
    "support": 1525.0
  },
  "1": {
    "precision": 0.7201105736005529,
    "recall": 0.7870090634441088,
    "f1-score": 0.752075063154096,
    "support": 1324.0
  },
  "2": {
    "precision": 0.8417085427135679,
    "recall": 0.8131067961165048,
    "f1-score": 0.8271604938271605,
    "support": 412.0
  },
  "3": {
    "precision": 0.780241935483871,
    "recall": 0.6638078902229846,
    "f1-score": 0.7173308619091752,
    "support": 583.0
  },
  "accuracy": 0.8147762747138397,
  "macro avg": {
    "precision": 0.8130601731291387,
    "recall": 0.7902432325278668,
    "f1-score": 0.8000332823976409,
    "support": 3844.0
  },
  "weighted avg": {
    "precision": 0.8176678770884565,
    "recall": 0.8147762747138397,
    "f1-score": 0.8149533385493142,
    "support": 3844.0
  }
}