{
  "0": {
    "precision": 0.9117108874656907,
    "recall": 0.9104613978985838,
    "f1-score": 0.9110857142857143,
    "support": 2189.0
  },
  "1": {
    "precision": 0.7411825726141079,
    "recall": 0.7770527460576401,
    "f1-score": 0.7586939208919564,
    "support": 1839.0
  },
  "2": {
    "precision": 0.8186915887850468,
    "recall": 0.8471953578336557,
    "f1-score": 0.8326996197718631,
    "support": 517.0
  },
  "3": {
    "precision": 0.7880116959064327,
    "recall": 0.684010152284264,
    "f1-score": 0.7323369565217391,
    "support": 788.0
  },
  "accuracy": 0.8248640540033753,
  "macro avg": {
    "precision": 0.8148991861928196,
    "recall": 0.804679913518536,
    "f1-score": 0.8087040528678182,
    "support": 5333.0
  },
  "weighted avg": {
    "precision": 0.8256115978765948,
    "recall": 0.8248640540033753,
    "f1-score": 0.8245250279866716,
    "support": 5333.0
  }
}