{
  "0": {
    "precision": 0.9102902374670184,
    "recall": 0.9049180327868852,
    "f1-score": 0.9075961854653075,
    "support": 1525.0
  },
  "1": {
    "precision": 0.7339581831290555,
    "recall": 0.7688821752265861,
    "f1-score": 0.7510143858354851,
    "support": 1324.0
  },
  "2": {
    "precision": 0.8117913832199547,
    "recall": 0.8689320388349514,
    "f1-score": 0.839390386869871,
    "support": 412.0
  },
  "3": {
    "precision": 0.772,
    "recall": 0.6620926243567753,
    "f1-score": 0.7128347183748845,
    "support": 583.0
  },
  "accuracy": 0.8173777315296566,
  "macro avg": {
    "precision": 0.8070099509540072,
    "recall": 0.8012062178012995,
    "f1-score": 0.802708919136387,
    "support": 3844.0
  },
  "weighted avg": {
    "precision": 0.8180247909694832,
    "recall": 0.8173777315296566,
    "f1-score": 0.8168154812392614,
    "support": 3844.0
  }
}