{
  "0": {
    "precision": 0.8849693251533742,
    "recall": 0.8918083462132921,
    "f1-score": 0.8883756735950731,
    "support": 647.0
  },
  "1": {
    "precision": 0.6697965571205008,
    "recall": 0.7051070840197694,
    "f1-score": 0.6869983948635634,
    "support": 607.0
  },
  "2": {
    "precision": 0.8214285714285714,
    "recall": 0.8558139534883721,
    "f1-score": 0.8382687927107062,
    "support": 215.0
  },
  "3": {
    "precision": 0.7830985915492957,
    "recall": 0.6932668329177057,
    "f1-score": 0.7354497354497355,
    "support": 401.0
  },
  "accuracy": 0.7844919786096257,
  "macro avg": {
    "precision": 0.7898232613129355,
    "recall": 0.7864990541597848,
    "f1-score": 0.7872731491547695,
    "support": 1870.0
  },
  "weighted avg": {
    "precision": 0.7859739794731485,
    "recall": 0.7844919786096257,
    "f1-score": 0.784454663554193,
    "support": 1870.0
  }
}