{
  "0": {
    "precision": 0.8596165739022882,
    "recall": 0.9114754098360656,
    "f1-score": 0.8847867600254615,
    "support": 1525.0
  },
  "1": {
    "precision": 0.7660069848661234,
    "recall": 0.49697885196374625,
    "f1-score": 0.602840128263857,
    "support": 1324.0
  },
  "2": {
    "precision": 0.6766256590509666,
    "recall": 0.9344660194174758,
    "f1-score": 0.7849133537206932,
    "support": 412.0
  },
  "3": {
    "precision": 0.5994993742177722,
    "recall": 0.8216123499142367,
    "f1-score": 0.6931982633863966,
    "support": 583.0
  },
  "accuracy": 0.7575442247658689,
  "macro avg": {
    "precision": 0.7254371480092876,
    "recall": 0.7911331577828811,
    "f1-score": 0.7414346263491021,
    "support": 3844.0
  },
  "weighted avg": {
    "precision": 0.7683107257704725,
    "recall": 0.7575442247658689,
    "f1-score": 0.7479133788104502,
    "support": 3844.0
  }
}