{
  "0": {
    "precision": 0.8781568453699601,
    "recall": 0.9054362722704431,
    "f1-score": 0.8915879442195231,
    "support": 2189.0
  },
  "1": {
    "precision": 0.6543580936024045,
    "recall": 0.8287112561174551,
    "f1-score": 0.7312859884836852,
    "support": 1839.0
  },
  "2": {
    "precision": 0.9381107491856677,
    "recall": 0.5570599613152805,
    "f1-score": 0.6990291262135923,
    "support": 517.0
  },
  "3": {
    "precision": 0.8727272727272727,
    "recall": 0.4873096446700508,
    "f1-score": 0.6254071661237784,
    "support": 788.0
  },
  "accuracy": 0.7834239639977498,
  "macro avg": {
    "precision": 0.8358382402213262,
    "recall": 0.6946292835933073,
    "f1-score": 0.7368275562601447,
    "support": 5333.0
  },
  "weighted avg": {
    "precision": 0.8059932902470928,
    "recall": 0.7834239639977498,
    "f1-score": 0.7783123659996246,
    "support": 5333.0
  }
}