{
  "0": {
    "precision": 0.9088507265521797,
    "recall": 0.9022950819672131,
    "f1-score": 0.9055610398157289,
    "support": 1525.0
  },
  "1": {
    "precision": 0.723965763195435,
    "recall": 0.7666163141993958,
    "f1-score": 0.7446808510638298,
    "support": 1324.0
  },
  "2": {
    "precision": 0.812206572769953,
    "recall": 0.8398058252427184,
    "f1-score": 0.8257756563245824,
    "support": 412.0
  },
  "3": {
    "precision": 0.7729083665338645,
    "recall": 0.6655231560891939,
    "f1-score": 0.7152073732718894,
    "support": 583.0
  },
  "accuracy": 0.812955254942768,
  "macro avg": {
    "precision": 0.8044828572628582,
    "recall": 0.7935600943746303,
    "f1-score": 0.7978062301190076,
    "support": 3844.0
  },
  "weighted avg": {
    "precision": 0.8141942544571523,
    "recall": 0.812955254942768,
    "f1-score": 0.812727237656279,
    "support": 3844.0
  }
}