{
  "0": {
    "precision": 0.9155963302752294,
    "recall": 0.9118318867062586,
    "f1-score": 0.9137102311741817,
    "support": 2189.0
  },
  "1": {
    "precision": 0.7407597535934292,
    "recall": 0.7846655791190864,
    "f1-score": 0.7620808027462371,
    "support": 1839.0
  },
  "2": {
    "precision": 0.8257575757575758,
    "recall": 0.8433268858800773,
    "f1-score": 0.8344497607655502,
    "support": 517.0
  },
  "3": {
    "precision": 0.7887740029542097,
    "recall": 0.6776649746192893,
    "f1-score": 0.7290102389078499,
    "support": 788.0
  },
  "accuracy": 0.8267391711981998,
  "macro avg": {
    "precision": 0.817721915645111,
    "recall": 0.8043723315811779,
    "f1-score": 0.8098127583984547,
    "support": 5333.0
  },
  "weighted avg": {
    "precision": 0.8278582664214096,
    "recall": 0.8267391711981998,
    "f1-score": 0.8264483193072921,
    "support": 5333.0
  }
}