{
  "0": {
    "precision": 0.9084321475625824,
    "recall": 0.9042622950819672,
    "f1-score": 0.9063424252382517,
    "support": 1525.0
  },
  "1": {
    "precision": 0.723207948899929,
    "recall": 0.7696374622356495,
    "f1-score": 0.7457006952067325,
    "support": 1324.0
  },
  "2": {
    "precision": 0.8171021377672208,
    "recall": 0.8349514563106796,
    "f1-score": 0.8259303721488596,
    "support": 412.0
  },
  "3": {
    "precision": 0.7782258064516129,
    "recall": 0.6620926243567753,
    "f1-score": 0.7154772937905468,
    "support": 583.0
  },
  "accuracy": 0.813735691987513,
  "macro avg": {
    "precision": 0.8067420101703363,
    "recall": 0.792735959496268,
    "f1-score": 0.7983626965960976,
    "support": 3844.0
  },
  "weighted avg": {
    "precision": 0.8150983546560431,
    "recall": 0.813735691987513,
    "f1-score": 0.8134460183525668,
    "support": 3844.0
  }
}