{
  "0": {
    "precision": 0.9057971014492754,
    "recall": 0.9016393442622951,
    "f1-score": 0.903713440683536,
    "support": 1525.0
  },
  "1": {
    "precision": 0.7205056179775281,
    "recall": 0.7749244712990937,
    "f1-score": 0.7467248908296943,
    "support": 1324.0
  },
  "2": {
    "precision": 0.8233890214797136,
    "recall": 0.837378640776699,
    "f1-score": 0.8303249097472925,
    "support": 412.0
  },
  "3": {
    "precision": 0.7908902691511387,
    "recall": 0.6552315608919382,
    "f1-score": 0.7166979362101313,
    "support": 583.0
  },
  "accuracy": 0.813735691987513,
  "macro avg": {
    "precision": 0.810145502514414,
    "recall": 0.7922935043075066,
    "f1-score": 0.7993652943676635,
    "support": 3844.0
  },
  "weighted avg": {
    "precision": 0.8157167850356783,
    "recall": 0.813735691987513,
    "f1-score": 0.813411943841649,
    "support": 3844.0
  }
}