{
  "0": {
    "precision": 0.9109683340982102,
    "recall": 0.9068067610781179,
    "f1-score": 0.9088827838827839,
    "support": 2189.0
  },
  "1": {
    "precision": 0.7306900102986612,
    "recall": 0.7716150081566069,
    "f1-score": 0.7505950806664904,
    "support": 1839.0
  },
  "2": {
    "precision": 0.8294573643410853,
    "recall": 0.8278529980657641,
    "f1-score": 0.8286544046466602,
    "support": 517.0
  },
  "3": {
    "precision": 0.7701149425287356,
    "recall": 0.6802030456852792,
    "f1-score": 0.7223719676549866,
    "support": 788.0
  },
  "accuracy": 0.8190511906994187,
  "macro avg": {
    "precision": 0.8103076628166731,
    "recall": 0.796619453246442,
    "f1-score": 0.8026260592127302,
    "support": 5333.0
  },
  "weighted avg": {
    "precision": 0.8200878763092453,
    "recall": 0.8190511906994187,
    "f1-score": 0.8189634736507675,
    "support": 5333.0
  }
}