{
  "0": {
    "precision": 0.9051047120418848,
    "recall": 0.9068852459016393,
    "f1-score": 0.9059941041598428,
    "support": 1525.0
  },
  "1": {
    "precision": 0.7184397163120567,
    "recall": 0.7651057401812689,
    "f1-score": 0.7410387710314558,
    "support": 1324.0
  },
  "2": {
    "precision": 0.821256038647343,
    "recall": 0.8252427184466019,
    "f1-score": 0.8232445520581114,
    "support": 412.0
  },
  "3": {
    "precision": 0.774390243902439,
    "recall": 0.6535162950257289,
    "f1-score": 0.7088372093023256,
    "support": 583.0
  },
  "accuracy": 0.8108740894901144,
  "macro avg": {
    "precision": 0.8047976777259309,
    "recall": 0.7876874998888098,
    "f1-score": 0.7947786591379339,
    "support": 3844.0
  },
  "weighted avg": {
    "precision": 0.8119994459882581,
    "recall": 0.8108740894901144,
    "f1-score": 0.8104071774611357,
    "support": 3844.0
  }
}