{
  "0": {
    "precision": 0.8900928792569659,
    "recall": 0.8887171561051005,
    "f1-score": 0.8894044856921887,
    "support": 647.0
  },
  "1": {
    "precision": 0.6625386996904025,
    "recall": 0.7051070840197694,
    "f1-score": 0.6831604150039904,
    "support": 607.0
  },
  "2": {
    "precision": 0.8090909090909091,
    "recall": 0.827906976744186,
    "f1-score": 0.8183908045977012,
    "support": 215.0
  },
  "3": {
    "precision": 0.7737430167597765,
    "recall": 0.6907730673316709,
    "f1-score": 0.7299077733860343,
    "support": 401.0
  },
  "accuracy": 0.7796791443850267,
  "macro avg": {
    "precision": 0.7838663761995135,
    "recall": 0.7781260710501817,
    "f1-score": 0.7802158696699786,
    "support": 1870.0
  },
  "weighted avg": {
    "precision": 0.7819660849018969,
    "recall": 0.7796791443850267,
    "f1-score": 0.7800909701960287,
    "support": 1870.0
  }
}