{
  "0": {
    "precision": 0.9122923588039867,
    "recall": 0.900327868852459,
    "f1-score": 0.9062706270627062,
    "support": 1525.0
  },
  "1": {
    "precision": 0.7229681978798587,
    "recall": 0.7726586102719033,
    "f1-score": 0.7469879518072289,
    "support": 1324.0
  },
  "2": {
    "precision": 0.8222748815165877,
    "recall": 0.8422330097087378,
    "f1-score": 0.8321342925659473,
    "support": 412.0
  },
  "3": {
    "precision": 0.7729083665338645,
    "recall": 0.6655231560891939,
    "f1-score": 0.7152073732718894,
    "support": 583.0
  },
  "accuracy": 0.8145161290322581,
  "macro avg": {
    "precision": 0.8076109511835745,
    "recall": 0.7951856612305735,
    "f1-score": 0.800150061176943,
    "support": 3844.0
  },
  "weighted avg": {
    "precision": 0.8162951534971618,
    "recall": 0.8145161290322581,
    "f1-score": 0.8144849067684911,
    "support": 3844.0
  }
}