{
  "0": {
    "precision": 0.8894009216589862,
    "recall": 0.8948995363214838,
    "f1-score": 0.8921417565485362,
    "support": 647.0
  },
  "1": {
    "precision": 0.6744186046511628,
    "recall": 0.7166392092257001,
    "f1-score": 0.694888178913738,
    "support": 607.0
  },
  "2": {
    "precision": 0.8125,
    "recall": 0.8465116279069768,
    "f1-score": 0.8291571753986332,
    "support": 215.0
  },
  "3": {
    "precision": 0.7857142857142857,
    "recall": 0.685785536159601,
    "f1-score": 0.7323568575233023,
    "support": 401.0
  },
  "accuracy": 0.7866310160427807,
  "macro avg": {
    "precision": 0.7905084530061086,
    "recall": 0.7859589774034403,
    "f1-score": 0.7871359920960525,
    "support": 1870.0
  },
  "weighted avg": {
    "precision": 0.7885419347101862,
    "recall": 0.7866310160427807,
    "f1-score": 0.7866078789652899,
    "support": 1870.0
  }
}