{
  "0": {
    "precision": 0.9088489687292083,
    "recall": 0.8957377049180328,
    "f1-score": 0.9022457067371202,
    "support": 1525.0
  },
  "1": {
    "precision": 0.7182398864442867,
    "recall": 0.7643504531722054,
    "f1-score": 0.7405781192828393,
    "support": 1324.0
  },
  "2": {
    "precision": 0.8171021377672208,
    "recall": 0.8349514563106796,
    "f1-score": 0.8259303721488596,
    "support": 412.0
  },
  "3": {
    "precision": 0.7671232876712328,
    "recall": 0.6723842195540308,
    "f1-score": 0.716636197440585,
    "support": 583.0
  },
  "accuracy": 0.8100936524453695,
  "macro avg": {
    "precision": 0.8028285701529871,
    "recall": 0.7918559584887372,
    "f1-score": 0.796347598902351,
    "support": 3844.0
  },
  "weighted avg": {
    "precision": 0.8118686900199537,
    "recall": 0.8100936524453695,
    "f1-score": 0.8102321407746562,
    "support": 3844.0
  }
}