{
  "0": {
    "precision": 0.8976744186046511,
    "recall": 0.8948995363214838,
    "f1-score": 0.8962848297213623,
    "support": 647.0
  },
  "1": {
    "precision": 0.6640746500777605,
    "recall": 0.7034596375617792,
    "f1-score": 0.6832,
    "support": 607.0
  },
  "2": {
    "precision": 0.7990867579908676,
    "recall": 0.813953488372093,
    "f1-score": 0.8064516129032258,
    "support": 215.0
  },
  "3": {
    "precision": 0.7630853994490359,
    "recall": 0.6907730673316709,
    "f1-score": 0.725130890052356,
    "support": 401.0
  },
  "accuracy": 0.7796791443850267,
  "macro avg": {
    "precision": 0.7809803065305787,
    "recall": 0.7757714323967567,
    "f1-score": 0.7777668331692359,
    "support": 1870.0
  },
  "weighted avg": {
    "precision": 0.781652170899203,
    "recall": 0.7796791443850267,
    "f1-score": 0.7800873093662618,
    "support": 1870.0
  }
}