{
  "0": {
    "precision": 0.9103385178408051,
    "recall": 0.9090909090909091,
    "f1-score": 0.9097142857142857,
    "support": 2189.0
  },
  "1": {
    "precision": 0.7364864864864865,
    "recall": 0.7705274605764002,
    "f1-score": 0.753122508636726,
    "support": 1839.0
  },
  "2": {
    "precision": 0.8240917782026769,
    "recall": 0.8336557059961315,
    "f1-score": 0.8288461538461539,
    "support": 517.0
  },
  "3": {
    "precision": 0.7685714285714286,
    "recall": 0.682741116751269,
    "f1-score": 0.7231182795698925,
    "support": 788.0
  },
  "accuracy": 0.8205512844552785,
  "macro avg": {
    "precision": 0.8098720527753493,
    "recall": 0.7990037981036775,
    "f1-score": 0.8037003069417645,
    "support": 5333.0
  },
  "weighted avg": {
    "precision": 0.8210799548560361,
    "recall": 0.8205512844552785,
    "f1-score": 0.8203051810708883,
    "support": 5333.0
  }
}