{
  "0": {
    "precision": 0.7924631348989624,
    "recall": 0.9514754098360656,
    "f1-score": 0.864719904648391,
    "support": 1525.0
  },
  "1": {
    "precision": 0.8333333333333334,
    "recall": 0.0377643504531722,
    "f1-score": 0.07225433526011561,
    "support": 1324.0
  },
  "2": {
    "precision": 0.5495867768595041,
    "recall": 0.9684466019417476,
    "f1-score": 0.7012302284710018,
    "support": 412.0
  },
  "3": {
    "precision": 0.44580277098614507,
    "recall": 0.9382504288164666,
    "f1-score": 0.6044198895027625,
    "support": 583.0
  },
  "accuracy": 0.636576482830385,
  "macro avg": {
    "precision": 0.6552965040194862,
    "recall": 0.7239841977618631,
    "f1-score": 0.5606560894705678,
    "support": 3844.0
  },
  "weighted avg": {
    "precision": 0.7279324613957567,
    "recall": 0.636576482830385,
    "f1-score": 0.5347674932839107,
    "support": 3844.0
  }
}