{
  "0": {
    "precision": 0.9131875414181577,
    "recall": 0.9036065573770492,
    "f1-score": 0.9083717864205669,
    "support": 1525.0
  },
  "1": {
    "precision": 0.7236388697450035,
    "recall": 0.7930513595166163,
    "f1-score": 0.7567567567567568,
    "support": 1324.0
  },
  "2": {
    "precision": 0.8419753086419753,
    "recall": 0.8276699029126213,
    "f1-score": 0.8347613219094248,
    "support": 412.0
  },
  "3": {
    "precision": 0.7933194154488518,
    "recall": 0.6518010291595198,
    "f1-score": 0.7156308851224106,
    "support": 583.0
  },
  "accuracy": 0.8191987513007284,
  "macro avg": {
    "precision": 0.8180302838134971,
    "recall": 0.7940322122414516,
    "f1-score": 0.8038801875522897,
    "support": 3844.0
  },
  "weighted avg": {
    "precision": 0.8220884262674946,
    "recall": 0.8191987513007284,
    "f1-score": 0.8190289778590945,
    "support": 3844.0
  }
}