{
  "0": {
    "precision": 0.8911342894393742,
    "recall": 0.8963934426229508,
    "f1-score": 0.8937561294540699,
    "support": 1525.0
  },
  "1": {
    "precision": 0.6893787575150301,
    "recall": 0.7794561933534743,
    "f1-score": 0.7316554413328606,
    "support": 1324.0
  },
  "2": {
    "precision": 0.8480662983425414,
    "recall": 0.7451456310679612,
    "f1-score": 0.7932816537467701,
    "support": 412.0
  },
  "3": {
    "precision": 0.7782705099778271,
    "recall": 0.6020583190394511,
    "f1-score": 0.6789168278529981,
    "support": 583.0
  },
  "accuracy": 0.7952653485952134,
  "macro avg": {
    "precision": 0.8017124638186932,
    "recall": 0.7557633965209594,
    "f1-score": 0.7744025130966747,
    "support": 3844.0
  },
  "weighted avg": {
    "precision": 0.7999095443754283,
    "recall": 0.7952653485952134,
    "f1-score": 0.7945708776597635,
    "support": 3844.0
  }
}