{
  "0": {
    "precision": 0.8964451313755796,
    "recall": 0.8964451313755796,
    "f1-score": 0.8964451313755796,
    "support": 647.0
  },
  "1": {
    "precision": 0.6738794435857806,
    "recall": 0.7182866556836903,
    "f1-score": 0.6953748006379585,
    "support": 607.0
  },
  "2": {
    "precision": 0.8080357142857143,
    "recall": 0.8418604651162791,
    "f1-score": 0.8246013667425968,
    "support": 215.0
  },
  "3": {
    "precision": 0.7869318181818182,
    "recall": 0.6907730673316709,
    "f1-score": 0.7357237715803453,
    "support": 401.0
  },
  "accuracy": 0.788235294117647,
  "macro avg": {
    "precision": 0.7913230268572232,
    "recall": 0.786841329876805,
    "f1-score": 0.7880362675841199,
    "support": 1870.0
  },
  "weighted avg": {
    "precision": 0.7905519571758859,
    "recall": 0.788235294117647,
    "f1-score": 0.788452957347924,
    "support": 1870.0
  }
}