{
  "0": {
    "precision": 0.9071618037135278,
    "recall": 0.8970491803278688,
    "f1-score": 0.9020771513353115,
    "support": 1525.0
  },
  "1": {
    "precision": 0.710974778459441,
    "recall": 0.7877643504531722,
    "f1-score": 0.7474023647438194,
    "support": 1324.0
  },
  "2": {
    "precision": 0.8228155339805825,
    "recall": 0.8228155339805825,
    "f1-score": 0.8228155339805825,
    "support": 412.0
  },
  "3": {
    "precision": 0.8074398249452954,
    "recall": 0.6329331046312179,
    "f1-score": 0.7096153846153846,
    "support": 583.0
  },
  "accuracy": 0.8113943808532779,
  "macro avg": {
    "precision": 0.8120979852747117,
    "recall": 0.7851405423482103,
    "f1-score": 0.7954776086687746,
    "support": 3844.0
  },
  "weighted avg": {
    "precision": 0.8154239790027411,
    "recall": 0.8113943808532779,
    "f1-score": 0.8111171061232925,
    "support": 3844.0
  }
}