{
  "0": {
    "precision": 0.8945998698763825,
    "recall": 0.9016393442622951,
    "f1-score": 0.8981058131939909,
    "support": 1525.0
  },
  "1": {
    "precision": 0.7074829931972789,
    "recall": 0.7854984894259819,
    "f1-score": 0.7444523979957051,
    "support": 1324.0
  },
  "2": {
    "precision": 0.8427835051546392,
    "recall": 0.7936893203883495,
    "f1-score": 0.8175,
    "support": 412.0
  },
  "3": {
    "precision": 0.8129175946547884,
    "recall": 0.6260720411663808,
    "f1-score": 0.7073643410852714,
    "support": 583.0
  },
  "accuracy": 0.8082726326742976,
  "macro avg": {
    "precision": 0.8144459907207722,
    "recall": 0.7767247988107518,
    "f1-score": 0.7918556380687418,
    "support": 3844.0
  },
  "weighted avg": {
    "precision": 0.8122086488975374,
    "recall": 0.8082726326742976,
    "f1-score": 0.8076143993027739,
    "support": 3844.0
  }
}