{
  "0": {
    "precision": 0.9086697551290536,
    "recall": 0.900327868852459,
    "f1-score": 0.9044795783926218,
    "support": 1525.0
  },
  "1": {
    "precision": 0.7194696441032798,
    "recall": 0.7787009063444109,
    "f1-score": 0.7479143997098295,
    "support": 1324.0
  },
  "2": {
    "precision": 0.8481012658227848,
    "recall": 0.8131067961165048,
    "f1-score": 0.8302354399008675,
    "support": 412.0
  },
  "3": {
    "precision": 0.7683168316831683,
    "recall": 0.6655231560891939,
    "f1-score": 0.7132352941176471,
    "support": 583.0
  },
  "accuracy": 0.8134755463059313,
  "macro avg": {
    "precision": 0.8111393741845716,
    "recall": 0.7894146818506421,
    "f1-score": 0.7989661780302415,
    "support": 3844.0
  },
  "weighted avg": {
    "precision": 0.8157246669497461,
    "recall": 0.8134755463059313,
    "f1-score": 0.8135908428653248,
    "support": 3844.0
  }
}