{
  "0": {
    "precision": 0.9099276791584484,
    "recall": 0.9075409836065573,
    "f1-score": 0.9087327642810243,
    "support": 1525.0
  },
  "1": {
    "precision": 0.7229916897506925,
    "recall": 0.7885196374622356,
    "f1-score": 0.7543352601156069,
    "support": 1324.0
  },
  "2": {
    "precision": 0.8471177944862155,
    "recall": 0.8203883495145631,
    "f1-score": 0.8335388409371147,
    "support": 412.0
  },
  "3": {
    "precision": 0.7875,
    "recall": 0.6483704974271012,
    "f1-score": 0.7111947318908749,
    "support": 583.0
  },
  "accuracy": 0.81789802289282,
  "macro avg": {
    "precision": 0.8168842908488391,
    "recall": 0.7912048670026143,
    "f1-score": 0.8019503993061552,
    "support": 3844.0
  },
  "weighted avg": {
    "precision": 0.8202408270746283,
    "recall": 0.81789802289282,
    "f1-score": 0.8175343082934695,
    "support": 3844.0
  }
}