{
  "0": {
    "precision": 0.899803536345776,
    "recall": 0.9009836065573771,
    "f1-score": 0.9003931847968545,
    "support": 1525.0
  },
  "1": {
    "precision": 0.7194092827004219,
    "recall": 0.7726586102719033,
    "f1-score": 0.7450837581937363,
    "support": 1324.0
  },
  "2": {
    "precision": 0.8186157517899761,
    "recall": 0.8325242718446602,
    "f1-score": 0.825511432009627,
    "support": 412.0
  },
  "3": {
    "precision": 0.8004201680672269,
    "recall": 0.6535162950257289,
    "f1-score": 0.7195467422096318,
    "support": 583.0
  },
  "accuracy": 0.8119146722164412,
  "macro avg": {
    "precision": 0.8095621847258503,
    "recall": 0.7899206959249174,
    "f1-score": 0.7976337793024624,
    "support": 3844.0
  },
  "weighted avg": {
    "precision": 0.8138951433255284,
    "recall": 0.8119146722164412,
    "f1-score": 0.8114456200207836,
    "support": 3844.0
  }
}