{
  "0": {
    "precision": 0.9278711484593838,
    "recall": 0.8688524590163934,
    "f1-score": 0.8973924822214697,
    "support": 1525.0
  },
  "1": {
    "precision": 0.7433016421780466,
    "recall": 0.649546827794562,
    "f1-score": 0.6932688432083837,
    "support": 1324.0
  },
  "2": {
    "precision": 0.7286527514231499,
    "recall": 0.9320388349514563,
    "f1-score": 0.8178913738019169,
    "support": 412.0
  },
  "3": {
    "precision": 0.6516393442622951,
    "recall": 0.8181818181818182,
    "f1-score": 0.7254752851711027,
    "support": 583.0
  },
  "accuracy": 0.7924037460978148,
  "macro avg": {
    "precision": 0.7628662215807188,
    "recall": 0.8171549849860575,
    "f1-score": 0.7835069961007183,
    "support": 3844.0
  },
  "weighted avg": {
    "precision": 0.8010524315649192,
    "recall": 0.7924037460978148,
    "f1-score": 0.7924908483498397,
    "support": 3844.0
  }
}