{
  "0": {
    "precision": 0.9193220338983051,
    "recall": 0.8891803278688525,
    "f1-score": 0.904,
    "support": 1525.0
  },
  "1": {
    "precision": 0.7194860813704497,
    "recall": 0.7613293051359517,
    "f1-score": 0.7398165137614678,
    "support": 1324.0
  },
  "2": {
    "precision": 0.7893569844789357,
    "recall": 0.8640776699029126,
    "f1-score": 0.8250289687137891,
    "support": 412.0
  },
  "3": {
    "precision": 0.746615087040619,
    "recall": 0.6620926243567753,
    "f1-score": 0.7018181818181818,
    "support": 583.0
  },
  "accuracy": 0.8080124869927159,
  "macro avg": {
    "precision": 0.7936950466970774,
    "recall": 0.794169981816123,
    "f1-score": 0.7926659160733597,
    "support": 3844.0
  },
  "weighted avg": {
    "precision": 0.8103687166439628,
    "recall": 0.8080124869927159,
    "f1-score": 0.8083218000338879,
    "support": 3844.0
  }
}