{
  "0": {
    "precision": 0.9139588100686499,
    "recall": 0.9122887163088168,
    "f1-score": 0.9131229995427527,
    "support": 2189.0
  },
  "1": {
    "precision": 0.7435500515995872,
    "recall": 0.7835780315388798,
    "f1-score": 0.763039449298385,
    "support": 1839.0
  },
  "2": {
    "precision": 0.8408644400785854,
    "recall": 0.8278529980657641,
    "f1-score": 0.834307992202729,
    "support": 517.0
  },
  "3": {
    "precision": 0.7817403708987162,
    "recall": 0.6954314720812182,
    "f1-score": 0.7360644728005373,
    "support": 788.0
  },
  "accuracy": 0.8276767297956122,
  "macro avg": {
    "precision": 0.8200284181613847,
    "recall": 0.8047878044986697,
    "f1-score": 0.811633728461101,
    "support": 5333.0
  },
  "weighted avg": {
    "precision": 0.8285735435816111,
    "recall": 0.8276767297956122,
    "f1-score": 0.8275664409890211,
    "support": 5333.0
  }
}