{
  "0": {
    "precision": 0.913425925925926,
    "recall": 0.9013248058474189,
    "f1-score": 0.907335019544723,
    "support": 2189.0
  },
  "1": {
    "precision": 0.7349949135300101,
    "recall": 0.7857531266992931,
    "f1-score": 0.759526938239159,
    "support": 1839.0
  },
  "2": {
    "precision": 0.8359683794466403,
    "recall": 0.8181818181818182,
    "f1-score": 0.8269794721407625,
    "support": 517.0
  },
  "3": {
    "precision": 0.7860199714693296,
    "recall": 0.699238578680203,
    "f1-score": 0.7400940228341168,
    "support": 788.0
  },
  "accuracy": 0.823551471966998,
  "macro avg": {
    "precision": 0.8176022975929764,
    "recall": 0.8011245823521833,
    "f1-score": 0.8084838631896903,
    "support": 5333.0
  },
  "weighted avg": {
    "precision": 0.8255624203122605,
    "recall": 0.823551471966998,
    "f1-score": 0.8238644054557042,
    "support": 5333.0
  }
}