{
  "0": {
    "precision": 0.9193697868396663,
    "recall": 0.9063499314755596,
    "f1-score": 0.912813434552565,
    "support": 2189.0
  },
  "1": {
    "precision": 0.7329347284504235,
    "recall": 0.7998912452419793,
    "f1-score": 0.764950598023921,
    "support": 1839.0
  },
  "2": {
    "precision": 0.819366852886406,
    "recall": 0.851063829787234,
    "f1-score": 0.8349146110056926,
    "support": 517.0
  },
  "3": {
    "precision": 0.8098256735340729,
    "recall": 0.6484771573604061,
    "f1-score": 0.7202255109231853,
    "support": 788.0
  },
  "accuracy": 0.8261766360397524,
  "macro avg": {
    "precision": 0.8203742604276422,
    "recall": 0.8014455409662948,
    "f1-score": 0.808226038626341,
    "support": 5333.0
  },
  "weighted avg": {
    "precision": 0.829199835495871,
    "recall": 0.8261766360397524,
    "f1-score": 0.8258168600223079,
    "support": 5333.0
  }
}