{
  "0": {
    "precision": 0.9189439555349699,
    "recall": 0.9063499314755596,
    "f1-score": 0.9126034958601656,
    "support": 2189.0
  },
  "1": {
    "precision": 0.7321695760598503,
    "recall": 0.7982599238716693,
    "f1-score": 0.7637877211238293,
    "support": 1839.0
  },
  "2": {
    "precision": 0.8159851301115242,
    "recall": 0.8491295938104448,
    "f1-score": 0.8322274881516588,
    "support": 517.0
  },
  "3": {
    "precision": 0.8098256735340729,
    "recall": 0.6484771573604061,
    "f1-score": 0.7202255109231853,
    "support": 788.0
  },
  "accuracy": 0.8254265891618227,
  "macro avg": {
    "precision": 0.8192310838101043,
    "recall": 0.80055415162952,
    "f1-score": 0.8072110540147097,
    "support": 5333.0
  },
  "weighted avg": {
    "precision": 0.8284333605949037,
    "recall": 0.8254265891618227,
    "f1-score": 0.825069189118039,
    "support": 5333.0
  }
}