{
  "0": {
    "precision": 0.8844905905256327,
    "recall": 0.8937704918032787,
    "f1-score": 0.8891063274624919,
    "support": 1525.0
  },
  "1": {
    "precision": 0.7488061127029608,
    "recall": 0.5921450151057401,
    "f1-score": 0.6613243357233235,
    "support": 1324.0
  },
  "2": {
    "precision": 0.7009174311926606,
    "recall": 0.9271844660194175,
    "f1-score": 0.7983281086729362,
    "support": 412.0
  },
  "3": {
    "precision": 0.6526019690576652,
    "recall": 0.7958833619210978,
    "f1-score": 0.7171561051004637,
    "support": 583.0
  },
  "accuracy": 0.7786160249739854,
  "macro avg": {
    "precision": 0.74670402586973,
    "recall": 0.8022458337123836,
    "f1-score": 0.7664787192398038,
    "support": 3844.0
  },
  "weighted avg": {
    "precision": 0.7829116476020563,
    "recall": 0.7786160249739854,
    "f1-score": 0.7748422892624351,
    "support": 3844.0
  }
}