{
  "0": {
    "precision": 0.890795631825273,
    "recall": 0.8825347758887172,
    "f1-score": 0.8866459627329193,
    "support": 647.0
  },
  "1": {
    "precision": 0.6585735963581184,
    "recall": 0.71499176276771,
    "f1-score": 0.6856240126382307,
    "support": 607.0
  },
  "2": {
    "precision": 0.7990867579908676,
    "recall": 0.813953488372093,
    "f1-score": 0.8064516129032258,
    "support": 215.0
  },
  "3": {
    "precision": 0.7806267806267806,
    "recall": 0.683291770573566,
    "f1-score": 0.7287234042553191,
    "support": 401.0
  },
  "accuracy": 0.7775401069518717,
  "macro avg": {
    "precision": 0.78227069170026,
    "recall": 0.7736929494005216,
    "f1-score": 0.7768612481324236,
    "support": 1870.0
  },
  "weighted avg": {
    "precision": 0.7812480956041202,
    "recall": 0.7775401069518717,
    "f1-score": 0.7783095697541077,
    "support": 1870.0
  }
}