{
  "0": {
    "precision": 0.9087904824851288,
    "recall": 0.9016393442622951,
    "f1-score": 0.9052007899934167,
    "support": 1525.0
  },
  "1": {
    "precision": 0.7181303116147308,
    "recall": 0.7658610271903323,
    "f1-score": 0.7412280701754386,
    "support": 1324.0
  },
  "2": {
    "precision": 0.8199052132701422,
    "recall": 0.8398058252427184,
    "f1-score": 0.829736211031175,
    "support": 412.0
  },
  "3": {
    "precision": 0.7706237424547284,
    "recall": 0.6569468267581475,
    "f1-score": 0.7092592592592593,
    "support": 583.0
  },
  "accuracy": 0.8111342351716961,
  "macro avg": {
    "precision": 0.8043624374561826,
    "recall": 0.7910632558633732,
    "f1-score": 0.7963560826148224,
    "support": 3844.0
  },
  "weighted avg": {
    "precision": 0.8126390759849454,
    "recall": 0.8111342351716961,
    "f1-score": 0.8109174393197798,
    "support": 3844.0
  }
}