{
  "0": {
    "precision": 0.8836140888208269,
    "recall": 0.8918083462132921,
    "f1-score": 0.8876923076923077,
    "support": 647.0
  },
  "1": {
    "precision": 0.6692426584234931,
    "recall": 0.71334431630972,
    "f1-score": 0.6905901116427432,
    "support": 607.0
  },
  "2": {
    "precision": 0.8194444444444444,
    "recall": 0.8232558139534883,
    "f1-score": 0.8213457076566125,
    "support": 215.0
  },
  "3": {
    "precision": 0.7853107344632768,
    "recall": 0.6932668329177057,
    "f1-score": 0.7364238410596027,
    "support": 401.0
  },
  "accuracy": 0.7834224598930482,
  "macro avg": {
    "precision": 0.7894029815380104,
    "recall": 0.7804188273485515,
    "f1-score": 0.7840129920128165,
    "support": 1870.0
  },
  "weighted avg": {
    "precision": 0.785571534334473,
    "recall": 0.7834224598930482,
    "f1-score": 0.7836472771417864,
    "support": 1870.0
  }
}