{
  "0": {
    "precision": 0.8935185185185185,
    "recall": 0.8948995363214838,
    "f1-score": 0.8942084942084942,
    "support": 647.0
  },
  "1": {
    "precision": 0.6708074534161491,
    "recall": 0.7116968698517299,
    "f1-score": 0.6906474820143885,
    "support": 607.0
  },
  "2": {
    "precision": 0.8149779735682819,
    "recall": 0.8604651162790697,
    "f1-score": 0.8371040723981901,
    "support": 215.0
  },
  "3": {
    "precision": 0.7749287749287749,
    "recall": 0.6783042394014963,
    "f1-score": 0.723404255319149,
    "support": 401.0
  },
  "accuracy": 0.7850267379679144,
  "macro avg": {
    "precision": 0.7885581801079311,
    "recall": 0.7863414404634449,
    "f1-score": 0.7863410759850554,
    "support": 1870.0
  },
  "weighted avg": {
    "precision": 0.7867664752773815,
    "recall": 0.7850267379679144,
    "f1-score": 0.7849403204728445,
    "support": 1870.0
  }
}