{
  "0": {
    "precision": 0.9063941990771259,
    "recall": 0.9016393442622951,
    "f1-score": 0.9040105193951348,
    "support": 1525.0
  },
  "1": {
    "precision": 0.7221448467966574,
    "recall": 0.7832326283987915,
    "f1-score": 0.7514492753623189,
    "support": 1324.0
  },
  "2": {
    "precision": 0.8240963855421687,
    "recall": 0.8300970873786407,
    "f1-score": 0.8270858524788391,
    "support": 412.0
  },
  "3": {
    "precision": 0.7983193277310925,
    "recall": 0.6518010291595198,
    "f1-score": 0.7176581680830972,
    "support": 583.0
  },
  "accuracy": 0.8152965660770031,
  "macro avg": {
    "precision": 0.8127386897867612,
    "recall": 0.7916925222998117,
    "f1-score": 0.8000509538298476,
    "support": 3844.0
  },
  "weighted avg": {
    "precision": 0.8177208141680519,
    "recall": 0.8152965660770031,
    "f1-score": 0.8149555062099424,
    "support": 3844.0
  }
}