{
  "0": {
    "precision": 0.9099933818663137,
    "recall": 0.9016393442622951,
    "f1-score": 0.9057971014492754,
    "support": 1525.0
  },
  "1": {
    "precision": 0.7230443974630021,
    "recall": 0.7749244712990937,
    "f1-score": 0.7480860371855632,
    "support": 1324.0
  },
  "2": {
    "precision": 0.8419753086419753,
    "recall": 0.8276699029126213,
    "f1-score": 0.8347613219094248,
    "support": 412.0
  },
  "3": {
    "precision": 0.7642436149312377,
    "recall": 0.6672384219554031,
    "f1-score": 0.7124542124542125,
    "support": 583.0
  },
  "accuracy": 0.8145161290322581,
  "macro avg": {
    "precision": 0.8098141757256323,
    "recall": 0.7928680351073534,
    "f1-score": 0.800274668249619,
    "support": 3844.0
  },
  "weighted avg": {
    "precision": 0.816206697256126,
    "recall": 0.8145161290322581,
    "f1-score": 0.8145392724847346,
    "support": 3844.0
  }
}