{
  "0": {
    "precision": 0.8923076923076924,
    "recall": 0.8964451313755796,
    "f1-score": 0.8943716268311488,
    "support": 647.0
  },
  "1": {
    "precision": 0.6787974683544303,
    "recall": 0.7067545304777595,
    "f1-score": 0.6924939467312349,
    "support": 607.0
  },
  "2": {
    "precision": 0.801762114537445,
    "recall": 0.8465116279069768,
    "f1-score": 0.8235294117647058,
    "support": 215.0
  },
  "3": {
    "precision": 0.7867036011080333,
    "recall": 0.7082294264339152,
    "f1-score": 0.7454068241469817,
    "support": 401.0
  },
  "accuracy": 0.7887700534759359,
  "macro avg": {
    "precision": 0.7898927190769002,
    "recall": 0.7894851790485578,
    "f1-score": 0.7889504523685178,
    "support": 1870.0
  },
  "weighted avg": {
    "precision": 0.7899465983337369,
    "recall": 0.7887700534759359,
    "f1-score": 0.7887535979882162,
    "support": 1870.0
  }
}