{
  "0": {
    "precision": 0.9256594724220624,
    "recall": 0.8816811329374143,
    "f1-score": 0.9031352363125877,
    "support": 2189.0
  },
  "1": {
    "precision": 0.6656952539550375,
    "recall": 0.8694942903752039,
    "f1-score": 0.7540674369252535,
    "support": 1839.0
  },
  "2": {
    "precision": 0.8860759493670886,
    "recall": 0.6769825918762089,
    "f1-score": 0.7675438596491229,
    "support": 517.0
  },
  "3": {
    "precision": 0.8603104212860311,
    "recall": 0.49238578680203043,
    "f1-score": 0.6263115415657788,
    "support": 788.0
  },
  "accuracy": 0.8001125070316895,
  "macro avg": {
    "precision": 0.8344352742575548,
    "recall": 0.7301359504977143,
    "f1-score": 0.7627645186131857,
    "support": 5333.0
  },
  "weighted avg": {
    "precision": 0.8225216641573946,
    "recall": 0.8001125070316895,
    "f1-score": 0.797683615035857,
    "support": 5333.0
  }
}