{
  "0": {
    "precision": 0.889060092449923,
    "recall": 0.8918083462132921,
    "f1-score": 0.8904320987654321,
    "support": 647.0
  },
  "1": {
    "precision": 0.6661490683229814,
    "recall": 0.7067545304777595,
    "f1-score": 0.6858513189448441,
    "support": 607.0
  },
  "2": {
    "precision": 0.8071748878923767,
    "recall": 0.8372093023255814,
    "f1-score": 0.821917808219178,
    "support": 215.0
  },
  "3": {
    "precision": 0.7824858757062146,
    "recall": 0.6907730673316709,
    "f1-score": 0.7337748344370861,
    "support": 401.0
  },
  "accuracy": 0.7823529411764706,
  "macro avg": {
    "precision": 0.7862174810928739,
    "recall": 0.781636311587076,
    "f1-score": 0.782994015091635,
    "support": 1870.0
  },
  "weighted avg": {
    "precision": 0.7844351878835311,
    "recall": 0.7823529411764706,
    "f1-score": 0.7825547357631817,
    "support": 1870.0
  }
}