{
  "0": {
    "precision": 0.9103078982597055,
    "recall": 0.8918032786885246,
    "f1-score": 0.9009605829744949,
    "support": 1525.0
  },
  "1": {
    "precision": 0.7141833810888252,
    "recall": 0.7530211480362538,
    "f1-score": 0.7330882352941176,
    "support": 1324.0
  },
  "2": {
    "precision": 0.8207547169811321,
    "recall": 0.8446601941747572,
    "f1-score": 0.8325358851674641,
    "support": 412.0
  },
  "3": {
    "precision": 0.7471698113207547,
    "recall": 0.6792452830188679,
    "f1-score": 0.7115902964959568,
    "support": 583.0
  },
  "accuracy": 0.8067117585848075,
  "macro avg": {
    "precision": 0.7981039519126043,
    "recall": 0.7921824759796009,
    "f1-score": 0.7945437499830084,
    "support": 3844.0
  },
  "weighted avg": {
    "precision": 0.8084155267439859,
    "recall": 0.8067117585848075,
    "f1-score": 0.8070852341601598,
    "support": 3844.0
  }
}