{
  "0": {
    "precision": 0.9088489687292083,
    "recall": 0.8957377049180328,
    "f1-score": 0.9022457067371202,
    "support": 1525.0
  },
  "1": {
    "precision": 0.7173761339846476,
    "recall": 0.7764350453172205,
    "f1-score": 0.7457381211461733,
    "support": 1324.0
  },
  "2": {
    "precision": 0.8461538461538461,
    "recall": 0.8009708737864077,
    "f1-score": 0.8229426433915212,
    "support": 412.0
  },
  "3": {
    "precision": 0.7644787644787645,
    "recall": 0.6792452830188679,
    "f1-score": 0.7193460490463215,
    "support": 583.0
  },
  "accuracy": 0.8116545265348595,
  "macro avg": {
    "precision": 0.8092144283366167,
    "recall": 0.7880972267601322,
    "f1-score": 0.797568130080284,
    "support": 3844.0
  },
  "weighted avg": {
    "precision": 0.8142838665489648,
    "recall": 0.8116545265348595,
    "f1-score": 0.812100179719811,
    "support": 3844.0
  }
}