{
  "0": {
    "precision": 0.9138851802403204,
    "recall": 0.8977049180327868,
    "f1-score": 0.9057227919285478,
    "support": 1525.0
  },
  "1": {
    "precision": 0.7212078651685393,
    "recall": 0.775679758308157,
    "f1-score": 0.74745269286754,
    "support": 1324.0
  },
  "2": {
    "precision": 0.8242280285035629,
    "recall": 0.8422330097087378,
    "f1-score": 0.8331332533013205,
    "support": 412.0
  },
  "3": {
    "precision": 0.7724550898203593,
    "recall": 0.6638078902229846,
    "f1-score": 0.7140221402214022,
    "support": 583.0
  },
  "accuracy": 0.8142559833506764,
  "macro avg": {
    "precision": 0.8079440409331955,
    "recall": 0.7948563940681665,
    "f1-score": 0.8000827195797027,
    "support": 3844.0
  },
  "weighted avg": {
    "precision": 0.8164613367477553,
    "recall": 0.8142559833506764,
    "f1-score": 0.8143549508732779,
    "support": 3844.0
  }
}