{
  "0": {
    "precision": 0.917173607861488,
    "recall": 0.8953860210141618,
    "f1-score": 0.9061488673139159,
    "support": 2189.0
  },
  "1": {
    "precision": 0.745486313337216,
    "recall": 0.6960304513322458,
    "f1-score": 0.7199100112485939,
    "support": 1839.0
  },
  "2": {
    "precision": 0.7636054421768708,
    "recall": 0.8684719535783365,
    "f1-score": 0.8126696832579186,
    "support": 517.0
  },
  "3": {
    "precision": 0.6790123456790124,
    "recall": 0.7677664974619289,
    "f1-score": 0.7206670637284097,
    "support": 788.0
  },
  "accuracy": 0.8051753234577161,
  "macro avg": {
    "precision": 0.7763194272636468,
    "recall": 0.8069137308466682,
    "f1-score": 0.7898489063872096,
    "support": 5333.0
  },
  "weighted avg": {
    "precision": 0.8078920119700809,
    "recall": 0.8051753234577161,
    "f1-score": 0.8054585137256058,
    "support": 5333.0
  }
}