{
  "0": {
    "precision": 0.9,
    "recall": 0.9029508196721312,
    "f1-score": 0.9014729950900163,
    "support": 1525.0
  },
  "1": {
    "precision": 0.7229344729344729,
    "recall": 0.7666163141993958,
    "f1-score": 0.7441348973607038,
    "support": 1324.0
  },
  "2": {
    "precision": 0.8027522935779816,
    "recall": 0.8495145631067961,
    "f1-score": 0.8254716981132075,
    "support": 412.0
  },
  "3": {
    "precision": 0.79957805907173,
    "recall": 0.6500857632933105,
    "f1-score": 0.7171239356669821,
    "support": 583.0
  },
  "accuracy": 0.8119146722164412,
  "macro avg": {
    "precision": 0.8063162063960461,
    "recall": 0.7922918650679084,
    "f1-score": 0.7970508815577274,
    "support": 3844.0
  },
  "weighted avg": {
    "precision": 0.8133593120598825,
    "recall": 0.8119146722164412,
    "f1-score": 0.8111754723554472,
    "support": 3844.0
  }
}