{
  "0": {
    "precision": 0.888641425389755,
    "recall": 0.9113750571037004,
    "f1-score": 0.8998646820027063,
    "support": 2189.0
  },
  "1": {
    "precision": 0.7181372549019608,
    "recall": 0.7966286025013595,
    "f1-score": 0.7553493168342357,
    "support": 1839.0
  },
  "2": {
    "precision": 0.8590308370044053,
    "recall": 0.7543520309477756,
    "f1-score": 0.8032955715756952,
    "support": 517.0
  },
  "3": {
    "precision": 0.8400673400673401,
    "recall": 0.633248730964467,
    "f1-score": 0.7221418234442837,
    "support": 788.0
  },
  "accuracy": 0.8154884680292518,
  "macro avg": {
    "precision": 0.8264692143408652,
    "recall": 0.7739011053793257,
    "f1-score": 0.7951628484642301,
    "support": 5333.0
  },
  "weighted avg": {
    "precision": 0.8197979558685958,
    "recall": 0.8154884680292518,
    "f1-score": 0.8144089161711632,
    "support": 5333.0
  }
}