{
  "0": {
    "precision": 0.904950495049505,
    "recall": 0.899016393442623,
    "f1-score": 0.9019736842105263,
    "support": 1525.0
  },
  "1": {
    "precision": 0.7147838214783822,
    "recall": 0.7741691842900302,
    "f1-score": 0.7432922407541697,
    "support": 1324.0
  },
  "2": {
    "precision": 0.8197115384615384,
    "recall": 0.8276699029126213,
    "f1-score": 0.8236714975845411,
    "support": 412.0
  },
  "3": {
    "precision": 0.791231732776618,
    "recall": 0.6500857632933105,
    "f1-score": 0.7137476459510358,
    "support": 583.0
  },
  "accuracy": 0.8106139438085328,
  "macro avg": {
    "precision": 0.8076693969415109,
    "recall": 0.7877353109846462,
    "f1-score": 0.7956712671250682,
    "support": 3844.0
  },
  "weighted avg": {
    "precision": 0.8130677780028084,
    "recall": 0.8106139438085328,
    "f1-score": 0.8103788579016279,
    "support": 3844.0
  }
}