{
  "0": {
    "precision": 0.889751552795031,
    "recall": 0.8856259659969088,
    "f1-score": 0.8876839659178931,
    "support": 647.0
  },
  "1": {
    "precision": 0.6703470031545742,
    "recall": 0.700164744645799,
    "f1-score": 0.684931506849315,
    "support": 607.0
  },
  "2": {
    "precision": 0.8064516129032258,
    "recall": 0.813953488372093,
    "f1-score": 0.8101851851851852,
    "support": 215.0
  },
  "3": {
    "precision": 0.7626666666666667,
    "recall": 0.713216957605985,
    "f1-score": 0.7371134020618557,
    "support": 401.0
  },
  "accuracy": 0.7802139037433156,
  "macro avg": {
    "precision": 0.7823042088798744,
    "recall": 0.7782402891551965,
    "f1-score": 0.7799785150035623,
    "support": 1870.0
  },
  "weighted avg": {
    "precision": 0.7817039121287372,
    "recall": 0.7802139037433156,
    "f1-score": 0.7806723206673958,
    "support": 1870.0
  }
}