{
  "0": {
    "precision": 0.919093851132686,
    "recall": 0.9081772498857926,
    "f1-score": 0.9136029411764706,
    "support": 2189.0
  },
  "1": {
    "precision": 0.7346633416458853,
    "recall": 0.800978792822186,
    "f1-score": 0.7663891779396462,
    "support": 1839.0
  },
  "2": {
    "precision": 0.8198874296435272,
    "recall": 0.8452611218568665,
    "f1-score": 0.8323809523809523,
    "support": 517.0
  },
  "3": {
    "precision": 0.8117088607594937,
    "recall": 0.6510152284263959,
    "f1-score": 0.7225352112676057,
    "support": 788.0
  },
  "accuracy": 0.8271141946371648,
  "macro avg": {
    "precision": 0.8213383707953982,
    "recall": 0.8013580982478103,
    "f1-score": 0.8087270706911688,
    "support": 5333.0
  },
  "weighted avg": {
    "precision": 0.8300113836153042,
    "recall": 0.8271141946371648,
    "f1-score": 0.8267326524144251,
    "support": 5333.0
  }
}