{
  "0": {
    "precision": 0.9171122994652406,
    "recall": 0.899672131147541,
    "f1-score": 0.9083085071168487,
    "support": 1525.0
  },
  "1": {
    "precision": 0.7260371959942775,
    "recall": 0.7666163141993958,
    "f1-score": 0.745775165319618,
    "support": 1324.0
  },
  "2": {
    "precision": 0.8274231678486997,
    "recall": 0.8495145631067961,
    "f1-score": 0.8383233532934131,
    "support": 412.0
  },
  "3": {
    "precision": 0.74573055028463,
    "recall": 0.6740994854202401,
    "f1-score": 0.7081081081081081,
    "support": 583.0
  },
  "accuracy": 0.8142559833506764,
  "macro avg": {
    "precision": 0.8040758033982119,
    "recall": 0.7974756234684932,
    "f1-score": 0.8001287834594969,
    "support": 3844.0
  },
  "weighted avg": {
    "precision": 0.8156942664283348,
    "recall": 0.8142559833506764,
    "f1-score": 0.8144622894953907,
    "support": 3844.0
  }
}