{
  "0": {
    "precision": 0.9119205298013245,
    "recall": 0.9029508196721312,
    "f1-score": 0.9074135090609555,
    "support": 1525.0
  },
  "1": {
    "precision": 0.7289586305278174,
    "recall": 0.7719033232628398,
    "f1-score": 0.7498165810711666,
    "support": 1324.0
  },
  "2": {
    "precision": 0.8325358851674641,
    "recall": 0.8446601941747572,
    "f1-score": 0.8385542168674699,
    "support": 412.0
  },
  "3": {
    "precision": 0.7665369649805448,
    "recall": 0.6758147512864494,
    "f1-score": 0.7183226982680037,
    "support": 583.0
  },
  "accuracy": 0.8171175858480749,
  "macro avg": {
    "precision": 0.8099880026192877,
    "recall": 0.7988322720990444,
    "f1-score": 0.8035267513168989,
    "support": 3844.0
  },
  "weighted avg": {
    "precision": 0.818344399073492,
    "recall": 0.8171175858480749,
    "f1-score": 0.8170731594942314,
    "support": 3844.0
  }
}