{
  "0": {
    "precision": 0.9118037135278515,
    "recall": 0.9016393442622951,
    "f1-score": 0.9066930431915595,
    "support": 1525.0
  },
  "1": {
    "precision": 0.7258410880458125,
    "recall": 0.7658610271903323,
    "f1-score": 0.7453142227122381,
    "support": 1324.0
  },
  "2": {
    "precision": 0.775377969762419,
    "recall": 0.8713592233009708,
    "f1-score": 0.8205714285714286,
    "support": 412.0
  },
  "3": {
    "precision": 0.7815126050420168,
    "recall": 0.6380789022298456,
    "f1-score": 0.7025495750708215,
    "support": 583.0
  },
  "accuracy": 0.8116545265348595,
  "macro avg": {
    "precision": 0.7986338440945249,
    "recall": 0.7942346242458609,
    "f1-score": 0.7937820673865119,
    "support": 3844.0
  },
  "weighted avg": {
    "precision": 0.8133693641998547,
    "recall": 0.8116545265348595,
    "f1-score": 0.810916949161251,
    "support": 3844.0
  }
}