{
  "0": {
    "precision": 0.910904255319149,
    "recall": 0.898360655737705,
    "f1-score": 0.9045889732585012,
    "support": 1525.0
  },
  "1": {
    "precision": 0.7184397163120567,
    "recall": 0.7651057401812689,
    "f1-score": 0.7410387710314558,
    "support": 1324.0
  },
  "2": {
    "precision": 0.8229665071770335,
    "recall": 0.8349514563106796,
    "f1-score": 0.8289156626506025,
    "support": 412.0
  },
  "3": {
    "precision": 0.759765625,
    "recall": 0.6672384219554031,
    "f1-score": 0.7105022831050228,
    "support": 583.0
  },
  "accuracy": 0.8106139438085328,
  "macro avg": {
    "precision": 0.8030190259520598,
    "recall": 0.7914140685462641,
    "f1-score": 0.7962614225113955,
    "support": 3844.0
  },
  "weighted avg": {
    "precision": 0.8122655395657656,
    "recall": 0.8106139438085328,
    "f1-score": 0.8107100939456655,
    "support": 3844.0
  }
}