{
  "0": {
    "precision": 0.8832565284178188,
    "recall": 0.8887171561051005,
    "f1-score": 0.8859784283513097,
    "support": 647.0
  },
  "1": {
    "precision": 0.661993769470405,
    "recall": 0.700164744645799,
    "f1-score": 0.6805444355484388,
    "support": 607.0
  },
  "2": {
    "precision": 0.8125,
    "recall": 0.786046511627907,
    "f1-score": 0.7990543735224587,
    "support": 215.0
  },
  "3": {
    "precision": 0.7669376693766937,
    "recall": 0.7057356608478803,
    "f1-score": 0.7350649350649351,
    "support": 401.0
  },
  "accuracy": 0.7764705882352941,
  "macro avg": {
    "precision": 0.7811719918162293,
    "recall": 0.7701660183066716,
    "f1-score": 0.7751605431217856,
    "support": 1870.0
  },
  "weighted avg": {
    "precision": 0.7783565226603844,
    "recall": 0.7764705882352941,
    "f1-score": 0.7769391683366671,
    "support": 1870.0
  }
}