{
  "0": {
    "precision": 0.8948051948051948,
    "recall": 0.9036065573770492,
    "f1-score": 0.899184339314845,
    "support": 1525.0
  },
  "1": {
    "precision": 0.7069701280227596,
    "recall": 0.7507552870090635,
    "f1-score": 0.7282051282051282,
    "support": 1324.0
  },
  "2": {
    "precision": 0.802439024390244,
    "recall": 0.7985436893203883,
    "f1-score": 0.8004866180048662,
    "support": 412.0
  },
  "3": {
    "precision": 0.7602459016393442,
    "recall": 0.6363636363636364,
    "f1-score": 0.6928104575163399,
    "support": 583.0
  },
  "accuracy": 0.7991675338189386,
  "macro avg": {
    "precision": 0.7911150622143858,
    "recall": 0.7723172925175343,
    "f1-score": 0.7801716357602948,
    "support": 3844.0
  },
  "weighted avg": {
    "precision": 0.7998008871708049,
    "recall": 0.7991675338189386,
    "f1-score": 0.7984153721510819,
    "support": 3844.0
  }
}