{
  "0": {
    "precision": 0.9169358560221504,
    "recall": 0.9077204202832344,
    "f1-score": 0.9123048668503214,
    "support": 2189.0
  },
  "1": {
    "precision": 0.7376715810879512,
    "recall": 0.789015769439913,
    "f1-score": 0.7624802942722018,
    "support": 1839.0
  },
  "2": {
    "precision": 0.8441295546558705,
    "recall": 0.8065764023210832,
    "f1-score": 0.8249258160237388,
    "support": 517.0
  },
  "3": {
    "precision": 0.7801418439716312,
    "recall": 0.6979695431472082,
    "f1-score": 0.7367716008037508,
    "support": 788.0
  },
  "accuracy": 0.82598912432027,
  "macro avg": {
    "precision": 0.8197197089344008,
    "recall": 0.8003205337978597,
    "f1-score": 0.8091206444875032,
    "support": 5333.0
  },
  "weighted avg": {
    "precision": 0.8278487491580648,
    "recall": 0.82598912432027,
    "f1-score": 0.8262327551133624,
    "support": 5333.0
  }
}