{
  "0": {
    "precision": 0.9072978303747534,
    "recall": 0.9049180327868852,
    "f1-score": 0.9061063690085358,
    "support": 1525.0
  },
  "1": {
    "precision": 0.7259684361549498,
    "recall": 0.7643504531722054,
    "f1-score": 0.7446651949963208,
    "support": 1324.0
  },
  "2": {
    "precision": 0.8362282878411911,
    "recall": 0.8179611650485437,
    "f1-score": 0.8269938650306748,
    "support": 412.0
  },
  "3": {
    "precision": 0.7547528517110266,
    "recall": 0.6809605488850772,
    "f1-score": 0.7159603246167718,
    "support": 583.0
  },
  "accuracy": 0.8132154006243496,
  "macro avg": {
    "precision": 0.8060618515204802,
    "recall": 0.7920475499731778,
    "f1-score": 0.7984314384130757,
    "support": 3844.0
  },
  "weighted avg": {
    "precision": 0.8140890655381768,
    "recall": 0.8132154006243496,
    "f1-score": 0.8131829533187726,
    "support": 3844.0
  }
}