{
  "0": {
    "precision": 0.9028497409326425,
    "recall": 0.9140983606557377,
    "f1-score": 0.9084392310198762,
    "support": 1525.0
  },
  "1": {
    "precision": 0.7269452449567724,
    "recall": 0.7620845921450151,
    "f1-score": 0.7441002949852508,
    "support": 1324.0
  },
  "2": {
    "precision": 0.8379052369077307,
    "recall": 0.8155339805825242,
    "f1-score": 0.8265682656826568,
    "support": 412.0
  },
  "3": {
    "precision": 0.7592954990215264,
    "recall": 0.6655231560891939,
    "f1-score": 0.7093235831809872,
    "support": 583.0
  },
  "accuracy": 0.8134755463059313,
  "macro avg": {
    "precision": 0.806748930454668,
    "recall": 0.7893100223681178,
    "f1-score": 0.7971078437171928,
    "support": 3844.0
  },
  "weighted avg": {
    "precision": 0.813529550671327,
    "recall": 0.8134755463059313,
    "f1-score": 0.8128617045581564,
    "support": 3844.0
  }
}