{
  "0": {
    "precision": 0.9087327642810243,
    "recall": 0.9075409836065573,
    "f1-score": 0.9081364829396326,
    "support": 1525.0
  },
  "1": {
    "precision": 0.7288378766140603,
    "recall": 0.7673716012084593,
    "f1-score": 0.7476085356880059,
    "support": 1324.0
  },
  "2": {
    "precision": 0.8110599078341014,
    "recall": 0.8543689320388349,
    "f1-score": 0.8321513002364066,
    "support": 412.0
  },
  "3": {
    "precision": 0.7789046653144016,
    "recall": 0.6586620926243568,
    "f1-score": 0.7137546468401487,
    "support": 583.0
  },
  "accuracy": 0.8158168574401665,
  "macro avg": {
    "precision": 0.806883803510897,
    "recall": 0.796985902369552,
    "f1-score": 0.8004127414260485,
    "support": 3844.0
  },
  "weighted avg": {
    "precision": 0.8166121009551311,
    "recall": 0.8158168574401665,
    "f1-score": 0.8152203778717653,
    "support": 3844.0
  }
}