{
  "0": {
    "precision": 0.8885448916408669,
    "recall": 0.8871715610510046,
    "f1-score": 0.8878576952822892,
    "support": 647.0
  },
  "1": {
    "precision": 0.6585735963581184,
    "recall": 0.71499176276771,
    "f1-score": 0.6856240126382307,
    "support": 607.0
  },
  "2": {
    "precision": 0.8045454545454546,
    "recall": 0.8232558139534883,
    "f1-score": 0.8137931034482758,
    "support": 215.0
  },
  "3": {
    "precision": 0.7913043478260869,
    "recall": 0.6807980049875312,
    "f1-score": 0.7319034852546917,
    "support": 401.0
  },
  "accuracy": 0.7796791443850267,
  "macro avg": {
    "precision": 0.7857420725926317,
    "recall": 0.7765542856899335,
    "f1-score": 0.7797945741558718,
    "support": 1870.0
  },
  "weighted avg": {
    "precision": 0.7833866492441457,
    "recall": 0.7796791443850267,
    "f1-score": 0.7802548231805122,
    "support": 1870.0
  }
}