{
  "0": {
    "precision": 0.9103493737640079,
    "recall": 0.9055737704918033,
    "f1-score": 0.9079552925706772,
    "support": 1525.0
  },
  "1": {
    "precision": 0.7240418118466899,
    "recall": 0.7847432024169184,
    "f1-score": 0.7531714389271476,
    "support": 1324.0
  },
  "2": {
    "precision": 0.844059405940594,
    "recall": 0.8276699029126213,
    "f1-score": 0.8357843137254902,
    "support": 412.0
  },
  "3": {
    "precision": 0.7827868852459017,
    "recall": 0.6552315608919382,
    "f1-score": 0.7133520074696545,
    "support": 583.0
  },
  "accuracy": 0.8176378772112383,
  "macro avg": {
    "precision": 0.8153093691992984,
    "recall": 0.7933046091783204,
    "f1-score": 0.8025657631732425,
    "support": 3844.0
  },
  "weighted avg": {
    "precision": 0.8197272068733129,
    "recall": 0.8176378772112383,
    "f1-score": 0.817392862622148,
    "support": 3844.0
  }
}