{
  "0": {
    "precision": 0.9158964879852126,
    "recall": 0.9054362722704431,
    "f1-score": 0.910636342752125,
    "support": 2189.0
  },
  "1": {
    "precision": 0.7381198347107438,
    "recall": 0.7770527460576401,
    "f1-score": 0.7570860927152318,
    "support": 1839.0
  },
  "2": {
    "precision": 0.820952380952381,
    "recall": 0.8336557059961315,
    "f1-score": 0.8272552783109405,
    "support": 517.0
  },
  "3": {
    "precision": 0.7810734463276836,
    "recall": 0.7017766497461929,
    "f1-score": 0.7393048128342246,
    "support": 788.0
  },
  "accuracy": 0.8241140071254454,
  "macro avg": {
    "precision": 0.8140105374940052,
    "recall": 0.8044803435176019,
    "f1-score": 0.8085706316531305,
    "support": 5333.0
  },
  "weighted avg": {
    "precision": 0.8254674751343116,
    "recall": 0.8241140071254454,
    "f1-score": 0.824287914904901,
    "support": 5333.0
  }
}