{
  "0": {
    "precision": 0.9101198402130493,
    "recall": 0.8963934426229508,
    "f1-score": 0.903204492897258,
    "support": 1525.0
  },
  "1": {
    "precision": 0.7203924316748423,
    "recall": 0.7764350453172205,
    "f1-score": 0.747364594692839,
    "support": 1324.0
  },
  "2": {
    "precision": 0.8261904761904761,
    "recall": 0.8422330097087378,
    "f1-score": 0.8341346153846154,
    "support": 412.0
  },
  "3": {
    "precision": 0.7838383838383839,
    "recall": 0.6655231560891939,
    "f1-score": 0.7198515769944341,
    "support": 583.0
  },
  "accuracy": 0.8142559833506764,
  "macro avg": {
    "precision": 0.810135282979188,
    "recall": 0.7951461634345257,
    "f1-score": 0.8011388199922866,
    "support": 3844.0
  },
  "weighted avg": {
    "precision": 0.816623462494965,
    "recall": 0.8142559833506764,
    "f1-score": 0.8143169890655187,
    "support": 3844.0
  }
}