{
  "0": {
    "precision": 0.908068783068783,
    "recall": 0.900327868852459,
    "f1-score": 0.9041817583141257,
    "support": 1525.0
  },
  "1": {
    "precision": 0.7138908085694541,
    "recall": 0.7802114803625377,
    "f1-score": 0.7455792132804042,
    "support": 1324.0
  },
  "2": {
    "precision": 0.8232445520581114,
    "recall": 0.8252427184466019,
    "f1-score": 0.8242424242424242,
    "support": 412.0
  },
  "3": {
    "precision": 0.7944915254237288,
    "recall": 0.6432246998284734,
    "f1-score": 0.7109004739336493,
    "support": 583.0
  },
  "accuracy": 0.8119146722164412,
  "macro avg": {
    "precision": 0.8099239172800193,
    "recall": 0.787251691872518,
    "f1-score": 0.7962259674426508,
    "support": 3844.0
  },
  "weighted avg": {
    "precision": 0.8148703536669686,
    "recall": 0.8119146722164412,
    "f1-score": 0.8116719341580366,
    "support": 3844.0
  }
}