{
  "0": {
    "precision": 0.8914373088685015,
    "recall": 0.9010819165378671,
    "f1-score": 0.8962336664104535,
    "support": 647.0
  },
  "1": {
    "precision": 0.673469387755102,
    "recall": 0.7067545304777595,
    "f1-score": 0.6897106109324759,
    "support": 607.0
  },
  "2": {
    "precision": 0.8053097345132744,
    "recall": 0.8465116279069768,
    "f1-score": 0.8253968253968254,
    "support": 215.0
  },
  "3": {
    "precision": 0.7818696883852692,
    "recall": 0.6882793017456359,
    "f1-score": 0.7320954907161804,
    "support": 401.0
  },
  "accuracy": 0.786096256684492,
  "macro avg": {
    "precision": 0.7880215298805368,
    "recall": 0.7856568441670597,
    "f1-score": 0.7858591483639837,
    "support": 1870.0
  },
  "weighted avg": {
    "precision": 0.7872872701433766,
    "recall": 0.786096256684492,
    "f1-score": 0.7858546161717016,
    "support": 1870.0
  }
}