{
  "0": {
    "precision": 0.9134487350199734,
    "recall": 0.899672131147541,
    "f1-score": 0.9065080938222663,
    "support": 1525.0
  },
  "1": {
    "precision": 0.7208976157082749,
    "recall": 0.7764350453172205,
    "f1-score": 0.7476363636363637,
    "support": 1324.0
  },
  "2": {
    "precision": 0.8203309692671394,
    "recall": 0.8422330097087378,
    "f1-score": 0.8311377245508982,
    "support": 412.0
  },
  "3": {
    "precision": 0.7728194726166329,
    "recall": 0.6535162950257289,
    "f1-score": 0.70817843866171,
    "support": 583.0
  },
  "accuracy": 0.813735691987513,
  "macro avg": {
    "precision": 0.8068741981530052,
    "recall": 0.792964120299807,
    "f1-score": 0.7983651551678095,
    "support": 3844.0
  },
  "weighted avg": {
    "precision": 0.8158189063415123,
    "recall": 0.813735691987513,
    "f1-score": 0.8136295943777961,
    "support": 3844.0
  }
}