{
  "0": {
    "precision": 0.8907712884529648,
    "recall": 0.912745545911375,
    "f1-score": 0.9016245487364621,
    "support": 2189.0
  },
  "1": {
    "precision": 0.71297192642788,
    "recall": 0.800978792822186,
    "f1-score": 0.7544174135723432,
    "support": 1839.0
  },
  "2": {
    "precision": 0.8574660633484162,
    "recall": 0.7330754352030948,
    "f1-score": 0.7904066736183525,
    "support": 517.0
  },
  "3": {
    "precision": 0.845360824742268,
    "recall": 0.6243654822335025,
    "f1-score": 0.7182481751824817,
    "support": 788.0
  },
  "accuracy": 0.8141758859928746,
  "macro avg": {
    "precision": 0.8266425257428823,
    "recall": 0.7677913140425395,
    "f1-score": 0.7911742027774099,
    "support": 5333.0
  },
  "weighted avg": {
    "precision": 0.8195214715493061,
    "recall": 0.8141758859928746,
    "f1-score": 0.8129851065156831,
    "support": 5333.0
  }
}