{
  "0": {
    "precision": 0.8878748370273793,
    "recall": 0.8931147540983606,
    "f1-score": 0.890487087283426,
    "support": 1525.0
  },
  "1": {
    "precision": 0.7492931196983977,
    "recall": 0.600453172205438,
    "f1-score": 0.6666666666666666,
    "support": 1324.0
  },
  "2": {
    "precision": 0.6969147005444646,
    "recall": 0.9320388349514563,
    "f1-score": 0.7975077881619937,
    "support": 412.0
  },
  "3": {
    "precision": 0.6590257879656161,
    "recall": 0.7890222984562607,
    "f1-score": 0.7181889149102264,
    "support": 583.0
  },
  "accuracy": 0.7806971904266389,
  "macro avg": {
    "precision": 0.7482771113089645,
    "recall": 0.8036572649278789,
    "f1-score": 0.7682126142555782,
    "support": 3844.0
  },
  "weighted avg": {
    "precision": 0.7849672497283313,
    "recall": 0.7806971904266389,
    "f1-score": 0.7772988607932608,
    "support": 3844.0
  }
}