{
  "0": {
    "precision": 0.899803536345776,
    "recall": 0.9009836065573771,
    "f1-score": 0.9003931847968545,
    "support": 1525.0
  },
  "1": {
    "precision": 0.7165850244926522,
    "recall": 0.7734138972809668,
    "f1-score": 0.743915728296404,
    "support": 1324.0
  },
  "2": {
    "precision": 0.8123515439429929,
    "recall": 0.8300970873786407,
    "f1-score": 0.8211284513805522,
    "support": 412.0
  },
  "3": {
    "precision": 0.7965738758029979,
    "recall": 0.6380789022298456,
    "f1-score": 0.7085714285714285,
    "support": 583.0
  },
  "accuracy": 0.809573361082206,
  "macro avg": {
    "precision": 0.8063284951461047,
    "recall": 0.7856433733617075,
    "f1-score": 0.7935021982613099,
    "support": 3844.0
  },
  "weighted avg": {
    "precision": 0.8116676303468369,
    "recall": 0.809573361082206,
    "f1-score": 0.8089089739608669,
    "support": 3844.0
  }
}