{
  "0": {
    "precision": 0.9275845640781324,
    "recall": 0.8894472361809045,
    "f1-score": 0.9081156716417911,
    "support": 2189.0
  },
  "1": {
    "precision": 0.7691342534504392,
    "recall": 0.6666666666666666,
    "f1-score": 0.7142441013690649,
    "support": 1839.0
  },
  "2": {
    "precision": 0.7179104477611941,
    "recall": 0.9303675048355899,
    "f1-score": 0.81044650379107,
    "support": 517.0
  },
  "3": {
    "precision": 0.677319587628866,
    "recall": 0.833756345177665,
    "f1-score": 0.7474402730375427,
    "support": 788.0
  },
  "accuracy": 0.808363022688918,
  "macro avg": {
    "precision": 0.772987213229658,
    "recall": 0.8300594382152066,
    "f1-score": 0.7950616374598671,
    "support": 5333.0
  },
  "weighted avg": {
    "precision": 0.8156399848877691,
    "recall": 0.808363022688918,
    "f1-score": 0.8080524817654523,
    "support": 5333.0
  }
}