{
  "0": {
    "precision": 0.9049180327868852,
    "recall": 0.9049180327868852,
    "f1-score": 0.9049180327868852,
    "support": 1525.0
  },
  "1": {
    "precision": 0.7222222222222222,
    "recall": 0.775679758308157,
    "f1-score": 0.7479970866715222,
    "support": 1324.0
  },
  "2": {
    "precision": 0.8421052631578947,
    "recall": 0.8155339805825242,
    "f1-score": 0.8286066584463625,
    "support": 412.0
  },
  "3": {
    "precision": 0.7791164658634538,
    "recall": 0.6655231560891939,
    "f1-score": 0.7178538390379279,
    "support": 583.0
  },
  "accuracy": 0.8145161290322581,
  "macro avg": {
    "precision": 0.812090496007614,
    "recall": 0.7904137319416901,
    "f1-score": 0.7998439042356744,
    "support": 3844.0
  },
  "weighted avg": {
    "precision": 0.8161796280545444,
    "recall": 0.8145161290322581,
    "f1-score": 0.8143191660229212,
    "support": 3844.0
  }
}