{
  "0": {
    "precision": 0.9136986301369863,
    "recall": 0.9141160347190498,
    "f1-score": 0.9139072847682119,
    "support": 2189.0
  },
  "1": {
    "precision": 0.7395254921756689,
    "recall": 0.7966286025013595,
    "f1-score": 0.7670157068062827,
    "support": 1839.0
  },
  "2": {
    "precision": 0.8352713178294574,
    "recall": 0.8336557059961315,
    "f1-score": 0.8344627299128751,
    "support": 517.0
  },
  "3": {
    "precision": 0.8095975232198143,
    "recall": 0.6637055837563451,
    "f1-score": 0.7294281729428173,
    "support": 788.0
  },
  "accuracy": 0.828801800112507,
  "macro avg": {
    "precision": 0.8245232408404817,
    "recall": 0.8020264817432216,
    "f1-score": 0.8112034736075467,
    "support": 5333.0
  },
  "weighted avg": {
    "precision": 0.8306528785103996,
    "recall": 0.828801800112507,
    "f1-score": 0.8282939363994499,
    "support": 5333.0
  }
}