{
  "0": {
    "precision": 0.9066403681788298,
    "recall": 0.9042622950819672,
    "f1-score": 0.9054497701904136,
    "support": 1525.0
  },
  "1": {
    "precision": 0.7205673758865249,
    "recall": 0.7673716012084593,
    "f1-score": 0.7432333577176299,
    "support": 1324.0
  },
  "2": {
    "precision": 0.8305084745762712,
    "recall": 0.8325242718446602,
    "f1-score": 0.8315151515151515,
    "support": 412.0
  },
  "3": {
    "precision": 0.764,
    "recall": 0.6552315608919382,
    "f1-score": 0.7054478301015698,
    "support": 583.0
  },
  "accuracy": 0.8116545265348595,
  "macro avg": {
    "precision": 0.8054290546604064,
    "recall": 0.7898474322567562,
    "f1-score": 0.7964115273811911,
    "support": 3844.0
  },
  "weighted avg": {
    "precision": 0.8127573513714614,
    "recall": 0.8116545265348595,
    "f1-score": 0.8113195089833455,
    "support": 3844.0
  }
}