{
  "0": {
    "precision": 0.9055737704918033,
    "recall": 0.9055737704918033,
    "f1-score": 0.9055737704918033,
    "support": 1525.0
  },
  "1": {
    "precision": 0.7282608695652174,
    "recall": 0.7590634441087614,
    "f1-score": 0.7433431952662722,
    "support": 1324.0
  },
  "2": {
    "precision": 0.8231132075471698,
    "recall": 0.8470873786407767,
    "f1-score": 0.8349282296650717,
    "support": 412.0
  },
  "3": {
    "precision": 0.7650485436893204,
    "recall": 0.6758147512864494,
    "f1-score": 0.7176684881602914,
    "support": 583.0
  },
  "accuracy": 0.8139958376690947,
  "macro avg": {
    "precision": 0.8054990978233777,
    "recall": 0.7968848361319477,
    "f1-score": 0.8003784208958598,
    "support": 3844.0
  },
  "weighted avg": {
    "precision": 0.8143505030657272,
    "recall": 0.8139958376690947,
    "f1-score": 0.8136257933798138,
    "support": 3844.0
  }
}