{
  "0": {
    "precision": 0.9149816176470589,
    "recall": 0.9095477386934674,
    "f1-score": 0.9122565864833906,
    "support": 2189.0
  },
  "1": {
    "precision": 0.7392875580795044,
    "recall": 0.7786840674279499,
    "f1-score": 0.7584745762711864,
    "support": 1839.0
  },
  "2": {
    "precision": 0.820952380952381,
    "recall": 0.8336557059961315,
    "f1-score": 0.8272552783109405,
    "support": 517.0
  },
  "3": {
    "precision": 0.7856115107913669,
    "recall": 0.6928934010152284,
    "f1-score": 0.7363452461227242,
    "support": 788.0
  },
  "accuracy": 0.8250515657228576,
  "macro avg": {
    "precision": 0.8152082668675777,
    "recall": 0.8036952282831943,
    "f1-score": 0.8085829217970604,
    "support": 5333.0
  },
  "weighted avg": {
    "precision": 0.8261651662841925,
    "recall": 0.8250515657228576,
    "f1-score": 0.8249944583548315,
    "support": 5333.0
  }
}