{
  "0": {
    "precision": 0.9084321475625824,
    "recall": 0.9042622950819672,
    "f1-score": 0.9063424252382517,
    "support": 1525.0
  },
  "1": {
    "precision": 0.7236749116607774,
    "recall": 0.7734138972809668,
    "f1-score": 0.7477181453085068,
    "support": 1324.0
  },
  "2": {
    "precision": 0.8249400479616307,
    "recall": 0.8349514563106796,
    "f1-score": 0.8299155609167672,
    "support": 412.0
  },
  "3": {
    "precision": 0.7793522267206477,
    "recall": 0.660377358490566,
    "f1-score": 0.7149489322191273,
    "support": 583.0
  },
  "accuracy": 0.8147762747138397,
  "macro avg": {
    "precision": 0.8090998334764096,
    "recall": 0.7932512517910449,
    "f1-score": 0.7997312659206632,
    "support": 3844.0
  },
  "weighted avg": {
    "precision": 0.8162700978174133,
    "recall": 0.8147762747138397,
    "f1-score": 0.8144878931993381,
    "support": 3844.0
  }
}