{
  "0": {
    "precision": 0.9060665362035225,
    "recall": 0.9108196721311476,
    "f1-score": 0.908436886854153,
    "support": 1525.0
  },
  "1": {
    "precision": 0.7131313131313132,
    "recall": 0.7998489425981873,
    "f1-score": 0.7540049839800641,
    "support": 1324.0
  },
  "2": {
    "precision": 0.8575197889182058,
    "recall": 0.7888349514563107,
    "f1-score": 0.8217446270543616,
    "support": 412.0
  },
  "3": {
    "precision": 0.8098434004474273,
    "recall": 0.6209262435677531,
    "f1-score": 0.7029126213592233,
    "support": 583.0
  },
  "accuracy": 0.8155567117585848,
  "macro avg": {
    "precision": 0.8216402596751171,
    "recall": 0.7801074524383497,
    "f1-score": 0.7967747798119504,
    "support": 3844.0
  },
  "weighted avg": {
    "precision": 0.8198163844410462,
    "recall": 0.8155567117585848,
    "f1-score": 0.8147829593759138,
    "support": 3844.0
  }
}