{
  "0": {
    "precision": 0.913563829787234,
    "recall": 0.9009836065573771,
    "f1-score": 0.9072301089468472,
    "support": 1525.0
  },
  "1": {
    "precision": 0.7185588035350102,
    "recall": 0.7983383685800605,
    "f1-score": 0.756350626118068,
    "support": 1324.0
  },
  "2": {
    "precision": 0.8304668304668305,
    "recall": 0.8203883495145631,
    "f1-score": 0.8253968253968254,
    "support": 412.0
  },
  "3": {
    "precision": 0.803030303030303,
    "recall": 0.6363636363636364,
    "f1-score": 0.7100478468899522,
    "support": 583.0
  },
  "accuracy": 0.8168574401664932,
  "macro avg": {
    "precision": 0.8164049417048445,
    "recall": 0.7890184902539092,
    "f1-score": 0.7997563518379232,
    "support": 3844.0
  },
  "weighted avg": {
    "precision": 0.8207272885340495,
    "recall": 0.8168574401664932,
    "f1-score": 0.8165857263071276,
    "support": 3844.0
  }
}