{
  "0": {
    "precision": 0.8865030674846626,
    "recall": 0.893353941267388,
    "f1-score": 0.8899153194765204,
    "support": 647.0
  },
  "1": {
    "precision": 0.664576802507837,
    "recall": 0.6985172981878089,
    "f1-score": 0.6811244979919678,
    "support": 607.0
  },
  "2": {
    "precision": 0.8080357142857143,
    "recall": 0.8418604651162791,
    "f1-score": 0.8246013667425968,
    "support": 215.0
  },
  "3": {
    "precision": 0.7780898876404494,
    "recall": 0.6907730673316709,
    "f1-score": 0.7318361955085865,
    "support": 401.0
  },
  "accuracy": 0.7807486631016043,
  "macro avg": {
    "precision": 0.7843013679796658,
    "recall": 0.7811261929757867,
    "f1-score": 0.7818693449299179,
    "support": 1870.0
  },
  "weighted avg": {
    "precision": 0.7821964317112742,
    "recall": 0.7807486631016043,
    "f1-score": 0.7807344332786281,
    "support": 1870.0
  }
}