{
  "0": {
    "precision": 0.896124031007752,
    "recall": 0.893353941267388,
    "f1-score": 0.8947368421052632,
    "support": 647.0
  },
  "1": {
    "precision": 0.6718266253869969,
    "recall": 0.71499176276771,
    "f1-score": 0.6927374301675978,
    "support": 607.0
  },
  "2": {
    "precision": 0.8161434977578476,
    "recall": 0.8465116279069768,
    "f1-score": 0.8310502283105022,
    "support": 215.0
  },
  "3": {
    "precision": 0.7808988764044944,
    "recall": 0.6932668329177057,
    "f1-score": 0.7344782034346103,
    "support": 401.0
  },
  "accuracy": 0.7871657754010695,
  "macro avg": {
    "precision": 0.7912482576392728,
    "recall": 0.7870310412149452,
    "f1-score": 0.7882506760044934,
    "support": 1870.0
  },
  "weighted avg": {
    "precision": 0.7894130006032417,
    "recall": 0.7871657754010695,
    "f1-score": 0.7874801687796117,
    "support": 1870.0
  }
}