{
  "0": {
    "precision": 0.8972023422251139,
    "recall": 0.9042622950819672,
    "f1-score": 0.9007184846505552,
    "support": 1525.0
  },
  "1": {
    "precision": 0.7170349251603706,
    "recall": 0.7598187311178247,
    "f1-score": 0.7378071140447378,
    "support": 1324.0
  },
  "2": {
    "precision": 0.8236714975845411,
    "recall": 0.8276699029126213,
    "f1-score": 0.8256658595641646,
    "support": 412.0
  },
  "3": {
    "precision": 0.7714285714285715,
    "recall": 0.6483704974271012,
    "f1-score": 0.7045666356011183,
    "support": 583.0
  },
  "accuracy": 0.8074921956295525,
  "macro avg": {
    "precision": 0.8023343340996493,
    "recall": 0.7850303566348786,
    "f1-score": 0.7921895234651439,
    "support": 3844.0
  },
  "weighted avg": {
    "precision": 0.8081902515487298,
    "recall": 0.8074921956295525,
    "f1-score": 0.8068129528572365,
    "support": 3844.0
  }
}