{
  "0": {
    "precision": 0.9088489687292083,
    "recall": 0.8957377049180328,
    "f1-score": 0.9022457067371202,
    "support": 1525.0
  },
  "1": {
    "precision": 0.7195994277539342,
    "recall": 0.7598187311178247,
    "f1-score": 0.7391623806024982,
    "support": 1324.0
  },
  "2": {
    "precision": 0.8218527315914489,
    "recall": 0.8398058252427184,
    "f1-score": 0.8307322929171669,
    "support": 412.0
  },
  "3": {
    "precision": 0.7547892720306514,
    "recall": 0.6758147512864494,
    "f1-score": 0.7131221719457014,
    "support": 583.0
  },
  "accuracy": 0.809573361082206,
  "macro avg": {
    "precision": 0.8012726000263107,
    "recall": 0.7927942531412563,
    "f1-score": 0.7963156380506217,
    "support": 3844.0
  },
  "weighted avg": {
    "precision": 0.8109754918490629,
    "recall": 0.809573361082206,
    "f1-score": 0.809726229349124,
    "support": 3844.0
  }
}