{
  "0": {
    "precision": 0.9136641740312712,
    "recall": 0.8813114754098361,
    "f1-score": 0.897196261682243,
    "support": 1525.0
  },
  "1": {
    "precision": 0.7370929308975377,
    "recall": 0.7009063444108762,
    "f1-score": 0.7185443283004259,
    "support": 1324.0
  },
  "2": {
    "precision": 0.7711340206185567,
    "recall": 0.9077669902912622,
    "f1-score": 0.8338907469342252,
    "support": 412.0
  },
  "3": {
    "precision": 0.7011128775834659,
    "recall": 0.7564322469982847,
    "f1-score": 0.7277227722772277,
    "support": 583.0
  },
  "accuracy": 0.8030697190426639,
  "macro avg": {
    "precision": 0.7807510007827079,
    "recall": 0.8116042642775648,
    "f1-score": 0.7943385272985304,
    "support": 3844.0
  },
  "weighted avg": {
    "precision": 0.8053342689989684,
    "recall": 0.8030697190426639,
    "f1-score": 0.8031743896227131,
    "support": 3844.0
  }
}