{
  "0": {
    "precision": 0.9075797872340425,
    "recall": 0.8950819672131147,
    "f1-score": 0.9012875536480687,
    "support": 1525.0
  },
  "1": {
    "precision": 0.7138888888888889,
    "recall": 0.7764350453172205,
    "f1-score": 0.743849493487699,
    "support": 1324.0
  },
  "2": {
    "precision": 0.8365384615384616,
    "recall": 0.8446601941747572,
    "f1-score": 0.8405797101449275,
    "support": 412.0
  },
  "3": {
    "precision": 0.7768595041322314,
    "recall": 0.6449399656946827,
    "f1-score": 0.7047797563261481,
    "support": 583.0
  },
  "accuracy": 0.8108740894901144,
  "macro avg": {
    "precision": 0.8087166604484062,
    "recall": 0.7902792930999438,
    "f1-score": 0.7976241284017108,
    "support": 3844.0
  },
  "weighted avg": {
    "precision": 0.8134263791581011,
    "recall": 0.8108740894901144,
    "f1-score": 0.8107506990657837,
    "support": 3844.0
  }
}