{
  "0": {
    "precision": 0.8292971057294743,
    "recall": 0.920655737704918,
    "f1-score": 0.872591671845867,
    "support": 1525.0
  },
  "1": {
    "precision": 0.7348623853211009,
    "recall": 0.6049848942598187,
    "f1-score": 0.6636288318144159,
    "support": 1324.0
  },
  "2": {
    "precision": 0.7412731006160165,
    "recall": 0.8762135922330098,
    "f1-score": 0.8031145717463849,
    "support": 412.0
  },
  "3": {
    "precision": 0.710801393728223,
    "recall": 0.6998284734133791,
    "f1-score": 0.7052722558340536,
    "support": 583.0
  },
  "accuracy": 0.7736732570239334,
  "macro avg": {
    "precision": 0.7540584963487037,
    "recall": 0.7754206744027814,
    "f1-score": 0.7611518328101803,
    "support": 3844.0
  },
  "weighted avg": {
    "precision": 0.7693646239333867,
    "recall": 0.7736732570239334,
    "f1-score": 0.7677949535894893,
    "support": 3844.0
  }
}