{
  "0": {
    "precision": 0.8969860548807917,
    "recall": 0.910918227501142,
    "f1-score": 0.9038984587488668,
    "support": 2189.0
  },
  "1": {
    "precision": 0.722909450766947,
    "recall": 0.7944535073409462,
    "f1-score": 0.7569948186528498,
    "support": 1839.0
  },
  "2": {
    "precision": 0.8459915611814346,
    "recall": 0.7756286266924565,
    "f1-score": 0.8092835519677094,
    "support": 517.0
  },
  "3": {
    "precision": 0.8308943089430895,
    "recall": 0.6484771573604061,
    "f1-score": 0.7284390591589451,
    "support": 788.0
  },
  "accuracy": 0.8188636789799363,
  "macro avg": {
    "precision": 0.8241953439430658,
    "recall": 0.7823693797237378,
    "f1-score": 0.7996539721320928,
    "support": 5333.0
  },
  "weighted avg": {
    "precision": 0.8222492605798659,
    "recall": 0.8188636789799363,
    "f1-score": 0.818143028818379,
    "support": 5333.0
  }
}