{
  "0": {
    "precision": 0.9030779305828421,
    "recall": 0.9042622950819672,
    "f1-score": 0.9036697247706422,
    "support": 1525.0
  },
  "1": {
    "precision": 0.7215827338129497,
    "recall": 0.7575528700906344,
    "f1-score": 0.7391304347826086,
    "support": 1324.0
  },
  "2": {
    "precision": 0.8132387706855791,
    "recall": 0.8349514563106796,
    "f1-score": 0.8239520958083832,
    "support": 412.0
  },
  "3": {
    "precision": 0.7658730158730159,
    "recall": 0.6620926243567753,
    "f1-score": 0.7102115915363385,
    "support": 583.0
  },
  "accuracy": 0.809573361082206,
  "macro avg": {
    "precision": 0.8009431127385966,
    "recall": 0.7897148114600141,
    "f1-score": 0.7942409617244932,
    "support": 3844.0
  },
  "weighted avg": {
    "precision": 0.8101268796783575,
    "recall": 0.809573361082206,
    "f1-score": 0.8091120310265719,
    "support": 3844.0
  }
}