{
  "0": {
    "precision": 0.919093851132686,
    "recall": 0.9081772498857926,
    "f1-score": 0.9136029411764706,
    "support": 2189.0
  },
  "1": {
    "precision": 0.734297108673978,
    "recall": 0.800978792822186,
    "f1-score": 0.7661898569570871,
    "support": 1839.0
  },
  "2": {
    "precision": 0.8198874296435272,
    "recall": 0.8452611218568665,
    "f1-score": 0.8323809523809523,
    "support": 517.0
  },
  "3": {
    "precision": 0.8114104595879557,
    "recall": 0.649746192893401,
    "f1-score": 0.7216349541930938,
    "support": 788.0
  },
  "accuracy": 0.8269266829176823,
  "macro avg": {
    "precision": 0.8211722122595367,
    "recall": 0.8010408393645616,
    "f1-score": 0.8084521761769009,
    "support": 5333.0
  },
  "weighted avg": {
    "precision": 0.8298410024867632,
    "recall": 0.8269266829176823,
    "f1-score": 0.8265308984557449,
    "support": 5333.0
  }
}