{
  "0": {
    "precision": 0.8878080415045395,
    "recall": 0.8977049180327868,
    "f1-score": 0.892729051190088,
    "support": 1525.0
  },
  "1": {
    "precision": 0.6959459459459459,
    "recall": 0.7779456193353474,
    "f1-score": 0.7346647646219686,
    "support": 1324.0
  },
  "2": {
    "precision": 0.8177458033573142,
    "recall": 0.8276699029126213,
    "f1-score": 0.8226779252110977,
    "support": 412.0
  },
  "3": {
    "precision": 0.8148148148148148,
    "recall": 0.5660377358490566,
    "f1-score": 0.6680161943319838,
    "support": 583.0
  },
  "accuracy": 0.7986472424557752,
  "macro avg": {
    "precision": 0.8040786514056537,
    "recall": 0.767339544032453,
    "f1-score": 0.7795219838387846,
    "support": 3844.0
  },
  "weighted avg": {
    "precision": 0.8031446419737527,
    "recall": 0.7986472424557752,
    "f1-score": 0.7966973719841023,
    "support": 3844.0
  }
}