{
  "0": {
    "precision": 0.9084924292297564,
    "recall": 0.9049180327868852,
    "f1-score": 0.9067017082785808,
    "support": 1525.0
  },
  "1": {
    "precision": 0.7259100642398287,
    "recall": 0.7681268882175226,
    "f1-score": 0.7464220183486239,
    "support": 1324.0
  },
  "2": {
    "precision": 0.8192488262910798,
    "recall": 0.8470873786407767,
    "f1-score": 0.8329355608591885,
    "support": 412.0
  },
  "3": {
    "precision": 0.7751004016064257,
    "recall": 0.6620926243567753,
    "f1-score": 0.7141535615171137,
    "support": 583.0
  },
  "accuracy": 0.8147762747138397,
  "macro avg": {
    "precision": 0.8071879303417726,
    "recall": 0.79555623100049,
    "f1-score": 0.8000532122508767,
    "support": 3844.0
  },
  "weighted avg": {
    "precision": 0.8158090349108696,
    "recall": 0.8147762747138397,
    "f1-score": 0.8143870538129232,
    "support": 3844.0
  }
}