{
  "0": {
    "precision": 0.9131627056672761,
    "recall": 0.912745545911375,
    "f1-score": 0.9129540781357094,
    "support": 2189.0
  },
  "1": {
    "precision": 0.7460978147762747,
    "recall": 0.7797716150081566,
    "f1-score": 0.7625631480989099,
    "support": 1839.0
  },
  "2": {
    "precision": 0.8236397748592871,
    "recall": 0.8491295938104448,
    "f1-score": 0.8361904761904762,
    "support": 517.0
  },
  "3": {
    "precision": 0.7898550724637681,
    "recall": 0.6916243654822335,
    "f1-score": 0.7374830852503383,
    "support": 788.0
  },
  "accuracy": 0.8280517532345771,
  "macro avg": {
    "precision": 0.8181888419416514,
    "recall": 0.8083177800530524,
    "f1-score": 0.8122976969188584,
    "support": 5333.0
  },
  "weighted avg": {
    "precision": 0.8286545293048824,
    "recall": 0.8280517532345771,
    "f1-score": 0.8277249678906254,
    "support": 5333.0
  }
}