{
  "0": {
    "precision": 0.9193697868396663,
    "recall": 0.9063499314755596,
    "f1-score": 0.912813434552565,
    "support": 2189.0
  },
  "1": {
    "precision": 0.7329347284504235,
    "recall": 0.7998912452419793,
    "f1-score": 0.764950598023921,
    "support": 1839.0
  },
  "2": {
    "precision": 0.8159851301115242,
    "recall": 0.8491295938104448,
    "f1-score": 0.8322274881516588,
    "support": 517.0
  },
  "3": {
    "precision": 0.8126984126984127,
    "recall": 0.649746192893401,
    "f1-score": 0.7221438645980254,
    "support": 788.0
  },
  "accuracy": 0.8261766360397524,
  "macro avg": {
    "precision": 0.8202470145250067,
    "recall": 0.8012792408553462,
    "f1-score": 0.8080338463315426,
    "support": 5333.0
  },
  "weighted avg": {
    "precision": 0.8292964729957557,
    "recall": 0.8261766360397524,
    "f1-score": 0.8258398152408039,
    "support": 5333.0
  }
}