{
  "0": {
    "precision": 0.8815286624203822,
    "recall": 0.9075409836065573,
    "f1-score": 0.894345718901454,
    "support": 1525.0
  },
  "1": {
    "precision": 0.7617647058823529,
    "recall": 0.5868580060422961,
    "f1-score": 0.6629692832764505,
    "support": 1324.0
  },
  "2": {
    "precision": 0.6960431654676259,
    "recall": 0.9393203883495146,
    "f1-score": 0.7995867768595041,
    "support": 412.0
  },
  "3": {
    "precision": 0.6532951289398281,
    "recall": 0.7821612349914236,
    "f1-score": 0.711943793911007,
    "support": 583.0
  },
  "accuracy": 0.7814776274713839,
  "macro avg": {
    "precision": 0.7481579156775473,
    "recall": 0.8039701532474479,
    "f1-score": 0.7672113932371039,
    "support": 3844.0
  },
  "weighted avg": {
    "precision": 0.7857826548189125,
    "recall": 0.7814776274713839,
    "f1-score": 0.7768318252598779,
    "support": 3844.0
  }
}