{
  "0": {
    "precision": 0.9034451495920217,
    "recall": 0.9104613978985838,
    "f1-score": 0.9069397042093288,
    "support": 2189.0
  },
  "1": {
    "precision": 0.7299748110831235,
    "recall": 0.7879282218597063,
    "f1-score": 0.7578451882845189,
    "support": 1839.0
  },
  "2": {
    "precision": 0.8380566801619433,
    "recall": 0.8007736943907157,
    "f1-score": 0.8189910979228486,
    "support": 517.0
  },
  "3": {
    "precision": 0.8101851851851852,
    "recall": 0.666243654822335,
    "f1-score": 0.7311977715877437,
    "support": 788.0
  },
  "accuracy": 0.8214888430526908,
  "macro avg": {
    "precision": 0.8204154565055684,
    "recall": 0.7913517422428352,
    "f1-score": 0.80374344050111,
    "support": 5333.0
  },
  "weighted avg": {
    "precision": 0.8235076579052034,
    "recall": 0.8214888430526908,
    "f1-score": 0.8210332937196149,
    "support": 5333.0
  }
}