{
  "0": {
    "precision": 0.7378201908588649,
    "recall": 0.9632786885245902,
    "f1-score": 0.835608646188851,
    "support": 1525.0
  },
  "1": {
    "precision": 0.7741935483870968,
    "recall": 0.01812688821752266,
    "f1-score": 0.035424354243542434,
    "support": 1324.0
  },
  "2": {
    "precision": 0.6155088852988692,
    "recall": 0.9247572815533981,
    "f1-score": 0.7390882638215325,
    "support": 412.0
  },
  "3": {
    "precision": 0.45054031587697424,
    "recall": 0.9296740994854202,
    "f1-score": 0.606942889137738,
    "support": 583.0
  },
  "accuracy": 0.6285119667013528,
  "macro avg": {
    "precision": 0.6445157351054512,
    "recall": 0.7089592394452328,
    "f1-score": 0.5542660383479159,
    "support": 3844.0
  },
  "weighted avg": {
    "precision": 0.6936687601518459,
    "recall": 0.6285119667013528,
    "f1-score": 0.5149732308840325,
    "support": 3844.0
  }
}