{
  "0": {
    "precision": 0.9273504273504274,
    "recall": 0.892188213796254,
    "f1-score": 0.909429569266589,
    "support": 2189.0
  },
  "1": {
    "precision": 0.7669491525423728,
    "recall": 0.6889613920609027,
    "f1-score": 0.7258665138928674,
    "support": 1839.0
  },
  "2": {
    "precision": 0.7268588770864947,
    "recall": 0.9264990328820116,
    "f1-score": 0.814625850340136,
    "support": 517.0
  },
  "3": {
    "precision": 0.6921397379912664,
    "recall": 0.8045685279187818,
    "f1-score": 0.744131455399061,
    "support": 788.0
  },
  "accuracy": 0.8124882805175323,
  "macro avg": {
    "precision": 0.7783245487426403,
    "recall": 0.8280542916644875,
    "f1-score": 0.7985133472246634,
    "support": 5333.0
  },
  "weighted avg": {
    "precision": 0.8178476898530554,
    "recall": 0.8124882805175323,
    "f1-score": 0.8125158443003668,
    "support": 5333.0
  }
}